,id,player_name,team_title,position,games,time,goals,xG,assists,xA,shots,key_passes,yellow_cards,red_cards,npg,npxG,xGChain,xGBuildup
44,2885,Aaron Samuel,CSKA Moscow,F S,7,299,2,1.4773380421102047,0,0.5594449788331985,7,3,1,0,2,1.4773380421102047,3.519318461418152,1.904233455657959
45,2885,Aaron Samuel,CSKA Moscow,F S,7,263,0,1.1454547457396984,0,0.0563119370490312,17,2,0,0,0,1.1454547457396984,0.8919567205011845,0.1457001343369484
46,2885,Aaron Samuel,"Amkar,CSKA Moscow",F S,15,955,3,3.9964465368539095,0,0.6890645548701286,30,8,1,0,2,3.242172645404935,5.38367579691112,1.9730878993868828
