,id,player_name,team_title,position,games,time,goals,xG,assists,xA,shots,key_passes,yellow_cards,red_cards,npg,npxG,xGChain,xGBuildup
13,174,Aaron Hunt,Wolfsburg,M S,15,413,2,1.129580333828926,0,0.3233285155147314,9,12,1,0,2,1.129580333828926,3.555201200768352,2.4915193300694227
14,174,Aaron Hunt,"Hamburger SV,Wolfsburg",M S,23,1739,1,2.07510634046048,2,3.181954733096063,24,40,2,0,0,1.317329647950828,5.306075653992593,3.3791052950546145
15,174,Aaron Hunt,Hamburger SV,F M S,29,2172,3,2.6055023316293955,2,4.349492308683693,30,62,1,0,2,1.847725661471486,8.244843743741512,5.015266189351678
16,174,Aaron Hunt,Hamburger SV,F M S,22,1306,4,2.6915873624384403,2,1.635067705065012,14,26,3,0,4,1.9338106848299503,3.2063239254057407,0.9366905502974988
