,id,player_name,team_title,position,games,time,goals,xG,assists,xA,shots,key_passes,yellow_cards,red_cards,npg,npxG,xGChain,xGBuildup
56,5133,Aarón Martín,Espanyol,D S,30,2586,0,0.0665326174348592,0,1.0089939646422863,3,22,5,0,0,0.0665326174348592,3.455614211037755,2.955272156279534
57,5133,Aarón Martín,Mainz 05,D M S,22,1804,0,0.2944477340206504,0,3.250888528302312,9,32,2,0,0,0.2944477340206504,3.658403368666768,2.19527355954051
58,5133,Aarón Martín,Espanyol,D S,32,2815,0,0.1130498284474015,0,2.4611950609833,5,31,6,0,0,0.1130498284474015,5.745156265795231,3.844429390504956
59,5133,Aarón Martín,Celta Vigo,D S,19,1541,0,0.182607565075159,3,0.9375778324902058,5,6,1,0,0,0.182607565075159,4.796626338735223,4.488043846562505
60,5133,Aarón Martín,Mainz 05,D M S,5,259,0,0.0243980269879102,0,0.182888968847692,1,3,0,0,0,0.0243980269879102,0.0756111312657594,0.0414297506213188
61,5133,Aarón Martín,Mainz 05,D M S,33,2880,0,0.6185893043875694,3,4.543016981333494,18,64,3,0,0,0.6185893043875694,10.212362265214324,7.877419959753752
62,5133,Aarón Martín,Mainz 05,D M S,11,850,0,0.2369880955666303,0,1.5737610217183828,8,16,2,0,0,0.2369880955666303,1.6414774488657713,1.1979236621409657
