,id,player_name,team_title,position,games,time,goals,xG,assists,xA,shots,key_passes,yellow_cards,red_cards,npg,npxG,xGChain,xGBuildup
89,3268,Abdou Traoré,Bordeaux,M S,10,365,0,0.0482725240290164,0,0.0189005117863416,2,1,0,0,0,0.0482725240290164,1.171513430774212,1.152612887322903
90,3268,Abdou Traoré,Bordeaux,S,6,80,0,0.0626566335558891,0,0.0741496086120605,1,1,0,0,0,0.0626566335558891,0.8066311478614807,0.6698249019682407
91,3268,Abdou Traoré,Bordeaux,M S,17,650,0,0.222194455564022,0,0.3943935856223106,6,4,1,0,0,0.222194455564022,2.333786158822477,2.1115917144343257
