,id,player_name,team_title,position,games,time,goals,xG,assists,xA,shots,key_passes,yellow_cards,red_cards,npg,npxG,xGChain,xGBuildup
138,684,Abdul Rahman Baba,Schalke 04,D,2,166,0,0.0316766537725925,0,0.1778155192732811,2,3,0,0,0,0.0316766537725925,0.3362597599625587,0.1584442555904388
139,684,Abdul Rahman Baba,Chelsea,D S,15,1018,0,0.3791148830205202,1,0.1792409121990203,6,3,1,0,0,0.3791148830205202,3.869670283049345,3.490555379539728
140,684,Abdul Rahman Baba,Augsburg,D S,31,2668,0,0.2937984052114188,4,3.304869880899787,7,24,4,0,0,0.2937984052114188,8.184046939015388,6.006317060440779
141,684,Abdul Rahman Baba,Reims,D,11,967,1,0.2015239633619785,1,0.7591945938766003,5,4,3,0,1,0.2015239633619785,2.955492407083512,2.1463091000914574
142,684,Abdul Rahman Baba,Schalke 04,S,1,32,0,0.0,0,0.0,0,0,0,0,0,0.0,0.0371416173875331,0.0371416173875331
143,684,Abdul Rahman Baba,Schalke 04,D M S,13,702,0,0.2989372732117772,2,0.6842754818499088,6,8,2,0,0,0.2989372732117772,1.7614302895963192,1.2667325921356678
144,684,Abdul Rahman Baba,Mallorca,D,2,108,0,0.0439964868128299,0,0.0,1,0,1,0,0,0.0439964868128299,0.143971249461174,0.0999747663736343
