,id,player_name,team_title,position,games,time,goals,xG,assists,xA,shots,key_passes,yellow_cards,red_cards,npg,npxG,xGChain,xGBuildup
149,1698,Abel Hernández,CSKA Moscow,F S,14,613,3,4.06651190854609,1,0.5618500225245953,31,7,0,0,2,3.312236612662673,3.001651821658016,0.820516531355679
150,1698,Abel Hernández,Hull,F S,24,1439,4,4.706541125662625,3,1.043803329579532,39,13,0,0,4,4.706541125662625,7.332784629426897,2.2358108162879944
151,1698,Abel Hernández,Hull,F S,25,1307,4,5.410243159160018,1,0.8517510555684566,52,9,2,0,3,4.649111097678542,4.14481639675796,0.8264674860984087
