,id,player_name,team_title,position,games,time,goals,xG,assists,xA,shots,key_passes,yellow_cards,red_cards,npg,npxG,xGChain,xGBuildup
153,2859,Ablae Mbengue,FK Akhmat,F S,22,790,7,4.69504214450717,2,1.7580263875424862,25,6,0,0,7,4.69504214450717,5.742703080177307,0.1052769813686609
154,2859,Ablae Mbengue,FK Akhmat,F S,16,581,1,3.004486891441047,1,0.3271690383553505,22,4,0,1,1,3.004486891441047,2.5688623217865825,0.0977602656930685
155,2859,Ablae Mbengue,FK Akhmat,F S,21,713,3,2.3740443252027035,0,0.9588420828804374,22,15,2,0,3,2.3740443252027035,3.319783004000783,0.4616267904639244
156,2859,Ablae Mbengue,FK Akhmat,F S,5,406,4,2.305053949356079,0,0.0676166675984859,12,3,1,0,4,2.305053949356079,1.6282200440764427,0.15548678021878
157,2859,Ablae Mbengue,FK Akhmat,F S,25,948,5,4.520429775118828,0,0.8146947231143713,30,9,3,0,5,4.520429775118828,5.030912757851183,0.1083521991968154
158,2859,Ablae Mbengue,FK Akhmat,F S,17,790,2,2.4001318216323853,0,1.2124345283955336,15,10,3,0,2,2.4001318216323853,4.57629313506186,2.0376589465886354
