,id,player_name,team_title,position,games,time,goals,xG,assists,xA,shots,key_passes,yellow_cards,red_cards,npg,npxG,xGChain,xGBuildup
164,4866,Aboubakar Kamara,Fulham,F M S,11,303,0,0.6549202371388674,0,0.3289689794182777,4,6,1,1,0,0.6549202371388674,1.1032148711383345,0.1823261920362711
165,4866,Aboubakar Kamara,Dijon,F M S,10,567,1,1.16996949352324,0,0.9744872488081456,11,7,1,1,1,1.16996949352324,2.2838107105344534,0.4906358737498522
166,4866,Aboubakar Kamara,Fulham,F M S,13,678,3,3.5278748916462064,0,0.7714659627526999,21,11,2,0,2,2.005537203513086,4.646231196820736,1.957985038869083
167,4866,Aboubakar Kamara,Monaco,S,2,12,0,0.0529517605900764,0,0.0,1,0,0,0,0,0.0529517605900764,0.0529517605900764,0.0
