,id,player_name,team_title,position,games,time,goals,xG,assists,xA,shots,key_passes,yellow_cards,red_cards,npg,npxG,xGChain,xGBuildup
168,2431,Abraham,Espanyol,M S,22,1281,1,1.0436571771278975,1,0.3600749317556619,14,8,2,0,1,1.0436571771278975,3.071053510531783,2.012426202185452
169,4158,Abraham,Eibar,D M S,22,1313,1,0.2606836184859276,2,0.8129396438598633,10,9,6,0,1,0.2606836184859276,1.8536511287093165,1.2953256871551275
170,2431,Abraham,Espanyol,M S,20,1104,1,2.736555091105401,1,1.8894038144499063,15,15,1,0,1,2.736555091105401,6.045774230733514,2.8010659981518984
