,id,player_name,team_title,position,games,time,goals,xG,assists,xA,shots,key_passes,yellow_cards,red_cards,npg,npxG,xGChain,xGBuildup
202,929,Adam Johnson,Sunderland,F M S,19,1136,2,1.8067024517804384,5,2.185627111233771,16,29,3,0,1,1.0455336030572653,4.058416950516403,2.642053266055882
203,929,Adam Johnson,Sunderland,F M S,32,2085,4,3.2225706931203604,1,3.918955043889582,25,39,2,0,3,2.461401855573058,7.580855485983193,4.618605230003595
