,id,player_name,team_title,position,games,time,goals,xG,assists,xA,shots,key_passes,yellow_cards,red_cards,npg,npxG,xGChain,xGBuildup
200,8021,Adam Idah,Norwich,F S,12,197,0,0.8264870662242174,0,0.0150213800370693,6,1,0,0,0,0.8264870662242174,0.8555927984416485,0.0140843503177165
201,8021,Adam Idah,Norwich,F S,10,136,0,0.8718734234571457,0,0.2254653051495552,4,2,0,0,0,0.8718734234571457,1.1212429963052273,0.2769728414714336
