,id,player_name,team_title,position,games,time,goals,xG,assists,xA,shots,key_passes,yellow_cards,red_cards,npg,npxG,xGChain,xGBuildup
218,1441,Adam Masina,Bologna,D S,32,2431,1,1.4956635357812047,0,1.2481100233271718,18,12,6,1,1,1.4956635357812047,5.607006059959531,3.935108933597803
219,1441,Adam Masina,Watford,D S,14,1004,0,0.0530636729672551,1,0.691972266882658,3,3,5,0,0,0.0530636729672551,1.4070122428238392,1.1271212007850409
220,1441,Adam Masina,Bologna,D M S,34,2848,0,2.0486928010359406,1,1.7717566443607211,16,25,8,1,0,2.0486928010359406,5.651658650487661,3.677675717510283
221,1441,Adam Masina,Watford,D S,26,1818,1,0.8492825832217932,0,0.4176308391615748,15,10,3,0,1,0.8492825832217932,2.981863494031132,2.1459740549325943
222,1441,Adam Masina,Bologna,D S,33,2625,2,1.7452710662037134,3,1.6049733571708202,14,21,8,1,2,1.7452710662037134,5.8276495430618525,3.980993456207216
223,1441,Adam Masina,Watford,D M,9,688,0,0.0684273224323988,0,0.6399356294423342,2,6,0,0,0,0.0684273224323988,1.9750412330031395,1.410008765757084
