,id,player_name,team_title,position,games,time,goals,xG,assists,xA,shots,key_passes,yellow_cards,red_cards,npg,npxG,xGChain,xGBuildup
274,6115,Aday Benítez,Girona,D S,10,652,0,0.2585617052391171,2,1.5232057459652424,9,13,2,0,0,0.2585617052391171,2.9812575075775385,1.5097225103527308
275,6115,Aday Benítez,Girona,D S,31,1834,2,2.5552085041999817,0,1.1801432548090816,33,22,10,0,1,1.0686532855033877,3.3945714719593525,2.078398806974292
