,id,player_name,team_title,position,games,time,goals,xG,assists,xA,shots,key_passes,yellow_cards,red_cards,npg,npxG,xGChain,xGBuildup
280,4450,Adel Taarabt,Genoa,M S,6,208,0,0.3974962551146745,3,1.1724961921572683,6,5,0,0,0,0.3974962551146745,1.6432200223207474,0.120715994387865
281,4450,Adel Taarabt,Genoa,F M S,22,1622,2,1.5964884739369154,2,3.075035735964775,33,35,5,1,2,1.5964884739369154,7.773767840117216,4.672826766967773
282,4450,Adel Taarabt,Queens Park Rangers,M S,7,296,0,0.3101956956088543,0,0.3372074225917458,11,13,0,0,0,0.3101956956088543,0.700971320271492,0.2464992376044392
