,id,player_name,team_title,position,games,time,goals,xG,assists,xA,shots,key_passes,yellow_cards,red_cards,npg,npxG,xGChain,xGBuildup
283,1187,Adem Ljajic,Torino,F M S,33,2526,10,6.000804791226983,8,7.299953515641391,94,60,5,0,9,4.47820714302361,13.86832837574184,8.695244629867375
284,1187,Adem Ljajic,Roma,F M S,32,2024,8,6.610197981819511,2,3.239166914485395,50,44,2,0,7,5.0876003708690405,10.48856458440423,4.281851134262979
285,1187,Adem Ljajic,Torino,F M S,27,2159,6,4.534488789737225,10,8.246930550783873,62,68,2,0,6,4.534488789737225,12.897631403058767,6.872217630967498
286,1187,Adem Ljajic,Torino,S,1,27,0,0.0669516026973724,0,0.0,2,0,0,0,0,0.0669516026973724,0.1770909428596496,0.1101393401622772
287,1187,Adem Ljajic,"Inter,Roma",F M S,26,1453,3,3.676749560981989,3,4.823282832279801,38,56,2,0,3,3.676749560981989,9.94613871537149,4.5503392750397325
