,id,player_name,team_title,position,games,time,goals,xG,assists,xA,shots,key_passes,yellow_cards,red_cards,npg,npxG,xGChain,xGBuildup
316,583,Adlène Guédioura,"Middlesbrough,Watford",M S,17,854,0,0.4991826396435499,1,0.6587625369429588,19,8,2,0,0,0.4991826396435499,2.0389555003494024,1.6207932978868484
317,583,Adlène Guédioura,Watford,M S,18,407,0,0.3290425110608339,2,0.7133979443460703,13,10,2,0,0,0.3290425110608339,1.928792784921825,1.5925074238330126
318,583,Adlène Guédioura,Crystal Palace,S,7,111,0,0.3596611078828573,0,0.2166497707366943,5,1,1,0,0,0.3596611078828573,1.2446498423814774,0.7279456704854965
