,id,player_name,team_title,position,games,time,goals,xG,assists,xA,shots,key_passes,yellow_cards,red_cards,npg,npxG,xGChain,xGBuildup
327,323,Adnan Januzaj,Real Sociedad,F M S,20,1243,1,2.5946991983801126,3,2.8430616445839405,32,30,1,0,1,2.5946991983801126,5.723115895874798,2.001590966247022
328,323,Adnan Januzaj,Manchester United,M S,5,141,1,0.2422621510922908,0,0.0320643670856952,4,1,1,0,1,0.2422621510922908,0.2891867943108082,0.1348969768732786
329,323,Adnan Januzaj,Real Sociedad,F M S,27,1011,4,5.249632690101862,4,4.49297902174294,32,23,2,0,1,3.0197998005896807,8.39149073138833,4.011589180678129
330,323,Adnan Januzaj,Real Sociedad,F M S,24,1167,4,2.1529028303921223,3,2.8437234554439783,24,23,3,0,4,2.1529028303921223,4.894464384764433,1.4204612784087658
331,323,Adnan Januzaj,Manchester United,M S,18,841,0,1.3452870603650808,0,1.4884035736322403,25,16,0,0,0,1.3452870603650808,4.198712905868888,2.252108033746481
332,323,Adnan Januzaj,Real Sociedad,F M S,17,814,1,1.633025724440813,0,1.26241073012352,22,17,3,0,0,0.889748077839613,2.813426651060581,1.6806494686752558
333,323,Adnan Januzaj,Borussia Dortmund,S,6,149,0,0.6588755249977112,1,1.078081801533699,4,7,0,0,0,0.6588755249977112,1.9851136095821853,0.4233009405434131
334,323,Adnan Januzaj,Real Sociedad,F M S,28,1584,3,7.852527966257185,5,5.590051863342524,58,35,4,0,3,7.852527966257185,13.142433466389775,3.4613984748721123
335,323,Adnan Januzaj,Sunderland,F M S,25,1632,0,1.524125136435032,3,2.468368884176016,27,34,3,1,0,1.524125136435032,4.483380179852247,1.6501539703458548
