,id,player_name,team_title,position,games,time,goals,xG,assists,xA,shots,key_passes,yellow_cards,red_cards,npg,npxG,xGChain,xGBuildup
354,2454,Adriano,Barcelona,D S,16,953,0,0.4723753407597542,1,1.1670644097030165,8,9,2,0,0,0.4723753407597542,6.874595297500491,6.427691657096148
355,2454,Adriano,Barcelona,D S,8,427,0,0.0204880125820636,1,0.592342097312212,1,5,0,0,0,0.0204880125820636,5.5572633147239685,5.416686952114105
