,id,player_name,team_title,position,games,time,goals,xG,assists,xA,shots,key_passes,yellow_cards,red_cards,npg,npxG,xGChain,xGBuildup
380,5996,Adrien Tameze,Nice,M S,26,1687,0,0.2227530293166637,1,0.4000976840034127,7,7,3,0,0,0.2227530293166637,5.53598958812654,5.188497157767415
381,5996,Adrien Tameze,Nice,M S,8,523,1,0.8436210583895445,0,0.648798068985343,5,7,2,0,1,0.8436210583895445,2.3849487751722336,1.467553649097681
382,5996,Adrien Tameze,Verona,F M S,33,2334,1,1.4005275405943394,0,1.3312495294958353,18,12,6,0,1,1.4005275405943394,6.444778571370989,4.355734568554908
383,5996,Adrien Tameze,Nice,D M S,37,2962,0,0.7902374472469091,3,1.4523287564516068,19,25,7,0,0,0.7902374472469091,9.3094867952168,7.553423019126058
384,5996,Adrien Tameze,Verona,D M S,17,929,2,0.3483620025217533,0,0.4892082400619983,7,7,1,0,2,0.3483620025217533,3.703395187854767,3.0216282717883587
385,5996,Adrien Tameze,Atalanta,M S,7,201,0,0.0,0,0.1789035052061081,0,3,0,0,0,0.0,2.023796785622835,1.844893235713244
