,id,player_name,team_title,position,games,time,goals,xG,assists,xA,shots,key_passes,yellow_cards,red_cards,npg,npxG,xGChain,xGBuildup
457,9345,Ahmadou Bamba Dieng,Marseille,F S,5,125,0,0.1475431770086288,0,0.0,1,0,0,0,0,0.1475431770086288,0.1475431770086288,0.0
458,9345,Ahmadou Bamba Dieng,Marseille,F M S,13,523,4,3.693100113421679,0,0.0,21,1,0,0,4,3.693100113421679,3.40323231741786,0.2544719278812408
