,id,player_name,team_title,position,games,time,goals,xG,assists,xA,shots,key_passes,yellow_cards,red_cards,npg,npxG,xGChain,xGBuildup
510,6427,Aitor Ruibal,Real Betis,S,2,4,0,0.0,0,0.0,0,0,0,0,0,0.0,0.0,0.0
511,6427,Aitor Ruibal,Real Betis,D M S,28,1617,2,2.736495343968272,2,2.053365865722298,33,24,2,0,2,2.736495343968272,6.422499367967248,2.740351174026728
512,6427,Aitor Ruibal,Real Betis,D M S,10,498,0,0.6408486124128103,0,0.1164138205349445,9,4,2,0,0,0.6408486124128103,1.688960202038288,1.0253680367022753
513,6427,Aitor Ruibal,Leganes,D M S,25,1216,0,0.7048434652388096,0,1.890758397988975,16,12,4,0,0,0.7048434652388096,3.460526820272208,1.5043659582734108
