,id,player_name,team_title,position,games,time,goals,xG,assists,xA,shots,key_passes,yellow_cards,red_cards,npg,npxG,xGChain,xGBuildup
527,3524,Alaeddine Yahia,Caen,D S,18,1320,2,2.0091889277100563,0,0.1251609437167644,10,2,3,1,2,2.0091889277100563,1.357799531891942,1.357799531891942
528,3524,Alaeddine Yahia,Caen,D,26,2213,1,2.0931671150028706,0,0.0907988976687192,15,4,5,1,1,2.0931671150028706,2.585469717159868,1.9244062919169664
529,3524,Alaeddine Yahia,Caen,D S,31,2555,1,3.0036837868392467,0,0.7564099747687578,21,6,6,0,1,3.0036837868392467,3.524431228637696,3.2556196693331003
