,id,player_name,team_title,position,games,time,goals,xG,assists,xA,shots,key_passes,yellow_cards,red_cards,npg,npxG,xGChain,xGBuildup
570,1160,Albano Bizzarri,Chievo,GK,28,2520,0,0.0,0,0.0,0,0,1,0,0,0.0,0.950078746303916,0.950078746303916
571,1160,Albano Bizzarri,Udinese,GK,32,2880,0,0.0,0,0.0180488750338554,0,1,0,1,0,0.0,3.0405202684924006,3.022471393458545
572,1160,Albano Bizzarri,Chievo,GK,35,3150,0,0.0,0,0.0,0,0,2,0,0,0.0,0.9580844109877944,0.9580844109877944
573,1160,Albano Bizzarri,Pescara,GK,29,2610,0,0.0,0,0.0,0,0,2,0,0,0.0,0.771815815474838,0.771815815474838
