,id,player_name,team_title,position,games,time,goals,xG,assists,xA,shots,key_passes,yellow_cards,red_cards,npg,npxG,xGChain,xGBuildup
628,716,Alberto Paloschi,SPAL 2013,F S,23,835,2,2.6997611820697784,0,0.6133909244090319,10,5,3,0,2,2.6997611820697784,3.8622186481952654,0.5657388940453529
629,716,Alberto Paloschi,Chievo,F S,37,2642,9,9.923600168898702,3,2.1521526761353016,79,26,2,0,9,9.162301318719985,9.964204888790846,1.4591961354017258
630,716,Alberto Paloschi,"Cagliari,SPAL 2013",F S,17,631,0,1.666391046717763,0,0.3055471740663051,13,7,0,0,0,1.666391046717763,1.1027439050376415,0.1866596713662147
631,716,Alberto Paloschi,Chievo,F S,21,1676,8,9.575280357152224,2,0.7499110884964466,41,13,1,0,7,7.291423849761486,8.144812365993857,0.754569829441607
632,716,Alberto Paloschi,Atalanta,F S,13,426,0,2.038717582821846,0,0.4974058512598276,9,6,0,0,0,1.2774187587201595,1.8190304897725584,0.4634656254202127
633,716,Alberto Paloschi,SPAL 2013,F S,36,2195,7,7.466750499792397,1,0.5694860741496086,26,11,2,0,7,7.466750499792397,7.292040667496622,1.7207830986008048
634,716,Alberto Paloschi,Swansea,F S,10,675,2,2.4204313717782497,0,0.6032369434833527,15,3,2,0,2,2.4204313717782497,2.735494585707784,0.2115349918603897
