,id,player_name,team_title,position,games,time,goals,xG,assists,xA,shots,key_passes,yellow_cards,red_cards,npg,npxG,xGChain,xGBuildup
598,2239,Alberto De la Bella,Real Sociedad,D S,23,1902,1,0.7539190873503685,2,1.6144974855706096,12,19,4,0,1,0.7539190873503685,3.926348514854908,2.537445278838277
599,2239,Alberto De la Bella,Real Sociedad,D,17,1529,0,0.1329247578978538,1,0.866016361862421,6,15,4,0,0,0.1329247578978538,5.115417782217264,4.824757810682058
600,2239,Alberto De la Bella,Real Sociedad,D S,15,1248,0,0.1495343241840601,2,1.3057243442162871,4,11,5,0,0,0.1495343241840601,2.379472553730011,1.773458240553737
