,id,player_name,team_title,position,games,time,goals,xG,assists,xA,shots,key_passes,yellow_cards,red_cards,npg,npxG,xGChain,xGBuildup
606,1504,Alberto Grassi,Cagliari,M S,11,564,0,0.2332457080483436,0,0.0630882671102881,4,4,2,0,0,0.2332457080483436,1.3519144607707858,1.1267058039084077
607,1504,Alberto Grassi,Parma Calcio 1913,M S,7,460,0,0.8799521028995514,0,0.1518155187368393,5,2,0,0,0,0.8799521028995514,1.2840899983420968,0.2834908822551369
608,1504,Alberto Grassi,Atalanta,M S,3,201,0,0.045321887359023,0,0.0404072552919387,2,1,0,0,0,0.045321887359023,0.6951633095741272,0.6498414278030396
609,1504,Alberto Grassi,Atalanta,M S,18,676,1,1.175513280555606,0,0.0865194201469421,13,3,2,0,1,1.175513280555606,2.948232565075159,1.8428153656423087
610,1504,Alberto Grassi,Parma Calcio 1913,M S,16,620,1,0.2958825193345546,1,0.2458722461014986,8,5,6,0,1,0.2958825193345546,0.7254273165017366,0.4114929009228945
611,1504,Alberto Grassi,Atalanta,M,13,996,0,1.038463775999844,0,0.5802080444991589,15,8,4,1,0,1.038463775999844,1.8274938128888607,0.7710792003199458
612,1504,Alberto Grassi,SPAL 2013,M S,28,2269,3,2.6074371011927724,0,0.7294251043349504,38,9,3,0,3,2.6074371011927724,4.703082195483148,1.7498941449448466
613,1504,Alberto Grassi,Parma Calcio 1913,D M S,23,1172,0,0.5227796193212271,0,0.3462430965155363,11,3,3,0,0,0.5227796193212271,2.014111873693764,1.3904139753431082
