,id,player_name,team_title,position,games,time,goals,xG,assists,xA,shots,key_passes,yellow_cards,red_cards,npg,npxG,xGChain,xGBuildup
637,8849,Alberto Perea,Cadiz,M S,12,658,0,1.005796721205115,1,0.7035555951297283,14,10,2,0,0,1.005796721205115,1.8112478964030745,0.6769194789230824
638,8849,Alberto Perea,Cadiz,F M S,27,1554,2,1.819219758734107,3,2.775520231574774,28,13,0,0,2,1.819219758734107,4.700046131387353,1.9245396759361029
