,id,player_name,team_title,position,games,time,goals,xG,assists,xA,shots,key_passes,yellow_cards,red_cards,npg,npxG,xGChain,xGBuildup
666,1055,Aleix García,Girona,M S,20,839,1,0.2540684621781111,0,1.448357056826353,11,13,3,0,1,0.2540684621781111,1.7633882407099009,1.2812941689044235
667,1055,Aleix García,Villarreal,S,1,12,0,0.0380134955048561,0,0.0,2,0,0,0,0,0.0380134955048561,0.0380134955048561,0.0131078399717807
668,1055,Aleix García,Eibar,M S,11,427,0,0.0952965728938579,1,0.7778386790305376,3,11,1,0,0,0.0952965728938579,0.8338419459760189,0.604036939330399
669,1055,Aleix García,Manchester City,M S,4,72,0,0.0,0,0.0125627117231488,0,1,0,0,0,0.0,1.430887447670102,1.430887447670102
670,1055,Aleix García,Girona,M S,31,1674,2,1.619773481041193,1,1.402031016536057,19,29,1,0,2,1.619773481041193,4.549286745488644,3.0524821262806654
