,id,player_name,team_title,position,games,time,goals,xG,assists,xA,shots,key_passes,yellow_cards,red_cards,npg,npxG,xGChain,xGBuildup
937,3024,Aleksandru Gatcan,FC Rostov,D M S,26,2251,2,1.53549128677696,1,0.3250697115436196,21,9,9,0,2,1.53549128677696,4.529112724587321,3.058539910241961
938,3024,Aleksandru Gatcan,FC Rostov,M,23,2070,2,1.2533314554020762,1,1.483827980235219,20,16,5,0,2,1.2533314554020762,5.798972491174936,4.068321563303471
939,3024,Aleksandru Gatcan,"FC Rostov,Krylya Sovetov Samara",M S,23,1788,0,0.295978132635355,1,0.8154505267739296,8,19,7,0,0,0.295978132635355,3.4420310528948903,2.7184819439426064
940,3024,Aleksandru Gatcan,FC Rostov,D M,24,2060,3,1.9498109677806497,1,0.7567825401201844,21,16,6,3,3,1.9498109677806497,3.740020425990224,2.7290620282292366
941,3024,Aleksandru Gatcan,FC Rostov,M S,26,2265,1,1.196394053287804,1,0.2957408362999558,20,13,8,0,1,1.196394053287804,2.767232584767044,2.1963985422626138
942,3024,Aleksandru Gatcan,FC Rostov,D M S,24,2083,1,1.1050976496189833,0,0.5194531567394733,27,9,7,1,1,1.1050976496189833,5.212530981749296,4.4906699219718575
