,id,player_name,team_title,position,games,time,goals,xG,assists,xA,shots,key_passes,yellow_cards,red_cards,npg,npxG,xGChain,xGBuildup
964,3136,Aleksey Evseev,Ural,F M S,20,1169,4,1.4516041884198785,1,0.4096927577629685,22,10,2,0,4,1.4516041884198785,2.2099831625819206,0.5809573940932751
965,3136,Aleksey Evseev,Ural,M S,5,146,0,0.0505281826481223,0,0.0,5,0,1,1,0,0.0505281826481223,0.3517284849658608,0.3139802813529968
966,3136,Aleksey Evseev,Ural,F M S,18,511,1,0.3719204496592283,0,0.0992974005639553,14,2,2,0,1,0.3719204496592283,0.8571006283164024,0.5212967209517956
967,3136,Aleksey Evseev,Zenit St. Petersburg,S,5,26,0,0.0386512838304042,0,0.0,1,0,0,1,0,0.0386512838304042,0.7360156178474426,0.697364330291748
968,3136,Aleksey Evseev,Zenit St. Petersburg,S,1,10,0,0.0149935875087976,0,0.1248073950409889,1,1,0,0,0,0.0149935875087976,0.1398009806871414,0.0
969,3136,Aleksey Evseev,Ural,S,3,65,0,0.2331146746873855,1,0.3874794840812683,2,2,1,0,0,0.2331146746873855,0.7146261185407639,0.1078239157795906
