,id,player_name,team_title,position,games,time,goals,xG,assists,xA,shots,key_passes,yellow_cards,red_cards,npg,npxG,xGChain,xGBuildup
715,5219,Aleksandar Dragovic,Leicester,D S,11,765,0,0.1105547696352005,0,0.0,1,0,2,0,0,0.1105547696352005,1.0105728507041931,1.0105728507041931
716,5219,Aleksandar Dragovic,Bayer Leverkusen,D S,15,1030,0,0.8147087693214417,0,0.0665486184880137,2,2,5,1,0,0.8147087693214417,2.5972552075982094,2.423275537788868
717,5219,Aleksandar Dragovic,Bayer Leverkusen,S,1,44,0,0.0,0,0.0,0,0,0,0,0,0.0,0.484848290681839,0.484848290681839
718,5219,Aleksandar Dragovic,Bayer Leverkusen,D S,18,1127,1,0.2216038759797811,0,0.4299116646870971,4,6,3,0,1,0.2216038759797811,4.59221301600337,4.11699241399765
719,5219,Aleksandar Dragovic,Bayer Leverkusen,D M S,18,1327,2,0.8755344171077013,0,0.104468248784542,4,3,4,0,2,0.8755344171077013,3.80335253290832,3.750751305371523
720,5219,Aleksandar Dragovic,Bayer Leverkusen,D S,19,1255,0,0.3761381600052118,1,0.4818184375762939,6,4,1,0,0,0.3761381600052118,1.569528175517917,1.483516950160265
