,id,player_name,team_title,position,games,time,goals,xG,assists,xA,shots,key_passes,yellow_cards,red_cards,npg,npxG,xGChain,xGBuildup
885,2794,Aleksandr Ryazantsev,Amkar,D M S,19,1301,3,2.070632744580508,0,1.4126367047429085,15,24,0,0,2,1.3163573928177357,2.383350495249033,0.8879033215343952
886,2794,Aleksandr Ryazantsev,Zenit St. Petersburg,F M S,20,1107,1,1.8665805831551552,2,1.010449013672769,13,13,0,0,1,1.8665805831551552,4.914668694138527,2.689601307734847
887,2794,Aleksandr Ryazantsev,"Ural,Zenit St. Petersburg",M S,22,854,0,0.5209462158381939,3,1.565000221133232,14,11,0,0,0,0.5209462158381939,3.0877859722822905,1.273299622349441
