,id,player_name,team_title,position,games,time,goals,xG,assists,xA,shots,key_passes,yellow_cards,red_cards,npg,npxG,xGChain,xGBuildup
744,1582,Aleksandar Pesic,Toulouse,F S,23,592,2,0.8815945144742727,1,0.631909865885973,13,7,0,1,2,0.8815945144742727,1.547342350706458,0.2353835999965667
745,1582,Aleksandar Pesic,Atalanta,S,6,78,0,0.6611610427498817,0,0.0,4,0,0,0,0,0.6611610427498817,0.6924138739705086,0.4725889191031456
746,1582,Aleksandar Pesic,Toulouse,F S,34,2086,6,7.070400322787464,6,4.193798235617578,58,28,5,0,6,7.070400322787464,9.739277958869934,0.8975224420428276
