,id,player_name,team_title,position,games,time,goals,xG,assists,xA,shots,key_passes,yellow_cards,red_cards,npg,npxG,xGChain,xGBuildup
825,2911,Aleksandr Katsalapov,Torpedo Moscow,D S,20,1517,1,0.8367424961179495,0,0.3815445797517895,16,9,6,0,1,0.8367424961179495,1.9543614881113167,1.2689434392377734
826,2911,Aleksandr Katsalapov,FC Orenburg,D S,8,478,0,0.0592749435454607,1,0.0684054568409919,3,1,2,0,0,0.0592749435454607,0.2372694890946149,0.2229465954005718
827,2911,Aleksandr Katsalapov,FC Ufa,D S,16,1158,0,0.0234249997884035,2,0.3422397309914231,2,6,3,0,0,0.0234249997884035,1.0570555794984102,0.7191223222762346
