,id,player_name,team_title,position,games,time,goals,xG,assists,xA,shots,key_passes,yellow_cards,red_cards,npg,npxG,xGChain,xGBuildup
892,2710,Aleksandr Samedov,Lokomotiv Moscow,M,29,2533,4,4.766315420158207,4,6.367141924798489,47,62,2,0,3,4.0120401205495,9.6445506028831,3.539025964215398
893,2710,Aleksandr Samedov,Spartak Moscow,F M S,21,1476,2,2.8477141642943025,1,1.617056385613978,28,20,3,1,2,2.8477141642943025,7.948433019220829,4.087184528820217
894,2710,Aleksandr Samedov,Lokomotiv Moscow,M,28,2520,9,5.839907962828875,6,6.710844206623733,49,66,4,0,8,5.085632633417845,12.064116625115275,4.323827200569212
895,2710,Aleksandr Samedov,"Lokomotiv Moscow,Spartak Moscow",F M S,25,1831,7,5.791302049532533,2,3.027398271486163,39,38,1,0,4,2.7742008175700903,7.400743637233971,3.009772509336472
896,2710,Aleksandr Samedov,"Krylya Sovetov Samara,Spartak Moscow",D F M S,17,955,0,0.9183472972363234,4,3.2539128502830863,13,33,2,0,0,0.9183472972363234,3.2790670758113265,1.973217082209885
