,id,player_name,team_title,position,games,time,goals,xG,assists,xA,shots,key_passes,yellow_cards,red_cards,npg,npxG,xGChain,xGBuildup
839,2892,Aleksandr Kolomejtsev,Lokomotiv Moscow,M S,10,493,1,1.357672045007348,0,1.1189419012516737,9,6,1,0,1,1.357672045007348,1.9837596025317907,0.6359293535351753
840,2892,Aleksandr Kolomejtsev,Lokomotiv Moscow,M S,19,957,1,1.5177020356059074,1,1.9175874711945653,14,16,1,0,1,1.5177020356059074,3.8418661756441,2.2713041361421347
841,2892,Aleksandr Kolomejtsev,Lokomotiv Moscow,M S,28,2209,3,2.2624225076287985,3,2.566582979634404,15,22,2,0,3,2.2624225076287985,5.964313888922334,2.922215323895216
842,2892,Aleksandr Kolomejtsev,Amkar,F M S,28,2353,3,2.421281942166388,3,3.838524881750345,33,29,1,0,3,2.421281942166388,6.863195832818747,3.1283565647900105
843,2892,Aleksandr Kolomejtsev,Lokomotiv Moscow,M S,19,987,2,0.7987372260540724,0,0.8123505208641291,12,9,1,0,2,0.7987372260540724,2.328624874353409,1.2135419007390738
