,id,player_name,team_title,position,games,time,goals,xG,assists,xA,shots,key_passes,yellow_cards,red_cards,npg,npxG,xGChain,xGBuildup
774,7504,Aleksandr Chernikov,FC Krasnodar,S,1,42,0,0.0553627200424671,0,0.0,2,0,1,0,0,0.0553627200424671,0.1927819699048996,0.1374192386865615
775,7504,Aleksandr Chernikov,FC Krasnodar,D M,13,1103,1,0.343539260327816,0,0.2767816456034779,9,9,8,1,1,0.343539260327816,2.816395489498973,2.679083898663521
776,7504,Aleksandr Chernikov,FC Krasnodar,D M S,6,184,0,0.4631766825914383,0,0.0693412097170949,4,2,2,0,0,0.4631766825914383,0.1702745631337165,0.063417425379157
