,id,player_name,team_title,position,games,time,goals,xG,assists,xA,shots,key_passes,yellow_cards,red_cards,npg,npxG,xGChain,xGBuildup
721,297,Aleksandar Ignjovski,Freiburg,D M S,19,1048,0,0.0590317882597446,0,0.0976083595305681,3,3,2,0,0,0.0590317882597446,2.342228604480624,2.185588464140892
722,297,Aleksandar Ignjovski,Eintracht Frankfurt,D M S,20,1215,0,0.1620249710977077,2,1.5599616896361113,6,10,4,0,0,0.1620249710977077,4.159855531528592,3.4558327849954367
723,297,Aleksandar Ignjovski,Eintracht Frankfurt,D M S,18,1214,0,0.626696540042758,2,0.7423893250524998,9,9,3,0,0,0.626696540042758,2.562894330359996,1.651401744224131
