,id,player_name,team_title,position,games,time,goals,xG,assists,xA,shots,key_passes,yellow_cards,red_cards,npg,npxG,xGChain,xGBuildup
741,2137,Aleksandar Pantic,Alaves,D S,2,155,0,0.056233000010252,0,0.0,1,0,1,0,0,0.056233000010252,0.0,0.0
742,2137,Aleksandar Pantic,Eibar,D S,20,1677,0,0.6104307547211647,0,0.057246845215559,9,1,6,0,0,0.6104307547211647,0.5854544453322887,0.5175723768770695
743,2137,Aleksandar Pantic,Cordoba,D S,29,2410,0,0.7093270234763622,0,0.0455335509032011,13,2,6,1,0,0.7093270234763622,2.100311303511262,2.079929972067476
