,id,player_name,team_title,position,games,time,goals,xG,assists,xA,shots,key_passes,yellow_cards,red_cards,npg,npxG,xGChain,xGBuildup
830,3066,Aleksandr Kokorin,Dinamo Moscow,F M S,27,1818,8,8.385153030976653,4,2.09579161927104,53,17,2,0,7,7.630877768620849,11.323333606123924,2.646508105099201
831,3066,Aleksandr Kokorin,PFC Sochi,F M,10,882,7,5.824623268097639,1,1.0145814726129174,30,12,2,0,5,4.316076170653105,5.940399214625359,0.9965429492294788
832,3066,Aleksandr Kokorin,"Dinamo Moscow,Zenit St. Petersburg",F M S,18,1016,6,5.975315600633621,0,0.6874888613820076,33,7,3,1,5,5.22104025632143,6.438472872599959,1.7239908780902624
833,3066,Aleksandr Kokorin,Zenit St. Petersburg,S,3,71,0,0.3151759207248688,0,0.0794488787651062,1,1,0,0,0,0.3151759207248688,0.4087983071804046,0.0141735291108489
834,3066,Aleksandr Kokorin,Fiorentina,S,4,86,0,0.0,0,0.0,0,0,1,0,0,0.0,0.0820392407476902,0.0820392407476902
835,3066,Aleksandr Kokorin,Zenit St. Petersburg,F M S,22,1918,10,9.347375959157944,3,3.9127378100529313,60,23,2,0,10,9.347375959157944,15.043857630342243,5.514118902385235
836,3066,Aleksandr Kokorin,Zenit St. Petersburg,F M S,27,2147,5,4.063067675568163,3,3.3491079211235046,37,23,3,0,5,4.063067675568163,9.087936762720346,3.594907774589956
837,3066,Aleksandr Kokorin,Fiorentina,S,4,22,0,0.0,0,0.0,0,0,1,0,0,0.0,0.0,0.0
838,3066,Aleksandr Kokorin,Spartak Moscow,F M S,8,361,2,1.7454651854932308,1,0.437743840739131,6,7,1,0,0,0.2369160316884517,1.4154727272689342,0.9286114126443864
