,id,player_name,team_title,position,games,time,goals,xG,assists,xA,shots,key_passes,yellow_cards,red_cards,npg,npxG,xGChain,xGBuildup
1043,1254,Alessandro Florenzi,Roma,D M S,9,751,0,1.1830504313111303,3,1.581798478960991,13,14,3,0,0,1.1830504313111303,6.678288817405701,5.09967452287674
1044,1254,Alessandro Florenzi,Roma,D F M S,32,2385,1,3.9708748357370496,5,5.488740326836705,39,42,2,0,1,3.209576000459492,13.96033910382539,8.797867402434349
1045,1254,Alessandro Florenzi,AC Milan,D M S,10,500,0,0.253550261259079,0,0.3603791017085314,8,6,0,0,0,0.253550261259079,2.0664315428584814,1.6135303676128387
1046,1254,Alessandro Florenzi,Roma,D M S,14,1017,0,0.4294808432459831,1,1.917042549699545,14,12,5,0,0,0.4294808432459831,5.736081831157208,4.384883046150208
1047,1254,Alessandro Florenzi,Roma,D M S,29,2187,3,1.9060882646590471,2,5.0847643837332726,35,43,4,1,3,1.9060882646590471,11.845327585935593,8.007298706099391
1048,1254,Alessandro Florenzi,Valencia,D M S,12,759,0,0.5927093625068665,0,0.9019659906625748,8,5,1,1,0,0.5927093625068665,1.8084417320787909,0.7583827003836632
1049,1254,Alessandro Florenzi,Roma,D F M S,33,2735,7,4.410438590683043,3,5.329167686402798,47,41,4,0,7,4.410438590683043,15.841197784990072,9.475518729537724
1050,1254,Alessandro Florenzi,Roma,D F M S,35,2288,5,5.233356414362788,4,6.24340327270329,54,38,9,0,4,4.472057608887553,13.899163061752915,5.844772571697831
1051,1254,Alessandro Florenzi,Paris Saint Germain,D F S,21,1551,2,2.480482779443264,1,2.398160906508565,21,18,1,0,2,2.480482779443264,9.193699419498444,5.731903513893485
