,id,player_name,team_title,position,games,time,goals,xG,assists,xA,shots,key_passes,yellow_cards,red_cards,npg,npxG,xGChain,xGBuildup
1089,2006,Alessio Cerci,Atletico Madrid,S,6,110,0,0.4362031240016222,0,0.0,6,1,0,1,0,0.4362031240016222,0.6538946647197008,0.217691533267498
1090,2006,Alessio Cerci,Atletico Madrid,S,1,13,0,0.0,0,0.0,0,0,0,0,0,0.0,0.0,0.0
1091,2006,Alessio Cerci,"AC Milan,Genoa",F M S,24,1317,4,5.058406168594956,2,1.2425868790596724,38,22,1,0,1,2.7745097372680902,5.231268361210823,1.894191162660718
1092,2006,Alessio Cerci,AC Milan,F M S,16,668,1,1.2749054040759802,4,2.274531399831176,21,20,0,0,1,1.2749054040759802,3.5391740687191486,1.5866086622700095
1093,2006,Alessio Cerci,Verona,F M S,24,1663,3,3.0779888462275267,2,3.845190465450287,42,25,1,0,2,2.3166900258511305,5.698053608648479,1.4699980849400165
