,id,player_name,team_title,position,games,time,goals,xG,assists,xA,shots,key_passes,yellow_cards,red_cards,npg,npxG,xGChain,xGBuildup
1020,4939,Alessandro Bastoni,Inter,D,33,2932,0,0.9617053121328354,3,1.329262364655733,11,12,6,0,0,0.9617053121328354,15.616493418812752,15.168991424143314
1021,4939,Alessandro Bastoni,Atalanta,D S,3,150,0,0.073399007320404,0,0.0,1,0,0,0,0,0.073399007320404,0.0495708845555782,0.0495708845555782
1022,4939,Alessandro Bastoni,Atalanta,S,4,86,0,0.0203061029314994,0,0.111453965306282,1,2,0,0,0,0.0203061029314994,0.2502202838659286,0.1420879065990448
1023,4939,Alessandro Bastoni,Inter,D S,25,1923,2,1.3325680866837502,0,0.7401969283819199,8,12,7,1,2,1.3325680866837502,9.133155457675455,7.914102606475353
1024,4939,Alessandro Bastoni,Parma Calcio 1913,D S,24,1676,1,0.664079206995666,0,0.2935658097267151,3,1,2,0,1,0.664079206995666,2.9707651119679213,2.6771992947906256
1025,4939,Alessandro Bastoni,Inter,D,15,1224,0,0.0659372024238109,2,1.48477191478014,3,8,2,0,0,0.0659372024238109,7.707721788436174,7.624322224408388
