,id,player_name,team_title,position,games,time,goals,xG,assists,xA,shots,key_passes,yellow_cards,red_cards,npg,npxG,xGChain,xGBuildup
1053,1330,Alessandro Gamberini,Chievo,D,20,1679,1,1.4507760368287563,0,0.0266582332551479,7,1,1,0,1,1.4507760368287563,0.5341375740244985,0.5074793370440602
1054,1330,Alessandro Gamberini,Chievo,D,22,1816,0,0.2339762654155492,1,0.2420480027794838,3,3,1,0,0,0.2339762654155492,1.301368341781199,1.301368341781199
1055,1330,Alessandro Gamberini,Chievo,D S,20,1401,0,0.4064572341740131,0,0.1186803169548511,6,2,2,0,0,0.4064572341740131,1.155317310243845,1.101653978228569
1056,1330,Alessandro Gamberini,Chievo,D S,23,1818,0,0.853107288479805,0,0.0,4,0,2,0,0,0.853107288479805,1.290464699268341,1.290464699268341
