,id,player_name,team_title,position,games,time,goals,xG,assists,xA,shots,key_passes,yellow_cards,red_cards,npg,npxG,xGChain,xGBuildup
1101,1119,Alessio Romagnoli,AC Milan,D,35,3091,1,1.2555115297436714,0,1.7577582225203514,15,11,4,0,1,1.2555115297436714,10.242953499779103,9.947513204067944
1102,1119,Alessio Romagnoli,AC Milan,D S,22,1905,1,2.8769351541996,1,0.9673006646335124,15,3,7,0,1,2.8769351541996,3.954332145862281,3.930021810345352
1103,1119,Alessio Romagnoli,AC Milan,D,32,2850,2,0.7629938647150993,0,0.2110281689092517,11,6,6,1,2,0.7629938647150993,9.931999509222806,9.414332094602289
1104,1119,Alessio Romagnoli,Sampdoria,D S,30,2533,2,1.3117055832408369,2,0.9844666048884392,8,4,9,0,2,1.3117055832408369,3.702617146074772,3.683395614847541
1105,1119,Alessio Romagnoli,AC Milan,D S,34,2942,0,0.3392988070845604,0,0.1897710878401994,6,5,8,1,0,0.3392988070845604,4.090086093172431,3.9074319172650576
1106,1119,Alessio Romagnoli,AC Milan,D,27,2370,1,0.7991035673767328,1,1.1315834894776344,13,9,4,1,1,0.7991035673767328,6.301759343594313,6.076965745538473
1107,1119,Alessio Romagnoli,AC Milan,D S,11,768,1,0.2187606357038021,0,0.0117294332012534,6,1,1,1,1,0.2187606357038021,2.3935688212513924,2.36566212028265
1108,1119,Alessio Romagnoli,AC Milan,D S,28,2357,2,0.8305102214217186,0,0.2195292701944708,9,7,7,1,2,0.8305102214217186,6.850317347794771,6.533676985651255
