,id,player_name,team_title,position,games,time,goals,xG,assists,xA,shots,key_passes,yellow_cards,red_cards,npg,npxG,xGChain,xGBuildup
1285,3025,Alexander Troshechkin,Khimki,D M S,24,1854,2,1.3712537940591574,3,1.2179505117237568,26,14,8,2,2,1.3712537940591574,3.972277798689902,2.32830167748034
1286,3025,Alexander Troshechkin,FC Rostov,S,1,5,0,0.0,0,0.0,0,0,0,0,0,0.0,0.0,0.0
1287,3025,Alexander Troshechkin,Tosno,M S,8,269,0,0.078958080150187,0,0.2272397726774215,3,3,1,0,0,0.078958080150187,0.4526302414014935,0.3143914602696895
1288,3025,Alexander Troshechkin,FC Rostov,M S,3,119,0,0.0098572764545679,0,0.0,1,0,1,0,0,0.0098572764545679,0.028023449704051,0.0181661732494831
1289,3025,Alexander Troshechkin,Khimki,M S,15,719,1,1.2917705867439508,1,0.5814721724018455,11,3,2,0,1,1.2917705867439508,3.6493110740557313,1.8926636427640915
