,id,player_name,team_title,position,games,time,goals,xG,assists,xA,shots,key_passes,yellow_cards,red_cards,npg,npxG,xGChain,xGBuildup
1111,5091,Alex Berenguer,Torino,F M S,22,1034,1,0.5818240717053413,3,1.9300187481567264,14,22,1,0,1,0.5818240717053413,4.005142033100128,2.174911877140403
1112,5091,Alex Berenguer,Athletic Club,M S,16,929,0,3.075017489492893,1,1.6870839167386291,17,15,3,0,0,2.331739865243435,4.751006957143545,1.336710661649704
1113,5091,Alex Berenguer,Torino,D F M S,31,1469,2,1.0048196036368608,3,3.660327799618244,22,36,4,0,2,1.0048196036368608,5.324431139975786,1.5463837729766965
1114,5091,Alex Berenguer,Athletic Club,M S,35,2306,8,6.040033766999841,4,3.6901606116443872,48,38,4,0,8,6.040033766999841,11.995435629040005,5.322603601962328
1115,5091,Alex Berenguer,Torino,M,2,138,0,0.4604767151176929,0,0.0,2,0,0,0,0,0.4604767151176929,0.7764035761356354,0.7248402237892151
1116,5091,Alex Berenguer,Torino,F M S,29,1842,6,3.474617418833077,2,3.4794698618352413,40,35,4,0,6,3.474617418833077,9.004565041512251,4.257872266694903
1117,5091,Alex Berenguer,Osasuna,D M S,29,2118,1,0.5752645451575518,6,3.102612067945301,16,27,3,0,1,0.5752645451575518,4.361146283335984,2.1020895913243294
