,id,player_name,team_title,position,games,time,goals,xG,assists,xA,shots,key_passes,yellow_cards,red_cards,npg,npxG,xGChain,xGBuildup
1203,1802,Alexander Farnerud,Torino,M S,22,1286,1,0.8744504870846868,5,3.763799883425236,27,31,2,0,1,0.8744504870846868,4.241145342588425,2.3511713556945324
1204,1802,Alexander Farnerud,Torino,S,5,83,0,0.0338182551786303,0,0.2013852875679731,2,3,0,0,0,0.0338182551786303,0.2510689385235309,0.0556070879101753
