,id,player_name,team_title,position,games,time,goals,xG,assists,xA,shots,key_passes,yellow_cards,red_cards,npg,npxG,xGChain,xGBuildup
1326,657,Alexandre Song,Rubin Kazan,M S,16,1077,0,0.1931648151949048,2,0.737712524831295,3,10,1,1,0,0.1931648151949048,3.249834241345525,3.0113514605909586
1327,657,Alexandre Song,West Ham,M S,12,658,0,0.1801397893577814,0,0.2122627664357423,6,8,1,0,0,0.1801397893577814,1.8867256939411163,1.6025820448994637
1328,657,Alexandre Song,West Ham,M S,28,2258,0,0.7239491064101458,3,2.379094716161489,12,28,4,0,0,0.7239491064101458,9.307584941387177,7.033518918324262
1329,657,Alexandre Song,Rubin Kazan,M S,6,222,1,0.3381389379501343,0,0.1358692198991775,2,1,0,0,1,0.3381389379501343,0.851545512676239,0.7156762890517712
