,id,player_name,team_title,position,games,time,goals,xG,assists,xA,shots,key_passes,yellow_cards,red_cards,npg,npxG,xGChain,xGBuildup
1218,5714,Alexander Kacaniklic,Nantes,M S,9,306,0,0.1973218321800232,1,0.2354751154780388,3,3,0,0,0,0.1973218321800232,0.3921632468700409,0.0155484117567539
1219,5714,Alexander Kacaniklic,Nantes,F M S,17,705,0,0.7167169153690338,2,0.3476185891777277,11,7,2,0,0,0.7167169153690338,1.4925397112965584,0.4825311079621315
