,id,player_name,team_title,position,games,time,goals,xG,assists,xA,shots,key_passes,yellow_cards,red_cards,npg,npxG,xGChain,xGBuildup
1300,3277,Alexandre Lacazette,Lyon,F,34,2969,21,21.035174636170268,3,4.387999815866351,95,44,5,0,19,18.754889203235507,25.341834964230657,8.528739953413606
1301,3277,Alexandre Lacazette,Arsenal,F M S,31,1939,13,12.028909418731928,2,2.209213115274906,45,22,3,0,10,9.7454028762877,14.361542394384742,2.9379407837986946
1302,3277,Alexandre Lacazette,Lyon,F S,30,2416,28,22.4740299731493,3,6.6583012919873,85,50,3,0,18,13.352954130619764,23.215869300067425,7.629051983356476
1303,3277,Alexandre Lacazette,Arsenal,F S,32,2235,14,13.83124102279544,4,4.839554825797677,67,36,1,0,12,12.308903332799671,20.898551642894745,6.228630402125418
1304,3277,Alexandre Lacazette,Arsenal,F S,35,2498,13,12.033691215328872,8,4.100151715800166,81,31,2,0,13,12.033691215328872,22.075838117860258,8.813803711906075
1305,3277,Alexandre Lacazette,Lyon,F M,33,2860,27,18.59795479476452,6,6.063525988720357,96,53,6,0,19,11.757098589092491,19.62206817790866,6.380009922198951
1306,3277,Alexandre Lacazette,Arsenal,F S,30,1890,10,8.66464820317924,4,3.342290915548801,52,24,8,0,10,8.66464820317924,12.06130165234208,2.5056346226483583
1307,3277,Alexandre Lacazette,Arsenal,F M S,11,530,2,0.8814859539270401,0,0.353777527809143,6,8,0,0,2,0.8814859539270401,1.7827443853020668,0.8186157532036304
