,id,player_name,team_title,position,games,time,goals,xG,assists,xA,shots,key_passes,yellow_cards,red_cards,npg,npxG,xGChain,xGBuildup
1162,815,Alex Pritchard,Huddersfield,F M S,14,1006,1,1.1473921816796064,1,2.110275812447071,18,21,1,0,1,1.1473921816796064,3.398887053132057,0.950773878954351
1163,815,Alex Pritchard,"Tottenham,West Bromwich Albion",S,3,59,0,0.0759627968072891,0,0.0,2,0,0,0,0,0.0759627968072891,0.0657668337225914,0.0400775261223316
1164,815,Alex Pritchard,Huddersfield,F M S,30,2114,2,2.617885722778737,0,2.0834436882287264,47,32,2,0,2,2.617885722778737,5.12480615451932,1.5184151269495487
