,id,player_name,team_title,position,games,time,goals,xG,assists,xA,shots,key_passes,yellow_cards,red_cards,npg,npxG,xGChain,xGBuildup
1231,356,Alexander Meier,Eintracht Frankfurt,F M S,26,2209,19,15.395941108465196,2,1.2686937591060996,80,22,0,0,16,12.36483433842659,12.408789467066526,1.9156581219285729
1232,356,Alexander Meier,Eintracht Frankfurt,S,1,2,1,0.3097952008247375,0,0.0,1,0,0,0,1,0.3097952008247375,0.4447138905525207,0.1349186897277832
1233,356,Alexander Meier,Eintracht Frankfurt,F M,19,1658,12,7.78406173735857,1,1.970931304618716,49,17,0,1,11,7.026285082101822,7.684183456003666,1.2862597480416298
1234,356,Alexander Meier,Eintracht Frankfurt,F M S,21,1399,5,6.10135168209672,2,1.4745029844343662,43,11,1,0,5,4.58579832687974,5.2651152536273,1.4417265094816685
