,id,player_name,team_title,position,games,time,goals,xG,assists,xA,shots,key_passes,yellow_cards,red_cards,npg,npxG,xGChain,xGBuildup
1221,4609,Alexander Kerzhakov,Zenit St. Petersburg,F S,14,210,1,1.44881459325552,2,0.7028266787528992,12,5,0,0,0,0.694540724158287,1.8898936063051224,0.682702980004251
1222,4609,Alexander Kerzhakov,Zenit St. Petersburg,F S,14,535,3,3.2449340615421534,0,0.9663776122033596,27,11,1,0,2,2.490658799186349,3.1922940630465746,0.6017891429364681
