,id,player_name,team_title,position,games,time,goals,xG,assists,xA,shots,key_passes,yellow_cards,red_cards,npg,npxG,xGChain,xGBuildup
1348,2572,Alexis,Alaves,D S,24,1814,2,1.0763070210814476,1,0.0185184981673955,7,1,10,1,2,1.0763070210814476,3.412755461409688,3.348248150199652
1349,2572,Alexis,Getafe,D M S,29,2511,1,1.0832120440900326,1,0.820920548401773,5,10,13,1,1,1.0832120440900326,2.244647002778948,1.4340046988800168
1350,2572,Alexis,Alaves,D S,28,2182,1,0.7970823729410768,0,0.2424673307687044,13,5,6,0,1,0.7970823729410768,2.6616109050810337,2.261611355468631
1351,2572,Alexis,Getafe,D,15,1350,1,0.1160081811249256,0,0.2217030338943004,2,6,7,0,1,0.1160081811249256,2.549887979403138,2.4013800490647554
