,id,player_name,team_title,position,games,time,goals,xG,assists,xA,shots,key_passes,yellow_cards,red_cards,npg,npxG,xGChain,xGBuildup
1375,8297,Alexis Saelemaekers,AC Milan,M S,13,677,1,0.6453739497810602,0,0.5632560299709439,9,7,2,1,1,0.6453739497810602,3.986213757656514,3.0043443590402603
1376,8297,Alexis Saelemaekers,AC Milan,D M S,32,2065,2,3.0029865447431803,4,3.1790946424007416,28,30,5,1,2,3.0029865447431803,12.024507991969584,6.440727785229683
1377,8297,Alexis Saelemaekers,AC Milan,M S,17,1038,1,1.1417716024443507,2,2.31269190274179,17,15,1,0,1,1.1417716024443507,9.097619574517012,6.183580543845892
