,id,player_name,team_title,position,games,time,goals,xG,assists,xA,shots,key_passes,yellow_cards,red_cards,npg,npxG,xGChain,xGBuildup
1197,270,Alexander Esswein,Hertha Berlin,M S,29,1318,2,1.9795395601540804,2,1.575362735427916,27,18,4,0,2,1.9795395601540804,4.152707568369806,1.4597902037203312
1198,270,Alexander Esswein,Hertha Berlin,F M S,16,608,2,0.5407134108245373,1,0.2499088384211063,9,5,0,0,2,0.5407134108245373,2.1626097094267607,1.590296747162938
1199,270,Alexander Esswein,Augsburg,M S,29,1814,3,2.117980007082224,1,4.269464299082756,47,31,1,0,3,2.117980007082224,7.973908513784409,3.110820260830224
1200,270,Alexander Esswein,VfB Stuttgart,D F M S,17,1268,0,1.5612160004675388,0,1.2027247669175267,29,19,3,0,0,1.5612160004675388,3.9666227269917727,2.0466262940317392
1201,270,Alexander Esswein,Hertha Berlin,D S,7,203,0,0.0524007780477404,0,1.2397480905056,2,3,1,0,0,0.0524007780477404,1.953649803996086,1.263636415824294
1202,270,Alexander Esswein,Augsburg,M S,19,861,1,1.32561407238245,3,1.7060991944745183,24,16,0,0,1,1.32561407238245,3.82995025254786,1.0018322002142668
