,id,player_name,team_title,position,games,time,goals,xG,assists,xA,shots,key_passes,yellow_cards,red_cards,npg,npxG,xGChain,xGBuildup
1369,8379,Alexis Mac Allister,Brighton,F M S,9,357,0,0.5874678632244468,0,0.2033513141795992,7,5,0,0,0,0.5874678632244468,1.172587945125997,0.5007040575146675
1370,8379,Alexis Mac Allister,Brighton,M S,10,271,2,1.8634426863864064,1,0.2041288986802101,10,4,1,0,1,1.1022738488391042,2.323353238403797,1.74954401422292
1371,8379,Alexis Mac Allister,Brighton,F M S,21,1110,1,1.353140606544912,1,1.870868494734168,24,15,1,0,1,1.353140606544912,5.655093248933554,3.266662317328155
