,id,player_name,team_title,position,games,time,goals,xG,assists,xA,shots,key_passes,yellow_cards,red_cards,npg,npxG,xGChain,xGBuildup
1433,252,Alfredo Morales,Fortuna Duesseldorf,M S,27,1715,1,0.8440466672182083,2,0.750963844358921,20,9,6,0,1,0.8440466672182083,2.493336796760559,1.3468291210010648
1434,252,Alfredo Morales,Fortuna Duesseldorf,M S,23,1522,1,0.7393444925546646,1,1.018136344850063,19,8,6,0,1,0.7393444925546646,2.557499386370182,1.0497103286907077
1435,252,Alfredo Morales,Ingolstadt,D M S,27,1709,1,1.5692590000107884,0,1.1040802784264088,25,11,4,1,1,1.5692590000107884,3.498648354783654,2.300161473453045
1436,252,Alfredo Morales,Ingolstadt,F M S,24,1659,1,1.738570073619485,2,1.721458612009883,30,11,7,0,1,1.738570073619485,4.773133210837841,1.51929946616292
