,id,player_name,team_title,position,games,time,goals,xG,assists,xA,shots,key_passes,yellow_cards,red_cards,npg,npxG,xGChain,xGBuildup
1423,1455,Alfred Gomis,Dijon,GK,19,1630,0,0.0,0,0.0,0,0,0,0,0,0.0,2.322756776586175,2.322756776586175
1424,1455,Alfred Gomis,Rennes,GK,17,1530,0,0.0,0,0.0,0,0,0,0,0,0.0,1.911065608263016,1.911065608263016
1425,1455,Alfred Gomis,"Dijon,Rennes",GK,27,2430,0,0.0,0,0.0,0,0,1,0,0,0.0,2.6441269125789404,2.6441269125789404
1426,1455,Alfred Gomis,SPAL 2013,GK S,20,1722,0,0.0,0,0.0,0,0,0,0,0,0.0,2.687233366072178,2.687233366072178
1427,1455,Alfred Gomis,SPAL 2013,GK S,26,2257,0,0.0,0,0.0379272885620594,0,1,0,0,0,0.0,1.2295447383075953,1.191617438569665
