,id,player_name,team_title,position,games,time,goals,xG,assists,xA,shots,key_passes,yellow_cards,red_cards,npg,npxG,xGChain,xGBuildup
1461,6842,Alireza Jahanbakhsh,Brighton,D F M S,21,512,0,1.8732194174081087,1,3.2342965975403786,18,10,3,0,0,1.8732194174081087,5.389569176360965,2.52194894105196
1462,6842,Alireza Jahanbakhsh,Brighton,F M S,10,301,2,0.5862441807985306,0,0.993284672498703,12,4,0,0,2,0.5862441807985306,1.5888513885438442,0.7349357418715954
1463,6842,Alireza Jahanbakhsh,Brighton,F M S,19,1021,0,0.7015584567561746,0,0.1939404662698507,21,5,2,0,0,0.7015584567561746,1.114076024852693,0.4520327290520072
