,id,player_name,team_title,position,games,time,goals,xG,assists,xA,shots,key_passes,yellow_cards,red_cards,npg,npxG,xGChain,xGBuildup
1524,3246,Aly Ndom,"Caen,Reims",M S,12,396,0,0.0619396707043051,0,0.0243058260530233,3,1,2,0,0,0.0619396707043051,0.2546313339844346,0.1683858372271061
1525,3246,Aly Ndom,Reims,M S,8,345,0,0.1730321943759918,0,0.2247562743723392,4,4,0,0,0,0.1730321943759918,1.6742863357067108,1.3532858230173588
