,id,player_name,team_title,position,games,time,goals,xG,assists,xA,shots,key_passes,yellow_cards,red_cards,npg,npxG,xGChain,xGBuildup
1563,7289,Amin Younes,Napoli,M S,9,154,1,0.8402891270816326,0,0.7548944670706987,7,5,1,0,1,0.8402891270816326,2.22661754488945,1.3310639634728432
1564,7289,Amin Younes,Napoli,F M S,12,503,3,2.232430536299944,2,0.9539961097761988,13,9,1,0,3,2.232430536299944,4.912030585110188,3.084745340049267
1565,7289,Amin Younes,Eintracht Frankfurt,M S,26,1410,3,3.291488216258585,3,1.843130998313427,33,23,5,0,3,3.291488216258585,7.310954418033361,3.317554697394371
