,id,player_name,team_title,position,games,time,goals,xG,assists,xA,shots,key_passes,yellow_cards,red_cards,npg,npxG,xGChain,xGBuildup
1588,7924,Amir Rrahmani,Verona,D,36,3229,0,3.460364470258355,1,1.0547801442444324,43,15,5,0,0,3.460364470258355,6.377144724130631,5.364898521453142
1589,7924,Amir Rrahmani,Napoli,D,14,1218,2,1.2811831682920456,0,0.0572769539430737,5,2,3,0,2,1.2811831682920456,4.092913640663028,4.035636683925986
1590,7924,Amir Rrahmani,Napoli,D S,16,1086,1,0.536498423665762,0,0.0,5,0,2,0,1,0.536498423665762,2.72262691706419,2.72262691706419
