,id,player_name,team_title,position,games,time,goals,xG,assists,xA,shots,key_passes,yellow_cards,red_cards,npg,npxG,xGChain,xGBuildup
1594,6577,Amur Kalmykov,FC Tambov,F S,3,58,0,0.076450191438198,0,0.0,1,0,0,0,0,0.076450191438198,0.076450191438198,0.0
1595,6577,Amur Kalmykov,Anzhi Makhachkala,S,6,83,0,0.0138965481892228,0,0.0867148786783218,1,1,1,0,0,0.0138965481892228,0.1692182049155235,0.0686067789793014
