,id,player_name,team_title,position,games,time,goals,xG,assists,xA,shots,key_passes,yellow_cards,red_cards,npg,npxG,xGChain,xGBuildup
1596,2586,Anaitz Arbilla,Eibar,D S,24,2006,1,0.6318523827940226,0,0.2663840670138597,14,6,5,0,1,0.6318523827940226,2.792722688987851,2.5825089924037457
1597,2586,Anaitz Arbilla,Espanyol,D M S,28,2227,1,0.9752018339931964,1,0.8345179464668036,24,14,9,1,1,0.9752018339931964,3.593223873525858,3.0901204142719507
1598,2586,Anaitz Arbilla,Eibar,D S,22,1574,0,0.2400030018761754,2,1.3631958961486816,9,10,5,0,0,0.2400030018761754,4.157971625216305,2.9661719668656588
1599,2586,Anaitz Arbilla,Espanyol,D,7,630,0,0.1674476191401481,0,0.3995224274694919,7,6,3,0,0,0.1674476191401481,2.1325531862676144,1.9159725233912468
1600,2586,Anaitz Arbilla,Eibar,D S,29,2406,2,0.7970753479748964,1,0.3862067596055567,18,9,8,0,2,0.7970753479748964,3.265871744602918,3.0561745073646307
1601,2586,Anaitz Arbilla,Eibar,D S,34,2800,0,1.3667700444348156,1,0.8923675063997507,27,10,8,0,0,1.3667700444348156,5.061367988586426,4.5826764814555645
1602,2586,Anaitz Arbilla,Eibar,D S,25,1956,1,0.94981474801898,2,1.0801239013671875,18,4,4,1,1,0.94981474801898,3.411578599363565,3.3842224664986134
