,id,player_name,team_title,position,games,time,goals,xG,assists,xA,shots,key_passes,yellow_cards,red_cards,npg,npxG,xGChain,xGBuildup
1620,2125,Ander Capa,Athletic Club,D M S,25,1627,0,0.494917007163167,0,0.9213092364370824,9,12,9,0,0,0.494917007163167,5.225896561518312,4.415685856714845
1621,2125,Ander Capa,Athletic Club,D S,28,2145,2,1.1231351252645254,1,1.305516954511404,12,16,5,0,2,1.1231351252645254,5.133365927264094,3.613669795915485
1622,2125,Ander Capa,Athletic Club,D S,35,2873,3,1.3182500284165144,4,3.3281106539070606,16,23,10,0,3,1.3182500284165144,7.695475896354765,4.377110711764544
1623,2125,Ander Capa,Eibar,F M S,34,2422,3,2.857848001644016,1,2.24128757417202,33,20,6,0,3,2.857848001644016,6.479875659570098,1.7028435580432415
1624,2125,Ander Capa,Eibar,D M S,33,2244,0,0.2027461882680654,1,1.6206930112093687,6,14,4,0,0,0.2027461882680654,4.949035827070475,3.9201225712895393
1625,2125,Ander Capa,Eibar,D S,31,2550,0,0.2852486344054341,3,2.8794058319181204,9,30,8,1,0,0.2852486344054341,5.559669345617294,3.684535775333643
1626,2125,Ander Capa,Eibar,D S,36,3119,2,0.6340597476810217,5,3.200170114636421,16,22,12,0,2,0.6340597476810217,9.92966654896736,7.629362056031823
