,id,player_name,team_title,position,games,time,goals,xG,assists,xA,shots,key_passes,yellow_cards,red_cards,npg,npxG,xGChain,xGBuildup
1650,9099,Andi Zeqiri,Brighton,S,9,138,0,1.0259475894272327,0,0.112493097782135,7,1,0,0,0,1.0259475894272327,0.8297773823142052,0.485275536775589
1651,9099,Andi Zeqiri,Augsburg,F S,11,705,2,2.555886837653816,1,0.3538563512265682,18,7,1,0,2,2.555886837653816,3.1389127522706985,0.3267766060307622
