,id,player_name,team_title,position,games,time,goals,xG,assists,xA,shots,key_passes,yellow_cards,red_cards,npg,npxG,xGChain,xGBuildup
1652,6325,Andoni Gorosabel,Real Sociedad,D M S,14,1039,0,0.0,1,0.7711369879543781,0,10,3,0,0,0.0,1.8765894379466768,1.4265575632452965
1653,6325,Andoni Gorosabel,Real Sociedad,D S,32,2394,0,0.6716103050857782,1,3.065520863980055,9,23,3,0,0,0.6716103050857782,11.048847779631616,8.771892543882132
1654,6325,Andoni Gorosabel,Real Sociedad,D S,7,456,0,0.073898795992136,0,0.4606997221708298,2,4,0,0,0,0.073898795992136,0.772192969918251,0.6635264605283737
1655,6325,Andoni Gorosabel,Real Sociedad,D S,2,77,0,0.0,0,0.0,0,0,0,0,0,0.0,0.0973747000098228,0.0973747000098228
1656,6325,Andoni Gorosabel,Real Sociedad,D S,14,708,0,0.0205575637519359,0,0.5055420491844416,1,5,2,0,0,0.0205575637519359,2.4849873520433903,2.3938214108347893
