,id,player_name,team_title,position,games,time,goals,xG,assists,xA,shots,key_passes,yellow_cards,red_cards,npg,npxG,xGChain,xGBuildup
1718,3936,Andrea Cossu,Cagliari,F M S,22,1601,2,3.7486484702676535,2,3.23213698156178,33,39,4,1,1,2.226050851866603,6.656362276524305,2.9779049307107925
1719,3936,Andrea Cossu,Cagliari,M S,11,223,0,0.0842412207275629,1,0.2199025750160217,2,4,0,0,0,0.0842412207275629,0.1139703653752803,0.0095878448337316
