,id,player_name,team_title,position,games,time,goals,xG,assists,xA,shots,key_passes,yellow_cards,red_cards,npg,npxG,xGChain,xGBuildup
2003,6164,Andrés Guardado,Real Betis,D M S,31,2343,0,1.5669809244573116,4,4.288899023085833,26,31,8,0,0,1.5669809244573116,12.83984698355198,9.075898356735706
2004,6164,Andrés Guardado,Real Betis,M S,28,2071,0,0.8877991382032633,3,2.233849404379725,12,26,8,0,0,0.8877991382032633,8.84838848002255,6.300596863031387
2005,6164,Andrés Guardado,Real Betis,M S,15,807,0,0.49251220934093,0,0.2098032515496015,8,4,1,0,0,0.49251220934093,3.325703576207161,2.994035243988037
2006,6164,Andrés Guardado,Real Betis,M S,29,2271,2,2.5166934337466955,8,5.365697298198938,33,45,7,0,1,1.7734158094972372,12.11792460642755,7.903677714988589
2007,6164,Andrés Guardado,Real Betis,M S,24,1333,1,0.3488071355968714,0,0.2929648794233799,11,8,4,0,1,0.3488071355968714,4.730534998700023,4.386934299021959
