,id,player_name,team_title,position,games,time,goals,xG,assists,xA,shots,key_passes,yellow_cards,red_cards,npg,npxG,xGChain,xGBuildup
1845,6138,Andrei Panyukov,Ural,F S,6,296,1,0.4841710440814495,0,0.0596055388450622,4,2,0,0,1,0.4841710440814495,0.5041892342269421,0.0
1846,6138,Andrei Panyukov,Ural,F S,16,723,1,2.5609162859618664,0,0.1271697469055652,14,4,1,0,1,1.8066409640014167,2.176720842719078,0.2982170581817627
1847,6138,Andrei Panyukov,Ural,F M S,21,1226,6,8.048959605395794,0,0.6964176255278289,27,8,2,0,6,8.048959605395794,9.587754242122172,1.0385997872799635
1848,6138,Andrei Panyukov,Zenit St. Petersburg,S,2,39,0,0.0,0,0.0,0,0,0,0,0,0.0,0.0169617161154747,0.0169617161154747
1849,6138,Andrei Panyukov,Ural,F M S,24,1208,4,3.0933521520346403,0,0.671633480116725,21,8,1,0,3,2.339076830074191,3.729702727869153,0.7189923878759146
