,id,player_name,team_title,position,games,time,goals,xG,assists,xA,shots,key_passes,yellow_cards,red_cards,npg,npxG,xGChain,xGBuildup
1770,3417,Andrea Raggi,Monaco,D,6,495,0,0.1017011851072311,0,0.2824472710490227,1,3,1,1,0,0.1017011851072311,1.0235183537006378,0.7410710863769054
1771,3417,Andrea Raggi,Monaco,D S,14,975,0,0.3707510009407997,0,0.2714632358402014,4,3,0,0,0,0.3707510009407997,2.3384009804576635,1.9698142828419805
1772,3417,Andrea Raggi,Monaco,D,27,2378,0,0.6171831414103508,1,0.6105247884988785,8,5,8,0,0,0.6171831414103508,2.3204454202204943,2.2144977394491434
1773,3417,Andrea Raggi,Monaco,D S,20,1609,1,0.7252042703330517,0,0.1520321629941463,5,2,3,0,1,0.7252042703330517,4.31623619236052,3.753942357376218
1774,3417,Andrea Raggi,Monaco,D S,31,2605,2,1.4193812180310488,1,1.4442730266600847,7,6,5,0,2,1.4193812180310488,6.807792149484158,4.448815688490868
