,id,player_name,team_title,position,games,time,goals,xG,assists,xA,shots,key_passes,yellow_cards,red_cards,npg,npxG,xGChain,xGBuildup
1672,1372,Andrea Barberis,Crotone,M S,26,2065,0,0.5444290386512876,3,1.7919306438416245,17,18,3,0,0,0.5444290386512876,1.3191883899271488,1.107982812449336
1673,1372,Andrea Barberis,Crotone,M S,38,3032,2,1.44505335111171,1,2.4865957647562027,25,35,1,0,2,1.44505335111171,4.937016086652875,3.17579903639853
