,id,player_name,team_title,position,games,time,goals,xG,assists,xA,shots,key_passes,yellow_cards,red_cards,npg,npxG,xGChain,xGBuildup
1661,1660,Andre Gray,Watford,F S,31,1486,5,7.001011338084936,2,2.318395335227251,34,17,1,0,5,7.001011338084936,10.135452036745846,1.7271905662491918
1662,1660,Andre Gray,Burnley,F S,32,2279,9,7.5646293964236975,3,1.4715806897729635,47,19,2,0,7,6.0422917399555445,7.819863164797425,2.105895319953561
1663,1660,Andre Gray,Watford,F S,23,725,2,2.589537687599659,0,1.8659746497869487,19,10,1,0,2,2.589537687599659,4.648880278691649,0.2978367395699024
1664,1660,Andre Gray,Watford,F S,29,1343,7,5.848624136298895,2,2.099873559549451,35,14,2,0,7,5.848624136298895,7.4810860846191645,0.7475268170237541
