,id,player_name,team_title,position,games,time,goals,xG,assists,xA,shots,key_passes,yellow_cards,red_cards,npg,npxG,xGChain,xGBuildup
1735,7972,Andrea La Mantia,Lecce,F M S,12,541,2,3.5059304013848305,0,0.6706060133874416,21,7,1,0,2,3.5059304013848305,4.6657839603722095,0.6235363753512502
1736,7972,Andrea La Mantia,Empoli,S,6,64,1,0.4164219377562403,1,0.6313844043761492,6,3,0,0,1,0.4164219377562403,0.4097884763032198,0.1432771831750869
