,id,player_name,team_title,position,games,time,goals,xG,assists,xA,shots,key_passes,yellow_cards,red_cards,npg,npxG,xGChain,xGBuildup
1810,2919,Andreas Granqvist,FC Krasnodar,D,29,2610,0,0.4013310484588146,1,0.1796381510794162,7,4,1,0,0,0.4013310484588146,6.365373108536005,6.152886033058167
1811,2919,Andreas Granqvist,FC Krasnodar,D,29,2610,1,2.128049563616514,2,1.4506304413080215,9,12,7,0,0,0.6194989196956158,9.639853606000544,9.250319671817124
1812,2919,Andreas Granqvist,FC Krasnodar,D,29,2532,1,0.9914086740463972,0,0.1308468282222747,8,2,3,0,1,0.9914086740463972,6.019464395008981,5.819128966890276
1813,2919,Andreas Granqvist,FC Krasnodar,D,27,2430,0,1.4686940480023625,0,0.4009642656892538,7,4,5,0,0,0.714418726041913,4.4557029362767935,4.185083640739322
