,id,player_name,team_title,position,games,time,goals,xG,assists,xA,shots,key_passes,yellow_cards,red_cards,npg,npxG,xGChain,xGBuildup
1989,6170,André Silva,AC Milan,F,1,62,0,0.1610612571239471,0,0.0,2,0,1,0,0,0.1610612571239471,0.1269405037164688,0.0371576063334941
1990,6170,André Silva,Eintracht Frankfurt,F S,25,1575,12,11.537905549630525,3,4.5552298333495855,54,32,1,0,11,10.780128872022033,14.233419068157673,1.5503288619220257
1991,6170,André Silva,Eintracht Frankfurt,F,32,2787,28,25.59914787858725,5,5.467086249962449,114,31,1,0,21,20.2947915866971,26.746570186689496,4.096429200842977
1992,6170,André Silva,Sevilla,F M S,27,2170,9,11.227702824398875,0,4.498761082068086,63,29,4,0,9,11.227702824398875,18.64459888264537,5.439551524817944
1993,6170,André Silva,AC Milan,F S,24,903,2,3.836117677390576,0,0.7231534235179424,34,15,0,0,2,3.836117677390576,4.775999218225479,2.029181038029492
1994,6170,André Silva,RasenBallsport Leipzig,F S,15,892,4,4.522593259811401,2,2.10721168667078,21,8,1,0,3,3.764816552400589,5.067949978634715,1.4131292421370745
