,id,player_name,team_title,position,games,time,goals,xG,assists,xA,shots,key_passes,yellow_cards,red_cards,npg,npxG,xGChain,xGBuildup
1948,775,Andros Townsend,Crystal Palace,F M S,38,3030,6,4.878757080994546,4,3.6999022867530575,63,61,1,0,6,4.878757080994546,11.94432188011706,4.850387753918767
1949,775,Andros Townsend,Tottenham,M S,17,767,2,1.7839630860835314,2,0.951786994934082,16,13,2,0,1,1.0227942485362291,2.9315969981253147,1.841178448870778
1950,775,Andros Townsend,Everton,F M S,16,1275,3,2.146623596549034,2,2.748285062611103,18,30,3,0,2,1.3854547664523125,5.22294907271862,2.704090593382716
1951,775,Andros Townsend,Crystal Palace,M S,24,1272,1,0.3956621456891298,1,1.7137907668948174,12,13,0,0,1,0.3956621456891298,2.362527159973979,1.2008678801357746
1952,775,Andros Townsend,Crystal Palace,F M S,34,2255,1,2.4719981215894222,5,4.146493591368198,36,40,0,0,1,2.4719981215894222,7.262479238212109,3.630241647362709
1953,775,Andros Townsend,Crystal Palace,F M S,36,2542,3,3.331524202600121,4,5.834494690410793,56,51,4,0,3,3.331524202600121,9.206505409441888,2.9004563661292195
1954,775,Andros Townsend,"Newcastle United,Tottenham",M S,16,1149,4,1.4662206955254078,2,2.820960270240903,29,28,0,0,4,1.4662206955254078,5.224834270775318,2.2661437056958675
1955,775,Andros Townsend,Crystal Palace,F M S,36,3141,2,3.110421339049936,7,8.643188808113337,62,66,3,0,2,3.110421339049936,14.72000127658248,5.97038359194994
