,id,player_name,team_title,position,games,time,goals,xG,assists,xA,shots,key_passes,yellow_cards,red_cards,npg,npxG,xGChain,xGBuildup
1784,1274,Andrea Rispoli,Lecce,D S,28,1894,0,0.788862097542733,0,1.3475359086878598,13,17,6,0,0,0.788862097542733,5.775730060879141,4.738105804659426
1785,1274,Andrea Rispoli,Palermo,D M S,22,1422,0,0.4690101696178317,4,2.113931463100016,12,19,3,0,0,0.4690101696178317,4.1167613342404366,2.082802314311266
1786,1274,Andrea Rispoli,Crotone,D M S,19,631,0,0.4018618152476847,0,0.5106200752779841,4,11,4,0,0,0.4018618152476847,1.956892942078412,1.2459585117176175
1787,1274,Andrea Rispoli,Palermo,D M S,32,2686,6,2.4996955823153257,3,3.555116038769484,25,38,5,0,6,2.4996955823153257,6.142172141931951,2.008285697549581
1788,1274,Andrea Rispoli,"Palermo,Parma",D M S,29,1686,0,1.2210954893380404,2,3.131597246043384,24,22,5,0,0,1.2210954893380404,6.069259379059076,4.149587600491941
