,id,player_name,team_title,position,games,time,goals,xG,assists,xA,shots,key_passes,yellow_cards,red_cards,npg,npxG,xGChain,xGBuildup
1704,1460,Andrea Consigli,Sassuolo,GK,37,3325,0,0.0,0,0.0136811528354883,0,1,2,0,0,0.0,2.7211624179035425,2.707481265068054
1705,1460,Andrea Consigli,Sassuolo,GK,37,3330,0,0.0,0,0.1627036184072494,0,1,1,0,0,0.0,2.1111348518170416,2.1111348518170416
1706,1460,Andrea Consigli,Sassuolo,GK,35,3126,0,0.0,0,0.0,0,0,2,1,0,0.0,2.3043734608218074,2.3043734608218074
1707,1460,Andrea Consigli,Sassuolo,GK,17,1530,0,0.0,0,0.0,0,0,2,0,0,0.0,2.773399262689054,2.773399262689054
1708,1460,Andrea Consigli,Sassuolo,GK,37,3330,0,0.0,0,0.0,0,0,1,0,0,0.0,4.477104508318007,4.477104508318007
1709,1460,Andrea Consigli,Sassuolo,GK,36,3216,0,0.0,0,0.0,0,0,2,1,0,0.0,3.396876066923141,3.396876066923141
1710,1460,Andrea Consigli,Sassuolo,GK,31,2790,0,0.0,0,0.5620244815945625,0,4,1,0,0,0.0,2.741133783012629,2.179109307006001
1711,1460,Andrea Consigli,Sassuolo,GK,37,3268,0,0.0,0,0.0,0,0,3,1,0,0.0,2.7969991946592927,2.7969991946592927
