,id,player_name,team_title,position,games,time,goals,xG,assists,xA,shots,key_passes,yellow_cards,red_cards,npg,npxG,xGChain,xGBuildup
2040,784,Andy King,Leicester,M S,24,1366,2,2.062912994995713,0,0.1290820445865392,14,5,1,0,2,2.062912994995713,4.1143228728324175,2.848556965589524
2041,784,Andy King,Leicester,M S,25,1030,2,2.7156317867338657,1,1.057841737754643,19,9,2,0,2,2.7156317867338657,5.486797222867608,2.4575443267822266
2042,784,Andy King,Leicester,M S,23,1439,1,0.6111543588340282,0,0.2418250208720564,14,6,4,0,1,0.6111543588340282,3.630847178399563,3.1202419474720955
2043,784,Andy King,"Leicester,Swansea",M S,22,1264,3,1.5606138529255986,0,0.2566478177905082,14,6,2,0,3,1.5606138529255986,2.132934858091176,1.552365998737514
