,id,player_name,team_title,position,games,time,goals,xG,assists,xA,shots,key_passes,yellow_cards,red_cards,npg,npxG,xGChain,xGBuildup
2060,6019,Angelo Fulgini,Angers,F M S,20,1594,1,2.63004058226943,1,2.181462110951543,35,26,1,1,1,2.63004058226943,5.660445202142,2.375617614015937
2061,6019,Angelo Fulgini,Angers,F M,33,2756,7,5.079511729069054,3,4.770345347002149,63,58,4,0,6,4.319416564889252,12.616539115086198,6.699068145826459
2062,6019,Angelo Fulgini,Angers,F M S,31,1634,4,2.7824087906628847,1,3.3527239644899964,28,41,1,0,4,2.7824087906628847,8.713857464492321,4.873421693220735
2063,6019,Angelo Fulgini,Angers,M S,29,1524,3,2.8345555625855923,5,3.640208084136248,37,34,4,0,3,2.8345555625855923,6.7918061865493655,2.5894255386665463
2064,6019,Angelo Fulgini,Angers,F M,17,1415,3,4.123277500271797,2,1.2709040511399508,32,13,3,0,3,4.123277500271797,7.0979370549321175,3.444682754576206
