,id,player_name,team_title,position,games,time,goals,xG,assists,xA,shots,key_passes,yellow_cards,red_cards,npg,npxG,xGChain,xGBuildup
2056,1040,Angelino,RasenBallsport Leipzig,D M S,13,1092,1,0.8476111367344856,2,2.4697962533682585,5,20,2,0,1,0.8476111367344856,6.440510377287865,4.980664670467377
2057,1040,Angelino,RasenBallsport Leipzig,D F M S,26,2170,4,4.549378711730242,4,5.810127200558782,35,53,2,0,4,4.549378711730242,13.650294609367847,7.405542612075806
2058,1040,Angelino,RasenBallsport Leipzig,D M S,12,944,0,0.3953214660286903,3,3.070413885638118,5,24,3,0,0,0.3953214660286903,3.796918001025915,2.185971265658736
2059,1040,Angelino,Manchester City,D S,6,417,0,0.2092329338192939,0,1.9232049360871315,5,9,1,0,0,0.2092329338192939,2.7633532881736755,2.369252860546112
