,id,player_name,team_title,position,games,time,goals,xG,assists,xA,shots,key_passes,yellow_cards,red_cards,npg,npxG,xGChain,xGBuildup
2052,707,Angel Rangel,Swansea,D S,18,811,1,0.2413320643827319,0,0.694810095243156,5,7,1,0,1,0.2413320643827319,2.6399359051138163,2.4480389300733805
2053,707,Angel Rangel,Swansea,D S,27,2036,0,0.1650554332882166,0,1.4722551312297585,7,13,1,1,0,0.1650554332882166,6.861091019585729,6.046141793951392
2054,707,Angel Rangel,Swansea,D S,23,1824,0,0.8503285441547632,0,0.6480677407234907,14,12,6,0,0,0.8503285441547632,4.898534407839179,4.435111096128821
2055,707,Angel Rangel,Swansea,D S,4,154,0,0.0,0,0.120476484298706,0,1,0,0,0,0.0,0.4973080884665251,0.4973080884665251
