,id,player_name,team_title,position,games,time,goals,xG,assists,xA,shots,key_passes,yellow_cards,red_cards,npg,npxG,xGChain,xGBuildup
2093,1235,Ante Budimir,Crotone,F S,22,1585,6,5.669537592679262,0,1.3251925464719534,30,19,8,0,6,5.669537592679262,4.7915634997189045,0.2465763036161661
2094,1235,Ante Budimir,Osasuna,F S,30,1628,11,9.928603152744472,0,0.7743709105998278,46,9,3,0,11,9.928603152744472,9.380050174891949,0.9583337623625994
2095,1235,Ante Budimir,Mallorca,F S,35,2807,13,10.8874979801476,2,1.085213542915881,56,13,12,0,11,9.400942716747522,12.438686706125736,3.160123568959534
2096,1235,Ante Budimir,Osasuna,F S,8,301,1,1.0668872594833374,0,0.0283304974436759,2,1,1,0,0,0.3236096203327179,0.4444575933739543,0.0925174681469798
2097,1235,Ante Budimir,Sampdoria,F S,11,295,0,1.013173125684261,0,0.155718533322215,10,3,0,0,0,1.013173125684261,1.1735571920871737,0.1220630179159343
