,id,player_name,team_title,position,games,time,goals,xG,assists,xA,shots,key_passes,yellow_cards,red_cards,npg,npxG,xGChain,xGBuildup
2125,4497,Anthony Knockaert,Brighton,M S,33,2433,3,4.248458165675402,1,3.0755985975265503,46,32,4,1,3,4.248458165675402,8.72051422484219,3.194911029189825
2126,4497,Anthony Knockaert,Brighton,F M S,30,1823,2,2.11016377620399,6,4.2065854873508215,27,35,4,1,2,2.11016377620399,5.284969922155142,2.769671317189932
2127,4497,Anthony Knockaert,Leicester,M S,9,324,0,0.8844651840627193,0,0.1669000908732414,8,2,0,0,0,0.8844651840627193,1.1091596148908138,0.2769536934792995
