,id,player_name,team_title,position,games,time,goals,xG,assists,xA,shots,key_passes,yellow_cards,red_cards,npg,npxG,xGChain,xGBuildup
2110,6861,Anthony Briancon,Nimes,D,33,2926,2,3.4153632828965783,2,0.3273449707776308,21,8,9,1,2,3.4153632828965783,3.2479409631341696,3.044363059103489
2111,6861,Anthony Briancon,Nimes,D S,22,1736,1,1.6770627852529287,0,0.5971049070358276,18,3,0,2,1,1.6770627852529287,2.308258752338588,1.859357531182468
2112,6861,Anthony Briancon,Nimes,D S,16,1220,0,0.3932278761640191,0,0.1443706294521689,5,4,4,0,0,0.3932278761640191,3.581416428089142,3.416939429938793
