,id,player_name,team_title,position,games,time,goals,xG,assists,xA,shots,key_passes,yellow_cards,red_cards,npg,npxG,xGChain,xGBuildup
2314,1338,Antonio Floro Flores,Sassuolo,F S,29,1084,2,3.3814814630895853,1,1.8411611188203096,48,15,4,0,2,3.3814814630895853,5.902453074231744,2.036732068285346
2315,1338,Antonio Floro Flores,Chievo,F S,12,551,0,0.935951720457524,1,0.9884023778140544,22,6,0,0,0,0.935951720457524,2.861576246097684,1.0851501189172268
2316,1338,Antonio Floro Flores,"Chievo,Sassuolo",F S,28,1291,4,4.74193497095257,2,1.2810582891106606,60,18,2,0,4,4.74193497095257,7.154204471968114,2.7586155626922846
