,id,player_name,team_title,position,games,time,goals,xG,assists,xA,shots,key_passes,yellow_cards,red_cards,npg,npxG,xGChain,xGBuildup
2322,2436,Antonio Luna,Eibar,D M S,15,999,0,0.1000104323029518,1,0.6098652780056,2,5,2,0,0,0.1000104323029518,1.7780301570892334,1.1787847094237804
2323,2436,Antonio Luna,Levante,D S,23,2023,0,0.2171724382787943,2,1.785701765678823,5,13,5,0,0,0.2171724382787943,5.807159343734384,4.292368544265628
2324,2436,Antonio Luna,Levante,D M S,16,1262,0,0.1271130256354808,2,1.982270523905754,3,10,4,0,0,0.1271130256354808,3.776632579043508,2.2284482419490814
2325,2436,Antonio Luna,Eibar,D S,26,2117,1,0.6839471217244864,5,2.3785610580816865,3,24,3,0,1,0.6839471217244864,5.240771254524589,3.35325475037098
