,id,player_name,team_title,position,games,time,goals,xG,assists,xA,shots,key_passes,yellow_cards,red_cards,npg,npxG,xGChain,xGBuildup
2296,9280,Antonio Blanco,Real Madrid,M S,4,216,0,0.033094591461122,0,0.1384531110525131,2,2,0,0,0,0.033094591461122,1.0512686520814896,1.018174022436142
2297,9280,Antonio Blanco,Real Madrid,S,1,29,0,0.0,0,0.0,0,0,0,0,0,0.0,0.5246175527572632,0.5246175527572632
