,id,player_name,team_title,position,games,time,goals,xG,assists,xA,shots,key_passes,yellow_cards,red_cards,npg,npxG,xGChain,xGBuildup
2205,3190,Anton Kilin,FC Ufa,F S,6,185,0,0.317317932844162,0,0.0234034620225429,1,2,0,0,0,0.317317932844162,0.431270127184689,0.1065745577216148
2206,3190,Anton Kilin,FC Tambov,D F S,13,772,0,0.4082451369613409,0,0.2323805931955576,7,6,0,1,0,0.4082451369613409,1.024316817522049,0.4028184190392494
2207,3190,Anton Kilin,FC Tambov,D F M S,25,1796,2,1.038729670457542,2,1.1689765378832817,11,12,5,0,2,1.038729670457542,3.0605121618136764,1.7813258366659284
