,id,player_name,team_title,position,games,time,goals,xG,assists,xA,shots,key_passes,yellow_cards,red_cards,npg,npxG,xGChain,xGBuildup
2290,1181,Antonio Barreca,Monaco,D,7,597,0,0.1014732420444488,1,0.3238904140889644,5,5,0,0,0,0.1014732420444488,1.413470869883895,1.124239793047309
2291,1181,Antonio Barreca,Torino,D S,9,458,0,0.0182668287307024,0,0.0566535480320453,1,2,0,1,0,0.0182668287307024,0.3390448251739144,0.2823912808671593
2292,1181,Antonio Barreca,Torino,D S,28,2356,0,0.7364211967214942,2,1.1388358771800997,15,15,2,0,0,0.7364211967214942,6.910253878682852,5.489237065427005
2293,1181,Antonio Barreca,Fiorentina,D S,3,86,0,0.0728531405329704,0,0.0405722111463546,2,1,0,0,0,0.0728531405329704,0.1328553520143032,0.059657659381628
2294,1181,Antonio Barreca,Newcastle United,S,1,3,0,0.0,0,0.0,0,0,0,0,0,0.0,0.0,0.0
2295,1181,Antonio Barreca,Genoa,D M S,18,1105,0,0.15506093762815,1,0.7580766156315804,6,4,0,0,0,0.15506093762815,2.12799561675638,1.2719418155029416
