,id,player_name,team_title,position,games,time,goals,xG,assists,xA,shots,key_passes,yellow_cards,red_cards,npg,npxG,xGChain,xGBuildup
2353,1822,Antonio Rüdiger,Chelsea,D,19,1710,1,1.1399364518001676,0,0.3058073613792658,14,4,0,0,1,1.1399364518001676,9.137650460004808,9.044836282730104
2354,1822,Antonio Rüdiger,Chelsea,D S,20,1710,2,0.930454697459936,0,1.1775134578347206,12,5,3,0,2,0.930454697459936,6.220131253823638,6.190619096159935
2355,1822,Antonio Rüdiger,Chelsea,D S,27,2337,2,2.0695590935647488,1,0.5013574361801147,16,3,4,0,2,2.0695590935647488,9.169896407052876,9.077279394492509
2356,1822,Antonio Rüdiger,VfB Stuttgart,D S,19,1603,0,1.126311738975346,1,0.7620464563369751,17,1,2,0,0,1.126311738975346,2.520206464454532,2.3676343392580748
2357,1822,Antonio Rüdiger,Chelsea,D,15,1350,2,1.0547366086393597,0,0.646391348913312,21,10,2,0,2,1.0547366086393597,9.30186620913446,8.652560345828533
2358,1822,Antonio Rüdiger,Roma,D S,26,2207,0,0.7246926287189126,2,0.9243021961301564,10,12,7,1,0,0.7246926287189126,9.5288369320333,9.146169435232878
2359,1822,Antonio Rüdiger,Chelsea,D,33,2875,1,2.6610582722350955,0,0.9047856125980616,27,8,7,0,1,2.6610582722350955,8.752737902104855,7.82480095513165
2360,1822,Antonio Rüdiger,Roma,D M S,30,2633,2,1.92585342656821,0,0.8804481290280819,19,7,4,0,2,1.92585342656821,8.10542357712984,7.344369150698185
