,id,player_name,team_title,position,games,time,goals,xG,assists,xA,shots,key_passes,yellow_cards,red_cards,npg,npxG,xGChain,xGBuildup
2246,2763,Anton Terekhov,Krylya Sovetov Samara,M S,12,243,0,0.5387820452451706,0,0.1756014861166477,6,4,1,0,0,0.5387820452451706,1.773652158677578,1.3664344921708107
2247,2763,Anton Terekhov,Dinamo Moscow,M S,4,131,0,0.1761444425210356,0,0.0194144449196755,3,2,0,0,0,0.1761444425210356,0.2518951222300529,0.0766836032271385
2248,2763,Anton Terekhov,Dinamo Moscow,S,2,19,0,0.0,0,0.0312182065099477,0,1,0,0,0,0.0,0.0312182065099477,0.0
2249,2763,Anton Terekhov,Dinamo Moscow,M S,4,218,1,0.5241978913545609,0,0.1116244560107588,4,3,0,0,1,0.5241978913545609,0.6136046200990677,0.0830158963799476
2250,2763,Anton Terekhov,"Dinamo Moscow,FC Tambov",F M S,18,626,0,1.4719004705548286,0,0.1070960704237222,16,3,1,0,0,1.4719004705548286,2.278300518169999,0.9232103452086448
