,id,player_name,team_title,position,games,time,goals,xG,assists,xA,shots,key_passes,yellow_cards,red_cards,npg,npxG,xGChain,xGBuildup
2341,2048,Antonio Nocerino,"Parma,Torino",M S,25,1917,3,4.661524835042656,1,1.414945495314896,29,22,2,0,2,3.900225999765098,4.721211010590196,1.6115537090227008
2342,2048,Antonio Nocerino,AC Milan,M S,2,66,0,0.0,0,0.0832011401653289,0,1,0,0,0,0.0,0.1551129668951034,0.0719118285924196
