,id,player_name,team_title,position,games,time,goals,xG,assists,xA,shots,key_passes,yellow_cards,red_cards,npg,npxG,xGChain,xGBuildup
2282,1706,Antonio Barragán,Elche,D S,8,504,0,0.0,0,0.0,0,0,2,0,0,0.0,0.9498947020620108,0.9498947020620108
2283,1706,Antonio Barragán,Real Betis,D M S,14,937,0,0.0659012328833341,0,0.5435635093599558,2,8,4,0,0,0.0659012328833341,1.8793409056961536,1.521781638264656
2284,1706,Antonio Barragán,Valencia,D S,24,1666,0,0.0,0,0.3435968868434429,0,7,5,1,0,0.0,2.8290534000843763,2.721844730898738
2285,1706,Antonio Barragán,Middlesbrough,D,26,2195,0,0.084757131524384,0,0.7534759314730763,3,9,5,0,0,0.084757131524384,6.089806139469147,5.331351306289434
2286,1706,Antonio Barragán,Real Betis,D M S,29,2378,0,0.7094326987862587,6,3.1375108510255814,9,21,7,0,0,0.7094326987862587,9.69023022055626,6.863872924819589
2287,1706,Antonio Barragán,Real Betis,D S,12,639,0,0.132850207388401,1,0.4261136120185256,2,8,3,0,0,0.132850207388401,4.223145332187414,3.985922465100885
2288,1706,Antonio Barragán,Valencia,D M S,34,2846,1,0.5258546816185117,2,1.1268682964146135,5,12,8,0,1,0.5258546816185117,8.258421137928963,7.097229182720184
2289,1706,Antonio Barragán,Elche,D S,27,2237,0,1.202683693729341,3,0.7495171753689647,6,10,8,0,0,1.202683693729341,3.8622297309339046,3.640511658042669
