,id,player_name,team_title,position,games,time,goals,xG,assists,xA,shots,key_passes,yellow_cards,red_cards,npg,npxG,xGChain,xGBuildup
2317,2003,Antonio La Gumina,Sampdoria,F S,5,184,0,0.2290766835212707,0,0.0823670253157615,4,2,0,0,0,0.2290766835212707,0.2913549020886421,0.0148259755223989
2318,2003,Antonio La Gumina,Palermo,S,1,1,0,0.0,0,0.0,0,0,0,0,0,0.0,0.0,0.0
2319,2003,Antonio La Gumina,Empoli,F S,22,1094,2,4.164435520768166,2,0.5968814007937908,26,7,1,0,2,4.164435520768166,5.464234808459878,1.4722135122865438
2320,2003,Antonio La Gumina,Sampdoria,F S,9,337,0,0.6655284576117992,0,0.0382232330739498,10,1,0,0,0,0.6655284576117992,0.7223216071724892,0.1064590215682983
2321,2003,Antonio La Gumina,Palermo,S,3,57,0,0.2115595042705536,0,0.0,3,0,0,0,0,0.2115595042705536,0.1599006056785583,0.0
