,id,player_name,team_title,position,games,time,goals,xG,assists,xA,shots,key_passes,yellow_cards,red_cards,npg,npxG,xGChain,xGBuildup
2395,6918,Anuar Mohamed,Real Valladolid,M S,19,1081,1,2.9295862149447203,0,0.0731324665248394,10,2,6,0,1,2.9295862149447203,3.964903473854065,1.4208818040788174
2396,6918,Anuar Mohamed,Real Valladolid,M S,11,162,0,0.0230480544269084,0,0.0,1,0,1,0,0,0.0230480544269084,0.3337264265865087,0.3337264265865087
