,id,player_name,team_title,position,games,time,goals,xG,assists,xA,shots,key_passes,yellow_cards,red_cards,npg,npxG,xGChain,xGBuildup
2410,2489,Aras Özbiliz,Rayo Vallecano,M S,3,98,0,0.0446894131600856,1,0.0685901194810867,1,2,1,0,0,0.0446894131600856,0.2803713232278824,0.1670917868614196
2411,2489,Aras Özbiliz,Spartak Moscow,S,1,15,0,0.1797334104776382,0,0.0,1,0,0,0,0,0.1797334104776382,0.2594093084335327,0.2594093084335327
2412,2489,Aras Özbiliz,Spartak Moscow,M S,7,205,0,0.3866305314004421,1,0.6685756593942642,8,5,3,0,0,0.3866305314004421,0.989365303888917,0.2299147229641676
