,id,player_name,team_title,position,games,time,goals,xG,assists,xA,shots,key_passes,yellow_cards,red_cards,npg,npxG,xGChain,xGBuildup
2423,2930,Ari,FC Krasnodar,F S,9,199,2,1.2291720993816853,0,0.7894235178828239,8,4,2,0,1,0.4748982228338718,1.3220135755836964,0.28663912974298
2424,2930,Ari,FC Krasnodar,F M,18,1561,6,8.178767246194184,4,3.267970549874008,40,34,5,0,3,4.4073921190574765,8.796944856643677,3.605115976184607
2425,2930,Ari,FC Krasnodar,F S,26,1638,7,6.645249038934708,6,3.7492817007005215,36,35,5,0,7,6.645249038934708,11.831062766723337,2.34188742749393
2426,2930,Ari,FC Krasnodar,F S,21,1306,5,5.24166364222765,3,3.007111911661923,43,21,2,0,5,5.24166364222765,8.784194341860712,2.421070858836174
2427,2930,Ari,FC Krasnodar,F M S,16,1148,8,7.648419564589858,4,3.1458223406225443,61,27,3,1,8,6.894144242629409,12.69367191940546,3.545934123918414
2428,2930,Ari,Lokomotiv Moscow,F M S,8,564,1,1.7145959381014109,0,0.894394307397306,12,13,0,0,1,1.7145959381014109,2.696606278419494,0.7975475583225489
2429,2930,Ari,"FC Krasnodar,Lokomotiv Moscow",F,20,1623,10,6.319791791960597,4,2.718303100205958,50,34,4,0,10,6.319791791960597,9.01968028396368,1.8789713867008688
