,id,player_name,team_title,position,games,time,goals,xG,assists,xA,shots,key_passes,yellow_cards,red_cards,npg,npxG,xGChain,xGBuildup
2433,7856,Aridane Hernández,Osasuna,D,24,2026,0,0.0756668131798505,0,0.3567367633804679,2,5,3,1,0,0.0756668131798505,1.647475589066744,1.385649454779923
2434,7856,Aridane Hernández,Osasuna,D,29,2610,3,2.5230238530784845,0,0.1348437406122684,12,3,8,0,3,2.5230238530784845,3.816887095570564,3.816887095570564
2435,7856,Aridane Hernández,Osasuna,D,6,524,0,0.0994269419461488,0,0.0346566811203956,2,1,1,0,0,0.0994269419461488,1.0270419493317604,1.0270419493317604
