,id,player_name,team_title,position,games,time,goals,xG,assists,xA,shots,key_passes,yellow_cards,red_cards,npg,npxG,xGChain,xGBuildup
2440,2228,Aritz Elustondo,Real Sociedad,D S,19,1600,3,1.495660549029708,2,0.5091961175203323,11,7,1,0,3,1.495660549029708,4.920389961451292,4.666384160518646
2441,2228,Aritz Elustondo,Real Sociedad,D S,9,456,0,0.1022073933854699,0,0.0799280926585197,4,1,0,1,0,0.1022073933854699,0.7305977698415518,0.6506696753203869
2442,2228,Aritz Elustondo,Real Sociedad,D S,27,2256,1,1.10984920989722,0,0.6517645940184593,10,9,5,0,1,1.10984920989722,5.327981838956475,4.153731882106513
2443,2228,Aritz Elustondo,Real Sociedad,D S,15,1242,3,0.5793200917541981,1,0.2580984830856323,7,1,2,1,3,0.5793200917541981,2.257199350744486,2.176138997077942
2444,2228,Aritz Elustondo,Real Sociedad,D S,22,1500,0,0.8750380668789148,1,1.1897656563669443,9,4,5,0,0,0.8750380668789148,3.647851730696857,3.495883940719068
2445,2228,Aritz Elustondo,Real Sociedad,D,4,323,1,0.4297806844115257,0,0.0509297139942646,3,1,2,0,1,0.4297806844115257,0.3424509987235069,0.2714111693203449
2446,2228,Aritz Elustondo,Real Sociedad,D S,31,2603,1,1.616333338432014,0,0.7114874254912138,16,10,8,0,1,1.616333338432014,6.456632794812322,5.896217214874923
2447,2228,Aritz Elustondo,Real Sociedad,D S,23,1893,1,0.5777388289570808,0,0.2330050561577081,5,3,5,0,1,0.5777388289570808,7.659969594329596,7.570758165791631
