,id,player_name,team_title,position,games,time,goals,xG,assists,xA,shots,key_passes,yellow_cards,red_cards,npg,npxG,xGChain,xGBuildup
2463,1191,Arlind Ajeti,Torino,D S,4,248,1,0.7093598246574402,0,0.0,3,0,0,0,1,0.7093598246574402,0.6884430572390556,0.6884430572390556
2464,1191,Arlind Ajeti,Crotone,D M S,21,1267,0,0.9245285354554652,1,1.0234666243195534,8,4,7,0,0,0.9245285354554652,1.333398453891277,1.2274410109966991
2465,1191,Arlind Ajeti,Frosinone,D S,16,1216,1,0.3881746744737029,0,0.3860402628779411,9,4,5,1,1,0.3881746744737029,0.8543725162744522,0.8277164995670319
