,id,player_name,team_title,position,games,time,goals,xG,assists,xA,shots,key_passes,yellow_cards,red_cards,npg,npxG,xGChain,xGBuildup
2472,1096,Armando Izzo,Genoa,D S,20,1068,1,0.836430661380291,0,0.7812579050660133,2,4,2,1,1,0.836430661380291,2.292053461074829,2.1951857432723045
2473,1096,Armando Izzo,Genoa,D M S,33,2659,0,1.2210065564140675,1,0.6992329470813274,15,10,6,2,0,1.2210065564140675,5.952005870640278,5.518353059887886
2474,1096,Armando Izzo,Genoa,D M,29,2592,0,0.8003221238031983,2,0.7972306478768587,7,14,5,0,0,0.8003221238031983,6.812953292392194,6.193215221166611
2475,1096,Armando Izzo,Torino,D S,25,2025,2,0.8309772666543722,0,0.1721509955823421,14,3,3,0,2,0.8309772666543722,4.837525825947523,4.579219106584787
2476,1096,Armando Izzo,Torino,D,37,3279,4,2.5748093873262405,1,1.0447212802246213,25,11,6,0,4,2.5748093873262405,6.3101458409801126,5.635863590985537
2477,1096,Armando Izzo,Torino,D S,31,2690,1,0.6815004572272301,0,0.9178724810481071,12,16,5,2,1,0.6815004572272301,7.346828918904066,6.705764984712005
2478,1096,Armando Izzo,Genoa,D,16,1387,1,1.0279178693890572,0,0.1693202834576368,3,3,2,0,1,1.0279178693890572,2.325561508536339,2.297937154769897
2479,1096,Armando Izzo,Torino,D S,4,98,0,0.0227476339787244,0,0.0,1,0,0,0,0,0.0227476339787244,0.0,0.0
