,id,player_name,team_title,position,games,time,goals,xG,assists,xA,shots,key_passes,yellow_cards,red_cards,npg,npxG,xGChain,xGBuildup
2485,8056,Arnaud Kalimuendo Muinga,"Lens,Paris Saint Germain",F S,15,838,5,3.317627487704158,0,1.0153224198147657,20,10,1,1,4,2.5575323682278395,4.930066294968128,1.3977635512128472
2486,8056,Arnaud Kalimuendo Muinga,"Lens,Paris Saint Germain",F M S,29,1288,7,6.3732882756739855,3,2.459488730877638,34,16,0,0,7,6.3732882756739855,9.7185053601861,2.0639813635498285
