,id,player_name,team_title,position,games,time,goals,xG,assists,xA,shots,key_passes,yellow_cards,red_cards,npg,npxG,xGChain,xGBuildup
2495,5647,Arnaud Souquet,Montpellier,D M S,24,2011,2,0.5014231018722057,0,0.7992864092811942,14,12,6,0,2,0.5014231018722057,4.233455333858728,3.4422124959528446
2496,5647,Arnaud Souquet,Montpellier,D S,15,733,0,0.142739019356668,1,0.2026389259845018,5,5,0,0,0,0.142739019356668,1.5245930813252926,1.4010508675128222
2497,5647,Arnaud Souquet,Nice,D M,26,2340,1,1.1474246652796865,5,2.6544008664786816,17,13,3,0,1,1.1474246652796865,11.057415556162596,8.672210777178407
2498,5647,Arnaud Souquet,Montpellier,D M S,23,1231,1,0.1806124188005924,1,0.5736023336648941,6,9,5,0,1,0.1806124188005924,2.902808053418994,2.231226049363613
2499,5647,Arnaud Souquet,Nice,D S,29,2412,0,0.308320190757513,2,1.634566081687808,7,13,4,0,0,0.308320190757513,8.338446507230401,7.046949952840805
