,id,player_name,team_title,position,games,time,goals,xG,assists,xA,shots,key_passes,yellow_cards,red_cards,npg,npxG,xGChain,xGBuildup
2509,3496,Arnold Bouka Moutou,Dijon,S,3,60,0,0.0093390038236975,0,0.0,1,0,0,0,0,0.0093390038236975,0.0632711602374911,0.0539321564137935
2510,3496,Arnold Bouka Moutou,Angers,D F M S,23,1232,2,1.2999856257811189,0,0.7625208497047424,7,9,2,0,2,1.2999856257811189,2.743897089734673,0.7697389181703329
2511,3496,Arnold Bouka Moutou,Dijon,D S,6,336,0,0.0222997539676725,0,0.1779565941542387,2,4,1,0,0,0.0222997539676725,0.2845289260149002,0.2308392599225044
2512,3496,Arnold Bouka Moutou,Dijon,D S,10,752,0,0.0113142905756831,0,0.1325050601735711,1,5,2,1,0,0.0113142905756831,0.8369871396571398,0.7096353508532047
