,id,player_name,team_title,position,games,time,goals,xG,assists,xA,shots,key_passes,yellow_cards,red_cards,npg,npxG,xGChain,xGBuildup
2517,7136,Arn贸r Sigurdsson,CSKA Moscow,F M S,22,1436,4,3.8433227483183146,1,1.124442364089191,37,22,4,0,4,3.8433227483183146,6.631238274276257,2.080225933343172
2518,7136,Arn贸r Sigurdsson,CSKA Moscow,M S,23,877,2,1.7422692589461803,3,2.124881030991673,29,27,4,0,2,1.7422692589461803,5.17425718344748,2.0772249093279243
2519,7136,Arn贸r Sigurdsson,Venezia,S,4,116,0,0.0,0,0.0,0,0,0,0,0,0.0,0.0667621195316314,0.0667621195316314
2520,7136,Arn贸r Sigurdsson,CSKA Moscow,D F M S,21,1260,5,4.1971680149436,1,2.3041115887463093,31,22,3,0,5,4.1971680149436,10.9362970655784,5.585128492675722
