,id,player_name,team_title,position,games,time,goals,xG,assists,xA,shots,key_passes,yellow_cards,red_cards,npg,npxG,xGChain,xGBuildup
2527,601,Arouna Koné,Everton,S,6,62,0,0.1136250831186771,0,0.0222731530666351,3,1,0,0,0,0.1136250831186771,0.1541763581335544,0.0182781238108873
2528,601,Arouna Koné,Everton,F M S,25,1464,5,4.518552992492914,4,2.1345716193318367,36,14,1,0,5,4.518552992492914,9.301972540095448,3.845096291042864
2529,601,Arouna Koné,Everton,F S,12,611,1,1.128450907766819,1,0.7295572282746434,14,6,2,0,1,1.128450907766819,2.423885926604271,1.0684824958443642
