,id,player_name,team_title,position,games,time,goals,xG,assists,xA,shots,key_passes,yellow_cards,red_cards,npg,npxG,xGChain,xGBuildup
2533,2733,Arsen Khubulov,Anzhi Makhachkala,M S,10,629,5,4.072526151314378,2,1.4037731159478426,27,24,3,0,1,1.0554250124841928,2.222811967134476,0.9291725978255272
2534,2733,Arsen Khubulov,Kuban Krasnodar,M S,26,1549,2,1.2356337755918505,4,3.290577907115221,24,38,6,0,2,1.2356337755918505,5.527014160528779,3.2485235119238496
2535,2733,Arsen Khubulov,Kuban Krasnodar,M S,15,450,0,0.3648313945159316,1,1.162791259586811,12,14,4,0,0,0.3648313945159316,1.9148236438632007,0.8440869664773345
2536,2733,Arsen Khubulov,FC Yenisey Krasnoyarsk,M S,8,393,0,0.2821387089788914,0,0.6279977234080434,9,7,5,0,0,0.2821387089788914,1.0167109314352274,0.7267287690192461
2537,2733,Arsen Khubulov,Anzhi Makhachkala,F M S,26,1491,3,3.109654298052192,4,3.823960809037089,40,31,3,0,2,2.3553789760917425,5.55951726436615,2.560897634364665
