,id,player_name,team_title,position,games,time,goals,xG,assists,xA,shots,key_passes,yellow_cards,red_cards,npg,npxG,xGChain,xGBuildup
2623,2666,Artjoms Rudnevs,FC Cologne,F M S,18,671,3,3.20646262075752,3,2.7666434347629547,21,16,3,0,3,3.20646262075752,6.821685917675495,0.9489654339849948
2624,2666,Artjoms Rudnevs,Hamburger SV,F S,22,925,1,3.797690676525235,3,2.201950017362833,33,13,1,0,1,3.797690676525235,6.763169890269637,0.883412154391408
2625,2666,Artjoms Rudnevs,Hamburger SV,F S,11,602,2,1.855514500290156,1,0.591548640280962,15,4,1,0,2,1.855514500290156,3.9013649951666594,1.5748101584613323
