,id,player_name,team_title,position,games,time,goals,xG,assists,xA,shots,key_passes,yellow_cards,red_cards,npg,npxG,xGChain,xGBuildup
2655,3067,Artur Yusupov,Dinamo Moscow,M S,21,1511,1,2.619470368139446,3,1.788054645061493,21,22,5,1,1,2.619470368139446,6.125625600107014,3.256280519068241
2656,3067,Artur Yusupov,"Dinamo Moscow,FC Rostov",M S,25,1935,1,1.088380429893732,3,2.9477829597890377,24,60,7,0,1,1.088380429893732,7.8404092360287905,5.649425929412246
2657,3067,Artur Yusupov,Dinamo Moscow,M S,21,1431,1,1.8782258369028568,0,2.926094375550747,16,45,3,2,1,1.8782258369028568,8.27034536190331,5.124764613807201
2658,3067,Artur Yusupov,Zenit St. Petersburg,M S,23,1469,0,0.9607628136873244,1,0.5422187941148877,10,14,6,0,0,0.9607628136873244,7.288481748662889,6.056490971706808
2659,3067,Artur Yusupov,PFC Sochi,F M S,23,1946,6,2.278654381632805,2,2.2071936167776585,33,30,5,0,6,2.278654381632805,10.607449090108275,7.112854344770312
2660,3067,Artur Yusupov,Zenit St. Petersburg,M S,17,739,1,0.8690646253526211,0,0.4812004026025533,9,12,4,1,1,0.8690646253526211,3.5036835316568613,2.304252974689007
2661,3067,Artur Yusupov,FC Rostov,M S,16,1169,1,0.7183965388685465,1,0.7040663901716471,13,12,4,0,1,0.7183965388685465,2.695612066425383,1.779556223191321
2662,3067,Artur Yusupov,PFC Sochi,F M S,14,1106,3,3.0428794100880623,2,1.2682681395672262,27,14,1,0,3,3.0428794100880623,7.907461114227772,4.154707624576986
