,id,player_name,team_title,position,games,time,goals,xG,assists,xA,shots,key_passes,yellow_cards,red_cards,npg,npxG,xGChain,xGBuildup
2653,3107,Artur Tlisov,Kuban Krasnodar,M S,14,952,0,0.337297435849905,0,0.0837350450456142,11,5,2,1,0,0.337297435849905,1.91151820961386,1.5791172441095114
2654,3107,Artur Tlisov,Kuban Krasnodar,D M S,11,386,0,0.0506161246448755,0,0.0109247732907533,3,1,2,0,0,0.0506161246448755,0.6041503231972456,0.5535341976210475
