,id,player_name,team_title,position,games,time,goals,xG,assists,xA,shots,key_passes,yellow_cards,red_cards,npg,npxG,xGChain,xGBuildup
2643,5933,Artur Nigmatullin,Arsenal Tula,GK,1,90,0,0.0,0,0.0,0,0,0,0,0,0.0,0.0412376299500465,0.0412376299500465
2644,5933,Artur Nigmatullin,Arsenal Tula,GK S,16,1418,0,0.0,0,0.0869122669100761,0,1,2,0,0,0.0,1.433403678238392,1.3464914113283155
2645,5933,Artur Nigmatullin,Nizhny Novgorod,GK,15,1350,0,0.0,0,0.0260933935642242,0,1,2,0,0,0.0,0.4411409571766853,0.4150475636124611
2646,5933,Artur Nigmatullin,Arsenal Tula,GK,9,807,0,0.0,0,0.0,0,0,0,0,0,0.0,0.4238228015601635,0.4238228015601635
2647,5933,Artur Nigmatullin,Amkar,GK,29,2610,0,0.0,0,0.0,0,0,5,0,0,0.0,1.3355555972084403,1.3355555972084403
