,id,player_name,team_title,position,games,time,goals,xG,assists,xA,shots,key_passes,yellow_cards,red_cards,npg,npxG,xGChain,xGBuildup
2666,222,Arturo Vidal,Juventus,M S,28,2094,7,6.3325151624158025,4,3.844552844762802,53,37,7,0,5,4.048618701286614,12.663057623431088,7.854537315666676
2667,222,Arturo Vidal,Barcelona,M S,33,1935,3,3.739463953301311,7,5.37700461409986,24,22,7,0,3,3.739463953301311,16.929492242634296,9.690826129168272
2668,222,Arturo Vidal,Bayern Munich,M S,22,1460,6,4.200744348578155,2,2.665119277313352,48,27,6,0,6,4.200744348578155,12.721082728356125,8.422179942950606
2669,222,Arturo Vidal,Bayern Munich,M S,27,1825,4,2.687923964112997,2,2.87362620420754,39,25,8,0,4,2.687923964112997,17.248425154015422,14.04216337762773
2670,222,Arturo Vidal,Inter,M S,23,1136,1,2.757239814847708,1,0.8976628892123699,21,11,3,0,1,2.757239814847708,10.247396185994148,7.8885752484202385
2671,222,Arturo Vidal,Inter,S,10,225,1,1.1475350968539717,1,0.3143949508666992,9,1,2,0,1,1.1475350968539717,2.868584230542183,1.4738543517887592
2672,222,Arturo Vidal,Bayern Munich,M S,30,2045,4,3.826817885041237,5,4.571848353371024,52,48,3,0,4,3.826817885041237,21.641084372997284,15.68061664327979
2673,222,Arturo Vidal,Barcelona,F M S,33,1645,8,5.743407223373652,2,3.4481149278581142,25,23,4,0,8,5.743407223373652,15.894737672060728,8.083311188966036
