,id,player_name,team_title,position,games,time,goals,xG,assists,xA,shots,key_passes,yellow_cards,red_cards,npg,npxG,xGChain,xGBuildup
2694,669,Ashley Westwood,Burnley,M S,19,1099,0,0.7065231148153543,1,0.8122399933636189,8,8,2,0,0,0.7065231148153543,2.9934592582285404,1.5863974560052156
2695,669,Ashley Westwood,Burnley,M,13,1154,0,0.212076710537076,3,3.0851378068327904,6,18,5,0,0,0.212076710537076,3.622788190841675,2.752565207891166
2696,669,Ashley Westwood,Burnley,M,38,3412,3,1.0059903170913458,3,6.534150272607803,19,52,7,0,3,1.0059903170913458,10.02816173247993,6.304798097349703
2697,669,Ashley Westwood,Aston Villa,M S,27,2155,0,0.5476268092170358,1,2.5225367061793804,18,35,4,0,0,0.5476268092170358,5.277237263508141,4.16853201109916
2698,669,Ashley Westwood,Aston Villa,M S,32,2720,2,1.7461497839540243,2,3.1517578372731805,38,41,6,0,2,1.7461497839540243,6.387357586994767,4.117236537858844
2699,669,Ashley Westwood,Burnley,M S,9,549,0,0.0317746065557003,0,0.1513936519622802,2,5,3,0,0,0.0317746065557003,0.8257750049233437,0.7060889042913914
2700,669,Ashley Westwood,Burnley,M S,34,2817,2,1.708347588777542,7,5.231230455450714,22,42,5,0,2,1.708347588777542,8.081905081868172,3.608382051810622
2701,669,Ashley Westwood,Burnley,M,35,3150,2,1.1751625752076509,6,7.076901875436306,13,54,9,0,2,1.1751625752076509,9.225508246570826,6.144054684787989
