,id,player_name,team_title,position,games,time,goals,xG,assists,xA,shots,key_passes,yellow_cards,red_cards,npg,npxG,xGChain,xGBuildup
2684,4422,Ashley Barnes,Burnley,F M S,36,2143,9,6.560562789440155,0,1.5027274526655674,61,17,10,0,9,6.560562789440155,8.709057147614658,1.9067803481593728
2685,4422,Ashley Barnes,Burnley,F M S,35,2435,5,5.690879393368959,2,1.823077050037682,66,30,4,1,5,5.690879393368959,9.151077944785357,3.2729206513613462
2686,4422,Ashley Barnes,Burnley,F S,37,2379,12,13.257514169439672,2,3.640304792672396,65,22,8,0,10,11.735213300213218,14.351634686812758,2.0961158219724894
2687,4422,Ashley Barnes,Burnley,F S,28,1788,6,6.5921545177698135,2,2.387533933855593,44,21,6,1,4,5.069816809147596,6.558957694098353,0.5661479262635112
2688,4422,Ashley Barnes,Burnley,F S,8,371,0,0.6575422324240208,0,0.3867453038692474,8,6,2,0,0,0.6575422324240208,1.1727782972157,0.128490793518722
2689,4422,Ashley Barnes,Burnley,F S,19,1386,6,6.516927354037762,0,0.3088205009698868,40,5,4,0,5,5.755758501589298,5.060966618359089,1.5740792136639357
2690,4422,Ashley Barnes,Burnley,F M S,22,1342,3,3.874066237360239,0,0.8005475150421262,38,19,4,0,2,3.1128973700106144,4.19031529314816,1.1986291762441397
