,id,player_name,team_title,position,games,time,goals,xG,assists,xA,shots,key_passes,yellow_cards,red_cards,npg,npxG,xGChain,xGBuildup
2717,2232,Asier Illarramendi,Real Sociedad,M,6,347,0,0.0,0,0.0265072882175445,0,1,2,0,0,0.0,2.254486933350563,2.254486933350563
2718,2232,Asier Illarramendi,Real Sociedad,M,3,216,0,0.0148354126140475,0,0.0769748613238334,1,1,0,0,0,0.0148354126140475,0.6259353533387184,0.534125067293644
2719,2232,Asier Illarramendi,Real Sociedad,M S,34,3003,1,0.5833340464159846,2,1.8038854291662567,19,31,13,0,1,0.5833340464159846,9.753313245251777,8.793116391636431
2720,2232,Asier Illarramendi,Real Madrid,M S,30,1208,0,0.202470064163208,0,0.2761521637439728,6,7,3,0,0,0.202470064163208,7.515917204320431,7.171033646911383
2721,2232,Asier Illarramendi,Real Sociedad,M S,36,3165,7,3.2032608091831207,5,2.6289480896666646,35,34,9,1,7,3.2032608091831207,15.472739551216364,12.706580817699432
2722,2232,Asier Illarramendi,Real Sociedad,M S,33,2848,1,0.8995237844064832,1,2.400316352955997,22,29,15,0,1,0.8995237844064832,6.485359141603112,5.285286029800773
2723,2232,Asier Illarramendi,Real Sociedad,M S,23,1818,1,0.4960611164569855,1,1.4945171670988202,14,11,8,0,1,0.4960611164569855,5.213670586235821,4.506624756380916
