,id,player_name,team_title,position,games,time,goals,xG,assists,xA,shots,key_passes,yellow_cards,red_cards,npg,npxG,xGChain,xGBuildup
2775,6560,Aurelien Tchouameni,Monaco,M,36,3084,2,4.779862284660339,4,3.091155041009188,54,17,7,1,2,4.779862284660339,16.614119263365865,13.627364121377468
2776,6560,Aurelien Tchouameni,Monaco,M S,17,1371,1,1.3305086605250835,0,1.2406853772699833,31,4,3,0,1,1.3305086605250835,4.849023586139083,4.249727653339505
2777,6560,Aurelien Tchouameni,"Bordeaux,Monaco",M S,18,1160,0,0.702798331156373,1,0.6111752977594733,14,8,6,0,0,0.702798331156373,2.4001209065318108,1.923507204279304
2778,6560,Aurelien Tchouameni,Bordeaux,M S,10,713,0,0.254653800278902,0,0.0770046757534146,7,3,3,0,0,0.254653800278902,0.519541485235095,0.3074035327881574
