,id,player_name,team_title,position,games,time,goals,xG,assists,xA,shots,key_passes,yellow_cards,red_cards,npg,npxG,xGChain,xGBuildup
2795,3059,Axel Witsel,Borussia Dortmund,M S,15,1130,0,0.5135512463748455,0,0.366133950650692,12,4,4,0,0,0.5135512463748455,6.03260762616992,5.500471483916044
2796,3059,Axel Witsel,Zenit St. Petersburg,M S,28,2306,4,4.3947634678334,0,1.2017401065677404,31,19,5,0,4,4.3947634678334,13.05463459249586,8.919870634563267
2797,3059,Axel Witsel,Zenit St. Petersburg,M S,29,2473,3,5.550019014626741,1,1.9389322698116305,49,23,4,0,3,4.795743686147034,10.552526980638504,7.553121525794268
2798,3059,Axel Witsel,Borussia Dortmund,D M S,13,850,0,0.0729603692889213,0,0.0192483309656381,3,1,2,0,0,0.0729603692889213,3.194749118760228,3.1406915728002787
2799,3059,Axel Witsel,Borussia Dortmund,M S,28,2240,4,2.623824265785516,5,3.982813600450754,31,15,4,0,4,2.623824265785516,13.796579726040363,9.6489713890478
2800,3059,Axel Witsel,Borussia Dortmund,M S,33,2873,4,2.878090310841799,1,2.029336096718908,36,16,2,0,4,2.878090310841799,18.071825057268143,15.288682539016008
2801,3059,Axel Witsel,Zenit St. Petersburg,M S,16,1285,1,2.738724486902356,1,0.4764387719333172,32,8,5,0,1,2.738724486902356,5.351567065343261,3.2441467326134443
