,id,player_name,team_title,position,games,time,goals,xG,assists,xA,shots,key_passes,yellow_cards,red_cards,npg,npxG,xGChain,xGBuildup
2817,2498,Aymeric Laporte,Manchester City,D S,16,1335,0,0.8423399478197098,0,0.5778953805565834,6,5,1,0,0,0.8423399478197098,6.243810184299946,6.243810184299946
2818,2498,Aymeric Laporte,Athletic Club,D,33,2865,2,2.2051051650196314,0,0.6108247707597911,17,6,10,0,2,2.2051051650196314,4.010053941048682,3.7004150794819
2819,2498,Aymeric Laporte,Manchester City,D,12,1011,1,1.6631555408239365,0,0.1614154707640409,18,3,5,1,1,1.6631555408239365,9.181583128869534,9.0901232752949
2820,2498,Aymeric Laporte,Athletic Club,D,19,1710,0,0.6063707368448377,1,1.0377317368984222,8,8,5,0,0,0.6063707368448377,2.831268532201648,2.296296127140522
2821,2498,Aymeric Laporte,Athletic Club,D,33,2961,0,1.0562286376953125,1,0.3244045116007328,21,6,10,1,0,1.0562286376953125,3.6334904972463846,3.3194874208420515
2822,2498,Aymeric Laporte,Athletic Club,D S,26,2215,3,3.434576978906989,1,1.4444296639412642,19,6,7,2,3,3.434576978906989,4.420774090103805,4.262738728895783
2823,2498,Aymeric Laporte,Manchester City,D,9,808,0,0.0780206909403204,0,0.1391145251691341,3,2,1,0,0,0.0780206909403204,5.342653207480907,5.1255179569125175
2824,2498,Aymeric Laporte,Manchester City,D S,15,1112,1,0.7192277312278748,0,0.1790373101830482,4,3,1,0,1,0.7192277312278748,7.432042468339205,7.252388287335634
2825,2498,Aymeric Laporte,Manchester City,D S,35,3059,3,3.7521958290599287,3,0.8390772175043821,26,13,3,0,3,3.7521958290599287,22.07323551923037,21.058902746997774
