,id,player_name,team_title,position,games,time,goals,xG,assists,xA,shots,key_passes,yellow_cards,red_cards,npg,npxG,xGChain,xGBuildup
2838,4,Aytac Sulu,Darmstadt,D,33,2970,7,2.427426550537348,0,0.822011913638562,21,10,6,0,7,2.427426550537348,1.7472196761518717,1.613280238583684
2839,4,Aytac Sulu,Darmstadt,D,27,2430,2,3.0695218797773123,0,0.1828443147242069,25,3,7,0,2,3.0695218797773123,1.9105485528707504,1.8806096613407133
