,id,player_name,team_title,position,games,time,goals,xG,assists,xA,shots,key_passes,yellow_cards,red_cards,npg,npxG,xGChain,xGBuildup
2867,625,Bacary Sagna,Manchester City,D S,17,1341,0,0.0717017604038119,1,0.6896926257759333,4,8,2,0,0,0.0717017604038119,5.571025272831321,5.356050956994295
2868,625,Bacary Sagna,Manchester City,D S,28,2449,0,0.1598246889188885,3,2.814246323890984,5,27,4,0,0,0.1598246889188885,9.474526397883892,8.551228307187557
2869,625,Bacary Sagna,Benevento,D S,13,952,1,0.4996192120015621,0,1.7356607923284173,4,12,1,0,1,0.4996192120015621,2.903004804626107,1.9410354048013687
2870,625,Bacary Sagna,Manchester City,D S,9,736,0,0.0205878540873527,0,0.7601547613739967,1,9,1,0,0,0.0205878540873527,3.730939097702503,3.3359023556113243
