,id,player_name,team_title,position,games,time,goals,xG,assists,xA,shots,key_passes,yellow_cards,red_cards,npg,npxG,xGChain,xGBuildup
2939,1555,Bartlomiej Dragowski,Fiorentina,GK,31,2790,0,0.0,0,0.0,0,0,1,0,0,0.0,2.772302884608507,2.772302884608507
2940,1555,Bartlomiej Dragowski,Fiorentina,GK,36,3150,0,0.0,1,0.0511376745998859,0,1,0,0,0,0.0,2.245845681987703,2.194708007387817
2941,1555,Bartlomiej Dragowski,"Empoli,Fiorentina",GK S,17,1484,0,0.0,0,0.0,0,0,2,0,0,0.0,1.7308782981708646,1.7308782981708646
2942,1555,Bartlomiej Dragowski,Fiorentina,GK S,3,213,0,0.0,0,0.0,0,0,0,0,0,0.0,0.0277775079011917,0.0277775079011917
2943,1555,Bartlomiej Dragowski,Fiorentina,GK,1,90,0,0.0,0,0.0,0,0,0,0,0,0.0,0.280332863330841,0.280332863330841
2944,1555,Bartlomiej Dragowski,Fiorentina,GK,5,376,0,0.0,0,0.0,0,0,0,1,0,0.0,0.4390722066164017,0.4390722066164017
