,id,player_name,team_title,position,games,time,goals,xG,assists,xA,shots,key_passes,yellow_cards,red_cards,npg,npxG,xGChain,xGBuildup
2957,158,Bas Dost,Wolfsburg,F S,22,1361,8,8.019232641905546,2,2.4591950438916683,40,13,0,0,7,7.261456023901701,10.521216809749603,1.9989939089864488
2958,158,Bas Dost,Eintracht Frankfurt,F S,24,1480,8,7.223516065627336,2,1.982760879211128,32,19,2,0,8,7.223516065627336,10.670364283025265,2.633245013654232
2959,158,Bas Dost,Wolfsburg,F S,21,1532,16,11.341977171599863,4,2.659186452627182,43,15,1,0,16,11.341977171599863,15.911891400814056,2.5383058693259954
2960,158,Bas Dost,Eintracht Frankfurt,F S,12,819,4,4.290971301496029,2,2.6223658621311188,15,11,3,0,3,3.5333560332655907,7.274475418031216,1.913100313395261
2961,158,Bas Dost,Wolfsburg,F,1,82,0,0.0,1,0.0922399833798408,0,1,0,0,0,0.0,0.1272733658552169,0.0350333787500858
