,id,player_name,team_title,position,games,time,goals,xG,assists,xA,shots,key_passes,yellow_cards,red_cards,npg,npxG,xGChain,xGBuildup
2988,2956,Batraz Khadartsev,Anzhi Makhachkala,M S,15,854,0,0.3113327771425247,1,0.5960700437426567,10,12,1,0,0,0.3113327771425247,2.7309848200529814,2.2093985178507864
2989,2956,Batraz Khadartsev,Anzhi Makhachkala,M S,4,191,0,0.0680659040808677,0,0.1287867836654186,2,4,0,0,0,0.0680659040808677,0.0692373206838965,0.0446167318150401
