,id,player_name,team_title,position,games,time,goals,xG,assists,xA,shots,key_passes,yellow_cards,red_cards,npg,npxG,xGChain,xGBuildup
3045,7714,Ben Osborn,Sheffield United,D F M S,24,1607,1,1.0907260961830616,0,2.5220147650688887,10,17,1,0,1,1.0907260961830616,6.371751211583614,4.422309448942542
3046,7714,Ben Osborn,Sheffield United,M S,13,586,0,0.1952103190124035,0,0.8878793343901634,3,7,0,0,0,0.1952103190124035,2.333208814263344,1.5885962843894958
