,id,player_name,team_title,position,games,time,goals,xG,assists,xA,shots,key_passes,yellow_cards,red_cards,npg,npxG,xGChain,xGBuildup
3047,571,Ben Watson,Watford,S,4,46,0,0.0,0,0.0,0,0,0,1,0,0.0,0.4635031521320343,0.4635031521320343
3048,571,Ben Watson,Watford,M S,35,2814,2,0.4924737513065338,0,2.12290240265429,17,33,4,0,2,0.4924737513065338,5.762444791384041,5.366294278763235
3049,571,Ben Watson,Watford,M S,8,463,0,0.0431566722691059,0,0.1822485290467739,1,3,1,0,0,0.0431566722691059,0.3476934777572751,0.3301320364698767
