,id,player_name,team_title,position,games,time,goals,xG,assists,xA,shots,key_passes,yellow_cards,red_cards,npg,npxG,xGChain,xGBuildup
3003,782,Ben Chilwell,Leicester,D S,12,686,1,0.6682893745601177,0,0.3706479426473379,7,2,2,0,1,0.6682893745601177,2.7422371059656143,1.727975256741047
3004,782,Ben Chilwell,Leicester,D M,27,2382,3,1.0977275781333449,3,3.5355270877480507,16,33,3,0,3,1.0977275781333449,10.088156981393697,8.04045776091516
3005,782,Ben Chilwell,Chelsea,D M,6,540,3,1.298326052725315,1,0.8330149557441473,13,10,0,0,3,1.298326052725315,3.937902458012104,2.8827292025089264
3006,782,Ben Chilwell,Leicester,D M,36,3240,0,0.9728713259100914,4,3.073071330785752,22,45,4,0,0,0.9728713259100914,9.09635160677135,7.060785369947553
3007,782,Ben Chilwell,Chelsea,D M,27,2296,3,2.984890399500728,5,2.455677840858698,27,30,3,0,3,2.984890399500728,11.330961346626282,8.155131921172142
3008,782,Ben Chilwell,Leicester,D M S,24,1855,0,0.2237122952938079,2,2.6106314938515425,6,20,1,1,0,0.2237122952938079,7.09994987398386,4.937577499076724
