,id,player_name,team_title,position,games,time,goals,xG,assists,xA,shots,key_passes,yellow_cards,red_cards,npg,npxG,xGChain,xGBuildup
3101,435,Benjamin Henrichs,Monaco,D M S,13,892,0,0.8276812210679054,0,0.6031253151595592,10,6,2,0,0,0.8276812210679054,3.165277637541294,2.402109496295452
3102,435,Benjamin Henrichs,Monaco,D M S,22,1834,1,0.385160643607378,2,2.077217048034072,10,22,3,0,1,0.385160643607378,4.51374988630414,3.267849616706372
3103,435,Benjamin Henrichs,Bayer Leverkusen,D S,29,2427,0,0.1832758877426386,2,1.51168823055923,7,17,1,0,0,0.1832758877426386,8.650447770953178,7.445264900103211
3104,435,Benjamin Henrichs,Bayer Leverkusen,D M S,23,1255,0,0.7018679156899452,1,1.4103809110820291,18,11,1,1,0,0.7018679156899452,7.151264667510986,6.088267307728529
3105,435,Benjamin Henrichs,Bayer Leverkusen,D S,9,536,0,0.0,1,0.1322073452174663,0,3,1,0,0,0.0,1.9630773663520813,1.8308700174093249
3106,435,Benjamin Henrichs,Bayer Leverkusen,D,1,64,0,0.0,0,0.0,0,0,1,0,0,0.0,0.2145345211029052,0.2145345211029052
3107,435,Benjamin Henrichs,RasenBallsport Leipzig,D S,7,261,1,0.5277618505060673,0,0.0608785264194011,2,1,0,0,1,0.5277618505060673,1.4927051533013582,0.904064727947116
3108,435,Benjamin Henrichs,RasenBallsport Leipzig,D M S,13,531,0,0.2305907495319843,1,0.5627268329262733,5,3,3,0,0,0.2305907495319843,2.0802857726812363,1.3454452976584437
