,id,player_name,team_title,position,games,time,goals,xG,assists,xA,shots,key_passes,yellow_cards,red_cards,npg,npxG,xGChain,xGBuildup
3085,4773,Benjamin Bourigeaud,Rennes,F M S,34,2445,6,6.788892854005098,5,2.778074884787202,47,33,5,0,4,4.508607404306531,8.91980440262705,4.537683493457735
3086,4773,Benjamin Bourigeaud,Rennes,F M S,37,3111,10,8.484212677925825,7,7.628857075236738,66,95,3,0,7,6.203992927446961,12.490283519029616,5.944795566610992
3087,4773,Benjamin Bourigeaud,Lens,F M S,19,1047,2,1.4968080772086978,1,1.551903910934925,14,21,3,0,2,1.4968080772086978,3.071663540787995,1.4238178627565503
3088,4773,Benjamin Bourigeaud,Rennes,F M,18,1526,2,1.952363334596157,4,5.005600333213806,21,57,1,0,2,1.952363334596157,9.50320846773684,6.243499068543315
3089,4773,Benjamin Bourigeaud,Rennes,F M S,37,2572,6,4.27854161709547,5,5.076814076863229,64,61,8,0,6,4.27854161709547,11.535297817084938,7.473845748696476
3090,4773,Benjamin Bourigeaud,Rennes,F M S,25,1905,2,2.3781347535550594,2,2.1040303483605385,42,27,5,0,2,2.3781347535550594,6.232877971604466,4.221034433692694
