,id,player_name,team_title,position,games,time,goals,xG,assists,xA,shots,key_passes,yellow_cards,red_cards,npg,npxG,xGChain,xGBuildup
3160,5253,Benno Schmitz,RasenBallsport Leipzig,D M S,16,991,0,0.4133733008056879,2,1.7084509544074535,10,8,2,0,0,0.4133733008056879,3.1835996247828007,1.3828385900706053
3161,5253,Benno Schmitz,FC Cologne,D S,18,1159,0,0.0925082843750715,0,1.0369855426251888,2,15,1,0,0,0.0925082843750715,2.7830189876258373,2.4030834659934044
3162,5253,Benno Schmitz,FC Cologne,D S,12,405,0,0.2080057952553033,1,0.2649602983146906,4,5,0,0,0,0.2080057952553033,1.655946284532547,1.432701986283064
3163,5253,Benno Schmitz,RasenBallsport Leipzig,D S,2,82,0,0.0,0,0.0758079588413238,0,2,0,0,0,0.0,0.3127492666244507,0.2369413077831268
3164,5253,Benno Schmitz,FC Cologne,D,14,1193,0,0.212562951259315,4,2.950266594067216,7,28,2,0,0,0.212562951259315,5.616430606693029,3.701079051941633
