,id,player_name,team_title,position,games,time,goals,xG,assists,xA,shots,key_passes,yellow_cards,red_cards,npg,npxG,xGChain,xGBuildup
3165,3516,Benoit Assou-Ekotto,Saint-Etienne,D M S,20,1704,0,0.224780703894794,0,0.6926929904147983,11,11,1,0,0,0.224780703894794,2.8421133421361446,2.1709673795849085
3166,3516,Benoit Assou-Ekotto,Metz,D S,18,1478,0,0.1641151756048202,1,0.5303923189640045,7,8,0,2,0,0.1641151756048202,1.822357712779194,1.7174587906338274
3167,3516,Benoit Assou-Ekotto,Metz,D,13,1055,0,0.0233503673225641,0,0.475151945836842,2,8,1,2,0,0.0233503673225641,2.656720951199532,2.4568686932325363
