,id,player_name,team_title,position,games,time,goals,xG,assists,xA,shots,key_passes,yellow_cards,red_cards,npg,npxG,xGChain,xGBuildup
3172,3218,Benoit Costil,Rennes,GK,38,3420,0,0.0,0,0.0,0,0,0,0,0,0.0,2.789440213702619,2.789440213702619
3173,3218,Benoit Costil,Bordeaux,GK,37,3330,0,0.0,0,0.0297745345160365,0,2,0,0,0,0.0,2.199940857477486,2.1701663229614496
3174,3218,Benoit Costil,Bordeaux,GK,38,3420,0,0.0,0,0.0,0,0,0,0,0,0.0,5.447529423981905,5.447529423981905
3175,3218,Benoit Costil,Bordeaux,GK,18,1620,0,0.0,0,0.0,0,0,1,0,0,0.0,1.561371061950922,1.561371061950922
3176,3218,Benoit Costil,Rennes,GK,31,2790,0,0.0,0,0.1317619234323501,0,1,0,0,0,0.0,1.743677493184805,1.611915584653616
3177,3218,Benoit Costil,Bordeaux,GK,36,3240,0,0.0,0,0.0342362066730856,0,2,1,0,0,0.0,2.720694864168763,2.686458666808903
3178,3218,Benoit Costil,Bordeaux,GK,28,2520,0,0.0,0,0.0,0,0,1,0,0,0.0,1.562679473310709,1.562679473310709
3179,3218,Benoit Costil,Rennes,GK,38,3420,0,0.0,1,0.0201573558151721,0,1,1,0,0,0.0,2.168655902147293,2.168655902147293
