,id,player_name,team_title,position,games,time,goals,xG,assists,xA,shots,key_passes,yellow_cards,red_cards,npg,npxG,xGChain,xGBuildup
3218,3635,Bernardo Silva,Manchester City,F S,35,1500,6,4.5274060908705,4,3.0583887062966824,25,30,0,0,6,4.5274060908705,15.460781294852495,9.751076772809029
3219,3635,Bernardo Silva,Manchester City,F M,15,1305,7,4.667975001037121,1,3.25501836463809,22,22,3,0,7,4.667975001037121,13.44970490038395,6.499783584848046
3220,3635,Bernardo Silva,Monaco,F M S,32,2290,9,6.3191055646166205,3,5.603754572570324,34,46,1,0,9,6.3191055646166205,15.752223575487733,6.2646829998120666
3221,3635,Bernardo Silva,Manchester City,F M S,26,2080,2,3.59881341829896,6,4.823389740660787,28,27,5,0,2,3.59881341829896,17.112389797344804,10.653521364554765
3222,3635,Bernardo Silva,Monaco,M S,37,2829,8,5.707654282450676,9,7.408504134044051,60,60,3,0,8,5.707654282450676,20.6950120087713,10.737330049276352
3223,3635,Bernardo Silva,Manchester City,F M S,34,2020,6,7.420340552926063,7,6.312828656286001,52,51,5,0,6,7.420340552926063,23.83779612928629,14.72735245898366
3224,3635,Bernardo Silva,Monaco,F M S,32,2246,7,6.509096814319491,1,3.863640176132322,41,43,7,0,7,6.509096814319491,14.74791970476508,7.734866926446557
3225,3635,Bernardo Silva,Manchester City,F M S,36,2851,7,8.19672245066613,7,8.63292844966054,62,71,3,0,7,8.19672245066613,29.93142929673195,16.891506848856807
