,id,player_name,team_title,position,games,time,goals,xG,assists,xA,shots,key_passes,yellow_cards,red_cards,npg,npxG,xGChain,xGBuildup
3236,695,Bertrand Traoré,Lyon,F M S,23,1252,1,3.6816306114196777,3,3.045830046758056,36,25,6,0,1,3.6816306114196777,6.683673210442066,1.6053688563406467
3237,695,Bertrand Traoré,Lyon,F M S,31,2293,13,9.106915911659598,4,2.8190840436145663,79,26,3,0,13,9.106915911659598,17.783469513058662,7.707056246697903
3238,695,Bertrand Traoré,Chelsea,F M S,10,365,2,1.6593618504703045,1,0.6275983182713389,17,5,0,0,2,1.6593618504703045,2.3423975370824337,0.1508724875748157
3239,695,Bertrand Traoré,Aston Villa,S,4,45,0,0.1529682436957955,0,0.0,4,0,0,0,0,0.1529682436957955,0.2410340802744031,0.1087410077452659
3240,695,Bertrand Traoré,Lyon,F M S,34,2129,7,5.597975425422192,2,2.442656697705388,66,25,5,0,7,5.597975425422192,12.693421576172112,6.37603961955756
3241,695,Bertrand Traoré,Aston Villa,F M S,36,2362,7,6.304105126298964,6,4.570987721905112,64,35,1,0,7,6.304105126298964,9.835355166345837,1.3322140527889132
