,id,player_name,team_title,position,games,time,goals,xG,assists,xA,shots,key_passes,yellow_cards,red_cards,npg,npxG,xGChain,xGBuildup
3288,6599,Björn Sigurdarson,FC Rostov,F S,6,144,2,1.3129270393401384,0,0.339525818824768,8,1,1,0,2,1.3129270393401384,1.7239963430911305,0.0715434253215789
3289,6599,Björn Sigurdarson,FC Rostov,F S,26,1688,5,3.9528127685189247,0,1.385523702017963,35,15,1,0,5,3.9528127685189247,5.395940186455846,0.9770784620195628
3290,6599,Björn Sigurdarson,FC Rostov,F,6,522,1,0.4820597898215055,1,0.7078393921256065,11,3,0,0,1,0.4820597898215055,1.1480484064668417,0.6296502351760864
