,id,player_name,team_title,position,games,time,goals,xG,assists,xA,shots,key_passes,yellow_cards,red_cards,npg,npxG,xGChain,xGBuildup
3286,7152,Björn Engels,Aston Villa,D S,17,1447,1,0.7842208202928305,0,0.1433622650802135,8,2,1,0,1,0.7842208202928305,3.80121938791126,3.74813240673393
3287,7152,Björn Engels,Reims,D,33,2970,1,1.1198954954743383,1,1.148392166942358,9,11,4,0,1,1.1198954954743383,3.2579678390175104,3.1351347966119647
