,id,player_name,team_title,position,games,time,goals,xG,assists,xA,shots,key_passes,yellow_cards,red_cards,npg,npxG,xGChain,xGBuildup
3291,3102,Blagoy Georgiev,FC Orenburg,F M,21,1783,6,4.312596219591796,1,2.511953158304096,32,34,5,0,3,2.0497763259336352,6.127327598631382,2.9988341480493546
3292,3102,Blagoy Georgiev,"Amkar,Rubin Kazan",F M,25,2186,1,2.0425681909546256,2,3.0340981874614954,38,46,11,0,1,2.0425681909546256,7.924102019518614,5.579977061599493
3293,3102,Blagoy Georgiev,Rubin Kazan,M S,15,1227,0,1.3712060749530792,1,1.5078499298542738,28,24,3,1,0,1.3712060749530792,3.2080279365181923,1.5253665409982204
