,id,player_name,team_title,position,games,time,goals,xG,assists,xA,shots,key_passes,yellow_cards,red_cards,npg,npxG,xGChain,xGBuildup
3338,6281,Bongani Zungu,Amiens,M S,5,233,0,0.1180915609002113,0,0.0235633384436368,1,1,2,0,0,0.1180915609002113,1.6830921117216349,1.5414372626692057
3339,6281,Bongani Zungu,Amiens,M S,21,977,1,0.1901648975908756,0,0.3280249014496803,7,2,4,0,1,0.1901648975908756,2.2369034830480814,1.810162387788296
3340,6281,Bongani Zungu,Amiens,M S,26,2103,1,0.1838367711752653,0,0.2384475106373429,7,13,5,0,1,0.1838367711752653,2.4699393324553967,2.1338122598826885
