,id,player_name,team_title,position,games,time,goals,xG,assists,xA,shots,key_passes,yellow_cards,red_cards,npg,npxG,xGChain,xGBuildup
3356,4132,Borja,Eibar,D M S,16,1127,1,0.5130007741972804,0,0.0841453480534255,12,3,3,0,1,0.5130007741972804,1.035612361971289,0.8175866920500994
3357,4070,Borja,Girona,M S,37,2815,2,2.3154061306267977,5,4.3442889880388975,51,55,2,0,2,2.3154061306267977,7.536498394794762,4.114214235916734
3358,4070,Borja,Girona,F M S,33,2644,1,2.1339117102324963,3,4.4825573693960905,32,38,0,1,1,2.1339117102324963,10.780433991923928,5.900007665157318
3359,4070,Borja,SD Huesca,F M S,21,1117,1,1.1696485951542854,0,1.1674229446798563,14,20,0,0,1,1.1696485951542854,4.373472016304731,3.083284439519048
3360,4132,Borja,Real Valladolid,D M S,19,837,0,0.1266689151525497,0,0.0109029347077012,5,1,3,0,0,0.1266689151525497,0.389240400865674,0.3565195836126804
3361,4070,Borja,Cordoba,M S,28,1989,1,1.7066182950511577,3,2.531813655048609,35,27,2,1,1,1.7066182950511577,5.405173379927874,2.0734398663043976
