,id,player_name,team_title,position,games,time,goals,xG,assists,xA,shots,key_passes,yellow_cards,red_cards,npg,npxG,xGChain,xGBuildup
3398,2402,Borja Viguera,Athletic Club,F M S,20,955,1,2.807383669540286,0,0.8552781455218792,24,10,0,0,1,2.807383669540286,3.909217638894916,0.7308100890368223
3399,2402,Borja Viguera,Athletic Club,F S,9,282,0,1.4557924643158913,0,0.1300074625760316,7,2,0,0,0,1.4557924643158913,2.15687303384766,0.6800565565936267
3400,2402,Borja Viguera,"Athletic Club,Sporting Gijon",F M S,17,764,2,1.2463320139795542,1,0.877010865136981,12,8,2,0,2,1.2463320139795542,2.1379088275134563,0.0524860499426722
