,id,player_name,team_title,position,games,time,goals,xG,assists,xA,shots,key_passes,yellow_cards,red_cards,npg,npxG,xGChain,xGBuildup
3387,7871,Borja Sainz,Alaves,M S,21,407,1,0.8828230611979961,0,0.5993274375796318,7,3,1,0,1,0.8828230611979961,1.7990466300398111,0.7912948988378048
3388,7871,Borja Sainz,Alaves,M S,19,540,1,1.3773375134915111,0,0.2717310972511768,10,6,1,0,1,1.3773375134915111,1.4199767783284187,0.2288103327155113
