,id,player_name,team_title,position,games,time,goals,xG,assists,xA,shots,key_passes,yellow_cards,red_cards,npg,npxG,xGChain,xGBuildup
3373,2543,Borja Iglesias,Espanyol,F S,37,3095,17,15.842947600409389,3,4.824147495441139,89,41,5,0,14,13.613114787265658,19.68051299266517,3.160458251833916
3374,2543,Borja Iglesias,Real Betis,F S,35,1929,3,3.530536353588104,2,1.9738258570432663,36,16,3,1,3,3.530536353588104,6.448422782123089,1.262923426926136
3375,2543,Borja Iglesias,Celta Vigo,S,1,10,0,0.0,0,0.0,0,0,0,0,0,0.0,0.0,0.0
3376,2543,Borja Iglesias,Real Betis,F S,28,1413,11,8.948852464556694,0,0.6445792093873024,38,6,2,0,6,5.232592228800058,6.35737593844533,2.4305376689881086
3377,2543,Borja Iglesias,Real Betis,F S,13,470,3,3.232692796736956,0,0.6017942801117897,16,6,1,0,2,2.4894151613116264,2.953389039263129,0.5073791276663542
