,id,player_name,team_title,position,games,time,goals,xG,assists,xA,shots,key_passes,yellow_cards,red_cards,npg,npxG,xGChain,xGBuildup
3404,3747,Boschilia,Monaco,F M S,11,436,6,2.6796493381261826,2,1.3326177150011065,20,10,1,0,6,2.6796493381261826,3.149887442588806,0.3433105945587158
3405,3747,Boschilia,Nantes,F M S,29,1323,4,4.4367450177669525,4,1.50215021148324,40,26,1,0,4,4.4367450177669525,7.625387992709875,2.864775666035712
3406,3747,Boschilia,Monaco,M S,5,127,0,0.1561093498021364,0,0.0,5,0,0,0,0,0.1561093498021364,0.501145601272583,0.3845972903072834
3407,3747,Boschilia,Monaco,M S,5,80,0,0.2176641263067722,0,0.0430151969194412,4,2,0,0,0,0.2176641263067722,0.2532461322844028,0.0765531901270151
3408,3747,Boschilia,Monaco,M S,5,139,0,0.5271108746528625,0,0.0670980066061019,2,2,0,0,0,0.5271108746528625,0.7842256911098957,0.216065514832735
