,id,player_name,team_title,position,games,time,goals,xG,assists,xA,shots,key_passes,yellow_cards,red_cards,npg,npxG,xGChain,xGBuildup
3409,1959,Bosko Jankovic,Verona,F M S,15,907,1,0.6024806872010231,0,0.2451689187437296,14,3,3,1,1,0.6024806872010231,0.776631947606802,0.1803264329209923
3410,1959,Bosko Jankovic,Verona,F M S,18,1267,1,1.7018661480396986,2,2.637688589282334,28,12,4,0,1,1.7018661480396986,4.971883432939649,1.1207482777535915
