,id,player_name,team_title,position,games,time,goals,xG,assists,xA,shots,key_passes,yellow_cards,red_cards,npg,npxG,xGChain,xGBuildup
3433,6310,Boubakary Soumare,Lille,M S,32,1913,0,0.1382338032126426,1,0.6226278524845839,8,13,3,0,0,0.1382338032126426,6.062692519277334,5.585765665397048
3434,6310,Boubakary Soumare,Leicester,M S,13,861,0,0.2080889903008937,1,0.2148307561874389,4,5,0,0,0,0.2080889903008937,3.227741359733045,2.881076759658754
3435,6310,Boubakary Soumare,Lille,M S,14,488,0,0.0,0,0.1416203342378139,0,3,1,0,0,0.0,1.98804385215044,1.8464235216379168
3436,6310,Boubakary Soumare,Lille,M S,18,532,1,0.8492900356650352,1,0.4492469504475593,3,5,3,0,1,0.8492900356650352,3.618252221494913,3.1585470028221607
3437,6310,Boubakary Soumare,Lille,M S,20,1220,0,0.0096541363745927,0,0.6398838255554438,1,12,0,2,0,0.0096541363745927,2.1218219492584467,1.8846509829163551
