,id,player_name,team_title,position,games,time,goals,xG,assists,xA,shots,key_passes,yellow_cards,red_cards,npg,npxG,xGChain,xGBuildup
3442,7224,Boulaye Dia,Reims,F M S,36,2974,14,13.288508677855134,1,2.009201869368553,63,29,2,0,9,9.48803305439651,13.300803061574696,2.3346955655142665
3443,7224,Boulaye Dia,Reims,F M S,24,1818,7,5.637144297361374,1,2.9208246730268,38,29,0,0,6,4.877049181610346,7.844220079481602,1.946736635640264
3444,7224,Boulaye Dia,Villarreal,F S,12,628,1,2.3662396781146526,2,0.6819096356630325,18,6,2,0,1,2.3662396781146526,3.800248369574547,0.8064355738461018
3445,7224,Boulaye Dia,Reims,F S,18,751,3,3.80439242720604,0,0.9130572825670242,20,7,2,0,3,3.80439242720604,3.826000636443496,1.0807473240420222
