,id,player_name,team_title,position,games,time,goals,xG,assists,xA,shots,key_passes,yellow_cards,red_cards,npg,npxG,xGChain,xGBuildup
3478,6004,Brandon,Osasuna,F M S,8,406,0,1.0861941780894997,1,0.4906608462333679,8,4,4,0,0,1.0861941780894997,1.932405712082982,0.9601015858352184
3479,6004,Brandon,Rennes,F M S,11,346,1,0.5801408737897873,0,0.7291471539065242,6,8,0,0,1,0.5801408737897873,1.2294497517868876,0.0
