,id,player_name,team_title,position,games,time,goals,xG,assists,xA,shots,key_passes,yellow_cards,red_cards,npg,npxG,xGChain,xGBuildup
3516,5356,Breel Embolo,Schalke 04,F M S,21,916,3,3.839115336537361,0,0.1720500942319631,18,4,4,0,3,3.839115336537361,5.001884379889816,1.5884310412220657
3517,5356,Breel Embolo,Schalke 04,F M S,7,334,2,1.579997293651104,1,1.3961876705288887,8,5,0,0,2,1.579997293651104,3.0366189889609814,0.517804030328989
3518,5356,Breel Embolo,Borussia M.Gladbach,F M S,28,1544,8,9.812688518315554,5,4.30403595417738,46,21,4,0,8,9.05491178110242,15.36186794936657,5.057913575321436
3519,5356,Breel Embolo,Borussia M.Gladbach,F S,10,650,1,2.239384416490793,2,1.496681772172451,13,11,1,0,1,2.239384416490793,3.686542224138975,1.5108320731669664
3520,5356,Breel Embolo,Borussia M.Gladbach,F M S,31,1424,5,7.53266329318285,2,1.8059897292405367,41,17,4,0,5,7.53266329318285,11.13139634206891,3.969140655361116
3521,5356,Breel Embolo,Schalke 04,F M S,20,1357,5,5.006021734327078,1,2.9739879071712494,26,19,4,0,5,5.006021734327078,6.738540716469288,0.7916443180292845
