,id,player_name,team_title,position,games,time,goals,xG,assists,xA,shots,key_passes,yellow_cards,red_cards,npg,npxG,xGChain,xGBuildup
3611,4067,Bruno Zuculini,Verona,M S,16,1223,2,1.1192537629976869,0,0.027726961299777,7,2,4,3,2,1.1192537629976869,3.1332279182970524,2.4380186907947063
3612,4067,Bruno Zuculini,"Cordoba,Valencia",M S,9,426,0,0.1577138267457485,0,0.0137378806248307,3,1,2,0,0,0.1577138267457485,0.8251168802380562,0.7071486786007881
