,id,player_name,team_title,position,games,time,goals,xG,assists,xA,shots,key_passes,yellow_cards,red_cards,npg,npxG,xGChain,xGBuildup
3600,1743,Bruno Martins Indi,Stoke,D S,17,1248,0,0.3868335857987404,0,0.0548578230664134,4,3,3,0,0,0.3868335857987404,1.4556193221360445,1.4418292585760355
3601,1743,Bruno Martins Indi,Stoke,D,35,3149,1,1.6193582005798817,0,0.128258366137743,18,2,5,0,1,1.6193582005798817,4.196910353377461,4.10862329043448
