,id,player_name,team_title,position,games,time,goals,xG,assists,xA,shots,key_passes,yellow_cards,red_cards,npg,npxG,xGChain,xGBuildup
3631,7338,Bryan Gil Salvatierra,"Eibar,Sevilla",F M S,29,2293,4,3.616387326270342,3,4.628236144781113,39,51,6,0,4,3.616387326270342,10.84937446564436,5.392701797187328
3632,7338,Bryan Gil Salvatierra,Tottenham,S,5,52,0,0.0,0,0.0,0,0,0,0,0,0.0,0.3259198199957609,0.3259198199957609
3633,7338,Bryan Gil Salvatierra,Sevilla,S,11,148,1,0.8992120306938887,1,0.4565230179578066,4,2,0,0,1,0.8992120306938887,2.0841672271490097,1.2051617950201037
3634,7338,Bryan Gil Salvatierra,"Leganes,Sevilla",F M S,14,602,1,1.0484048407524824,0,0.6574446447193623,14,12,4,0,1,1.0484048407524824,2.6179017201066017,1.1923058368265629
