,id,player_name,team_title,position,games,time,goals,xG,assists,xA,shots,key_passes,yellow_cards,red_cards,npg,npxG,xGChain,xGBuildup
3615,1168,Bryan Cristante,Roma,D M S,34,2142,1,2.3669058568775654,3,1.7371884286403656,28,16,8,0,1,2.3669058568775654,12.023615354672074,8.874588349834085
3616,1168,Bryan Cristante,Roma,M S,14,1128,1,1.082019129768014,0,1.5460204221308231,19,10,4,0,1,1.082019129768014,5.665076948702335,4.867163196206093
3617,1168,Bryan Cristante,Roma,M S,35,2414,4,3.3263224232941866,3,2.984716590493917,43,28,10,0,4,3.3263224232941866,13.176984839141369,9.208237681537868
3618,1168,Bryan Cristante,Atalanta,M S,36,2855,9,8.436882622539997,2,5.040246037766337,78,48,3,0,9,7.675583805888891,17.374360950663686,9.50773494504392
3619,1168,Bryan Cristante,"Atalanta,Pescara",M S,28,1640,3,2.8306638142094016,2,2.894351060502231,27,27,2,0,3,2.8306638142094016,6.438894534483552,3.800076664891094
3620,1168,Bryan Cristante,Palermo,M S,4,92,0,0.1647866815328598,0,0.0,2,0,0,0,0,0.1647866815328598,0.0,0.0
3621,1168,Bryan Cristante,Roma,D M S,26,1601,1,1.3382028918713331,3,1.349654458463192,29,20,7,1,1,1.3382028918713331,11.037777138873937,9.50349129922688
