,id,player_name,team_title,position,games,time,goals,xG,assists,xA,shots,key_passes,yellow_cards,red_cards,npg,npxG,xGChain,xGBuildup
3704,468,Callum Wilson,Newcastle United,F,12,1052,6,5.077517268247902,0,0.4431503433734178,26,8,4,0,5,4.316348408348858,3.633132215589285,0.4429721934720874
3705,468,Callum Wilson,Bournemouth,F S,35,2916,8,9.842873975634577,1,3.349536281079054,53,30,10,0,8,9.842873975634577,12.5629492290318,2.7078363643959165
3706,468,Callum Wilson,Bournemouth,F S,20,1382,6,5.365591797977686,0,0.550071083009243,31,8,0,0,3,3.082085270434618,4.324738476425409,0.8914682120084763
3707,468,Callum Wilson,Bournemouth,F S,28,2007,8,7.619610041379929,2,1.5524410009384155,54,18,0,0,8,7.619610041379929,9.413971451111138,2.697103791870177
3708,468,Callum Wilson,Bournemouth,F S,13,769,5,2.346484623849392,0,1.0842653438448906,17,7,0,0,4,1.585315726697445,3.301329083740711,0.8096784092485905
3709,468,Callum Wilson,Bournemouth,F S,30,2548,14,16.016500677913427,9,5.955955449491739,65,31,3,0,13,14.494162943214178,21.33035941049457,5.061332296580076
3710,468,Callum Wilson,Newcastle United,F S,26,2079,12,13.59009125083685,5,3.046300631016493,49,17,2,0,8,10.545415870845318,14.205592930316923,1.0525451973080635
