,id,player_name,team_title,position,games,time,goals,xG,assists,xA,shots,key_passes,yellow_cards,red_cards,npg,npxG,xGChain,xGBuildup
3726,8406,Can Bozdogan,Schalke 04,M,3,237,0,0.0711320638656616,0,0.0123559031635522,4,1,0,1,0,0.0711320638656616,0.1293099708855152,0.0581779070198535
3727,8406,Can Bozdogan,Schalke 04,M S,14,644,0,0.5598328430205584,1,1.011974535882473,8,5,0,0,0,0.5598328430205584,1.9322263188660145,1.23323455452919
