,id,player_name,team_title,position,games,time,goals,xG,assists,xA,shots,key_passes,yellow_cards,red_cards,npg,npxG,xGChain,xGBuildup
3766,1125,Carlos Bacca,Villarreal,F S,19,689,2,3.444201722741127,1,0.6552172899246216,18,4,1,0,2,3.444201722741127,4.936931896954775,0.9293048977851868
3767,1125,Carlos Bacca,Granada,F S,10,437,0,0.5526032745838165,1,0.7093067606911063,6,5,1,0,0,0.5526032745838165,1.36385602876544,0.1289321910589933
3768,1125,Carlos Bacca,Sevilla,F S,37,2581,20,19.279243662953377,6,4.728216256946325,69,31,4,0,14,13.33366459980607,16.086337637156248,2.6682413946837187
3769,1125,Carlos Bacca,Villarreal,F S,23,778,5,3.80711030587554,0,1.2340890057384968,20,5,1,0,5,3.80711030587554,5.415434362366796,1.028830083087087
3770,1125,Carlos Bacca,AC Milan,F S,38,3179,18,14.870253454893827,2,3.657709759660065,77,41,2,0,16,13.347655806690454,18.54066981375217,3.277732176706195
3771,1125,Carlos Bacca,AC Milan,F S,32,2152,13,14.850960899144413,3,2.608146429993212,56,19,3,0,9,10.28316793590784,12.942242007702587,2.016688748262822
3772,1125,Carlos Bacca,Villarreal,F S,33,1250,6,3.953323293477297,1,1.8683365024626253,31,23,3,0,5,3.210045684129,5.059387130662799,1.240617785602808
3773,1125,Carlos Bacca,Villarreal,F S,35,2513,15,14.397431414574385,6,5.562117218971252,73,30,8,0,14,13.654153812676668,20.904759222641587,4.95886552426964
