,id,player_name,team_title,position,games,time,goals,xG,assists,xA,shots,key_passes,yellow_cards,red_cards,npg,npxG,xGChain,xGBuildup
3819,1417,Carlos Salcedo,Eintracht Frankfurt,D,6,460,0,0.0543849840760231,0,0.0,3,0,3,0,0,0.0543849840760231,1.0166859179735184,1.0082885771989822
3820,1417,Carlos Salcedo,Fiorentina,D M S,18,1349,0,0.3639175090938806,1,0.8741077082231641,3,11,7,0,0,0.3639175090938806,6.303856402635574,5.88399787992239
3821,1417,Carlos Salcedo,Eintracht Frankfurt,D S,20,1612,0,0.159660704433918,0,0.018281165510416,6,1,5,0,0,0.159660704433918,3.040738921612501,3.0021833181381226
