,id,player_name,team_title,position,games,time,goals,xG,assists,xA,shots,key_passes,yellow_cards,red_cards,npg,npxG,xGChain,xGBuildup
3743,5058,Carles Aleñá,"Barcelona,Real Betis",M S,21,891,1,1.3378762304782867,0,0.0734302373602986,13,4,2,0,1,1.3378762304782867,2.9446628112345934,2.15886270813644
3744,5058,Carles Aleñá,Barcelona,S,3,39,0,0.0578241199254989,0,0.0,1,0,1,0,0,0.0578241199254989,0.7913733348250389,0.7335492111742496
3745,5058,Carles Aleñá,Getafe,F M,16,1261,0,0.6057990938425064,2,0.7501376261934638,21,14,4,1,0,0.6057990938425064,2.812040224671364,1.6282050162553787
3746,5058,Carles Aleñá,"Barcelona,Getafe",F M S,24,1421,2,1.8039602283388376,2,2.3534533958882093,31,25,2,0,2,1.8039602283388376,6.107900079339743,2.7208716198801994
3747,5058,Carles Aleñá,Barcelona,M S,17,622,2,0.8764852955937386,0,0.7354800924658775,14,9,2,0,2,0.8764852955937386,4.244518265128136,3.1158272698521614
