,id,player_name,team_title,position,games,time,goals,xG,assists,xA,shots,key_passes,yellow_cards,red_cards,npg,npxG,xGChain,xGBuildup
3829,3125,Carlos Strandberg,CSKA Moscow,F S,10,337,3,1.6824518106877804,0,0.7103341370820999,13,8,0,0,3,1.6824518106877804,2.968578428030014,0.6032298356294632
3830,3125,Carlos Strandberg,CSKA Moscow,F S,8,213,2,1.677313543856144,0,0.1170345991849899,9,2,1,0,2,1.677313543856144,1.8933580666780472,0.0990099087357521
3831,3125,Carlos Strandberg,"CSKA Moscow,Ural",S,3,64,0,0.3639246299862861,0,0.0123821003362536,6,1,1,0,0,0.3639246299862861,0.3223916664719581,0.0115966470912098
