,id,player_name,team_title,position,games,time,goals,xG,assists,xA,shots,key_passes,yellow_cards,red_cards,npg,npxG,xGChain,xGBuildup
3846,284,Carlos Zambrano,Rubin Kazan,D S,21,1782,0,1.064587268978357,1,0.5402364395558834,10,8,4,1,0,1.064587268978357,3.335490556433797,3.099706908687949
3847,284,Carlos Zambrano,Eintracht Frankfurt,D S,17,1452,0,0.4825443997979164,1,0.4120445549488067,5,1,7,1,0,0.4825443997979164,2.1602977300062776,1.7359858890995383
3848,284,Carlos Zambrano,Eintracht Frankfurt,D S,24,1791,0,0.1162330005317926,0,0.0,4,0,8,1,0,0.1162330005317926,2.6580553017556667,2.6394757740199566
