,id,player_name,team_title,position,games,time,goals,xG,assists,xA,shots,key_passes,yellow_cards,red_cards,npg,npxG,xGChain,xGBuildup
3776,1938,Carlos Carbonero,Cesena,M S,22,1398,3,1.884507417678833,2,1.500954519957304,27,20,7,0,3,1.884507417678833,4.304596183821559,1.8529939465224745
3777,1938,Carlos Carbonero,Sampdoria,F M S,14,1028,0,0.5945521276444197,3,1.786801440641284,6,16,3,0,0,0.5945521276444197,4.662679436150938,2.4323151693679392
