,id,player_name,team_title,position,games,time,goals,xG,assists,xA,shots,key_passes,yellow_cards,red_cards,npg,npxG,xGChain,xGBuildup
3753,7609,Carles Pérez,Roma,F M S,21,742,2,2.882694583386183,1,1.297594465315342,23,15,0,0,2,2.882694583386183,5.875422216951847,2.4600910376757383
3754,7609,Carles Pérez,Barcelona,F S,10,480,1,1.2460054084658625,2,0.3939679004251957,14,7,0,0,1,1.2460054084658625,4.344369430094957,2.9075021743774414
3755,7609,Carles Pérez,Roma,M S,9,291,0,0.7412020638585091,1,1.0814632400870323,12,11,2,0,0,0.7412020638585091,2.331444125622511,0.8290534419938922
3756,7609,Carles Pérez,Roma,M S,14,553,1,1.2256436832249165,3,1.41373473405838,21,10,2,0,1,1.2256436832249165,4.880619715899229,3.715161446481943
3757,7609,Carles Pérez,Barcelona,S,1,16,0,0.0773541703820228,0,0.0,1,0,0,0,0,0.0773541703820228,0.0773541703820228,0.0
