,id,player_name,team_title,position,games,time,goals,xG,assists,xA,shots,key_passes,yellow_cards,red_cards,npg,npxG,xGChain,xGBuildup
3856,2248,Casemiro,Real Madrid,M S,34,2902,6,6.690094553865492,4,2.905790191143751,46,25,9,1,6,6.690094553865492,14.21477537881583,10.204972251318395
3857,2248,Casemiro,Real Madrid,M,35,3096,4,4.22268657758832,3,1.7972075855359435,45,14,12,0,4,4.22268657758832,17.749050233513117,14.301674213260412
3858,2248,Casemiro,Real Madrid,M S,16,1337,0,0.3868457293137908,3,2.265130300074816,14,13,4,0,0,0.3868457293137908,9.35830832272768,7.543881297111511
3859,2248,Casemiro,Real Madrid,M S,25,1711,4,3.204523173160851,0,0.4295689407736063,15,9,9,0,4,3.204523173160851,10.851803945377467,9.815897172316909
3860,2248,Casemiro,Real Madrid,D M,30,2609,5,3.646564875729382,3,2.930635930970311,32,23,8,0,5,3.646564875729382,19.951449058949947,15.432110242545605
3861,2248,Casemiro,Real Madrid,M S,23,1526,1,1.1594860292971134,3,1.167000275105238,20,7,7,0,1,1.1594860292971134,10.446033392101526,9.165881603956224
3862,2248,Casemiro,Real Madrid,M S,29,2317,3,1.6635238844901323,0,1.1146268006414175,40,14,5,1,3,1.6635238844901323,9.677065351977944,8.754740625619888
