,id,player_name,team_title,position,games,time,goals,xG,assists,xA,shots,key_passes,yellow_cards,red_cards,npg,npxG,xGChain,xGBuildup
3863,3344,Casimir Ninga,Montpellier,F M S,29,1265,1,2.6123608704656363,1,1.4299841187894344,34,17,1,0,1,2.6123608704656363,5.574636928737164,1.9622763022780416
3864,3344,Casimir Ninga,Angers,S,5,38,0,0.0,0,0.0,0,0,0,0,0,0.0,0.0,0.0
3865,3344,Casimir Ninga,Montpellier,F M S,9,512,5,1.5308150723576546,2,0.1829693457111716,18,5,2,0,5,1.5308150723576546,2.477145977318287,0.9393947198987008
3866,3344,Casimir Ninga,Caen,F M S,33,2490,6,5.470491310581565,3,2.4015837172046304,52,25,9,0,5,4.710396192967892,7.254241797141731,1.6460041673853991
3867,3344,Casimir Ninga,Angers,S,1,19,0,0.0,0,0.0,0,0,0,0,0,0.0,0.5376933813095093,0.5376933813095093
3868,3344,Casimir Ninga,Angers,F M S,16,671,3,2.8334170915186405,1,1.2139438278973105,30,12,1,1,3,2.8334170915186405,5.588813912123442,2.251989923417568
3869,3344,Casimir Ninga,Montpellier,F M S,26,1986,7,5.326108425855637,4,2.219421437010169,44,16,6,0,7,5.326108425855637,8.317855451256037,1.816645999439061
