,id,player_name,team_title,position,games,time,goals,xG,assists,xA,shots,key_passes,yellow_cards,red_cards,npg,npxG,xGChain,xGBuildup
3918,97,Ceyhun Gülselam,Hannover 96,D M S,13,827,0,0.3685014462098479,1,0.5769368018954992,16,7,8,0,0,0.3685014462098479,2.74373472481966,2.381237421184778
3919,97,Ceyhun Gülselam,Hannover 96,M S,18,1218,1,1.393098846077919,0,0.2585566230118274,18,7,6,1,1,1.393098846077919,1.72441104054451,1.1467181146144867
