,id,player_name,team_title,position,games,time,goals,xG,assists,xA,shots,key_passes,yellow_cards,red_cards,npg,npxG,xGChain,xGBuildup
3982,459,Charlie Daniels,Bournemouth,D,37,3288,3,2.930393949151039,5,2.4895812459290028,20,37,2,0,1,1.4080562442541122,7.959776733070612,5.7503430880606174
3983,459,Charlie Daniels,Bournemouth,D,2,126,0,0.0,0,0.1417223662137985,0,2,0,0,0,0.0,0.4943442642688751,0.418497234582901
3984,459,Charlie Daniels,Bournemouth,D S,21,1587,1,0.6230836696922779,0,0.4582163458690047,12,11,4,0,1,0.6230836696922779,5.91681988351047,5.410695243626833
3985,459,Charlie Daniels,Bournemouth,D,34,3060,4,1.6076876800507307,3,2.165623553097248,19,29,1,0,4,1.6076876800507307,9.36567383632064,7.032920790836215
3986,459,Charlie Daniels,Bournemouth,D M S,35,3012,1,0.5691774720326066,3,2.483891710639,20,30,0,0,1,0.5691774720326066,5.587671734392643,4.422320447862148
