,id,player_name,team_title,position,games,time,goals,xG,assists,xA,shots,key_passes,yellow_cards,red_cards,npg,npxG,xGChain,xGBuildup
3965,3655,Charles Traore,Nantes,D S,22,1701,1,0.236706156283617,0,0.2212507128715515,4,5,6,0,1,0.236706156283617,1.287214543670416,1.0006764670833943
3966,3655,Charles Traore,Nantes,D S,12,577,0,0.0,0,0.0,0,0,2,0,0,0.0,1.3253064434975386,1.3253064434975386
3967,3655,Charles Traore,Nantes,D M,13,1166,0,0.1460092831403017,0,1.0835798382759094,7,6,3,0,0,0.1460092831403017,2.1996662206947803,1.0532975401729343
3968,3655,Charles Traore,Troyes,D S,34,2998,0,0.3644382301717996,3,3.273049588315189,10,20,8,1,0,0.3644382301717996,6.72457904741168,5.23944244440645
3969,3655,Charles Traore,Nantes,D,20,1749,0,0.091080417856574,1,0.3153054919093847,5,9,3,0,0,0.091080417856574,4.128069328144193,3.809803945943713
3970,3655,Charles Traore,Troyes,D,5,450,0,0.0339506305754184,0,0.4437542781233787,1,2,1,0,0,0.0339506305754184,0.6290083304047585,0.1859967298805713
