,id,player_name,team_title,position,games,time,goals,xG,assists,xA,shots,key_passes,yellow_cards,red_cards,npg,npxG,xGChain,xGBuildup
3999,7700,Che Adams,Southampton,F S,36,2685,9,12.118734162300823,5,5.227753505110741,55,37,1,0,9,12.118734162300823,14.486911714076996,2.7446243297308683
4000,7700,Che Adams,Southampton,F M S,12,867,3,2.168578125536442,1,1.4322864897549152,21,11,0,0,3,2.168578125536442,3.1634047254920006,0.2541318517178297
4001,7700,Che Adams,Southampton,F S,30,1096,4,5.865681562572718,2,1.9888088637962933,36,13,0,0,4,5.865681562572718,7.280021018348634,1.2057215720415115
