,id,player_name,team_title,position,games,time,goals,xG,assists,xA,shots,key_passes,yellow_cards,red_cards,npg,npxG,xGChain,xGBuildup
4002,2426,Chechu Dorado,Villarreal,D S,15,1152,0,0.0501956176012754,0,0.1352969482541084,2,4,3,0,0,0.0501956176012754,1.6941883452236652,1.610954089090228
4003,2426,Chechu Dorado,Rayo Vallecano,D,1,90,0,0.0,0,0.0,0,0,0,0,0,0.0,0.2262072563171386,0.2262072563171386
4004,2426,Chechu Dorado,Rayo Vallecano,D S,10,465,0,0.0357710570096969,0,0.0601871814578771,1,2,2,0,0,0.0357710570096969,0.6568114925175905,0.5966243110597134
