,id,player_name,team_title,position,games,time,goals,xG,assists,xA,shots,key_passes,yellow_cards,red_cards,npg,npxG,xGChain,xGBuildup
4009,4741,Cheick Doukoure,Levante,M S,19,1025,1,0.9945542188361288,0,0.2671302296221256,18,4,4,0,1,0.9945542188361288,1.8220206731930373,0.8837206726893783
4010,4741,Cheick Doukoure,Levante,M S,9,312,0,0.0781526118516922,0,0.0,1,1,1,0,0,0.0781526118516922,0.5160617660731077,0.4379091542214155
4011,4741,Cheick Doukoure,Metz,M S,20,1169,0,0.2483841669745743,0,0.4016634607687592,15,11,2,0,0,0.2483841669745743,2.101686831563711,1.7432158337906003
4012,4741,Cheick Doukoure,Metz,M S,29,2266,0,1.1348200347274542,1,0.2917017010040581,35,10,6,2,0,1.1348200347274542,3.6744931265711775,2.809716487303376
4013,4741,Cheick Doukoure,Levante,S,7,85,0,0.0,0,0.0424267500638961,0,1,1,0,0,0.0,0.0424267500638961,0.0
