,id,player_name,team_title,position,games,time,goals,xG,assists,xA,shots,key_passes,yellow_cards,red_cards,npg,npxG,xGChain,xGBuildup
4280,2746,Christopher Samba,Dinamo Moscow,D,24,2117,4,3.526230424642563,1,0.8933342760428786,30,3,3,0,4,3.526230424642563,3.2357086250558496,2.8800839986652136
4281,2746,Christopher Samba,Dinamo Moscow,D S,4,263,0,0.2780306041240692,0,0.077497974038124,5,1,0,0,0,0.2780306041240692,0.449992916546762,0.4400997078046202
