,id,player_name,team_title,position,games,time,goals,xG,assists,xA,shots,key_passes,yellow_cards,red_cards,npg,npxG,xGChain,xGBuildup
4112,2344,Christian Atsu,Newcastle United,M S,28,1464,1,2.146552658639848,0,1.7553913798183205,28,18,2,0,1,2.146552658639848,5.759222052060068,2.516272109001875
4113,2344,Christian Atsu,Newcastle United,M S,28,1777,2,3.9666862096637487,2,2.7802850790321827,35,24,1,0,2,3.9666862096637487,8.168664582073689,2.44289637170732
4114,2344,Christian Atsu,Everton,F S,5,108,0,0.2264489084482193,1,1.3633009791374209,4,5,0,0,0,0.2264489084482193,2.257687449455261,1.234276831150055
4115,2344,Christian Atsu,Malaga,M S,12,379,2,1.1016966328024864,0,0.8758925013244152,9,6,0,0,2,1.1016966328024864,1.855706783011556,0.3322376534342766
4116,2344,Christian Atsu,Newcastle United,M S,19,733,0,0.2463567238301038,3,0.7123019937425852,5,13,2,0,0,0.2463567238301038,1.5334891080856323,0.7073047198355198
