,id,player_name,team_title,position,games,time,goals,xG,assists,xA,shots,key_passes,yellow_cards,red_cards,npg,npxG,xGChain,xGBuildup
4083,3582,Chris Mavinga,Troyes,D S,20,1588,0,0.7916653212159872,1,1.637076915241778,11,8,6,1,0,0.7916653212159872,3.91352694761008,2.298806597478688
4084,3582,Chris Mavinga,Reims,D S,9,646,0,0.0306706400588154,1,0.1155011411756277,2,3,2,1,0,0.0306706400588154,0.5936203971505165,0.4870441416278481
