,id,player_name,team_title,position,games,time,goals,xG,assists,xA,shots,key_passes,yellow_cards,red_cards,npg,npxG,xGChain,xGBuildup
4194,7417,Christian Oliva,Cagliari,S,3,23,0,0.0,0,0.0,0,0,0,0,0,0.0,0.0,0.0
4195,7417,Christian Oliva,Cagliari,M S,11,461,1,0.1341538559645414,1,0.16899473965168,3,2,1,0,1,0.1341538559645414,1.4778405223041773,1.1746919211000204
4196,7417,Christian Oliva,Valencia,M S,9,182,0,0.0295287799090147,2,0.1103313099592924,2,2,0,0,0,0.0295287799090147,0.3683917745947838,0.2285316847264766
4197,7417,Christian Oliva,Cagliari,M S,10,383,0,0.0,1,0.1145957820117473,0,2,2,0,0,0.0,0.2852918962016701,0.2294658469036221
