,id,player_name,team_title,position,games,time,goals,xG,assists,xA,shots,key_passes,yellow_cards,red_cards,npg,npxG,xGChain,xGBuildup
4175,1391,Christian Maggio,Napoli,D S,8,390,0,0.0230006631463766,0,0.1362744010984897,1,2,0,0,0,0.0230006631463766,0.8043169248849154,0.7769059110432863
4176,1391,Christian Maggio,Napoli,D,29,2581,0,0.6178968027234077,2,2.007265084423125,12,20,7,1,0,0.6178968027234077,8.589275849983096,6.747547127306461
4177,1391,Christian Maggio,Benevento,D S,8,294,0,0.0632791593670845,0,0.0,2,0,2,0,0,0.0632791593670845,0.1922022784128785,0.1922022784128785
4178,1391,Christian Maggio,Napoli,D S,7,391,0,0.0453834794461727,0,0.179668478667736,1,2,0,0,0,0.0453834794461727,1.669822652824223,1.4877581940963864
4179,1391,Christian Maggio,Napoli,D S,13,625,0,0.0,0,0.1406207904219627,0,3,0,0,0,0.0,2.5823185332119465,2.4655491299927235
