,id,player_name,team_title,position,games,time,goals,xG,assists,xA,shots,key_passes,yellow_cards,red_cards,npg,npxG,xGChain,xGBuildup
4158,4243,Christian Günter,Freiburg,D,34,3060,3,0.8551356922835112,3,5.885396527126432,26,69,2,0,3,0.8551356922835112,10.019236496649684,6.679837464354932
4159,4243,Christian Günter,Freiburg,D,15,1350,0,0.5687017478048801,4,3.627866752445698,9,41,0,0,0,0.5687017478048801,4.150803726166487,1.5056807342916727
4160,4243,Christian Günter,Freiburg,D M,32,2880,0,1.133502439595759,5,4.637315507978201,29,48,3,1,0,1.133502439595759,8.043951106257737,5.214017548598349
4161,4243,Christian Günter,Freiburg,D M S,34,2886,1,1.1277981977909803,2,1.499348598532379,26,24,4,0,1,1.1277981977909803,5.526627054437995,3.757311750203371
4162,4243,Christian Günter,Freiburg,D M S,31,2696,0,0.3693887079134583,2,1.759102888405323,15,29,5,1,0,0.3693887079134583,4.700487662106752,2.99606157746166
4163,4243,Christian Günter,Freiburg,D M,34,3036,2,1.2055699964985251,8,8.441035274416208,32,80,2,0,2,1.2055699964985251,9.718329208903016,5.429019453935325
4164,4243,Christian Günter,Freiburg,D M,34,3060,1,1.711511380970478,3,3.6452712742611766,26,50,2,0,1,0.953734703361988,7.036295130848885,4.870441183447838
