,id,player_name,team_title,position,games,time,goals,xG,assists,xA,shots,key_passes,yellow_cards,red_cards,npg,npxG,xGChain,xGBuildup
4251,3470,Christophe Kerbrat,Guingamp,D M S,32,2404,0,0.2481444431468844,0,0.3881484195590019,5,5,1,2,0,0.2481444431468844,2.973545510787517,2.931629705708474
4252,3470,Christophe Kerbrat,Guingamp,D,37,3322,1,0.3770626857876777,0,0.0824110815301537,7,4,4,0,1,0.3770626857876777,4.426536858081818,4.315678346902132
4253,3470,Christophe Kerbrat,Guingamp,D,25,2101,0,0.0410665171220898,0,0.5390924215316772,2,1,3,1,0,0.0410665171220898,1.8020497504621744,1.8020497504621744
4254,3470,Christophe Kerbrat,Guingamp,D,29,2591,0,0.4095416441559791,0,0.4397758543491363,4,4,7,0,0,0.4095416441559791,3.8309312723577023,3.747403271496296
4255,3470,Christophe Kerbrat,Guingamp,D,35,3135,0,0.2240212298929691,1,2.095489986240864,6,8,4,0,0,0.2240212298929691,6.342444570735097,6.010727161541581
