,id,player_name,team_title,position,games,time,goals,xG,assists,xA,shots,key_passes,yellow_cards,red_cards,npg,npxG,xGChain,xGBuildup
4073,7704,Chris Basham,Sheffield United,D M,31,2602,0,0.6195667274296284,1,1.066536583006382,10,12,5,0,0,0.6195667274296284,7.368293838575482,6.053649365901947
4074,7704,Chris Basham,Sheffield United,D,38,3275,0,0.3295389236882329,1,1.3122201338410378,6,13,4,0,0,0.3295389236882329,4.455961814150214,4.018944853916764
