,id,player_name,team_title,position,games,time,goals,xG,assists,xA,shots,key_passes,yellow_cards,red_cards,npg,npxG,xGChain,xGBuildup
4258,7798,Christopher Antwi-Adjei,Paderborn,D F M S,34,2470,1,3.625427754595876,2,4.125182370655239,46,43,2,0,1,3.625427754595876,11.428277721628548,4.317701850086451
4259,7798,Christopher Antwi-Adjei,Bochum,F M S,12,464,0,1.114593816921115,1,0.4081915747374296,13,3,1,0,0,1.114593816921115,1.7263873983174562,0.2159435786306858
