,id,player_name,team_title,position,games,time,goals,xG,assists,xA,shots,key_passes,yellow_cards,red_cards,npg,npxG,xGChain,xGBuildup
4165,1725,Christian Kabasele,Watford,D S,27,2261,0,0.8253115126863122,2,0.6392174754291773,9,5,1,2,0,0.8253115126863122,2.3037340007722378,2.2784006632864475
4166,1725,Christian Kabasele,Watford,D M S,16,767,2,1.6655441522598269,0,0.1006660275161266,7,3,1,0,2,1.6655441522598269,0.3310521859675646,0.2001899126917123
4167,1725,Christian Kabasele,Watford,D S,21,1585,0,1.5429877918213606,0,0.1839807257056236,8,2,2,1,0,1.5429877918213606,2.540229249745608,2.489375114440918
4168,1725,Christian Kabasele,Watford,D S,3,200,0,0.416583389043808,0,0.0,1,0,0,0,0,0.416583389043808,0.2907362766563892,0.2907362766563892
4169,1725,Christian Kabasele,Watford,D S,28,2330,2,0.7799915987998247,0,0.1301094368100166,10,3,5,0,2,0.7799915987998247,2.8189906496554613,2.7019147891551256
