,id,player_name,team_title,position,games,time,goals,xG,assists,xA,shots,key_passes,yellow_cards,red_cards,npg,npxG,xGChain,xGBuildup
4085,7384,Chris Mepham,Bournemouth,D S,12,909,1,1.053304761648178,0,0.0767363831400871,7,1,1,0,1,1.053304761648178,0.9437225051224232,0.7480950877070427
4086,7384,Chris Mepham,Bournemouth,D S,13,850,0,0.050437968224287,1,0.6852378845214844,2,2,1,0,0,0.050437968224287,0.959799425676465,0.9470229968428612
