,id,player_name,team_title,position,games,time,goals,xG,assists,xA,shots,key_passes,yellow_cards,red_cards,npg,npxG,xGChain,xGBuildup
4134,646,Christian Eriksen,Inter,M S,26,1401,3,1.18103361222893,0,2.388552473857999,29,30,1,0,3,1.18103361222893,8.246588556095958,6.635255221277475
4135,646,Christian Eriksen,Tottenham,F M S,20,1075,2,1.7644307054579258,2,2.2595173344016075,26,23,5,0,2,1.7644307054579258,4.081463946029544,1.7793743619695306
4136,646,Christian Eriksen,Tottenham,M,37,3239,10,7.245938941836357,10,11.893049443140626,96,95,0,0,10,7.245938941836357,27.00611260905862,15.511445418931544
4137,646,Christian Eriksen,Inter,M S,17,699,1,2.946165032684803,2,2.651609741151333,24,22,0,0,1,2.946165032684803,7.065471891313791,3.5410911180078983
4138,646,Christian Eriksen,Tottenham,M,36,3181,8,8.864706524647772,15,11.74069780483842,133,112,0,0,8,8.864706524647772,22.94315988570452,10.89121271762997
4139,646,Christian Eriksen,Tottenham,M S,35,2772,8,5.66104980558157,12,7.882119238376617,83,73,3,0,8,5.66104980558157,16.645785599946976,9.100178128108382
4140,646,Christian Eriksen,Tottenham,M S,35,2950,6,5.512104779481888,13,9.80885277595371,100,115,2,0,6,5.512104779481888,22.975157104432583,14.476947259157896
4141,646,Christian Eriksen,Tottenham,M S,38,3160,10,7.389632631093264,2,6.088786538690329,97,84,4,0,10,7.389632631093264,21.318574644625187,13.018117560073732
