,id,player_name,team_title,position,games,time,goals,xG,assists,xA,shots,key_passes,yellow_cards,red_cards,npg,npxG,xGChain,xGBuildup
4294,875,Ciaran Clark,Aston Villa,D S,18,1442,1,0.8913225531578064,0,0.6958844438195229,10,4,6,0,1,0.8913225531578064,0.7675874177366495,0.6018299534916878
4295,875,Ciaran Clark,Newcastle United,D S,20,1744,2,2.1719513162970543,1,0.9510247372090816,11,4,3,0,2,2.1719513162970543,3.3952517081052065,2.942892188206315
4296,875,Ciaran Clark,Newcastle United,D,11,905,0,1.0101889353245497,1,0.1964808171615004,7,4,2,1,0,1.0101889353245497,1.7617447040975094,1.6704292874783278
4297,875,Ciaran Clark,Newcastle United,D S,22,1895,1,0.6622023619711399,0,0.144389409571886,8,2,3,0,1,0.6622023619711399,2.862961159087717,2.862961159087717
4298,875,Ciaran Clark,Newcastle United,D,14,1192,2,0.7519120462238789,0,0.0548618137836456,6,1,3,0,2,0.7519120462238789,2.04942443408072,2.008845856413245
4299,875,Ciaran Clark,Newcastle United,D S,11,850,3,0.4652565587311983,0,0.0528796873986721,7,2,1,0,3,0.4652565587311983,1.967474922537804,1.637007288634777
4300,875,Ciaran Clark,Aston Villa,D S,25,2000,1,2.3430711440742016,2,0.8780082920566201,16,6,8,1,1,2.3430711440742016,3.1968478662893176,2.2491843067109585
