,id,player_name,team_title,position,games,time,goals,xG,assists,xA,shots,key_passes,yellow_cards,red_cards,npg,npxG,xGChain,xGBuildup
4328,2502,Claudio Beauvue,Leganes,F S,28,1667,2,4.133478398900479,0,1.1806247141212225,40,9,4,0,2,4.133478398900479,7.004983691498637,2.1010624952614307
4329,2502,Claudio Beauvue,Lyon,F S,19,1287,5,6.962971914559603,2,1.768293951638043,64,15,0,0,4,6.202876795083284,6.966166350990534,0.9678891692310572
4330,2502,Claudio Beauvue,Caen,F M S,25,1495,3,4.140020290389657,0,1.0879207076504829,40,12,1,0,2,3.379925163462758,4.077612675726414,0.2328807367011904
4331,2502,Claudio Beauvue,Celta Vigo,F M S,10,502,1,1.1749720387160778,0,0.4533469900488853,11,5,1,0,1,1.1749720387160778,1.550084117799997,0.1360743530094623
4332,2502,Claudio Beauvue,Celta Vigo,F S,13,652,1,2.734460219740868,2,1.181070474907756,19,8,1,0,1,2.734460219740868,4.395148925483227,0.7039224840700626
4333,2502,Claudio Beauvue,Guingamp,F M S,36,2996,17,12.1726897303015,3,3.9643061356619,83,30,1,0,11,7.612118801102042,11.970876448787749,2.365179657936096
