,id,player_name,team_title,position,games,time,goals,xG,assists,xA,shots,key_passes,yellow_cards,red_cards,npg,npxG,xGChain,xGBuildup
4360,117,Clemens Fritz,Werder Bremen,D M S,27,2261,0,0.987866660580039,2,0.8370921108871698,17,11,4,1,0,0.987866660580039,5.338492767885327,3.667382216081023
4361,117,Clemens Fritz,Werder Bremen,M S,18,1305,0,0.1874418994411826,3,0.4285387434065342,6,9,5,0,0,0.1874418994411826,1.6880786754190922,1.2181730959564447
4362,117,Clemens Fritz,Werder Bremen,M,29,2536,1,0.5767131447792053,2,1.6141161154955626,25,15,13,0,1,0.5767131447792053,6.48781724087894,4.372430277988315
