,id,player_name,team_title,position,games,time,goals,xG,assists,xA,shots,key_passes,yellow_cards,red_cards,npg,npxG,xGChain,xGBuildup
4425,519,Connor Wickham,Crystal Palace,F M S,8,406,2,1.0896473955363035,0,0.0,10,0,1,0,2,1.0896473955363035,1.2747607920318842,0.3482364565134048
4426,519,Connor Wickham,Crystal Palace,S,6,56,0,0.3429011553525924,1,0.3942410759627819,5,4,0,0,0,0.3429011553525924,0.6588715426623821,0.1418546140193939
4427,519,Connor Wickham,Sunderland,F M S,36,2782,5,7.663333743810654,1,1.7667257795110345,83,21,8,0,5,7.663333743810654,12.30491459555924,4.778484398499131
4428,519,Connor Wickham,Crystal Palace,F M S,21,1328,5,4.3181038200855255,3,0.8700869055464864,34,12,1,0,4,3.556934989988804,4.547878505662084,1.5450101364403963
4429,519,Connor Wickham,Crystal Palace,S,6,78,1,1.115554228425026,1,0.4237448163330555,3,3,0,0,1,1.115554228425026,1.451029047369957,0.0195183232426643
