,id,player_name,team_title,position,games,time,goals,xG,assists,xA,shots,key_passes,yellow_cards,red_cards,npg,npxG,xGChain,xGBuildup
4450,3603,Corentin Tolisso,Bayern Munich,M S,16,778,1,2.6676314985379577,0,0.3736625518649816,12,8,1,1,1,2.6676314985379577,5.875512517057359,3.421117387712002
4451,3603,Corentin Tolisso,Bayern Munich,M S,2,51,1,0.0749659463763237,0,0.1098838131874799,1,2,0,0,1,0.0749659463763237,0.2132432386279106,0.0283934790641069
4452,3603,Corentin Tolisso,Bayern Munich,M S,26,1527,6,4.626193698495626,4,2.481704398989677,42,20,3,0,6,4.626193698495626,14.288058668375015,9.23302005045116
4453,3603,Corentin Tolisso,Lyon,D M S,33,2580,5,4.671260703355074,6,4.613378934562206,62,38,3,0,5,4.671260703355074,15.24491122364998,11.469249093905091
4454,3603,Corentin Tolisso,Bayern Munich,M S,7,368,0,0.3936578463762998,1,0.8156198859214783,5,7,0,0,0,0.3936578463762998,4.0101959109306335,3.029136434197426
4455,3603,Corentin Tolisso,Bayern Munich,M S,13,632,1,1.2479421328753233,2,1.7606857381761074,15,13,0,0,1,1.2479421328753233,8.434462904930115,6.477349400520325
4456,3603,Corentin Tolisso,Lyon,D M S,38,3314,7,5.569767940789461,2,1.4238327741622925,48,20,1,0,7,5.569767940789461,15.20203110575676,11.572344325482844
4457,3603,Corentin Tolisso,Lyon,D M S,31,2581,8,7.112147058360279,5,6.098606032319367,66,44,1,1,8,7.112147058360279,22.32900767493993,13.284889903850852
