,id,player_name,team_title,position,games,time,goals,xG,assists,xA,shots,key_passes,yellow_cards,red_cards,npg,npxG,xGChain,xGBuildup
4543,1895,Cristian Zaccardo,AC Milan,D,3,211,1,0.3584564328193664,1,0.0883760172873735,1,2,0,1,1,0.3584564328193664,0.9444739893078804,0.8560979682952166
4544,1895,Cristian Zaccardo,Carpi,D S,27,2405,1,1.7240976970642805,0,0.344283883459866,17,7,4,0,1,1.7240976970642805,3.182130839675665,1.9622094500809908
