,id,player_name,team_title,position,games,time,goals,xG,assists,xA,shots,key_passes,yellow_cards,red_cards,npg,npxG,xGChain,xGBuildup
4516,1499,Cristian Raimondi,Atalanta,D M S,8,331,0,0.1307754190638661,0,0.1915297470986843,3,4,3,0,0,0.1307754190638661,0.6980781704187393,0.4916466027498245
4517,1499,Cristian Raimondi,Atalanta,M S,6,312,0,0.0675876140594482,2,0.7423077262938023,2,3,1,0,0,0.0675876140594482,1.3679558709263802,0.6527434960007668
4518,1499,Cristian Raimondi,Atalanta,D F S,18,721,0,0.5606372356414795,0,0.0521460026502609,6,3,4,0,0,0.5606372356414795,1.0998477265238762,0.7309865690767765
