,id,player_name,team_title,position,games,time,goals,xG,assists,xA,shots,key_passes,yellow_cards,red_cards,npg,npxG,xGChain,xGBuildup
4571,2371,Cristiano Ronaldo,Real Madrid,F M,36,3186,35,35.58900645375252,11,8.606404347345233,227,51,3,0,29,28.899507626891136,40.81802845001221,9.863004602491856
4572,2371,Cristiano Ronaldo,Juventus,F M S,31,2692,21,23.32403990253806,8,5.193873833864927,175,48,3,0,16,18.75628685578704,21.854169853031635,7.177339139394462
4573,2371,Cristiano Ronaldo,Manchester United,F S,13,1030,7,8.367213398218155,2,1.460306152701378,46,9,3,0,5,6.844875782728195,9.409181073307993,2.0246845800429583
4574,2371,Cristiano Ronaldo,Juventus,S,1,28,0,0.2049689441919326,0,0.0353769697248935,1,1,1,0,0,0.2049689441919326,0.0513100884854793,0.0159331187605857
4575,2371,Cristiano Ronaldo,Juventus,F S,33,2807,29,29.83808070421219,3,3.8546393513679504,167,36,3,0,23,23.74781009554863,28.63540640473365,8.915717896074057
4576,2371,Cristiano Ronaldo,Real Madrid,F,27,2304,26,26.999303579330444,5,5.524841643869877,178,40,1,0,23,24.02619305253029,31.62383733689785,9.47185287065804
4577,2371,Cristiano Ronaldo,Juventus,F,33,2920,31,29.43167947418988,5,6.067225832492113,208,51,3,0,19,19.53495633788407,26.5536093339324,7.224641568958759
4578,2371,Cristiano Ronaldo,Real Madrid,F M,29,2546,25,25.413737758994102,6,4.591035931371152,162,31,4,0,19,19.467644795775414,29.57457834482193,8.661094894632697
4579,2371,Cristiano Ronaldo,Real Madrid,F M,35,3103,48,39.30876067932695,16,13.600642347708344,225,76,5,1,38,30.38968584593385,43.60801999177784,7.520237253978848
