,id,player_name,team_title,position,games,time,goals,xG,assists,xA,shots,key_passes,yellow_cards,red_cards,npg,npxG,xGChain,xGBuildup
4535,1421,Cristian Tello,Real Betis,D M S,29,1547,4,3.137837682850659,6,4.465180344879627,36,28,4,0,4,3.137837682850659,11.799681842327118,5.511579358018935
4536,1421,Cristian Tello,Real Betis,M S,11,299,0,1.0412270426750183,1,1.4643124900758266,12,8,1,0,0,1.0412270426750183,2.408811390399933,0.7180045545101166
4537,1421,Cristian Tello,Real Betis,D F M S,32,1678,4,2.089655127376318,3,3.453051442280412,33,25,2,0,4,2.089655127376318,8.157649448141456,4.883277663961053
4538,1421,Cristian Tello,Fiorentina,D M S,36,2073,4,3.7367495140060782,4,3.496877431869507,54,48,1,0,4,3.7367495140060782,11.347771670669315,5.214885047636926
4539,1421,Cristian Tello,Fiorentina,D F M S,15,1086,2,1.8617646675556896,4,1.8075823476538064,22,22,1,0,2,1.8617646675556896,4.560196640901268,1.4364141849800944
4540,1421,Cristian Tello,Real Betis,F M S,29,1264,5,2.5842966493219137,3,2.1894052550196648,35,20,0,1,5,2.5842966493219137,6.694114577025175,2.240254643373192
4541,1421,Cristian Tello,Real Betis,F M S,27,726,2,1.4547835998237133,0,0.2558444496244192,19,6,1,0,2,1.4547835998237133,3.537459531798959,1.983886979520321
