,id,player_name,team_title,position,games,time,goals,xG,assists,xA,shots,key_passes,yellow_cards,red_cards,npg,npxG,xGChain,xGBuildup
4590,6665,Curtis Jones,Liverpool,M S,6,108,1,0.8147163465619087,0,0.0,6,0,0,0,1,0.8147163465619087,1.367407813668251,0.9333235323429108
4591,6665,Curtis Jones,Liverpool,M S,24,1174,1,1.758892709389329,2,1.5211435090750456,19,12,2,0,1,1.758892709389329,7.742866411805153,5.182874273508787
4592,6665,Curtis Jones,Liverpool,M S,5,327,1,0.2735362891107797,1,0.1908026132732629,6,2,0,0,1,0.2735362891107797,1.623631240800023,1.1592923402786257
