,id,player_name,team_title,position,games,time,goals,xG,assists,xA,shots,key_passes,yellow_cards,red_cards,npg,npxG,xGChain,xGBuildup
4594,1147,Cyril Théréau,"Fiorentina,Udinese",F M S,22,1307,7,6.481556757353246,4,2.564457828179002,34,23,2,0,3,3.4363614162430167,9.786596091464162,4.543992891907692
4595,1147,Cyril Théréau,Udinese,F M S,36,2912,11,12.46032466646284,3,4.878205426037312,77,49,2,1,11,12.46032466646284,15.727519678883256,5.05800564866513
4596,1147,Cyril Théréau,Udinese,F M S,33,2516,12,9.618900392204525,2,2.194914948195219,70,30,3,0,11,8.09630273655057,13.323270665481688,5.03896114975214
4597,1147,Cyril Théréau,"Cagliari,Fiorentina",F S,7,150,0,0.1209969017654657,0,0.0,3,0,1,0,0,0.1209969017654657,0.22086126729846,0.1698691472411155
4598,1147,Cyril Théréau,Udinese,F M S,37,2476,10,6.998357839882374,0,1.6587732816115022,50,24,3,0,10,6.998357839882374,11.675082703121006,4.885954619385302
