,id,player_name,team_title,position,games,time,goals,xG,assists,xA,shots,key_passes,yellow_cards,red_cards,npg,npxG,xGChain,xGBuildup
4621,3257,Cédric Yambéré,Bordeaux,D M S,27,2254,3,2.9487521764822304,0,0.5558536779135466,21,3,6,0,3,2.9487521764822304,4.016377680469304,3.5356700103729963
4622,3257,Cédric Yambéré,Dijon,D S,32,2830,3,1.115879561752081,0,0.2982157859951257,8,7,7,2,3,1.115879561752081,5.41055229306221,5.102631531655788
4623,3257,Cédric Yambéré,Anzhi Makhachkala,D M S,12,991,0,0.6771906390786171,0,0.0991227542981505,5,6,3,0,0,0.6771906390786171,1.5886153746396303,1.3543473239988089
4624,3257,Cédric Yambéré,Bordeaux,D M S,16,1187,1,0.2886954778805375,0,0.067358911037445,8,1,2,0,1,0.2886954778805375,1.2492577182129023,1.032398504205048
4625,3257,Cédric Yambéré,Dijon,D S,33,2806,0,2.164223004132509,0,0.2507400531321764,22,3,4,0,0,2.164223004132509,3.5829417519271374,3.0999591425061226
