,id,player_name,team_title,position,games,time,goals,xG,assists,xA,shots,key_passes,yellow_cards,red_cards,npg,npxG,xGChain,xGBuildup
4634,2769,César Navas,Rubin Kazan,D,17,1441,0,0.2047326071187853,0,0.0584665229544043,5,2,2,1,0,0.2047326071187853,3.3758088080212474,3.29289189260453
4635,2769,César Navas,Rubin Kazan,D,17,1530,0,0.089024893939495,0,0.1377629339694976,1,2,2,0,0,0.089024893939495,2.133263925090432,1.995500987395644
4636,2769,César Navas,Rubin Kazan,D S,22,1925,0,0.0300494274124503,0,0.008758601732552,2,1,6,0,0,0.0300494274124503,3.047015501186252,3.038256896659732
4637,2769,César Navas,FC Rostov,D,28,2520,0,0.2011748533695936,0,0.0412312690168619,4,3,8,0,0,0.2011748533695936,6.893652233295143,6.865010552108288
4638,2769,César Navas,FC Rostov,D,24,2070,1,1.1584236845374107,4,1.6157070714980364,10,5,4,1,1,1.1584236845374107,1.217102619819343,1.1271683005616069
