,id,player_name,team_title,position,games,time,goals,xG,assists,xA,shots,key_passes,yellow_cards,red_cards,npg,npxG,xGChain,xGBuildup
4642,6145,Daichi Kamada,Eintracht Frankfurt,F M S,28,1970,2,6.370815800502896,4,3.5106155541725457,46,38,5,0,2,6.370815800502896,13.206486754119396,5.602587919682264
4643,6145,Daichi Kamada,Eintracht Frankfurt,M S,14,988,0,1.6663088090717793,1,1.3568097613751888,17,15,0,0,0,1.6663088090717793,4.923010094091296,2.1807745937258005
4644,6145,Daichi Kamada,Eintracht Frankfurt,F M S,3,148,0,0.0592594221234321,0,0.0254339538514614,2,1,0,0,0,0.0592594221234321,0.1309398226439952,0.046246450394392
4645,6145,Daichi Kamada,Eintracht Frankfurt,D F M S,32,2383,5,6.001848852261901,12,6.787546444684267,38,55,3,0,5,6.001848852261901,19.09980715811253,9.384852580726148
