,id,player_name,team_title,position,games,time,goals,xG,assists,xA,shots,key_passes,yellow_cards,red_cards,npg,npxG,xGChain,xGBuildup
4682,3542,Damien Da Silva,Rennes,D,30,2670,4,1.3423150284215808,0,0.3259261008352041,23,6,7,1,4,1.3423150284215808,8.682515455409884,8.55538527853787
4683,3542,Damien Da Silva,Caen,D,28,2484,2,1.864160401746631,0,1.5643199756741524,16,4,4,1,2,1.864160401746631,1.8536789249628784,1.8363908808678389
4684,3542,Damien Da Silva,Caen,D,35,3076,1,0.9055910557508468,1,0.1742719961330294,14,4,5,1,1,0.9055910557508468,1.3936908729374409,1.282260924577713
4685,3542,Damien Da Silva,Rennes,D S,33,2875,2,1.748770833015442,1,0.1847299225628376,14,4,4,0,2,1.748770833015442,5.7299959436059,5.62804667558521
4686,3542,Damien Da Silva,Lyon,D S,6,332,0,0.0336865372955799,0,0.0,2,0,1,1,0,0.0336865372955799,1.0059648603200912,1.0059648603200912
4687,3542,Damien Da Silva,Rennes,D,25,2246,1,0.5426418781280518,1,1.099306683987379,5,4,3,0,1,0.5426418781280518,5.234104212373495,4.917093072086573
4688,3542,Damien Da Silva,Caen,D M,36,3172,0,1.1327800508588552,1,1.6022568959742785,16,6,3,2,0,1.1327800508588552,5.74135981593281,5.596357717178762
4689,3542,Damien Da Silva,Caen,D,32,2839,4,1.6819988759234548,0,0.0,18,0,7,0,4,1.6819988759234548,2.2556601986289024,2.160194136202336
