,id,player_name,team_title,position,games,time,goals,xG,assists,xA,shots,key_passes,yellow_cards,red_cards,npg,npxG,xGChain,xGBuildup
4690,511,Damien Delaney,Crystal Palace,D S,29,2430,0,0.7433971520513296,0,0.739634127356112,13,8,6,1,0,0.7433971520513296,2.1144104190170765,1.7579276859760284
4691,511,Damien Delaney,Crystal Palace,D S,2,94,0,0.0,0,0.0,0,0,0,0,0,0.0,0.0,0.0
4692,511,Damien Delaney,Crystal Palace,D S,30,1999,0,0.2144261132925748,2,1.6946070864796638,5,6,8,0,0,0.2144261132925748,1.6368590369820597,1.1091091334819794
4693,511,Damien Delaney,Crystal Palace,D,32,2880,2,1.83419487439096,3,2.6911381892859936,21,10,2,0,2,1.83419487439096,3.014545656740665,1.7363992631435394
