,id,player_name,team_title,position,games,time,goals,xG,assists,xA,shots,key_passes,yellow_cards,red_cards,npg,npxG,xGChain,xGBuildup
4713,462,Dan Gosling,Bournemouth,M S,34,2442,3,3.227647541090846,1,1.8973796423524616,40,27,6,0,3,3.227647541090846,6.995542153716087,2.6217275094240904
4714,462,Dan Gosling,Bournemouth,F M S,28,1940,2,2.26678051520139,1,0.9464136194437742,23,18,8,0,2,2.26678051520139,5.967870011925697,3.5910780653357506
4715,462,Dan Gosling,Watford,S,1,19,0,0.0,0,0.0,0,0,0,0,0,0.0,0.0,0.0
4716,462,Dan Gosling,Bournemouth,M S,27,1336,2,1.4571668859571218,0,0.7769601587206125,16,10,6,0,2,1.4571668859571218,5.838790492154658,4.333128820173442
4717,462,Dan Gosling,Bournemouth,M S,25,1729,2,2.3945610458031297,1,0.964506395161152,21,9,8,0,2,2.3945610458031297,9.242941771633925,7.027775038965046
4718,462,Dan Gosling,Bournemouth,M S,24,1255,3,2.9298638608306646,1,1.3691747784614563,13,10,3,0,3,2.9298638608306646,3.787046970799565,1.4419021494686604
