,id,player_name,team_title,position,games,time,goals,xG,assists,xA,shots,key_passes,yellow_cards,red_cards,npg,npxG,xGChain,xGBuildup
4770,759,Daniel Amartey,Leicester,D S,12,714,1,0.5421722754836082,0,0.0,3,0,2,0,1,0.5421722754836082,2.5317332670092583,2.4568762108683586
4771,759,Daniel Amartey,Leicester,D M S,24,1651,1,0.8296374194324017,1,0.5581088084727526,14,15,3,0,1,0.8296374194324017,2.94105108641088,2.098858369514346
4772,759,Daniel Amartey,Leicester,D S,8,487,0,0.0,0,0.0,0,0,0,1,0,0.0,0.2707028556615114,0.2707028556615114
4773,759,Daniel Amartey,Leicester,D S,8,606,0,0.0098498305305838,0,0.0317808985710144,1,1,1,0,0,0.0098498305305838,0.6902819313108921,0.6804321017116308
4774,759,Daniel Amartey,Leicester,D S,5,98,0,0.393357515335083,0,0.0586096420884132,1,1,0,0,0,0.393357515335083,1.3948451932519674,1.0014876779168844
4775,759,Daniel Amartey,Leicester,D S,9,637,0,0.4685515519231558,0,0.1066916938871145,4,3,2,0,0,0.4685515519231558,1.171718118712306,1.0972903799265623
