,id,player_name,team_title,position,games,time,goals,xG,assists,xA,shots,key_passes,yellow_cards,red_cards,npg,npxG,xGChain,xGBuildup
4806,2069,Daniel Carriço,Sevilla,D,6,459,0,0.0,0,0.0214558150619268,0,1,2,0,0,0.0,1.0991159975528717,1.07766018435359
4807,2069,Daniel Carriço,Sevilla,D M,28,2517,1,0.6677217315882444,0,0.3250744380056858,14,4,8,1,1,0.6677217315882444,4.532929880544543,4.165221991017461
4808,2069,Daniel Carriço,Sevilla,D S,11,849,0,1.0998364761471748,0,0.0487658008933067,6,1,3,0,0,1.0998364761471748,1.743993815034628,1.6571690402925014
4809,2069,Daniel Carriço,Sevilla,D,24,2133,1,0.4358511716127395,1,0.6446979884058237,8,5,10,0,1,0.4358511716127395,6.244401590898633,5.9706192295998335
4810,2069,Daniel Carriço,Sevilla,D M S,14,1046,1,1.4352850634604692,1,0.0764870308339595,7,2,4,0,1,1.4352850634604692,3.668828061781824,3.0517162634059787
4811,2069,Daniel Carriço,Sevilla,D S,6,457,0,0.0832707099616527,0,0.0627015512436628,2,2,1,0,0,0.0832707099616527,2.1861917208880186,2.1861917208880186
