,id,player_name,team_title,position,games,time,goals,xG,assists,xA,shots,key_passes,yellow_cards,red_cards,npg,npxG,xGChain,xGBuildup
4926,1412,Daniele Dessena,Cagliari,M S,18,1197,2,1.7769990032538772,0,0.6066337861120701,15,7,4,1,2,1.7769990032538772,2.8943271236494184,0.89295594394207
4927,1412,Daniele Dessena,Cagliari,D M S,17,570,0,0.1306063719093799,0,0.0751440478488802,2,2,1,0,0,0.1306063719093799,0.4744541374966502,0.3283682633191347
4928,1412,Daniele Dessena,Cagliari,D M S,28,1915,1,2.222525809891522,2,1.74300897680223,23,13,4,0,1,2.222525809891522,7.245630193501711,5.318166565150023
4929,1412,Daniele Dessena,Brescia,M S,24,1894,2,1.2287206314504149,0,0.3573100119829178,18,3,5,1,2,1.2287206314504149,3.189182722941041,2.558123260736465
4930,1412,Daniele Dessena,Cagliari,M S,11,338,0,0.5810223445296288,0,0.102606363594532,5,2,3,0,0,0.5810223445296288,0.6922819018363953,0.1112595442682504
