,id,player_name,team_title,position,games,time,goals,xG,assists,xA,shots,key_passes,yellow_cards,red_cards,npg,npxG,xGChain,xGBuildup
4921,1249,Daniele De Rossi,Roma,M S,22,1833,1,0.7516776071861386,2,1.866074277088046,11,18,6,1,1,0.7516776071861386,8.633108302950859,7.721792850643396
4922,1249,Daniele De Rossi,Roma,M S,26,2155,2,1.785918950103223,0,0.4362399270758033,18,13,11,1,2,1.785918950103223,8.457872894592583,7.471707748249173
4923,1249,Daniele De Rossi,Roma,D M S,24,1911,1,0.6859128456562757,2,1.6905599869787693,10,16,9,0,1,0.6859128456562757,9.712913369759915,8.354678666219115
4924,1249,Daniele De Rossi,Roma,M S,18,1279,1,1.4954053005203605,1,1.4726611375808716,5,16,3,0,1,1.4954053005203605,6.129177547991276,4.932874999940395
4925,1249,Daniele De Rossi,Roma,M S,31,2349,4,3.770565743558109,4,2.5648769438266754,20,27,9,0,2,2.247968073002994,12.257933171465991,11.030966989696026
