,id,player_name,team_title,position,games,time,goals,xG,assists,xA,shots,key_passes,yellow_cards,red_cards,npg,npxG,xGChain,xGBuildup
4778,268,Daniel Baier,Augsburg,M,28,2341,1,0.6598395025357604,2,3.201815353706479,18,51,7,0,1,0.6598395025357604,8.408144538290799,7.247620433568954
4779,268,Daniel Baier,Augsburg,M,29,2545,0,0.7232932355254889,2,1.4677672013640404,27,28,6,0,0,0.7232932355254889,8.569242937490344,7.252382714301348
4780,268,Daniel Baier,Augsburg,M,33,2832,0,0.6046878937631845,1,1.0798061126843097,26,22,7,0,0,0.6046878937631845,8.72236242890358,7.788387924432754
4781,268,Daniel Baier,Augsburg,M S,23,1952,1,0.4432307370007038,0,1.0045684492215514,16,10,6,0,1,0.4432307370007038,3.8188166953623295,2.477962961420417
4782,268,Daniel Baier,Augsburg,M,34,3056,1,1.52596128359437,1,1.3234803322702646,31,29,4,0,1,1.52596128359437,11.31232451973483,9.591947611887008
4783,268,Daniel Baier,Augsburg,M,27,2402,1,0.584909581579268,3,2.0849330350756645,24,32,5,0,1,0.584909581579268,6.672353031113744,5.130920777097344
