,id,player_name,team_title,position,games,time,goals,xG,assists,xA,shots,key_passes,yellow_cards,red_cards,npg,npxG,xGChain,xGBuildup
4895,2284,Daniel Wass,Celta Vigo,D F M S,36,2711,2,3.18209339864552,5,4.525770429521799,50,41,3,0,2,3.18209339864552,15.021443630568683,10.214291972108184
4896,2284,Daniel Wass,Valencia,M,17,1448,1,1.8662748262286184,1,0.5653613395988941,21,14,5,0,1,1.8662748262286184,4.7254733787849545,3.493514151312411
4897,2284,Daniel Wass,Valencia,D M,35,3008,4,3.099039194174111,1,1.7630196055397391,38,39,8,0,3,2.355761569924653,8.842152688652277,5.889807665720582
4898,2284,Daniel Wass,Celta Vigo,M S,32,2393,3,3.1635943176224828,4,5.043714173138142,41,47,3,0,3,3.1635943176224828,9.633695770055056,4.813267646357417
4899,2284,Daniel Wass,Valencia,D M S,35,2725,1,1.6690657073631885,6,2.976237555965781,16,20,7,0,1,1.6690657073631885,10.033234204165636,7.635868704877794
4900,2284,Daniel Wass,Valencia,D M S,32,2358,1,1.32141837105155,3,4.149352913722396,28,31,4,0,1,1.32141837105155,10.96084414795041,7.209527347236872
4901,2284,Daniel Wass,Celta Vigo,D M S,35,2944,4,3.974273292347789,9,6.18029461055994,52,55,4,0,4,3.974273292347789,16.57630303967744,9.739907335489988
4902,2284,Daniel Wass,Evian Thonon Gaillard,D F M S,32,2472,8,5.042462471872568,5,4.1579513708129525,48,37,2,1,7,3.522272167727351,7.450322726741433,3.9459709003567696
