,id,player_name,team_title,position,games,time,goals,xG,assists,xA,shots,key_passes,yellow_cards,red_cards,npg,npxG,xGChain,xGBuildup
4788,38,Daniel Brosinski,Mainz 05,D S,26,1694,2,2.149533201009035,4,5.685841574333608,23,55,3,0,1,1.391756501048803,6.431300456635654,2.965051928535104
4789,38,Daniel Brosinski,Mainz 05,D M S,29,2504,1,1.6644169292412698,5,3.092669880017638,32,43,0,0,0,0.9066402516327798,4.636057060677558,2.6753660761751235
4790,38,Daniel Brosinski,Mainz 05,D S,3,174,0,0.0067085530608892,0,0.2621025145053863,1,4,0,0,0,0.0067085530608892,0.2867904417216778,0.1314067039638757
4791,38,Daniel Brosinski,Mainz 05,D M,26,2208,3,2.924733927473426,5,4.075514063239098,18,42,2,0,0,0.6516469027847052,6.273695470765233,3.915662631392479
4792,38,Daniel Brosinski,Mainz 05,D M S,30,2237,1,0.6395065700635314,3,2.291762962937355,14,24,3,0,1,0.6395065700635314,7.70419299416244,6.1551686730235815
4793,38,Daniel Brosinski,Mainz 05,D M S,29,2453,1,1.558644600212574,2,2.3564204275608063,34,30,6,0,0,0.8008679430931807,5.485988220199943,4.347227164544165
4794,38,Daniel Brosinski,Mainz 05,D M S,21,1437,2,1.852739844471216,1,2.621936811134219,10,27,0,0,0,0.3371864836663008,5.567253645509481,4.244673220440745
4795,38,Daniel Brosinski,Mainz 05,D M,32,2776,0,1.3763651847839355,3,2.1074851993471384,21,19,4,1,0,1.3763651847839355,7.946253380738199,5.0670043639838696
