,id,player_name,team_title,position,games,time,goals,xG,assists,xA,shots,key_passes,yellow_cards,red_cards,npg,npxG,xGChain,xGBuildup
4958,5536,Daniil Fomin,FC Ufa,M,27,2430,6,5.78630443289876,1,1.7888337224721909,51,28,5,0,2,2.769206047989428,5.727854278869927,2.786824486218393
4959,5536,Daniil Fomin,Dinamo Moscow,M,17,1469,6,5.218186164274812,2,2.420173600316048,31,27,4,0,2,2.2010848373174667,8.810089645907283,4.722409762442112
4960,5536,Daniil Fomin,Dinamo Moscow,M,29,2380,6,5.346103256568313,3,2.933994465507567,49,34,6,0,3,3.083278769627213,8.409766018390656,5.795331344008446
