,id,player_name,team_title,position,games,time,goals,xG,assists,xA,shots,key_passes,yellow_cards,red_cards,npg,npxG,xGChain,xGBuildup
5009,7010,Danil Lipovoy,"Dinamo Moscow,Khimki",M S,10,210,0,0.1096515506505966,0,0.0782597661018371,2,1,0,0,0,0.1096515506505966,0.5378520879894495,0.4097710642963648
5010,7010,Danil Lipovoy,FC Orenburg,M S,5,368,0,0.5545906946063042,0,0.1700364258140325,6,5,0,0,0,0.5545906946063042,0.6837293170392513,0.0275873411446809
5011,7010,Danil Lipovoy,Krylya Sovetov Samara,M S,6,73,0,0.0953394621610641,0,0.0,1,0,0,0,0,0.0953394621610641,0.3922668322920799,0.2969273701310158
5012,7010,Danil Lipovoy,Dinamo Moscow,S,3,70,0,0.1711588278412819,0,0.0,2,0,0,0,0,0.1711588278412819,0.2076195031404495,0.0364606752991676
