,id,player_name,team_title,position,games,time,goals,xG,assists,xA,shots,key_passes,yellow_cards,red_cards,npg,npxG,xGChain,xGBuildup
5013,8714,Danil Prutsev,Krylya Sovetov Samara,M S,17,1122,0,0.3566015614196658,0,0.8213213384151459,7,17,4,0,0,0.3566015614196658,4.638941168785095,4.058470364660025
5014,8714,Danil Prutsev,PFC Sochi,M S,20,551,0,0.1454387418925762,0,0.6674612341448665,2,11,3,0,0,0.1454387418925762,1.4297309909015894,0.8553314991295338
