,id,player_name,team_title,position,games,time,goals,xG,assists,xA,shots,key_passes,yellow_cards,red_cards,npg,npxG,xGChain,xGBuildup
4755,8774,Dani Gómez,Levante,F S,34,1671,2,3.166329177096486,2,0.7449511839076877,31,11,3,0,2,3.166329177096486,4.753721002489328,2.116134008392692
4756,8774,Dani Gómez,Levante,F S,11,346,0,0.4889510478824377,1,0.2696873601526022,6,4,0,0,0,0.4889510478824377,0.7197961192578077,0.0154913607984781
