,id,player_name,team_title,position,games,time,goals,xG,assists,xA,shots,key_passes,yellow_cards,red_cards,npg,npxG,xGChain,xGBuildup
4761,8292,Dani Olmo,RasenBallsport Leipzig,F M S,12,767,3,1.9231842383742328,1,1.2144705690443516,21,9,1,0,3,1.9231842383742328,5.222254779189825,2.7866643965244293
4762,8292,Dani Olmo,RasenBallsport Leipzig,M S,4,125,0,0.1992691904306411,0,0.0276441071182489,3,1,0,0,0,0.1992691904306411,0.2718804031610489,0.0449671186506748
4763,8292,Dani Olmo,RasenBallsport Leipzig,F M S,32,2209,5,6.9397155828773975,9,5.5308180479332805,77,41,1,0,4,6.181938875466585,19.371173035353426,10.323798866942523
