,id,player_name,team_title,position,games,time,goals,xG,assists,xA,shots,key_passes,yellow_cards,red_cards,npg,npxG,xGChain,xGBuildup
4951,2044,Daniele Verde,Spezia,F S,21,992,6,3.339249832555652,1,2.1137987934052944,33,10,0,0,6,3.339249832555652,5.935444336384535,1.1191165652126074
4952,2044,Daniele Verde,Spezia,F M S,14,675,3,1.64356336183846,1,0.9326657634228468,24,12,0,0,3,1.64356336183846,3.444195972755552,1.5570031628012655
4953,2044,Daniele Verde,Verona,F M S,30,1965,2,1.996022254228592,3,2.014693409204483,37,22,0,0,2,1.996022254228592,4.195557574741542,1.2860518004745245
4954,2044,Daniele Verde,Real Valladolid,F M S,22,622,2,1.4970448706299069,0,1.5240890365093946,24,12,1,0,1,0.7537672612816095,2.9537860080599785,1.7594085857272148
4955,2044,Daniele Verde,Frosinone,M S,6,119,0,0.3213492752984166,0,0.0390880182385444,10,1,0,0,0,0.3213492752984166,0.3604372860863805,0.0
4956,2044,Daniele Verde,Roma,F S,7,200,0,0.7474091723561287,2,0.7225964963436127,10,4,0,0,0,0.7474091723561287,1.103162918239832,0.1978323590010404
