,id,player_name,team_title,position,games,time,goals,xG,assists,xA,shots,key_passes,yellow_cards,red_cards,npg,npxG,xGChain,xGBuildup
4970,6417,Daniil Kulikov,Lokomotiv Moscow,M S,25,1685,0,0.3299606684595346,2,0.9896675636991858,9,23,5,0,0,0.3299606684595346,6.229863608255982,5.663199892267585
4971,6417,Daniil Kulikov,Lokomotiv Moscow,M S,6,277,0,0.2320511490106582,0,0.1430368721485138,4,3,3,0,0,0.2320511490106582,0.7668277285993099,0.5647834725677967
4972,6417,Daniil Kulikov,Lokomotiv Moscow,M S,13,947,0,0.2474806848913431,1,0.970836503431201,6,17,4,0,0,0.2474806848913431,3.4098106883466244,3.018641011789441
