,id,player_name,team_title,position,games,time,goals,xG,assists,xA,shots,key_passes,yellow_cards,red_cards,npg,npxG,xGChain,xGBuildup
4885,56,Daniel Schwaab,VfB Stuttgart,D S,31,2346,1,1.3194357501342893,0,1.6576073598116636,12,17,1,1,1,1.3194357501342893,4.728974614292383,3.587645430117845
4886,56,Daniel Schwaab,VfB Stuttgart,D M S,29,2385,0,0.4246437847614288,1,0.6186670009046793,12,8,3,0,0,0.4246437847614288,5.355980753898621,5.076271336525679
