,id,player_name,team_title,position,games,time,goals,xG,assists,xA,shots,key_passes,yellow_cards,red_cards,npg,npxG,xGChain,xGBuildup
4994,3416,Danijel Subasic,Monaco,GK,37,3330,0,0.0,0,0.0,0,0,4,0,0,0.0,3.1714380150660872,3.1714380150660872
4995,3416,Danijel Subasic,Monaco,GK,36,3240,0,0.0,0,0.1227197796106338,0,1,3,0,0,0.0,2.474387377500534,2.3516675978899
4996,3416,Danijel Subasic,Monaco,GK,34,2941,0,0.0,0,0.0431314148008823,0,1,3,0,0,0.0,4.352521473541856,4.3093900587409735
4997,3416,Danijel Subasic,Monaco,GK,14,1142,0,0.0,0,0.0,0,0,1,0,0,0.0,0.4612014219164848,0.4612014219164848
4998,3416,Danijel Subasic,Monaco,GK,36,3240,0,0.0,0,0.0286432057619094,0,1,1,0,0,0.0,3.484478144906461,3.4558349242433906
