,id,player_name,team_title,position,games,time,goals,xG,assists,xA,shots,key_passes,yellow_cards,red_cards,npg,npxG,xGChain,xGBuildup
5057,1206,Danilo Cataldi,"Genoa,Lazio",M S,24,1518,1,1.4028286021202805,1,1.8382135201245544,17,30,8,0,1,1.4028286021202805,6.616712238639593,5.302266135811806
5058,1206,Danilo Cataldi,Lazio,F M S,12,568,2,0.6125130541622639,1,1.328993834555149,13,13,2,0,2,0.6125130541622639,3.484842412173748,2.9763786867260933
5059,1206,Danilo Cataldi,Benevento,M S,29,2280,1,1.429949059151113,4,2.400800436735153,36,36,9,1,1,1.429949059151113,7.163967777974904,4.895750564523041
5060,1206,Danilo Cataldi,Lazio,M S,19,552,0,0.3220281479880214,0,0.2362212780863046,6,5,4,0,0,0.3220281479880214,3.0926152020692825,2.645461544394493
5061,1206,Danilo Cataldi,Lazio,M S,20,1352,1,0.8498668447136879,3,1.1741802301257849,28,22,8,1,1,0.8498668447136879,3.873521658126265,2.822104203049093
5062,1206,Danilo Cataldi,Lazio,M S,15,817,1,0.134272962808609,0,0.2583740092813968,4,5,4,0,1,0.134272962808609,2.260349422693253,2.0844139494001865
5063,1206,Danilo Cataldi,Lazio,M S,21,552,1,0.3997179679572582,0,0.7688780054450035,10,12,3,0,1,0.3997179679572582,2.4671758972108364,2.2659853417426348
5064,1206,Danilo Cataldi,Lazio,M S,16,987,0,0.2907836642116308,3,1.2164958948269486,13,18,3,1,0,0.2907836642116308,4.42062340863049,3.3858530931174755
