,id,player_name,team_title,position,games,time,goals,xG,assists,xA,shots,key_passes,yellow_cards,red_cards,npg,npxG,xGChain,xGBuildup
4838,752,Daniel Drinkwater,Leicester,M S,29,2466,1,1.1435279259458184,1,1.1219556471332908,31,15,6,0,1,1.1435279259458184,6.518814858049154,5.174252092838287
4839,752,Daniel Drinkwater,Leicester,M,35,3045,2,2.187857849523425,7,5.324236061424017,41,44,3,1,2,2.187857849523425,14.48219976015389,10.150264089927076
4840,752,Daniel Drinkwater,Chelsea,M S,12,519,1,0.1754120085388422,0,0.2692185901105404,6,5,0,0,1,0.1754120085388422,2.6733895801007748,2.324198380112648
4841,752,Daniel Drinkwater,Leicester,M S,23,1476,0,0.5340879270806909,0,0.7189152580685914,15,9,1,0,0,0.5340879270806909,3.8957623704336575,3.2558152489364147
4842,752,Daniel Drinkwater,"Aston Villa,Burnley",M,5,331,0,0.0982685163617134,0,0.0402861423790454,2,1,1,0,0,0.0982685163617134,0.8360577337443829,0.7377892173826694
