,id,player_name,team_title,position,games,time,goals,xG,assists,xA,shots,key_passes,yellow_cards,red_cards,npg,npxG,xGChain,xGBuildup
5077,1871,Danilo Soddimo,Frosinone,F M S,28,1792,1,1.8490610187873244,2,2.5187522750347853,44,44,9,1,1,1.8490610187873244,6.043062098324299,3.175140372477472
5078,1871,Danilo Soddimo,Frosinone,M S,10,236,0,0.2083164546638727,1,0.4600591640919447,6,8,2,0,0,0.2083164546638727,0.487343406304717,0.1381898559629917
