,id,player_name,team_title,position,games,time,goals,xG,assists,xA,shots,key_passes,yellow_cards,red_cards,npg,npxG,xGChain,xGBuildup
5095,43,Danny Latza,Mainz 05,F M S,29,1810,0,1.523588227108121,2,1.7410458168014884,22,24,8,0,0,1.523588227108121,5.2449279595166445,2.631347456946969
5096,43,Danny Latza,Mainz 05,M S,21,1579,4,1.1122953742742538,0,0.8267926760017872,28,13,6,0,4,1.1122953742742538,2.710053589195013,1.6319550797343254
5097,43,Danny Latza,Mainz 05,M S,29,2359,2,1.4430683394894004,1,1.6382835237309337,41,34,7,0,2,1.4430683394894004,5.287305423058569,3.102696546819061
5098,43,Danny Latza,Mainz 05,M S,24,1886,0,3.07086141128093,3,2.0860926751047373,40,23,4,0,0,3.07086141128093,8.443460064008832,4.97806850168854
5099,43,Danny Latza,Mainz 05,M S,23,1383,0,1.1159033048897982,2,2.037684692069888,16,20,7,0,0,1.1159033048897982,5.260853128507733,3.098640208132565
5100,43,Danny Latza,Mainz 05,M S,27,1861,0,1.4190607611089945,2,2.22480851970613,27,32,8,0,0,1.4190607611089945,10.247904378920794,8.154261296615005
