,id,player_name,team_title,position,games,time,goals,xG,assists,xA,shots,key_passes,yellow_cards,red_cards,npg,npxG,xGChain,xGBuildup
5088,986,Danny Ings,Southampton,F S,29,2200,12,8.276573244482279,4,2.3112305803224444,57,22,1,0,10,6.7542355209589005,10.482218006625772,2.4790408574044704
5089,986,Danny Ings,Southampton,F S,24,1694,7,9.915935901924968,3,3.348331378772855,56,28,1,0,4,7.6324292700737715,10.7133094612509,2.754429467022419
5090,986,Danny Ings,Liverpool,F S,8,263,1,1.5471417605876925,0,0.1833358220756054,8,3,0,0,1,1.5471417605876925,2.0904741808772087,0.8079666774719954
5091,986,Danny Ings,Aston Villa,F S,11,857,3,2.075480777770281,2,0.1628234311938285,13,2,1,0,2,1.3143119402229786,2.168744141235948,1.0338048003613949
5092,986,Danny Ings,Burnley,F M,35,3048,11,12.289515919983389,4,4.244326277635992,97,35,6,0,10,11.528347082436085,16.5587038686499,2.825656677596271
5093,986,Danny Ings,Southampton,F M S,38,2836,22,15.659717170521615,2,2.8490850934758782,93,35,3,0,21,14.137379484251142,18.48803149908781,5.015938125550747
5094,986,Danny Ings,Liverpool,F S,6,336,2,1.851082056760788,0,0.3525637034326792,10,5,1,0,2,1.851082056760788,1.393169306218624,0.2832492180168628
