,id,player_name,team_title,position,games,time,goals,xG,assists,xA,shots,key_passes,yellow_cards,red_cards,npg,npxG,xGChain,xGBuildup
5145,1331,Dario Dainelli,Chievo,D S,21,1513,0,0.6225726380944252,0,0.0572522655129432,3,3,4,0,0,0.6225726380944252,1.4577537644654512,1.4577537644654512
5146,1331,Dario Dainelli,Chievo,D S,26,2189,0,0.0190707985311746,0,0.2230664528906345,1,4,8,0,0,0.0190707985311746,3.226434522308409,3.124754675664008
5147,1331,Dario Dainelli,Chievo,D S,30,2451,0,0.4260335434228182,0,0.2648583455011248,8,8,8,0,0,0.4260335434228182,2.8859018106013536,2.724357317201793
5148,1331,Dario Dainelli,Chievo,D S,18,1379,1,0.5362234637141228,0,0.1439812602475285,2,3,5,0,1,0.5362234637141228,0.9760914100334048,0.9309821855276824
