,id,player_name,team_title,position,games,time,goals,xG,assists,xA,shots,key_passes,yellow_cards,red_cards,npg,npxG,xGChain,xGBuildup
5177,4391,Darnell Furlong,Queens Park Rangers,D,3,228,0,0.0095754479989409,0,0.0,1,0,1,0,0,0.0095754479989409,0.0689823254942894,0.0594068765640258
5178,4391,Darnell Furlong,West Bromwich Albion,D M S,35,2926,1,1.93333247024566,3,2.4630055148154497,26,17,5,0,1,1.93333247024566,6.1354728154838085,3.3740223851054907
