,id,player_name,team_title,position,games,time,goals,xG,assists,xA,shots,key_passes,yellow_cards,red_cards,npg,npxG,xGChain,xGBuildup
5180,809,Darren Fletcher,"Manchester United,West Bromwich Albion",M S,26,1711,1,0.4506700541824102,0,0.8802702240645885,10,14,3,0,1,0.4506700541824102,3.302549045532942,2.994836293160916
5181,809,Darren Fletcher,West Bromwich Albion,M,38,3377,1,2.4974898314103484,3,2.580059276893735,22,30,3,0,1,2.4974898314103484,7.24373441375792,3.901701873168349
5182,809,Darren Fletcher,West Bromwich Albion,M S,38,3242,2,1.874785408843309,3,1.7452855790033937,20,23,0,0,2,1.874785408843309,6.902402637060732,4.3368623200804
5183,809,Darren Fletcher,Stoke,M S,27,2234,1,0.2892569219693541,1,1.692329304292798,11,23,0,0,1,0.2892569219693541,4.767432861030102,4.037280414253473
