,id,player_name,team_title,position,games,time,goals,xG,assists,xA,shots,key_passes,yellow_cards,red_cards,npg,npxG,xGChain,xGBuildup
5203,7716,Darío Benedetto,Marseille,F S,32,1597,5,7.515967183746397,3,2.270283989608288,39,12,1,2,4,6.755937629379332,10.315871798433363,1.9325382839888328
5204,7716,Darío Benedetto,Elche,F S,14,587,2,2.683129168581217,1,0.4796198457479477,18,4,1,0,2,2.683129168581217,3.405737990513444,0.3504936285316944
5205,7716,Darío Benedetto,Marseille,S,2,49,0,0.594883143901825,0,0.0608609095215797,3,1,0,0,0,0.594883143901825,0.6986498236656189,0.0429058000445365
5206,7716,Darío Benedetto,Marseille,F S,26,2142,11,9.784039175137876,0,1.5451844651252031,61,20,4,0,11,9.02394405566156,10.924237743020058,2.1260167974978685
