,id,player_name,team_title,position,games,time,goals,xG,assists,xA,shots,key_passes,yellow_cards,red_cards,npg,npxG,xGChain,xGBuildup
5387,1243,Davide Brivio,Verona,D S,13,1110,0,0.1623498862609267,0,0.2882764860987663,4,6,1,0,0,0.1623498862609267,1.353630962781608,0.9377953847870232
5388,1243,Davide Brivio,Atalanta,D S,14,1005,0,0.2261046664789319,0,0.1992655014619231,9,5,2,0,0,0.2261046664789319,1.4786531860008836,1.3212180966511369
