,id,player_name,team_title,position,games,time,goals,xG,assists,xA,shots,key_passes,yellow_cards,red_cards,npg,npxG,xGChain,xGBuildup
5389,1574,Davide Calabria,AC Milan,D S,12,989,0,0.1966676348820328,1,1.7152062635868788,9,11,3,0,0,0.1966676348820328,3.918658189475536,2.954332547262311
5390,1574,Davide Calabria,AC Milan,D M S,26,1955,1,0.4783874824643135,1,2.085489726625383,10,20,5,0,1,0.4783874824643135,7.806037120521069,6.350028330460191
5391,1574,Davide Calabria,AC Milan,D M S,21,1558,1,0.7228864012286067,3,2.311244749464094,8,17,0,1,1,0.7228864012286067,6.683752158656716,4.420064402744174
5392,1574,Davide Calabria,AC Milan,S,1,5,0,0.0,0,0.2566325068473816,0,1,0,0,0,0.0,0.2566325068473816,0.2566325068473816
5393,1574,Davide Calabria,AC Milan,D M S,32,2652,2,1.945541861467064,1,1.7728252755478024,24,21,7,0,2,1.945541861467064,8.915328809991479,5.882050005719066
5394,1574,Davide Calabria,AC Milan,D S,10,827,2,1.8248250391334293,1,0.6155022494494915,17,6,2,0,2,1.8248250391334293,4.821707185357809,3.0782945174723864
5395,1574,Davide Calabria,AC Milan,D S,6,371,0,0.0168670769780874,0,0.6382480189204216,1,6,4,0,0,0.0168670769780874,0.8841642048209906,0.7719970569014549
5396,1574,Davide Calabria,AC Milan,D S,25,1627,1,0.4977807514369488,1,0.7122664730995893,13,13,2,2,1,0.4977807514369488,5.596493892371655,4.906371489167213
