,id,player_name,team_title,position,games,time,goals,xG,assists,xA,shots,key_passes,yellow_cards,red_cards,npg,npxG,xGChain,xGBuildup
5213,283,David Abraham,Eintracht Frankfurt,D S,20,1692,2,1.3006394505500791,0,0.1032257592305541,7,2,2,1,2,1.3006394505500791,4.943658394739032,4.42928362172097
5214,283,David Abraham,Eintracht Frankfurt,D,30,2583,1,0.9798169219866396,2,1.1915339725092051,17,10,5,1,1,0.9798169219866396,5.655077025294304,5.396021839231253
5215,283,David Abraham,Eintracht Frankfurt,D S,31,2547,0,0.6429105326533318,0,0.2014771439135074,12,6,8,0,0,0.6429105326533318,2.443006880581379,2.2914681090041995
5216,283,David Abraham,Eintracht Frankfurt,D,27,2303,0,0.250543924048543,2,0.9817595472559332,7,7,3,0,0,0.250543924048543,2.1757205417379737,1.6339286686852574
5217,283,David Abraham,Eintracht Frankfurt,D,14,1228,1,0.7547799739986658,0,0.434993177652359,10,2,3,1,1,0.7547799739986658,4.114738788455725,4.029868256300688
5218,283,David Abraham,Eintracht Frankfurt,D,17,1423,0,1.1369622368365526,0,0.3111262759193778,5,5,2,0,0,1.1369622368365526,1.5052454182878137,1.4050054624676704
5219,283,David Abraham,Hoffenheim,D S,14,894,0,0.352892741560936,0,0.0241032354533672,7,1,3,0,0,0.352892741560936,0.5389597415924072,0.51485650613904
