,id,player_name,team_title,position,games,time,goals,xG,assists,xA,shots,key_passes,yellow_cards,red_cards,npg,npxG,xGChain,xGBuildup
5248,2843,David Dzakhov,Amkar,M S,15,1137,1,0.4982556044124067,1,1.4248748822137711,14,17,3,0,1,0.4982556044124067,2.9188182540237904,1.5023982021957636
5249,2843,David Dzakhov,Amkar,M S,4,208,0,0.0382746756076812,0,0.018022920936346,1,1,0,0,0,0.0382746756076812,0.1463928110897541,0.0900952145457267
