,id,player_name,team_title,position,games,time,goals,xG,assists,xA,shots,key_passes,yellow_cards,red_cards,npg,npxG,xGChain,xGBuildup
5356,2230,David Zurutuza,Real Sociedad,M S,5,155,0,0.0,0,0.0,0,0,0,0,0,0.0,0.0,0.0
5357,2230,David Zurutuza,Real Sociedad,M S,16,996,2,1.2346674920991063,0,0.534925589337945,7,8,2,0,2,1.2346674920991063,2.9125221837311983,1.861821124330163
5358,2230,David Zurutuza,Real Sociedad,F M S,21,1218,2,1.6798205226659777,0,0.6879578121006489,10,11,2,0,2,1.6798205226659777,4.140754073858261,2.5616578981280327
5359,2230,David Zurutuza,Real Sociedad,M S,31,2512,3,1.8058083588257432,1,0.6239762250334024,25,14,7,1,3,1.8058083588257432,6.46252518799156,4.697318146005273
5360,2230,David Zurutuza,Real Sociedad,F M S,16,1134,1,2.09296733699739,3,1.4285290651023388,18,14,1,0,1,2.09296733699739,5.2226720079779625,3.5367480823770165
5361,2230,David Zurutuza,Real Sociedad,M S,31,2252,0,1.468323541805148,2,1.2254255330190065,14,11,2,0,0,1.468323541805148,8.00995908305049,5.817404210567474
