,id,player_name,team_title,position,games,time,goals,xG,assists,xA,shots,key_passes,yellow_cards,red_cards,npg,npxG,xGChain,xGBuildup
5283,1857,David López,Espanyol,D M,21,1819,0,1.1631679013371468,0,0.221718929708004,9,5,4,0,0,1.1631679013371468,4.315037712454796,4.127177126705647
5284,1857,David López,Espanyol,M,1,90,0,0.1511776149272918,0,0.0,3,0,0,0,0,0.1511776149272918,0.1669748276472091,0.0157972052693367
5285,1857,David López,Espanyol,D M,37,3330,1,1.916245092637837,1,0.676234086509794,14,8,7,0,1,1.916245092637837,8.583554974757135,7.74986000591889
5286,1857,David López,Espanyol,D M,36,3240,3,1.816369544249028,2,0.8419201662763953,17,12,3,0,3,1.816369544249028,3.920264316722751,3.13615507632494
5287,1857,David López,Espanyol,M S,10,455,0,0.188969187438488,0,0.4149866215884685,2,2,0,0,0,0.188969187438488,0.7482423093169928,0.3332556840032339
5288,1857,David López,Napoli,M S,32,2600,1,1.7319478821009398,1,1.0415086927823722,32,26,4,0,1,1.7319478821009398,11.821410205215216,10.714614517986774
5289,1857,David López,Espanyol,D M S,32,2481,4,1.3123000394552946,2,0.8621196523308754,15,14,3,1,4,1.3123000394552946,4.490784574300051,3.589429087936878
5290,1857,David López,Napoli,M S,25,708,1,1.1202443800866604,1,0.7990148551762104,10,6,2,0,1,1.1202443800866604,4.694501467049122,2.9853114262223244
