,id,player_name,team_title,position,games,time,goals,xG,assists,xA,shots,key_passes,yellow_cards,red_cards,npg,npxG,xGChain,xGBuildup
5316,8759,David Pereira Da Costa,Lens,M S,8,145,1,0.5483439788222313,1,0.0887128021568059,2,2,0,0,1,0.5483439788222313,1.3278655037283895,0.7791052088141441
5317,8759,David Pereira Da Costa,Lens,F M S,13,394,1,0.6624122280627489,1,0.7242729142308235,6,8,1,0,1,0.6624122280627489,2.0013943230733275,0.788692488335073
