,id,player_name,team_title,position,games,time,goals,xG,assists,xA,shots,key_passes,yellow_cards,red_cards,npg,npxG,xGChain,xGBuildup
5429,6249,Davinson Sánchez,Tottenham,D S,23,1943,1,1.6245934972539544,1,0.6246804660186172,14,4,2,0,1,1.6245934972539544,6.161563603207469,6.136755166575313
5430,6249,Davinson Sánchez,Tottenham,D S,18,1488,0,0.8006941750645638,0,0.0205302126705646,5,1,1,0,0,0.8006941750645638,5.34808811545372,5.34808811545372
5431,6249,Davinson Sánchez,Tottenham,D S,29,2433,0,0.7553703747689724,0,0.0362889170646667,7,1,6,0,0,0.7553703747689724,7.255796818062663,7.219507900997996
5432,6249,Davinson Sánchez,Tottenham,D S,8,566,1,0.8090290799736977,0,0.0261756051331758,5,1,1,0,1,0.8090290799736977,1.1301542278379202,1.1039786227047443
5433,6249,Davinson Sánchez,Tottenham,D S,31,2535,0,0.5712868580594659,0,0.1251876819878816,9,4,1,1,0,0.5712868580594659,7.701586965471506,7.640087593346834
