,id,player_name,team_title,position,games,time,goals,xG,assists,xA,shots,key_passes,yellow_cards,red_cards,npg,npxG,xGChain,xGBuildup
5324,617,David Silva,Manchester City,M S,27,1846,5,6.93236867710948,10,7.6509875394403934,46,49,0,0,5,6.93236867710948,24.68700398504734,12.764220461249352
5325,617,David Silva,Manchester City,M S,24,1818,2,2.598523830994964,11,4.727521860040724,29,67,1,0,2,2.598523830994964,11.535075043328106,7.523196856491268
5326,617,David Silva,Real Sociedad,M,9,671,0,0.4894845522940159,1,0.8390330281108618,9,8,0,0,0,0.4894845522940159,2.68035289645195,1.7930795773863792
5327,617,David Silva,Manchester City,M S,33,2426,6,8.128266392275691,8,10.113783121109009,51,73,3,0,6,8.128266392275691,30.80764201655984,18.84659132361412
5328,617,David Silva,Manchester City,M,32,2682,12,9.096987545490263,7,10.388413229957225,66,92,8,0,12,9.096987545490263,29.14427815377712,16.633573447354138
5329,617,David Silva,Real Sociedad,F M S,21,1411,2,2.6688192784786224,5,3.375395495444536,20,28,4,0,2,2.6688192784786224,11.578267585486174,7.4503892082720995
5330,617,David Silva,Manchester City,F M S,34,2775,4,6.2415254805237055,7,8.119680380448699,48,82,6,0,4,6.2415254805237055,25.77478902041912,15.932356275618076
5331,617,David Silva,Manchester City,M S,29,2442,9,9.241164376959205,11,8.82798683270812,54,61,5,0,9,9.241164376959205,30.25495454110205,18.98137961141765
