,id,player_name,team_title,position,games,time,goals,xG,assists,xA,shots,key_passes,yellow_cards,red_cards,npg,npxG,xGChain,xGBuildup
5241,4160,David Costas,Celta Vigo,D,1,90,0,0.0,0,0.0,0,0,1,0,0,0.0,0.3954834640026092,0.3954834640026092
5242,4160,David Costas,Celta Vigo,D S,15,1173,0,0.1647512689232826,0,0.0,2,0,4,0,0,0.1647512689232826,4.318502593785524,4.318502593785524
5243,4160,David Costas,Celta Vigo,D S,6,329,0,0.0603469647467136,0,0.0,1,0,1,0,0,0.0603469647467136,0.757668249309063,0.757668249309063
5244,4160,David Costas,Celta Vigo,D,1,90,0,0.0,1,0.0584128014743328,0,1,1,0,0,0.0,0.105748139321804,0.0473353341221809
