,id,player_name,team_title,position,games,time,goals,xG,assists,xA,shots,key_passes,yellow_cards,red_cards,npg,npxG,xGChain,xGBuildup
5454,2452,De Marcos,Athletic Club,D M S,25,1525,1,1.4197967750951648,2,1.88073674403131,6,13,2,0,1,1.4197967750951648,7.709516694769263,5.35497853346169
5455,2452,De Marcos,Athletic Club,D S,27,2152,1,0.7754096193239093,4,3.0936961993575096,10,24,3,0,1,0.7754096193239093,8.413397923111916,6.384034804999828
5456,2452,De Marcos,Athletic Club,D M S,30,2435,1,1.1048926040530205,2,3.480025915428996,9,28,5,2,1,1.1048926040530205,8.33037555590272,5.016137624159455
5457,2452,De Marcos,Athletic Club,D M S,35,2944,1,2.1753116762265563,3,3.485306941904128,24,26,6,0,1,2.1753116762265563,6.240888584405184,3.1724048675969243
5458,2452,De Marcos,Athletic Club,D S,7,474,0,0.0378859564661979,0,0.5307090729475021,1,3,2,0,0,0.0378859564661979,3.107774391770363,2.5770652443170547
5459,2452,De Marcos,Athletic Club,D M S,34,2886,1,0.7175434585660696,3,1.773501351941377,13,24,6,0,1,0.7175434585660696,7.622683643363416,6.195247740484774
5460,2452,De Marcos,Athletic Club,D M S,21,1667,1,2.4324383912608027,2,2.399773860350251,13,21,5,0,1,2.4324383912608027,8.091160733252764,4.965843673795462
5461,2452,De Marcos,Athletic Club,D M S,13,536,0,0.1462423056364059,1,0.9809924438595772,2,7,1,0,0,0.1462423056364059,2.008699370548129,1.098333848640323
