,id,player_name,team_title,position,games,time,goals,xG,assists,xA,shots,key_passes,yellow_cards,red_cards,npg,npxG,xGChain,xGBuildup
5472,1658,Dean Marney,Burnley,M,21,1779,1,0.2687262380495667,2,0.5393407847732306,12,5,7,0,1,0.2687262380495667,1.746945196762681,1.4832407534122467
5473,1658,Dean Marney,Burnley,M,20,1690,0,0.3208228452131152,0,0.5910360757261515,9,12,6,0,0,0.3208228452131152,3.859486180357635,3.333931791596114
