,id,player_name,team_title,position,games,time,goals,xG,assists,xA,shots,key_passes,yellow_cards,red_cards,npg,npxG,xGChain,xGBuildup
5516,762,Demarai Gray,Leicester,F M S,34,2009,4,4.561489956453443,1,0.984257562085986,47,17,2,0,4,4.561489956453443,9.41732171177864,4.204088659957051
5517,762,Demarai Gray,Leicester,F M S,30,1015,1,0.9837641939520836,3,1.7882271278649569,27,17,2,0,1,0.9837641939520836,3.5516441995278,1.2206896776333451
5518,762,Demarai Gray,Bayer Leverkusen,F M S,10,438,1,1.5132300816476345,2,0.774780809879303,15,9,0,0,1,1.5132300816476345,3.380604639649391,1.3731632139533758
5519,762,Demarai Gray,Leicester,M S,21,580,2,2.767196649685502,3,2.233955882489681,23,16,1,0,2,2.0060278121382,4.819445710629225,1.8115341179072857
5520,762,Demarai Gray,Leicester,M S,35,1680,3,2.6410227809101343,1,3.2531555332243443,36,27,2,0,3,2.6410227809101343,8.21831576153636,3.460708799771965
5521,762,Demarai Gray,Leicester,S,1,17,0,0.0579720586538314,0,0.0,1,0,0,0,0,0.0579720586538314,0.0270334370434284,0.0270334370434284
5522,762,Demarai Gray,Everton,F M S,16,1264,5,2.5947935674339533,2,2.0038947016000748,35,20,3,0,5,2.5947935674339533,5.881389217451215,1.8329342305660248
5523,762,Demarai Gray,Leicester,M S,12,163,0,0.5406617671251297,1,1.2422118857502935,5,6,0,0,0,0.5406617671251297,2.49518976546824,0.8116404581815004
