,id,player_name,team_title,position,games,time,goals,xG,assists,xA,shots,key_passes,yellow_cards,red_cards,npg,npxG,xGChain,xGBuildup
5580,2308,Denis Suárez,Arsenal,S,4,59,0,0.0,0,0.0,0,0,0,0,0,0.0,0.0435973294079303,0.0435973294079303
5581,2308,Denis Suárez,Villarreal,F M S,33,2365,4,2.674560647457838,4,6.792320627719164,36,46,3,0,4,2.674560647457838,9.39137401804328,3.175794566050172
5582,2308,Denis Suárez,Barcelona,S,2,17,0,0.3845320045948028,0,0.0853871256113052,1,1,0,0,0,0.3845320045948028,0.5519597977399826,0.0820406451821327
5583,2308,Denis Suárez,Celta Vigo,M S,35,2882,0,0.937725018709898,9,5.4159489292651415,16,46,10,0,0,0.937725018709898,16.346644710749388,12.80241510272026
5584,2308,Denis Suárez,Celta Vigo,M S,17,1216,1,0.5279345121234655,0,1.4478481011465192,13,20,2,0,1,0.5279345121234655,4.556350044906139,3.247246862389148
5585,2308,Denis Suárez,Sevilla,M S,31,1606,2,3.653519064188004,4,3.665084706619382,32,29,2,0,2,3.653519064188004,8.563384622335434,3.4355021491646767
5586,2308,Denis Suárez,Barcelona,F M S,18,578,2,2.0265716752037406,2,2.1335653699934483,12,15,1,0,2,2.0265716752037406,7.690573126077652,4.327622162178159
5587,2308,Denis Suárez,Celta Vigo,F M S,26,1646,1,2.075928721576929,5,5.194650272838771,20,42,3,0,1,1.332651074975729,6.59741431940347,2.594782362692058
5588,2308,Denis Suárez,Barcelona,M S,26,1178,1,1.2960694804787636,3,2.3568776939064264,14,15,1,0,1,1.2960694804787636,9.713670890778303,7.172112073749304
