,id,player_name,team_title,position,games,time,goals,xG,assists,xA,shots,key_passes,yellow_cards,red_cards,npg,npxG,xGChain,xGBuildup
5548,2987,Denis Dorozhkin,Ural,F S,9,301,1,1.1075115501880646,1,0.4450195878744125,5,3,1,0,1,1.1075115501880646,1.6769624575972557,0.1244312860071659
5549,2987,Denis Dorozhkin,Ural,S,9,163,0,0.9034300614148378,0,0.4086062312126159,5,2,0,0,0,0.9034300614148378,1.207020716741681,0.0173655841499567
