,id,player_name,team_title,position,games,time,goals,xG,assists,xA,shots,key_passes,yellow_cards,red_cards,npg,npxG,xGChain,xGBuildup
5565,8361,Denis Makarov,Rubin Kazan,F M S,28,1943,7,6.64530755020678,1,3.2960083913058043,85,28,8,1,7,6.64530755020678,11.811111545190217,3.4095958843827248
5566,8361,Denis Makarov,"Dinamo Moscow,Rubin Kazan",F S,15,1096,3,2.6568358298391104,2,1.2399881780147552,41,22,3,0,3,1.902560567483306,4.460973866283894,1.6039155879989266
5567,8361,Denis Makarov,Rubin Kazan,M S,9,418,2,1.5248308889567852,0,0.1826800163835287,19,5,0,1,2,1.5248308889567852,1.7808519527316091,0.1816148618236184
