,id,player_name,team_title,position,games,time,goals,xG,assists,xA,shots,key_passes,yellow_cards,red_cards,npg,npxG,xGChain,xGBuildup
5647,1234,Dennis Praet,Torino,M S,11,656,1,1.5336179863661528,1,2.95133363828063,13,17,1,0,1,1.5336179863661528,5.432252757251263,1.166441349312663
5648,1234,Dennis Praet,Leicester,M S,15,730,1,0.4389684200286865,1,1.215856321156025,8,7,0,0,1,0.4389684200286865,2.111918879672885,1.291694002225995
5649,1234,Dennis Praet,Leicester,M S,27,1124,1,1.2077158903703094,2,1.4928807206451893,16,9,2,0,1,1.2077158903703094,6.806874416768551,5.090953033417463
5650,1234,Dennis Praet,Sampdoria,M S,32,2667,1,1.9777044719085093,3,3.470587708987296,33,32,4,0,1,1.9777044719085093,10.654028709977863,7.207117270678282
5651,1234,Dennis Praet,Sampdoria,M S,34,2905,2,2.3019121531397104,3,4.416668892838061,34,37,6,0,2,2.3019121531397104,13.253823040053248,9.45348979346454
5652,1234,Dennis Praet,Sampdoria,M S,32,1794,1,1.4778329823166132,1,1.3664615768939257,31,24,4,0,1,1.4778329823166132,4.329985966905952,2.563832603394985
