,id,player_name,team_title,position,games,time,goals,xG,assists,xA,shots,key_passes,yellow_cards,red_cards,npg,npxG,xGChain,xGBuildup
5628,175,Dennis Diekmeier,Hamburger SV,D M,22,1869,0,0.5559585820883512,3,2.2760737240314484,6,19,4,0,0,0.5559585820883512,3.634560075588524,2.128053500317037
5629,175,Dennis Diekmeier,Hamburger SV,D S,22,1436,0,0.1312433760613203,0,0.5386691391468048,4,11,1,0,0,0.1312433760613203,4.0730753391981125,3.55138754285872
5630,175,Dennis Diekmeier,Hamburger SV,D M S,24,1783,0,0.5786641146987677,1,0.9081004448235036,5,16,5,1,0,0.5786641146987677,2.433184726163745,1.2417049445211887
5631,175,Dennis Diekmeier,Hamburger SV,D S,21,1630,0,0.1015729345381259,0,0.6270121969282627,2,13,7,0,0,0.1015729345381259,2.579730212688446,2.059988981112838
