,id,player_name,team_title,position,games,time,goals,xG,assists,xA,shots,key_passes,yellow_cards,red_cards,npg,npxG,xGChain,xGBuildup
5638,7023,Dennis Hadzikadunic,FC Rostov,D,8,695,0,0.240177609026432,0,0.0536122713238,6,2,2,0,0,0.240177609026432,1.1619868129491806,1.0917156301438808
5639,7023,Dennis Hadzikadunic,FC Rostov,D,25,2179,1,0.7893897714093328,1,0.8078842265531421,16,6,6,1,1,0.7893897714093328,4.2754719238728285,3.403564720414579
5640,7023,Dennis Hadzikadunic,FC Rostov,D S,10,768,0,0.1085404688492417,0,0.0515328869223594,5,1,3,0,0,0.1085404688492417,0.8629198931157589,0.7763239163905382
5641,7023,Dennis Hadzikadunic,FC Rostov,D S,17,1390,1,0.1900679683312773,0,0.273110955953598,6,4,6,0,1,0.1900679683312773,1.865794222801924,1.746269557625055
