,id,player_name,team_title,position,games,time,goals,xG,assists,xA,shots,key_passes,yellow_cards,red_cards,npg,npxG,xGChain,xGBuildup
5621,3521,Dennis Appiah,Nantes,D S,19,1609,0,0.0445917695760726,0,0.2937306584790349,1,8,2,0,0,0.0445917695760726,4.444024700671434,4.120312573388219
5622,3521,Dennis Appiah,Caen,D S,30,2573,0,0.0537693928927183,2,1.373569272458553,2,12,3,1,0,0.0537693928927183,4.637734826654196,4.224371585063636
5623,3521,Dennis Appiah,Caen,D,38,3420,1,0.7583810472860932,1,1.819713957607746,10,27,2,0,1,0.7583810472860932,6.124197205528617,4.21749369148165
5624,3521,Dennis Appiah,Nantes,D S,22,1554,0,0.282301852479577,2,1.318323690444231,6,14,3,0,0,0.282301852479577,4.424799615517259,3.1721800938248634
5625,3521,Dennis Appiah,Nantes,D S,15,866,0,0.0,0,0.220400471240282,0,3,1,0,0,0.0,1.6405699402093887,1.4371724128723145
