,id,player_name,team_title,position,games,time,goals,xG,assists,xA,shots,key_passes,yellow_cards,red_cards,npg,npxG,xGChain,xGBuildup
5681,7868,Diadie Samassékou,Hoffenheim,M S,21,1305,0,0.1296071354299783,1,1.168444063514471,6,9,4,0,0,0.1296071354299783,2.969174984842539,2.2466465551406145
5682,7868,Diadie Samassékou,Hoffenheim,M S,12,739,2,0.2844580318778753,0,0.5776142030954361,4,5,4,0,2,0.2844580318778753,4.684541611932218,4.051769926212728
5683,7868,Diadie Samassékou,Hoffenheim,M,31,2597,0,0.5090668201446533,2,1.7055724002420902,16,10,3,0,0,0.5090668201446533,11.426895134150982,9.86804288253188
