,id,player_name,team_title,position,games,time,goals,xG,assists,xA,shots,key_passes,yellow_cards,red_cards,npg,npxG,xGChain,xGBuildup
5775,1100,Diego Laxalt,Genoa,D F M,35,3076,3,3.1017365101724863,4,3.851282971911132,33,31,3,0,3,3.1017365101724863,12.20552389882505,5.821235198527575
5776,1100,Diego Laxalt,"AC Milan,Torino",D M S,20,722,0,0.318207636475563,1,0.3812880674377084,6,7,4,0,0,0.318207636475563,1.895132016390562,1.3647006917744875
5777,1100,Diego Laxalt,"Empoli,Genoa",F S,12,294,0,0.1954969596117735,1,0.8065421134233475,3,4,3,0,0,0.1954969596117735,0.6786847356706858,0.3525516055524349
5778,1100,Diego Laxalt,Genoa,D M,36,3145,1,1.7116849403828382,4,3.6463484801352015,29,36,5,0,1,1.7116849403828382,8.045849859714508,4.770705076865852
5779,1100,Diego Laxalt,Genoa,D M,32,2820,3,1.6279144380241632,3,2.144784308038652,31,24,2,0,3,1.6279144380241632,7.689994961023331,4.805223470553756
5780,1100,Diego Laxalt,Dinamo Moscow,D,7,630,0,0.1320583177730441,0,0.5243542604148388,6,3,3,0,0,0.1320583177730441,2.3235402181744576,1.734271924942732
5781,1100,Diego Laxalt,AC Milan,D M S,20,634,0,1.6930697411298752,0,0.8743040487170219,6,8,2,0,0,1.6930697411298752,4.250409975647926,2.000641020014882
