,id,player_name,team_title,position,games,time,goals,xG,assists,xA,shots,key_passes,yellow_cards,red_cards,npg,npxG,xGChain,xGBuildup
5757,2264,Diego Godín,Inter,D S,23,1632,1,0.7739587835967541,1,1.0156704392284155,11,10,5,0,1,0.7739587835967541,6.470399050042033,5.61645289324224
5758,2264,Diego Godín,Atletico Madrid,D,34,3060,3,3.0914468113332987,0,1.7506859824061394,24,5,11,0,3,3.0914468113332987,4.080552458763123,3.236223626881838
5759,2264,Diego Godín,Atletico Madrid,D S,31,2705,3,2.860012294724584,1,0.8685937849804759,29,7,10,1,3,2.860012294724584,4.686633184552193,3.851895783096552
5760,2264,Diego Godín,Cagliari,D S,10,730,0,0.2596029993146658,1,0.1548978602513671,6,2,3,0,0,0.2596029993146658,0.5211221314966679,0.2673789635300636
5761,2264,Diego Godín,Cagliari,D,28,2512,1,0.3725839778780937,0,0.9031306151300668,11,7,3,0,1,0.3725839778780937,5.613558353856206,5.564357610419393
5762,2264,Diego Godín,Atletico Madrid,D,31,2650,1,2.515540529973805,1,1.3033091649413109,25,7,5,1,1,2.515540529973805,6.169381909072399,5.650136541575193
5763,2264,Diego Godín,Atletico Madrid,D S,30,2507,3,3.222025994211436,1,0.5228416891768575,14,3,7,0,3,3.222025994211436,6.832797525450587,6.266717946156859
5764,2264,Diego Godín,Atletico Madrid,D S,30,2552,0,1.1890348922461271,0,0.3744332892820239,13,6,6,0,0,1.1890348922461271,4.763408026657999,4.5974319111555815
