,id,player_name,team_title,position,games,time,goals,xG,assists,xA,shots,key_passes,yellow_cards,red_cards,npg,npxG,xGChain,xGBuildup
5771,7354,Diego Lainez,Real Betis,S,2,18,0,0.0,0,0.0,0,0,0,0,0,0.0,0.0,0.0
5772,7354,Diego Lainez,Real Betis,M S,21,840,0,0.6005544513463974,2,0.5485983397811651,13,13,5,0,0,0.6005544513463974,2.601569445803761,1.8373595010489223
5773,7354,Diego Lainez,Real Betis,F M S,12,347,0,0.2950246389955282,1,0.3393640536814928,10,7,2,0,0,0.2950246389955282,1.2804789133369925,0.8015166632831097
5774,7354,Diego Lainez,Real Betis,F M S,15,314,0,0.1737669818103313,0,0.2123259250074625,6,4,0,0,0,0.1737669818103313,1.0782988909631968,0.7342611830681562
