,id,player_name,team_title,position,games,time,goals,xG,assists,xA,shots,key_passes,yellow_cards,red_cards,npg,npxG,xGChain,xGBuildup
5790,1618,Diego López,Espanyol,GK,17,1530,0,0.0,0,0.0,0,0,1,0,0,0.0,1.3650764264166355,1.3650764264166355
5791,1618,Diego López,Espanyol,GK,35,3114,0,0.0,0,0.0,0,0,3,0,0,0.0,1.0416551264934242,1.0416551264934242
5792,1618,Diego López,Espanyol,GK,38,3420,0,0.0,0,0.017418036237359,0,1,2,0,0,0.0,2.598506005015224,2.581087968777865
5793,1618,Diego López,AC Milan,GK,28,2513,0,0.0,0,0.0,0,0,2,1,0,0.0,3.1665791906416416,3.1665791906416416
5794,1618,Diego López,AC Milan,GK,8,720,0,0.0,0,0.0189915038645267,0,1,1,0,0,0.0,0.2537712752819061,0.2537712752819061
5795,1618,Diego López,Espanyol,GK,36,3233,0,0.0,0,0.0283925998955965,0,1,3,1,0,0.0,1.750560488551855,1.7221678886562586
5796,1618,Diego López,Espanyol,GK,10,853,0,0.0,0,0.0,0,0,1,0,0,0.0,0.2574218884110451,0.2574218884110451
