,id,player_name,team_title,position,games,time,goals,xG,assists,xA,shots,key_passes,yellow_cards,red_cards,npg,npxG,xGChain,xGBuildup
5863,5064,Dimitrios Siovas,SD Huesca,D S,36,3072,2,2.652754212729633,0,0.3131739683449268,29,6,5,0,2,2.652754212729633,6.359015876427293,6.1212755385786295
5864,5064,Dimitrios Siovas,Leganes,D,24,2063,1,1.6501498287543654,1,0.8126919008791447,18,2,8,1,1,1.6501498287543654,3.385346191003918,3.365849895402789
5865,5064,Dimitrios Siovas,Leganes,D,34,2965,1,1.774332134053111,0,1.3706523068249226,21,10,5,0,1,1.774332134053111,4.092451210133731,3.486193829216063
5866,5064,Dimitrios Siovas,Leganes,D,16,1394,1,1.1515298187732697,0,0.146514737047255,9,3,4,0,1,1.1515298187732697,1.7798548536375165,1.640613247640431
5867,5064,Dimitrios Siovas,Leganes,D S,24,1927,0,1.047317166812718,0,0.0996795035898685,12,3,6,0,0,1.047317166812718,2.0630779024213552,1.8657972421497109
