,id,player_name,team_title,position,games,time,goals,xG,assists,xA,shots,key_passes,yellow_cards,red_cards,npg,npxG,xGChain,xGBuildup
5854,536,Dimitri Payet,Marseille,F S,15,1254,4,2.1852807989344,3,4.325862713158131,39,39,3,0,4,2.1852807989344,9.467240922152996,5.637372823432088
5855,536,Dimitri Payet,Marseille,M S,36,3073,7,4.081295307725668,16,13.184551294893026,67,129,2,0,7,4.081295307725668,21.181744568049908,13.86864638980478
5856,536,Dimitri Payet,West Ham,F M S,18,1520,2,3.223100183531642,6,5.917082831263542,55,74,2,0,2,3.223100183531642,6.662131831049919,2.9931103084236383
5857,536,Dimitri Payet,Marseille,F M,22,1951,9,5.863477177917957,4,6.861945105716586,63,87,5,1,6,3.5831917989999056,11.00719941407442,6.137682161293924
5858,536,Dimitri Payet,Marseille,F M S,31,1914,4,5.823933212086558,6,6.596738745458424,40,82,3,0,2,3.5437789987772703,10.663121146149932,4.538478918373585
5859,536,Dimitri Payet,West Ham,F M S,30,2576,9,5.74861828610301,12,11.665764695033433,69,119,3,0,9,5.74861828610301,16.93307714909315,6.889103649184108
5860,536,Dimitri Payet,Marseille,F M S,33,2442,7,6.303964300081134,10,8.00108899269253,45,66,4,2,7,5.543869180604816,15.657505888491867,7.6119611114263535
5861,536,Dimitri Payet,Marseille,F M S,31,2366,6,8.344524839892983,13,15.513523304834962,58,120,6,0,4,6.064305009320378,24.2849904447794,9.17128315474838
5862,536,Dimitri Payet,Marseille,F M S,14,1202,6,3.412089619785548,8,6.003908090293407,32,54,0,0,5,2.6519944928586483,9.860383540391922,4.394714996218681
