,id,player_name,team_title,position,games,time,goals,xG,assists,xA,shots,key_passes,yellow_cards,red_cards,npg,npxG,xGChain,xGBuildup
5885,6854,Diogo Jota,Liverpool,F S,15,1060,8,9.517482124269009,1,3.283799674361944,39,21,1,0,8,9.517482124269009,16.287342198193073,4.519177450798452
5886,6854,Diogo Jota,Wolverhampton Wanderers,F M S,33,2402,9,8.907186842523515,5,5.536081537604332,58,27,11,0,9,8.907186842523515,16.1504292441532,4.578139785677195
5887,6854,Diogo Jota,Wolverhampton Wanderers,F M S,34,2329,7,12.017675075680016,1,2.6425623558461666,69,29,4,0,7,12.017675075680016,16.149932712316513,4.098007360473275
5888,6854,Diogo Jota,Liverpool,F M S,19,1114,9,7.05772053822875,0,1.7625210750848057,46,12,2,0,9,7.05772053822875,10.972974702715874,4.0760964918881655
