,id,player_name,team_title,position,games,time,goals,xG,assists,xA,shots,key_passes,yellow_cards,red_cards,npg,npxG,xGChain,xGBuildup
5890,9450,Dion Lopy,Reims,M S,4,259,0,0.1028835233300924,0,0.0426781252026557,3,2,0,0,0,0.1028835233300924,0.6188697814941406,0.5333397835493088
5891,9450,Dion Lopy,Reims,M S,9,482,0,0.2270900979638099,0,0.0584926046431064,5,2,1,0,0,0.2270900979638099,1.0809864569455383,0.827997226268053
