,id,player_name,team_title,position,games,time,goals,xG,assists,xA,shots,key_passes,yellow_cards,red_cards,npg,npxG,xGChain,xGBuildup
5898,484,Divock Origi,Liverpool,S,1,5,0,0.0,0,0.0,0,0,0,0,0,0.0,0.0,0.0
5899,484,Divock Origi,Liverpool,F S,34,1450,7,5.523564676754177,3,1.602315817028284,37,16,0,0,7,5.523564676754177,7.650571350008249,1.965678753331304
5900,484,Divock Origi,Liverpool,S,3,27,2,0.797816552221775,0,0.0,5,0,0,0,2,0.797816552221775,0.859704926609993,0.0618883669376373
5901,484,Divock Origi,Liverpool,F S,28,680,4,2.0965603087097406,1,0.8253554403781891,14,8,1,0,4,2.0965603087097406,3.5364457424730062,0.8342474475502968
5902,484,Divock Origi,Lille,F M S,33,2149,8,9.901630645617844,3,3.5014943163841963,52,23,0,0,6,6.861250160261989,10.662330508232117,2.229855346493423
5903,484,Divock Origi,Wolfsburg,F M S,31,1962,6,6.295475535094738,2,1.0788953360170126,61,11,2,0,6,6.295475535094738,8.40550378523767,1.7976331785321236
5904,484,Divock Origi,Liverpool,F S,16,660,5,3.354849353432656,1,0.5015551578253508,24,9,0,0,5,3.354849353432656,3.105510575696826,0.2603827342391014
5905,484,Divock Origi,Liverpool,F S,9,176,0,1.0811212956905365,0,0.1400348860770464,7,2,0,0,0,1.0811212956905365,1.4969345815479755,0.7823662180453539
5906,484,Divock Origi,Liverpool,F S,12,357,3,2.243099573999644,1,0.1880114041268825,13,3,0,0,3,2.243099573999644,1.4092786479741335,0.6994131207466125
