,id,player_name,team_title,position,games,time,goals,xG,assists,xA,shots,key_passes,yellow_cards,red_cards,npg,npxG,xGChain,xGBuildup
5917,6151,Djené Dakonam,Getafe,D,16,1412,0,0.1132913921028375,0,0.105071235448122,3,5,4,1,0,0.1132913921028375,2.0239517372101545,1.990052429959178
5918,6151,Djené Dakonam,Getafe,D M,34,2947,0,0.2847552448511123,1,0.2830888582393527,3,6,6,2,0,0.2847552448511123,2.6529817041009665,2.379882087931037
5919,6151,Djené Dakonam,Getafe,D M,34,2994,0,0.7978308890014887,0,0.121922843158245,12,5,11,2,0,0.7978308890014887,2.693137751892209,2.5055452277883887
5920,6151,Djené Dakonam,Getafe,D,34,3060,0,0.211693188175559,0,0.3370068753138184,5,6,5,0,0,0.211693188175559,2.2513179052621126,2.2105907928198576
5921,6151,Djené Dakonam,Getafe,D,36,3240,1,0.5381968636065722,0,0.1857972703874111,11,3,9,0,1,0.5381968636065722,3.1054622204974294,2.95126736164093
