,id,player_name,team_title,position,games,time,goals,xG,assists,xA,shots,key_passes,yellow_cards,red_cards,npg,npxG,xGChain,xGBuildup
5940,5432,Dmitri Andreev,FC Orenburg,D S,14,906,0,0.3775195851922035,0,0.0583269074559211,8,1,3,0,0,0.3775195851922035,0.608473714441061,0.3937628977000713
5941,5432,Dmitri Andreev,FC Orenburg,D S,21,1740,0,0.5112444330006838,0,0.0678140688687563,8,2,5,1,0,0.5112444330006838,1.1886478923261166,1.0830073431134224
