,id,player_name,team_title,position,games,time,goals,xG,assists,xA,shots,key_passes,yellow_cards,red_cards,npg,npxG,xGChain,xGBuildup
5994,8597,Dmitri Tikhiy,Khimki,D,28,2450,0,0.8579752519726753,0,0.2869229670614004,16,8,7,0,0,0.8579752519726753,2.5944636007770896,2.185324258171022
5995,8597,Dmitri Tikhiy,Khimki,D,8,720,0,0.0704348357394337,0,0.0702986493706703,2,1,5,0,0,0.0704348357394337,0.9303899016231298,0.9220996703952552
