,id,player_name,team_title,position,games,time,goals,xG,assists,xA,shots,key_passes,yellow_cards,red_cards,npg,npxG,xGChain,xGBuildup
5983,7452,Dmitri Rybchinsky,Lokomotiv Moscow,M S,7,222,0,0.2297139056026935,2,0.5497552854940295,5,5,1,0,0,0.2297139056026935,1.4957393556833267,0.748950894922018
5984,7452,Dmitri Rybchinsky,Lokomotiv Moscow,D M S,14,774,0,0.6995953097939491,1,0.4771369555965066,8,7,0,0,0,0.6995953097939491,2.210707631893456,1.341828060336411
5985,7452,Dmitri Rybchinsky,Lokomotiv Moscow,D M S,26,1499,2,2.361087618395686,2,1.5095760598778725,16,20,6,0,2,2.361087618395686,7.665944995358586,4.849988861009479
