,id,player_name,team_title,position,games,time,goals,xG,assists,xA,shots,key_passes,yellow_cards,red_cards,npg,npxG,xGChain,xGBuildup
5973,5978,Dmitri Lienard,Strasbourg,M S,22,1491,2,1.7664914028719068,3,3.496784260496497,34,33,3,0,2,1.7664914028719068,6.758010672405362,4.356021281331778
5974,5978,Dmitri Lienard,Strasbourg,D M S,33,2606,5,3.3377406615763903,5,7.334816744551063,53,61,7,0,4,2.577645542100072,7.152960295788944,3.612625885754824
5975,5978,Dmitri Lienard,Strasbourg,D M S,17,893,1,0.742447379976511,2,1.3446198925375938,9,14,1,0,1,0.742447379976511,4.41915063932538,3.3257801607251167
5976,5978,Dmitri Lienard,Strasbourg,D M S,22,1295,0,0.8773866901174188,2,0.7016914887353778,22,14,1,0,0,0.8773866901174188,4.117653366178274,3.660285993479192
5977,5978,Dmitri Lienard,Strasbourg,M S,34,1826,2,3.0609334632754326,4,4.142742309719324,30,40,2,0,1,1.5407431945204737,6.509018146432936,4.7580984607338905
