,id,player_name,team_title,position,games,time,goals,xG,assists,xA,shots,key_passes,yellow_cards,red_cards,npg,npxG,xGChain,xGBuildup
6072,7755,Domagoj Bradaric,Lille,D S,5,130,0,0.0,0,0.4945852160453796,0,3,0,0,0,0.0,1.1597068905830383,0.7353082299232483
6073,7755,Domagoj Bradaric,Lille,D S,26,1249,1,0.2287188116461038,2,0.9661091584712268,4,11,4,0,1,0.2287188116461038,4.992040012031794,4.15580003336072
6074,7755,Domagoj Bradaric,Lille,D S,18,1418,0,0.4085516110062599,1,1.280206797644496,5,17,1,0,0,0.4085516110062599,3.568610068410635,2.820983149111271
