,id,player_name,team_title,position,games,time,goals,xG,assists,xA,shots,key_passes,yellow_cards,red_cards,npg,npxG,xGChain,xGBuildup
6092,1439,Domenico Maietta,Bologna,D,29,2382,0,0.1085314005613327,1,0.6092962473630905,4,6,8,0,0,0.1085314005613327,4.529120679013431,4.474683009088039
6093,1439,Domenico Maietta,Bologna,D S,7,470,0,0.0,0,0.0,0,0,1,0,0,0.0,0.3142949603497982,0.3142949603497982
6094,1439,Domenico Maietta,Empoli,D,21,1723,0,0.1983234789222479,0,0.1568396911025047,7,4,5,0,0,0.1983234789222479,3.291576573625207,3.1324388347566128
6095,1439,Domenico Maietta,Bologna,D S,19,1565,0,0.0444174110889434,0,0.0306059680879116,1,1,4,0,0,0.0444174110889434,1.982867481186986,1.982867481186986
