,id,player_name,team_title,position,games,time,goals,xG,assists,xA,shots,key_passes,yellow_cards,red_cards,npg,npxG,xGChain,xGBuildup
6163,3654,Dorian Lévêque,Guingamp,D S,14,1202,1,0.3222880940884352,0,0.0272334553301334,8,1,2,0,1,0.3222880940884352,1.6451860517263412,1.3454877622425556
6164,3654,Dorian Lévêque,Guingamp,D,2,166,0,0.012787964195013,0,0.0,1,0,1,0,0,0.012787964195013,0.1853701425716281,0.1853701425716281
6165,3654,Dorian Lévêque,Guingamp,D S,18,1445,1,1.1292152749374509,0,0.4139995835721493,9,8,3,0,1,1.1292152749374509,3.2512053810060024,2.045986793935299
