,id,player_name,team_title,position,games,time,goals,xG,assists,xA,shots,key_passes,yellow_cards,red_cards,npg,npxG,xGChain,xGBuildup
6159,2421,Doria,Marseille,D S,23,1358,1,1.0318594127893448,0,0.1070454902946949,8,2,4,0,1,1.0318594127893448,3.4571332577615976,3.100907044485212
6160,2421,Doria,Granada,D S,8,623,0,0.1392302364110946,0,0.0,2,0,3,1,0,0.1392302364110946,0.5985397808253765,0.5985397808253765
6161,2421,Doria,Marseille,D S,3,74,0,0.0,0,0.0,0,0,0,0,0,0.0,0.0775015763938427,0.0775015763938427
