,id,player_name,team_title,position,games,time,goals,xG,assists,xA,shots,key_passes,yellow_cards,red_cards,npg,npxG,xGChain,xGBuildup
6166,6635,Dostonbek Khamdamov,Anzhi Makhachkala,M S,4,209,0,0.1431648433208465,0,0.1157846674323082,2,2,0,0,0,0.1431648433208465,0.7143029030412436,0.5010055359452963
6167,6635,Dostonbek Khamdamov,Anzhi Makhachkala,M S,5,175,0,0.2403208091855049,0,0.1025679390877485,6,4,2,0,0,0.2403208091855049,0.3655478730797767,0.0736410114914178
