,id,player_name,team_title,position,games,time,goals,xG,assists,xA,shots,key_passes,yellow_cards,red_cards,npg,npxG,xGChain,xGBuildup
6203,2345,Duda,Malaga,M S,25,874,1,1.964446568861604,1,1.4456993080675602,20,17,4,1,1,1.2211689334362743,3.9215642288327217,2.12679286301136
6204,2345,Duda,Malaga,M S,16,363,1,0.7688393741846085,2,1.1897148340940475,6,11,3,0,1,0.7688393741846085,1.566626513376832,0.793526342138648
6205,2345,Duda,Malaga,M S,26,1059,1,2.153687618672848,1,3.904971672222018,23,41,4,0,1,1.4104100093245506,4.432353257201612,2.09293772932142
