,id,player_name,team_title,position,games,time,goals,xG,assists,xA,shots,key_passes,yellow_cards,red_cards,npg,npxG,xGChain,xGBuildup
6233,7084,Dusan Vlahovic,Fiorentina,F S,37,2945,21,18.476589761674404,3,2.2961635794490576,86,18,1,0,15,13.908836690708997,14.827191784977911,1.562626488506794
6234,7084,Dusan Vlahovic,Fiorentina,F S,30,1469,6,7.293766072951257,0,1.0073897913098335,65,10,4,1,5,6.5324672376737,7.427899215370417,0.9813140220940112
6235,7084,Dusan Vlahovic,Fiorentina,F,17,1526,15,9.513794939033687,2,1.346085786819458,59,16,2,0,10,5.7073007626459,7.973768850788474,2.1859131706878543
6236,7084,Dusan Vlahovic,Fiorentina,F S,10,142,0,1.4469241313636303,0,0.1426570639014244,10,3,0,0,0,1.4469241313636303,1.457325890660286,0.0
