,id,player_name,team_title,position,games,time,goals,xG,assists,xA,shots,key_passes,yellow_cards,red_cards,npg,npxG,xGChain,xGBuildup
6259,8244,Dylan Bronn,Metz,D,16,1440,1,1.470312813296914,1,0.7281875237822533,11,3,6,1,1,1.470312813296914,1.975820804014802,1.8540479559451344
6260,8244,Dylan Bronn,Metz,D,9,810,0,0.0782336350530386,0,0.0,2,0,1,0,0,0.0782336350530386,0.2831533066928386,0.2831533066928386
6261,8244,Dylan Bronn,Metz,D,38,3414,2,2.2441404862329364,0,0.3325834674760699,16,7,4,0,1,0.7240158123895526,5.689536741934717,5.388369363732636
