,id,player_name,team_title,position,games,time,goals,xG,assists,xA,shots,key_passes,yellow_cards,red_cards,npg,npxG,xGChain,xGBuildup
6269,4131,Dídac Vilá,Espanyol,D M S,30,2507,0,1.139335099607706,0,0.827427176758647,16,17,9,0,0,1.139335099607706,5.373347740620375,4.280718928202987
6270,4131,Dídac Vilá,Eibar,D S,15,1112,0,0.0874300487339496,0,0.3936092462390661,4,11,3,0,0,0.0874300487339496,1.6693611145019531,1.4191628834232688
6271,4131,Dídac Vilá,Espanyol,D S,14,722,0,0.6428041262552142,0,0.7422276809811592,11,8,3,0,0,0.6428041262552142,2.7382772341370583,1.743258910253644
6272,4131,Dídac Vilá,Espanyol,D S,3,140,0,0.0,0,0.0493570156395435,0,1,0,0,0,0.0,0.0659776628017425,0.0166206490248441
6273,4131,Dídac Vilá,Espanyol,D,27,2362,0,1.970612767152488,2,3.2011968633159995,25,20,11,0,0,1.970612767152488,8.201093640178442,4.717608181759715
