,id,player_name,team_title,position,games,time,goals,xG,assists,xA,shots,key_passes,yellow_cards,red_cards,npg,npxG,xGChain,xGBuildup
6275,8706,Eberechi Eze,Crystal Palace,M S,34,2570,4,2.494572142139077,6,3.741961938329041,37,42,3,0,4,2.494572142139077,7.996477495878935,3.959954559803009
6276,8706,Eberechi Eze,Crystal Palace,S,2,32,0,0.0,0,0.0,0,0,0,0,0,0.0,0.062968336045742,0.062968336045742
