,id,player_name,team_title,position,games,time,goals,xG,assists,xA,shots,key_passes,yellow_cards,red_cards,npg,npxG,xGChain,xGBuildup
6291,2562,Eddy,Eibar,M S,6,207,0,0.033387841656804,0,0.0,2,1,2,0,0,0.033387841656804,0.6378680467605591,0.6202217936515808
6292,2562,Eddy,Granada,M S,5,229,0,0.2263814266771078,0,0.0,4,0,2,0,0,0.2263814266771078,0.1364800482988357,0.0355594977736473
