,id,player_name,team_title,position,games,time,goals,xG,assists,xA,shots,key_passes,yellow_cards,red_cards,npg,npxG,xGChain,xGBuildup
6319,7829,Eder Militão,Real Madrid,D S,15,1011,0,0.0507238078862428,0,0.1526518631726503,2,2,3,0,0,0.0507238078862428,2.114105883985758,1.9614540226757529
6320,7829,Eder Militão,Real Madrid,D,16,1440,0,1.2316170129925013,1,0.6363776214420795,14,6,1,0,0,1.2316170129925013,6.35069614648819,5.675489865243435
6321,7829,Eder Militão,Real Madrid,D S,14,1131,1,0.8812791220843792,0,0.0,12,0,3,1,1,0.8812791220843792,1.8464103639125824,1.827405162155628
