,id,player_name,team_title,position,games,time,goals,xG,assists,xA,shots,key_passes,yellow_cards,red_cards,npg,npxG,xGChain,xGBuildup
6350,100,Edgar Prib,Hannover 96,D F M S,20,1039,1,1.2913475781679151,2,1.209211714565754,10,9,4,0,1,1.2913475781679151,2.951100237667561,0.6973310597240925
6351,100,Edgar Prib,Hannover 96,D M S,20,1331,0,0.988175760023296,2,1.5611394047737122,21,21,3,0,0,0.988175760023296,4.54900755174458,2.601957303471864
6352,100,Edgar Prib,Hannover 96,M S,4,203,0,0.5424320586025715,1,0.4024768769741058,6,6,1,0,0,0.5424320586025715,0.9379552863538264,0.290969680994749
