,id,player_name,team_title,position,games,time,goals,xG,assists,xA,shots,key_passes,yellow_cards,red_cards,npg,npxG,xGChain,xGBuildup
6330,1225,Edgar Barreto,Sampdoria,M S,2,92,0,0.0171673651784658,0,0.0,1,0,0,0,0,0.0171673651784658,0.1033063530921936,0.1033063530921936
6331,1225,Edgar Barreto,Sampdoria,M,32,2708,2,1.750971220433712,0,1.2543571582064033,35,23,4,1,2,1.750971220433712,7.162114072591066,5.785213730297983
6332,1225,Edgar Barreto,Palermo,M,24,2041,2,1.604432231746614,5,5.666622472926974,34,44,2,2,2,1.604432231746614,8.87396795488894,4.351639866828919
6333,1225,Edgar Barreto,Sampdoria,M S,28,1982,1,1.3000070452690125,0,1.5609659301117065,20,18,4,1,1,1.3000070452690125,5.910997175611556,4.121416018344462
6334,1225,Edgar Barreto,Sampdoria,M S,30,2174,0,0.8835306530818343,1,0.9428459824994206,18,13,3,0,0,0.8835306530818343,4.922878965735436,3.325184775516391
6335,1225,Edgar Barreto,Sampdoria,M S,12,779,0,1.0040418468415735,2,1.6286489591002464,8,10,2,0,0,1.0040418468415735,3.993440980091691,2.1325944885611534
