,id,player_name,team_title,position,games,time,goals,xG,assists,xA,shots,key_passes,yellow_cards,red_cards,npg,npxG,xGChain,xGBuildup
6357,4016,Edimar,Cordoba,D,17,1499,0,0.2621058318763971,1,1.297341587021947,11,20,1,0,0,0.2621058318763971,3.7125723781064153,2.9878827380016446
6358,4016,Edimar,Chievo,S,1,9,0,0.0,0,0.0444910265505313,0,1,0,0,0,0.0,0.0,0.0
