,id,player_name,team_title,position,games,time,goals,xG,assists,xA,shots,key_passes,yellow_cards,red_cards,npg,npxG,xGChain,xGBuildup
6373,3294,Edinson Cavani,Paris Saint Germain,F S,32,2592,28,24.314603270962834,6,6.400494074448943,106,38,3,0,25,20.51412776298821,29.750943928956985,5.191347185522318
6374,3294,Edinson Cavani,Paris Saint Germain,F S,32,2302,19,19.376584745943543,5,3.127685271203518,86,24,3,0,19,18.616489626467228,25.40062485262752,8.246316513046622
6375,3294,Edinson Cavani,Paris Saint Germain,F S,14,593,4,9.334374457597733,1,1.0929752849042416,28,10,2,0,3,8.574279338121414,8.842202056199312,1.3648339062929151
6376,3294,Edinson Cavani,Manchester United,F S,26,1355,10,8.603231720626354,3,2.3172435145825148,34,14,4,0,10,8.603231720626354,12.259187385439873,2.730645166710019
6377,3294,Edinson Cavani,Paris Saint Germain,F S,21,1677,18,15.445335105061533,5,3.699904168024659,52,13,1,0,14,11.644859485328196,17.841728627681732,3.887316025793552
6378,3294,Edinson Cavani,Manchester United,F S,5,204,1,1.5303069557994604,0,0.0189838390797376,7,1,0,0,1,1.5303069557994604,1.1939427386969328,0.3247203826904297
6379,3294,Edinson Cavani,Paris Saint Germain,F S,36,2983,35,36.86662236601114,4,2.200447032228112,143,25,5,0,28,30.785861127078533,30.91360350325704,2.781269960105419
6380,3294,Edinson Cavani,Paris Saint Germain,F S,35,2666,18,22.860318928956985,1,1.7430233117192984,111,14,2,1,15,20.580033540725708,25.087476015090942,5.913359999656677
