,id,player_name,team_title,position,games,time,goals,xG,assists,xA,shots,key_passes,yellow_cards,red_cards,npg,npxG,xGChain,xGBuildup
6382,8317,Edmond Tapsoba,Bayer Leverkusen,D S,14,1058,0,0.2025997955352068,0,0.091552123427391,3,1,2,0,0,0.2025997955352068,4.677474633324891,4.573184289503843
6383,8317,Edmond Tapsoba,Bayer Leverkusen,D S,8,594,1,0.1155659332871437,0,0.0,1,0,0,0,1,0.1155659332871437,2.831029823981225,2.831029823981225
6384,8317,Edmond Tapsoba,Bayer Leverkusen,D S,31,2648,1,0.8539871443063021,0,0.4859618507325649,16,3,5,0,1,0.8539871443063021,7.763985894620418,7.585661105811596
