,id,player_name,team_title,position,games,time,goals,xG,assists,xA,shots,key_passes,yellow_cards,red_cards,npg,npxG,xGChain,xGBuildup
6405,5081,Edu Exp贸sito,Eibar,M S,31,2467,0,2.9681410221382976,3,3.3705394081771374,43,43,4,0,0,1.4815857922658324,7.451549336314201,4.352263221517205
6406,5081,Edu Exp贸sito,Deportivo La Coruna,M,1,46,0,0.0174780525267124,0,0.0540951937437057,1,1,0,0,0,0.0174780525267124,0.0540951937437057,0.0540951937437057
6407,5081,Edu Exp贸sito,Eibar,M S,35,2300,4,3.057206539437175,1,0.971089418977499,34,20,3,0,3,1.5706513803452251,5.605686586350203,4.2746816743165255
6408,5081,Edu Exp贸sito,Deportivo La Coruna,S,3,88,0,0.0,0,0.0,0,0,1,0,0,0.0,0.4452781975269317,0.4452781975269317
