,id,player_name,team_title,position,games,time,goals,xG,assists,xA,shots,key_passes,yellow_cards,red_cards,npg,npxG,xGChain,xGBuildup
6483,248,Elias Kachunga,Huddersfield,F M S,19,1350,1,1.836872330866754,1,0.6263598334044218,12,10,1,0,1,1.836872330866754,2.3671369729563594,1.123453983105719
6484,248,Elias Kachunga,Paderborn,F S,32,2224,6,7.732160972431302,1,0.6422292459756136,55,21,4,0,6,7.732160972431302,8.226149942725897,2.2039120346307755
6485,248,Elias Kachunga,Ingolstadt,F S,10,269,0,0.3614155501127243,0,0.0,4,0,0,0,0,0.3614155501127243,0.8472418710589409,0.485826313495636
6486,248,Elias Kachunga,Huddersfield,F M S,20,1181,0,0.976336426101625,0,0.2399290557950735,14,5,2,0,0,0.976336426101625,1.6639427095651629,0.8041858747601509
