,id,player_name,team_title,position,games,time,goals,xG,assists,xA,shots,key_passes,yellow_cards,red_cards,npg,npxG,xGChain,xGBuildup
6489,8644,Eliot Matazo,Monaco,M S,9,424,0,0.0168407652527093,0,0.0921115521341562,1,3,0,0,0,0.0168407652527093,0.4608344528824091,0.3518821373581886
6490,8644,Eliot Matazo,Monaco,M S,10,303,1,0.9125366508960724,1,0.4494500961154699,3,3,0,1,1,0.9125366508960724,1.545346960425377,0.1833602041006088
