,id,player_name,team_title,position,games,time,goals,xG,assists,xA,shots,key_passes,yellow_cards,red_cards,npg,npxG,xGChain,xGBuildup
6510,2985,Elmir Nabiullin,PFC Sochi,D S,20,1237,0,0.4413638841360807,0,1.996050488203764,12,19,3,1,0,0.4413638841360807,4.423096479848027,2.2690518964082003
6511,2985,Elmir Nabiullin,PFC Sochi,D S,16,691,0,0.1612374158576131,1,1.311775403097272,6,7,3,0,0,0.1612374158576131,1.790135459974408,1.176639374345541
6512,2985,Elmir Nabiullin,Rubin Kazan,D,24,2110,1,0.2858444452285766,1,1.240886769257486,8,18,5,1,1,0.2858444452285766,3.4893565084785223,2.449158189818263
6513,2985,Elmir Nabiullin,Rubin Kazan,D F M S,16,1292,1,0.3910453896969557,2,1.0512562543153765,10,15,4,0,1,0.3910453896969557,2.612289421260357,1.4093587659299374
6514,2985,Elmir Nabiullin,Zenit St. Petersburg,D S,11,844,0,0.2053922181949019,1,0.2262397091835737,8,8,3,0,0,0.2053922181949019,2.149988934397697,1.8481959700584407
6515,2985,Elmir Nabiullin,Khimki,D S,15,1173,1,0.8253663741052151,1,1.604850910604,11,11,2,0,1,0.8253663741052151,3.9022703990340233,1.5577949676662683
6516,2985,Elmir Nabiullin,"Rubin Kazan,Zenit St. Petersburg",D M S,16,1286,1,0.1765522845089435,0,1.3627070970833302,5,14,3,0,1,0.1765522845089435,2.97656468488276,2.16064839810133
6517,2985,Elmir Nabiullin,Rubin Kazan,D M S,25,2092,1,0.7664195084944367,5,2.237272552214563,16,17,3,0,1,0.7664195084944367,4.88546596840024,3.5326416338793933
