,id,player_name,team_title,position,games,time,goals,xG,assists,xA,shots,key_passes,yellow_cards,red_cards,npg,npxG,xGChain,xGBuildup
6544,4943,Emanuel Vignato,Chievo,M S,10,668,1,0.4421131648123264,1,0.3942669378593564,9,11,0,0,1,0.4421131648123264,1.791612820699811,1.283201240003109
6545,4943,Emanuel Vignato,Bologna,M S,31,1180,1,1.561550117097795,4,3.2942991415038705,23,26,4,0,1,1.561550117097795,7.903246697038412,5.235998854972422
6546,4943,Emanuel Vignato,Chievo,S,2,30,0,0.0,0,0.0,0,0,0,0,0,0.0,0.0,0.0
6547,4943,Emanuel Vignato,Bologna,M S,13,310,0,0.091982364654541,0,0.317982017993927,2,7,2,0,0,0.091982364654541,0.73943732958287,0.4211403401568532
