,id,player_name,team_title,position,games,time,goals,xG,assists,xA,shots,key_passes,yellow_cards,red_cards,npg,npxG,xGChain,xGBuildup
6538,5723,Emanuel Mammana,Zenit St. Petersburg,D,16,1360,0,0.3053782149218023,1,0.3037799010053277,4,4,0,0,0,0.3053782149218023,4.408535396680236,4.087194938212633
6539,5723,Emanuel Mammana,Lyon,D,17,1514,1,0.7414225460961461,0,0.1842509377747774,11,3,3,0,1,0.7414225460961461,3.685144163668156,3.611357407644391
6540,5723,Emanuel Mammana,Zenit St. Petersburg,D M S,3,78,0,0.0,0,0.0,0,0,0,0,0,0.0,0.0647655948996543,0.0647655948996543
6541,5723,Emanuel Mammana,PFC Sochi,S,3,12,0,0.0,0,0.0,0,0,0,0,0,0.0,0.0,0.0
6542,5723,Emanuel Mammana,PFC Sochi,D S,18,1305,0,0.0428350307047367,1,0.4554101172834635,4,3,4,0,0,0.0428350307047367,2.540254110470414,2.4751801174134016
6543,5723,Emanuel Mammana,Zenit St. Petersburg,D S,6,370,0,0.0193992182612419,0,0.0,1,0,2,0,0,0.0193992182612419,0.4856170900166034,0.4662178941071033
