,id,player_name,team_title,position,games,time,goals,xG,assists,xA,shots,key_passes,yellow_cards,red_cards,npg,npxG,xGChain,xGBuildup
6622,1196,Emiliano Moretti,Torino,D,23,2065,1,0.9597376976162196,3,0.9610088020563126,4,3,5,0,1,0.9597376976162196,4.635917652398348,4.635917652398348
6623,1196,Emiliano Moretti,Torino,D,35,3150,1,1.0114650018513205,1,0.9143849862739444,12,15,4,0,1,1.0114650018513205,8.732987390831113,8.402035523205996
6624,1196,Emiliano Moretti,Torino,D S,22,1779,0,0.4139025816693902,0,0.2786797834560275,4,3,6,0,0,0.4139025816693902,3.878009943291545,3.809707758948207
6625,1196,Emiliano Moretti,Torino,D,35,3150,2,2.358657937496901,2,1.2403207132592795,17,10,11,0,2,2.358657937496901,8.163583789020777,7.757864695042372
6626,1196,Emiliano Moretti,Torino,D S,24,2015,0,0.0124856196343898,0,0.0861256290227174,1,2,5,0,0,0.0124856196343898,3.442427722737193,3.411807356402278
