,id,player_name,team_title,position,games,time,goals,xG,assists,xA,shots,key_passes,yellow_cards,red_cards,npg,npxG,xGChain,xGBuildup
6639,2207,Emiliano Velázquez,Getafe,D,11,976,3,1.060346458107233,1,0.1489868890494108,8,3,7,0,3,1.060346458107233,0.5676584504544735,0.3266383167356252
6640,2207,Emiliano Velázquez,Getafe,D,27,2355,1,0.8532085521146655,1,0.4556449353694916,9,2,5,1,1,0.8532085521146655,1.5695795891806483,1.5539014982059598
6641,2207,Emiliano Velázquez,Rayo Vallecano,D S,18,1276,0,0.5466341273859143,2,0.6930460371077061,8,7,8,0,0,0.5466341273859143,1.9601919408887625,1.2962302174419165
