,id,player_name,team_title,position,games,time,goals,xG,assists,xA,shots,key_passes,yellow_cards,red_cards,npg,npxG,xGChain,xGBuildup
6584,9425,Emil Bohinen,CSKA Moscow,M S,4,195,0,0.064595453441143,0,0.6226227879524231,2,6,1,0,0,0.064595453441143,1.2822914756834507,0.6800729613751173
6585,9425,Emil Bohinen,CSKA Moscow,M S,8,207,1,1.2102906536310911,0,0.0811007693409919,4,2,2,0,1,1.2102906536310911,1.830629571340978,0.5931571936234832
