,id,player_name,team_title,position,games,time,goals,xG,assists,xA,shots,key_passes,yellow_cards,red_cards,npg,npxG,xGChain,xGBuildup
6648,165,Emir Spahic,Hamburger SV,D,26,2269,0,0.5147833656519651,1,0.5156717551872134,9,3,7,1,0,0.5147833656519651,2.196582490578294,2.1244626250118017
6649,165,Emir Spahic,Bayer Leverkusen,D,22,1874,1,0.7127163391560316,0,0.3122099004685879,10,2,5,2,1,0.7127163391560316,3.793332408182323,3.389649893157184
6650,165,Emir Spahic,Hamburger SV,D S,11,777,0,0.234982281923294,0,0.0288604572415351,3,1,3,0,0,0.234982281923294,0.8751942049711943,0.8561815824359655
