,id,player_name,team_title,position,games,time,goals,xG,assists,xA,shots,key_passes,yellow_cards,red_cards,npg,npxG,xGChain,xGBuildup
6666,3137,Emmanuel Frimpong,FC Ufa,M S,8,426,0,0.0427606217563152,0,0.1682985685765743,3,4,1,2,0,0.0427606217563152,0.5208678804337978,0.3098087054677307
6667,3137,Emmanuel Frimpong,Arsenal Tula,M S,3,95,0,0.0,0,0.0,0,0,0,0,0,0.0,0.1713277697563171,0.1713277697563171
6668,3137,Emmanuel Frimpong,FC Ufa,F M S,17,1226,0,1.2626096699386835,1,0.9760051481425762,14,9,5,0,0,1.2626096699386835,2.525347415357828,1.2201379612088203
