,id,player_name,team_title,position,games,time,goals,xG,assists,xA,shots,key_passes,yellow_cards,red_cards,npg,npxG,xGChain,xGBuildup
6683,604,Emre Can,Liverpool,D M S,27,2068,1,0.4509777398779988,0,1.2752420231699944,15,12,2,1,1,0.4509777398779988,6.675912491977215,5.865420609712601
6684,604,Emre Can,Liverpool,M S,32,2360,5,3.214385723695159,2,2.0903314612805843,45,32,6,0,5,3.214385723695159,12.054576847702265,7.7289190124720335
6685,604,Emre Can,Juventus,M S,29,1798,4,2.885854547843337,1,2.537701492197812,32,19,7,0,3,2.12455571629107,8.33931777253747,5.597490292042494
6686,604,Emre Can,Borussia Dortmund,M S,8,489,2,1.7187658697366714,0,0.0535130240023136,8,2,1,0,0,0.2032929090783,1.5370911583304403,1.3476304411888125
6687,604,Emre Can,Borussia Dortmund,D M S,12,956,2,1.1367311915382745,0,0.3038212209939956,16,3,5,0,2,1.1367311915382745,5.290363881736994,4.678495321422815
6688,604,Emre Can,Juventus,M S,8,274,0,0.7976263575255871,0,0.1184182409197092,7,3,2,0,0,0.7976263575255871,1.6230482403188944,1.049494542181492
6689,604,Emre Can,Liverpool,D M S,26,2099,3,1.5114367678761482,4,3.046363638713956,27,24,8,0,3,1.5114367678761482,15.16836054250598,12.476845782250166
6690,604,Emre Can,Liverpool,D M S,30,2501,1,1.214562842622399,0,3.202115531079471,30,32,9,0,1,1.214562842622399,11.935754898935556,10.14760616235435
6691,604,Emre Can,Borussia Dortmund,D M S,28,2130,1,1.231722797267139,4,2.974673913791776,17,18,5,0,1,1.231722797267139,13.53991126269102,12.12561608105898
