,id,player_name,team_title,position,games,time,goals,xG,assists,xA,shots,key_passes,yellow_cards,red_cards,npg,npxG,xGChain,xGBuildup
6694,5272,Emre Mor,Celta Vigo,F M S,10,357,0,0.6734876949340105,0,0.1043216101825237,8,2,1,0,0,0.6734876949340105,1.2360160890966654,0.5348986089229584
6695,5272,Emre Mor,Borussia Dortmund,F M S,12,470,1,1.1700345277786257,2,1.4680171329528091,10,9,0,1,1,1.1700345277786257,4.300605813041329,1.8303558118641376
6696,5272,Emre Mor,Celta Vigo,F M S,23,643,1,0.7803840255364776,2,1.9865710511803627,12,14,4,0,1,0.7803840255364776,2.9539024103432894,1.4580837190151217
6697,5272,Emre Mor,Celta Vigo,F M S,11,508,0,0.3803918994963169,0,0.2108830213546753,8,3,2,0,0,0.3803918994963169,0.4827174246311188,0.0118670836091041
