,id,player_name,team_title,position,games,time,goals,xG,assists,xA,shots,key_passes,yellow_cards,red_cards,npg,npxG,xGChain,xGBuildup
6701,2393,Eneko B贸veda,Eibar,D M,35,3138,1,1.498587625101209,3,1.736524760723114,23,15,5,0,1,1.498587625101209,2.94124972820282,1.7494429629296064
6702,2393,Eneko B贸veda,Athletic Club,D S,19,1558,0,0.0525111630558967,0,0.1695428006350994,2,2,1,0,0,0.0525111630558967,1.819190400652588,1.6325995018705726
6703,2393,Eneko B贸veda,"Athletic Club,Deportivo La Coruna",D S,14,1194,0,0.0,1,0.1489331284537911,0,4,3,0,0,0.0,0.6359736612066627,0.5345975505188107
6704,2393,Eneko B贸veda,Athletic Club,D S,23,1453,0,0.5363562069833279,0,1.2864421121776104,5,10,1,0,0,0.5363562069833279,3.3680431470274925,2.109554748982191
