,id,player_name,team_title,position,games,time,goals,xG,assists,xA,shots,key_passes,yellow_cards,red_cards,npg,npxG,xGChain,xGBuildup
6716,539,Enner Valencia,West Ham,F M S,19,1014,4,4.24964202940464,2,1.4753213040530682,34,12,1,0,4,4.24964202940464,5.659650851041079,0.6797344144433737
6717,539,Enner Valencia,West Ham,F M S,32,2119,4,6.480698645114899,3,2.5936690075322986,72,18,2,0,4,6.480698645114899,8.838933130726218,2.8980725412257016
6718,539,Enner Valencia,"Everton,West Ham",F M S,24,907,3,4.101014815270901,1,0.8733558282256126,31,7,1,0,3,4.101014815270901,5.44697442650795,1.147916693240404
