,id,player_name,team_title,position,games,time,goals,xG,assists,xA,shots,key_passes,yellow_cards,red_cards,npg,npxG,xGChain,xGBuildup
6728,7349,Enric Gallego,"Getafe,Osasuna",F S,19,1029,3,2.803382714278996,0,0.7440504655241966,24,9,5,1,3,2.803382714278996,3.911572944372893,0.681132148951292
6729,7349,Enric Gallego,SD Huesca,F S,19,1538,5,5.059456363320351,1,2.6912670228630304,32,15,4,0,5,5.059456363320351,7.846514970064163,2.235460123978555
6730,7349,Enric Gallego,Osasuna,F S,22,793,0,2.170097880065441,2,0.5562379844486713,14,7,2,0,0,2.170097880065441,2.4648429211229086,0.4507870255038142
