,id,player_name,team_title,position,games,time,goals,xG,assists,xA,shots,key_passes,yellow_cards,red_cards,npg,npxG,xGChain,xGBuildup
6746,6712,Enzo Loiodice,Dijon,M S,5,186,0,0.0887156277894973,0,0.0,3,0,0,0,0,0.0887156277894973,0.4906349666416645,0.4019193537533283
6747,6712,Enzo Loiodice,Dijon,M S,4,163,0,0.0,0,0.048158049583435,0,1,0,0,0,0.0,0.5257899984717369,0.4776319488883018
6748,6712,Enzo Loiodice,Dijon,M S,12,855,0,0.0874250140041112,1,0.5596878174692392,5,6,3,1,0,0.0874250140041112,2.166452202014625,2.005308397114277
