,id,player_name,team_title,position,games,time,goals,xG,assists,xA,shots,key_passes,yellow_cards,red_cards,npg,npxG,xGChain,xGBuildup
6751,8645,Enzo Millot,Monaco,S,2,36,0,0.1549225002527237,0,0.0263805873692035,2,1,0,0,0,0.1549225002527237,0.0579410344362258,0.0
6752,8645,Enzo Millot,VfB Stuttgart,S,2,28,0,0.0,0,0.0,0,0,0,0,0,0.0,0.0802229940891265,0.0802229940891265
