,id,player_name,team_title,position,games,time,goals,xG,assists,xA,shots,key_passes,yellow_cards,red_cards,npg,npxG,xGChain,xGBuildup
6789,8045,Eric Garcia,Barcelona,D,11,943,0,0.3823189716786146,0,0.0384175144135952,3,2,2,1,0,0.3823189716786146,4.028524998575449,3.985617551952601
6790,8045,Eric Garcia,Manchester City,D S,13,780,0,0.603948175907135,0,0.2226095087826252,2,2,1,0,0,0.603948175907135,4.964900881052017,4.964900881052017
6791,8045,Eric Garcia,Manchester City,D S,6,378,0,0.074636623263359,0,0.0083229877054691,2,1,0,0,0,0.074636623263359,0.8594759479165077,0.7848393097519875
