,id,player_name,team_title,position,games,time,goals,xG,assists,xA,shots,key_passes,yellow_cards,red_cards,npg,npxG,xGChain,xGBuildup
6792,7562,Eric Junior Dina Ebimbe,Dijon,F M S,30,2158,1,2.8886836376041174,1,2.109510453417897,46,25,5,0,1,2.8886836376041174,6.619407246820629,2.692707899957896
6793,7562,Eric Junior Dina Ebimbe,Paris Saint Germain,M S,7,229,0,0.0848047584295272,0,0.1212704479694366,3,1,1,0,0,0.0848047584295272,0.994573175907135,0.9552424177527428
