,id,player_name,team_title,position,games,time,goals,xG,assists,xA,shots,key_passes,yellow_cards,red_cards,npg,npxG,xGChain,xGBuildup
6767,1739,Eric Bailly,Manchester United,D S,3,152,0,0.0,0,0.0,0,0,1,0,0,0.0,0.0799927860498428,0.0799927860498428
6768,1739,Eric Bailly,Manchester United,D S,12,639,0,0.2498412281274795,0,0.0,3,0,0,1,0,0.2498412281274795,2.9941693102009594,2.9941693102009594
6769,1739,Eric Bailly,"Espanyol,Villarreal",D S,15,1185,0,0.8544993922114372,0,0.0439003203064203,4,2,6,0,0,0.8544993922114372,2.2024353183805943,2.158534998074174
6770,1739,Eric Bailly,Manchester United,D S,13,998,1,1.0500182062387466,0,0.1993312388658523,3,2,2,0,1,1.0500182062387466,1.1515378169715405,1.1515378169715405
6771,1739,Eric Bailly,Manchester United,D S,4,142,0,0.0,0,0.0,0,0,0,0,0,0.0,0.518024755641818,0.518024755641818
6772,1739,Eric Bailly,Manchester United,D S,12,916,0,0.0808225758373737,0,0.0,2,0,3,0,0,0.0808225758373737,1.7967814281582832,1.7967814281582832
6773,1739,Eric Bailly,Manchester United,D S,25,2066,0,0.3060207739472389,0,0.0290568601340055,6,1,4,0,0,0.3060207739472389,4.137532663531601,4.011660215444863
6774,1739,Eric Bailly,Villarreal,D,25,2029,0,0.2251957394182682,0,0.5762049034237862,4,2,9,1,0,0.2251957394182682,3.830263359472156,3.286512196063996
