,id,player_name,team_title,position,games,time,goals,xG,assists,xA,shots,key_passes,yellow_cards,red_cards,npg,npxG,xGChain,xGBuildup
6794,339,Eric Maxim Choupo-Moting,Schalke 04,F M S,23,1689,3,5.995121564716101,4,3.626811645925045,48,32,1,0,2,4.479568149894476,8.498733496293426,2.722834186628461
6795,339,Eric Maxim Choupo-Moting,Schalke 04,F M S,28,1863,6,3.571438940241933,2,2.740273097530008,50,35,1,0,6,3.571438940241933,10.814641196280718,5.5919429287314415
6796,339,Eric Maxim Choupo-Moting,Paris Saint Germain,F S,22,776,3,4.761062372475863,0,0.3487004470080137,25,5,0,0,3,4.761062372475863,7.798814637586474,3.322889156639576
6797,339,Eric Maxim Choupo-Moting,Paris Saint Germain,F M S,9,453,3,2.5795085951685905,1,0.7948192292824388,18,6,0,0,3,2.5795085951685905,3.793658412992954,0.7969798967242241
6798,339,Eric Maxim Choupo-Moting,Stoke,F M S,30,2257,5,6.289976932108402,5,3.226308550685644,60,20,3,0,5,6.289976932108402,9.28493205551058,2.2019113171845675
6799,339,Eric Maxim Choupo-Moting,Bayern Munich,F M S,22,802,3,4.21333396807313,0,1.3107481682673097,20,12,2,0,3,4.21333396807313,6.4525544829666615,1.0414457265287638
6800,339,Eric Maxim Choupo-Moting,Bayern Munich,S,9,130,3,2.979710340499878,0,0.0204463358968496,7,1,0,0,3,2.979710340499878,3.136023376137018,0.6547367814928293
6801,339,Eric Maxim Choupo-Moting,Schalke 04,F M S,31,2559,9,7.072093487717211,6,4.776006793603301,68,36,0,0,7,4.798763417638838,10.41534492187202,4.128838544711471
