,id,player_name,team_title,position,games,time,goals,xG,assists,xA,shots,key_passes,yellow_cards,red_cards,npg,npxG,xGChain,xGBuildup
6844,2676,Erik Thommy,"Augsburg,VfB Stuttgart",M S,20,1168,2,2.8608392514288425,4,2.2931765001267195,34,24,1,0,2,2.8608392514288425,6.34911628626287,2.966444682329893
6845,2676,Erik Thommy,VfB Stuttgart,S,3,72,0,0.0839610928669571,0,0.2095069885253906,3,3,0,0,0,0.0839610928669571,0.803883676417172,0.5104156136512756
6846,2676,Erik Thommy,VfB Stuttgart,D F M S,8,312,0,0.4598511829972267,2,0.8155245874077082,12,5,0,0,0,0.4598511829972267,1.4215824529528618,0.3527394831180572
6847,2676,Erik Thommy,Fortuna Duesseldorf,D F M S,34,2264,6,3.993779149837792,4,4.896441904827952,61,38,3,0,6,3.993779149837792,11.120153980329633,4.909933711402118
6848,2676,Erik Thommy,VfB Stuttgart,F M S,19,785,1,1.1310804700478911,1,1.409931492060423,25,18,2,1,1,1.1310804700478911,3.3806124068796635,1.6245376709848642
6849,2676,Erik Thommy,Augsburg,S,3,38,0,0.0588226579129695,0,0.1100842803716659,2,1,0,0,0,0.0588226579129695,0.0588226579129695,0.0
