,id,player_name,team_title,position,games,time,goals,xG,assists,xA,shots,key_passes,yellow_cards,red_cards,npg,npxG,xGChain,xGBuildup
6822,5079,Erik Exposito,Las Palmas,F S,10,455,1,0.650267019867897,0,0.2468270882964134,9,4,0,0,1,0.650267019867897,1.278837046585977,0.4878959292545914
6823,5079,Erik Exposito,Las Palmas,F,2,167,0,0.0733151659369468,0,0.013114963658154,1,1,0,0,0,0.0733151659369468,0.0965588875114917,0.0101287569850683
