,id,player_name,team_title,position,games,time,goals,xG,assists,xA,shots,key_passes,yellow_cards,red_cards,npg,npxG,xGChain,xGBuildup
6876,1497,Ervin Zukanovic,Genoa,D S,25,1959,0,1.1844105646014214,0,0.2995768273249268,19,8,5,0,0,1.1844105646014214,3.5027958638966084,3.325581731274724
6877,1497,Ervin Zukanovic,Chievo,D S,29,2445,2,1.9713081028312445,2,1.9226032961159945,27,26,7,0,2,1.9713081028312445,5.28400195017457,3.8421991243958473
6878,1497,Ervin Zukanovic,Genoa,D,31,2790,0,1.4884703662246466,1,1.4583758264780045,22,13,5,0,0,1.4884703662246466,6.324213979765773,5.102816586382687
6879,1497,Ervin Zukanovic,Atalanta,D M S,19,1386,0,1.0338675864040852,0,0.2398118898272514,10,5,1,0,0,1.0338675864040852,4.245333747938275,4.198571698740125
6880,1497,Ervin Zukanovic,SPAL 2013,D S,3,201,0,0.0237475661560893,0,0.0,2,0,1,0,0,0.0237475661560893,0.3271065950393677,0.3171700909733772
6881,1497,Ervin Zukanovic,"Roma,Sampdoria",D S,25,1859,3,0.9227611469104886,1,0.2033191006630659,11,5,7,1,3,0.9227611469104886,3.7612141221761695,3.231202905997634
