,id,player_name,team_title,position,games,time,goals,xG,assists,xA,shots,key_passes,yellow_cards,red_cards,npg,npxG,xGChain,xGBuildup
6884,3676,Erwin Koffi,Lorient,D S,12,1003,0,0.1059138290584087,1,0.3053427543491125,6,8,0,0,0,0.1059138290584087,1.5287103354930878,1.385454474017024
6885,3676,Erwin Koffi,Lorient,D,1,90,0,0.0,0,0.0,0,0,0,0,0,0.0,0.8808829188346863,0.8808829188346863
