,id,player_name,team_title,position,games,time,goals,xG,assists,xA,shots,key_passes,yellow_cards,red_cards,npg,npxG,xGChain,xGBuildup
6908,572,Etienne Capoue,Villarreal,M S,14,1111,0,0.2482146229594946,0,0.1278789490461349,5,2,4,0,0,0.2482146229594946,4.328246101737022,4.221642956137657
6909,572,Etienne Capoue,Watford,M S,23,1544,1,0.97593161650002,0,0.7933372743427753,23,8,3,0,1,0.97593161650002,4.452152498997748,3.1386510096490383
6910,572,Etienne Capoue,Watford,M,33,2951,1,1.2973155491054058,3,1.369269479997456,18,10,14,1,1,1.2973155491054058,8.080201987177134,7.016401715576649
6911,572,Etienne Capoue,Watford,M,33,2834,0,3.072994651272893,1,1.4461296796798706,35,24,7,0,0,3.072994651272893,8.910061126574874,5.593118637800217
6912,572,Etienne Capoue,Tottenham,M S,12,911,0,0.1177909206598997,0,0.240707254037261,7,4,2,0,0,0.1177909206598997,3.8608578369021416,3.6543962582945824
6913,572,Etienne Capoue,Watford,M,37,3231,7,3.717310607433319,1,1.509295605123043,50,37,5,0,7,3.717310607433319,6.283082967624068,2.68003024160862
6914,572,Etienne Capoue,Watford,M,30,2643,0,0.6416583098471165,3,2.543247055262327,19,19,8,0,0,0.6416583098471165,8.066860908642411,6.2570908442139626
6915,572,Etienne Capoue,Villarreal,M S,16,1221,1,0.2974104732275009,0,0.1716384030878543,8,3,5,1,1,0.2974104732275009,2.8070951364934444,2.491203397512436
