,id,player_name,team_title,position,games,time,goals,xG,assists,xA,shots,key_passes,yellow_cards,red_cards,npg,npxG,xGChain,xGBuildup
6946,8006,Evann Guessand,Nice,F S,7,131,1,0.8339362516999245,1,0.5156797170639038,3,1,2,0,1,0.8339362516999245,1.2949585616588593,0.0
6947,8006,Evann Guessand,Nice,S,3,23,0,0.0357835888862609,0,0.0,1,0,0,0,0,0.0357835888862609,0.0357835888862609,0.0
