,id,player_name,team_title,position,games,time,goals,xG,assists,xA,shots,key_passes,yellow_cards,red_cards,npg,npxG,xGChain,xGBuildup
6990,7657,Evgeni Pesegov,PFC Sochi,M,4,304,0,0.3266929388046264,0,0.6367279253900051,6,5,0,0,0,0.3266929388046264,0.5123818442225456,0.1670000534504652
6991,7657,Evgeni Pesegov,FC Rotor Volgograd,M S,24,1313,0,0.1358444988727569,0,0.3645563572645187,3,11,3,0,0,0.1358444988727569,1.038759384304285,0.7756959609687328
