,id,player_name,team_title,position,games,time,goals,xG,assists,xA,shots,key_passes,yellow_cards,red_cards,npg,npxG,xGChain,xGBuildup
7015,3115,Evgeny Osipov,FC Ufa,D S,13,802,0,0.586500957608223,0,0.0138647407293319,13,1,1,0,0,0.586500957608223,0.7012436795048416,0.6502936501055956
7016,3115,Evgeny Osipov,Arsenal Tula,D,24,2160,2,1.384123221039772,2,1.1166498204693198,31,8,6,0,2,1.384123221039772,3.842938600108028,3.34104865975678
