,id,player_name,team_title,position,games,time,goals,xG,assists,xA,shots,key_passes,yellow_cards,red_cards,npg,npxG,xGChain,xGBuildup
6964,2849,Evgeni Gorodov,FK Akhmat,GK,28,2520,0,0.0,1,0.3719038926064968,0,2,1,0,0,0.0,2.1741056758910418,1.8213592190295456
6965,2849,Evgeni Gorodov,FC Krasnodar,GK,4,360,0,0.0,0,0.0,0,0,0,0,0,0.0,0.7547520995140076,0.7547520995140076
6966,2849,Evgeni Gorodov,FK Akhmat,GK,2,180,0,0.0,0,0.0237031076103448,0,1,0,0,0,0.0,0.0,0.0
6967,2849,Evgeni Gorodov,FK Akhmat,GK,22,1948,0,0.0,0,0.0111938565969467,0,1,2,0,0,0.0,0.8308885833248496,0.8196947267279029
6968,2849,Evgeni Gorodov,FK Akhmat,GK,20,1800,0,0.0,0,0.0627131685614585,0,1,2,0,0,0.0,1.168058805167675,1.168058805167675
6969,2849,Evgeni Gorodov,FK Akhmat,GK,29,2610,0,0.0,0,0.0821045488119125,0,1,3,0,0,0.0,1.2793698646128178,1.1972653158009052
6970,2849,Evgeni Gorodov,FK Akhmat,GK,25,2250,0,0.0,0,0.0972409918904304,0,2,2,0,0,0.0,1.1663471460342407,1.0691061541438105
