,id,player_name,team_title,position,games,time,goals,xG,assists,xA,shots,key_passes,yellow_cards,red_cards,npg,npxG,xGChain,xGBuildup
7002,3044,Evgeniy Gapon,Khimki,D S,6,430,0,0.1072891503572464,0,0.1169363437220454,1,4,2,0,0,0.1072891503572464,1.0747363343834877,1.0602098181843758
7003,3044,Evgeniy Gapon,Mordovya,D S,11,905,0,0.0544173810631036,1,0.2018751995638013,2,6,1,0,0,0.0544173810631036,0.8015775708481669,0.7343367449939251
7004,3044,Evgeniy Gapon,Mordovya,D M S,9,715,0,0.0179367996752262,0,0.0970379747450351,1,4,2,0,0,0.0179367996752262,1.987706366926432,1.9348614066839216
7005,3044,Evgeniy Gapon,Anzhi Makhachkala,D,17,1530,0,0.0713625410571694,0,0.092754254117608,3,3,6,0,0,0.0713625410571694,0.9317603120580316,0.8541227532550693
