,id,player_name,team_title,position,games,time,goals,xG,assists,xA,shots,key_passes,yellow_cards,red_cards,npg,npxG,xGChain,xGBuildup
6993,8356,Evgeni Shlyakov,FC Tambov,D S,7,381,0,0.0250343987718224,0,0.1559286713600158,2,2,0,0,0,0.0250343987718224,0.2595562115311622,0.1817809268832206
6994,8356,Evgeni Shlyakov,FC Tambov,D M S,16,1097,0,0.0655414164066314,0,0.3954806011170149,2,8,3,0,0,0.0655414164066314,1.0291087962687016,0.7633906337432563
