,id,player_name,team_title,position,games,time,goals,xG,assists,xA,shots,key_passes,yellow_cards,red_cards,npg,npxG,xGChain,xGBuildup
7007,5404,Evgeny Bashkirov,Krylya Sovetov Samara,M S,22,1560,0,0.9665298480540514,1,1.0552301062271,20,17,2,1,0,0.9665298480540514,4.558754472993314,2.908988088369369
7008,5404,Evgeny Bashkirov,"Krylya Sovetov Samara,Rubin Kazan",M S,27,1919,0,2.0573637057095766,0,0.8306928360834718,34,26,4,0,0,2.0573637057095766,4.656297387555242,2.827708343975246
7009,5404,Evgeny Bashkirov,Rubin Kazan,M S,11,660,1,0.7488099145703018,1,0.956766232382506,7,9,2,1,1,0.7488099145703018,2.915958430618048,1.694416306912899
