,id,player_name,team_title,position,games,time,goals,xG,assists,xA,shots,key_passes,yellow_cards,red_cards,npg,npxG,xGChain,xGBuildup
7022,8325,Exequiel Palacios,Bayer Leverkusen,M S,9,577,0,0.0880447663366794,0,0.7319895327091217,2,8,1,0,0,0.0880447663366794,1.4004297703504562,0.9522569216787816
7023,8325,Exequiel Palacios,Bayer Leverkusen,M S,3,176,0,0.2366556748747825,0,0.1203856263309717,5,3,0,0,0,0.2366556748747825,0.8760986477136612,0.5597845874726772
7024,8325,Exequiel Palacios,Bayer Leverkusen,M S,10,567,0,0.0128804743289947,1,0.3796907663345337,1,2,1,0,0,0.0128804743289947,1.7905148640275002,1.3979436224326491
