,id,player_name,team_title,position,games,time,goals,xG,assists,xA,shots,key_passes,yellow_cards,red_cards,npg,npxG,xGChain,xGBuildup
7053,6955,Ezequiel ﾃ」ila,Osasuna,F S,17,599,3,2.181637104600668,0,0.6674461551010609,21,5,2,0,3,2.181637104600668,2.8788250759243965,0.5463118869811296
7054,6955,Ezequiel ﾃ」ila,Osasuna,F M S,8,195,0,0.383271949365735,0,0.0,8,0,0,0,0,0.383271949365735,0.4494610894471407,0.0661891438066959
7055,6955,Ezequiel ﾃ」ila,SD Huesca,F M S,34,1991,10,6.9964762246236205,2,3.018417902290821,89,21,10,1,9,6.25319857429713,10.493804385885596,2.719224648550153
7056,6955,Ezequiel ﾃ」ila,Osasuna,F S,20,1597,9,8.280091857537627,2,3.989530114922673,70,22,6,0,9,8.280091857537627,12.755436537787318,2.0181346451863647
