,id,player_name,team_title,position,games,time,goals,xG,assists,xA,shots,key_passes,yellow_cards,red_cards,npg,npxG,xGChain,xGBuildup
7038,1095,Ezequiel Muñoz,Genoa,D S,18,1410,0,0.9150013206526636,0,0.5075100660324097,8,1,7,0,0,0.9150013206526636,1.937285259366036,1.8867743872106075
7039,1095,Ezequiel Muñoz,Genoa,D S,31,2339,0,0.5949720460921526,0,0.1240262854844331,8,3,3,0,0,0.5949720460921526,4.296009046956897,4.296009046956897
7040,1095,Ezequiel Muñoz,"Palermo,Sampdoria",D S,17,1389,1,1.0209636203944683,0,0.0,7,0,3,0,1,1.0209636203944683,3.1119344606995583,3.1119344606995583
7041,1095,Ezequiel Muñoz,Leganes,D S,19,1407,0,0.1804152131080627,1,0.7068347753956914,5,5,2,0,0,0.1804152131080627,0.7034694124013186,0.7034694124013186
7042,1095,Ezequiel Muñoz,Leganes,D S,3,211,0,0.0870181173086166,0,0.0,2,0,0,0,0,0.0870181173086166,0.5128080099821091,0.5128080099821091
