,id,player_name,team_title,position,games,time,goals,xG,assists,xA,shots,key_passes,yellow_cards,red_cards,npg,npxG,xGChain,xGBuildup
7036,3643,Ezequiel Lavezzi,Paris Saint Germain,F S,30,1625,8,7.559555754065514,2,4.979713344946504,34,29,2,0,8,7.559555754065514,13.70684690400958,3.4954026471823454
7037,3643,Ezequiel Lavezzi,Paris Saint Germain,F S,16,418,2,1.6732378993183374,0,0.651839017868042,12,10,0,0,2,1.6732378993183374,2.6626217514276505,1.2183527871966362
