,id,player_name,team_title,position,games,time,goals,xG,assists,xA,shots,key_passes,yellow_cards,red_cards,npg,npxG,xGChain,xGBuildup
7096,390,Fabian Reese,Schalke 04,S,1,3,0,0.0,0,0.0744925588369369,0,1,0,0,0,0.0,0.0,0.0
7097,390,Fabian Reese,Schalke 04,F S,3,73,0,0.0674584358930587,0,0.0365052707493305,2,2,0,0,0,0.0674584358930587,0.0887366160750389,0.0
7098,390,Fabian Reese,Schalke 04,F S,2,85,0,0.1240375116467475,0,0.5567330121994019,3,2,0,0,0,0.1240375116467475,0.6807705536484718,0.1108337789773941
7099,390,Fabian Reese,Schalke 04,S,7,66,0,0.3071268610656261,0,0.0,4,0,0,0,0,0.3071268610656261,0.5022564753890038,0.195129606872797
