,id,player_name,team_title,position,games,time,goals,xG,assists,xA,shots,key_passes,yellow_cards,red_cards,npg,npxG,xGChain,xGBuildup
7178,6892,Fabi치n Balbuena,West Ham,D,23,2013,1,2.524530909024179,0,0.1530445404350757,19,3,2,0,1,2.524530909024179,3.7319631464779377,3.708215445280075
7179,6892,Fabi치n Balbuena,Dinamo Moscow,D,16,1440,2,1.2713063769042492,0,0.6722045969218016,12,5,2,0,2,1.2713063769042492,3.2289302106946707,2.7799686547368765
7180,6892,Fabi치n Balbuena,West Ham,D S,14,1197,1,1.0978245548903942,0,0.0,8,0,1,1,1,1.0978245548903942,2.218800287693739,1.9963053427636623
7181,6892,Fabi치n Balbuena,West Ham,D S,17,1174,1,1.338660404086113,0,0.4616926908493042,10,1,2,0,1,1.338660404086113,1.5457499846816063,1.5457499846816063
