,id,player_name,team_title,position,games,time,goals,xG,assists,xA,shots,key_passes,yellow_cards,red_cards,npg,npxG,xGChain,xGBuildup
7161,1230,Fabio Quagliarella,Sampdoria,F S,15,1001,1,1.9340688781812787,3,1.1502114832401276,30,11,2,0,0,1.172770102508366,3.436951579526067,1.923691809177399
7162,1230,Fabio Quagliarella,"Sampdoria,Torino",F S,32,2577,8,10.22780661098659,0,2.043142369017005,98,19,1,0,7,9.466507779434323,10.876944847404957,1.8082844754680991
7163,1230,Fabio Quagliarella,Sampdoria,F,37,3224,26,23.931930321268737,8,4.579968862235546,140,37,1,0,17,16.319021749310195,20.19403942022473,3.663694598712027
7164,1230,Fabio Quagliarella,Sampdoria,F M S,28,2302,11,12.694545475766065,3,3.7642635200172654,100,37,2,0,6,8.126752631738782,11.538928544148805,2.545375651679933
7165,1230,Fabio Quagliarella,Sampdoria,F S,35,2747,19,18.391942845657468,6,6.64893586281687,111,37,4,0,12,12.301592234522104,17.737690817564726,2.568524429574609
7166,1230,Fabio Quagliarella,Sampdoria,F S,37,2890,12,13.83316557854414,4,3.472862392663956,112,28,2,0,9,10.787970334291458,12.910457462072372,1.1710653267800808
7167,1230,Fabio Quagliarella,Torino,F M S,34,2810,13,12.63739600405097,4,5.061527685262263,124,37,3,0,10,10.353499498218298,14.62171956151724,1.977236760314554
7168,1230,Fabio Quagliarella,Sampdoria,F S,33,2216,13,11.09374750033021,1,1.4081906517967582,83,19,1,0,11,8.80997083708644,10.010083113797007,1.165265440940857
