,id,player_name,team_title,position,games,time,goals,xG,assists,xA,shots,key_passes,yellow_cards,red_cards,npg,npxG,xGChain,xGBuildup
7110,3441,Fabien Camus,Troyes,F M S,35,2411,5,5.203952247276902,1,3.533259877935052,66,46,2,2,5,5.203952247276902,9.826682379469275,4.156576891429722
7111,3441,Fabien Camus,Evian Thonon Gaillard,M S,19,867,0,0.3671956015750766,0,0.6991878096014261,13,12,3,0,0,0.3671956015750766,1.4880104176700115,1.0069333082064986
