,id,player_name,team_title,position,games,time,goals,xG,assists,xA,shots,key_passes,yellow_cards,red_cards,npg,npxG,xGChain,xGBuildup
7115,3509,Fabien Lemoine,Saint-Etienne,M S,33,2475,0,0.4579885667189955,1,0.5009655524045229,19,15,10,0,0,0.4579885667189955,7.196175472810864,6.655725076794624
7116,3509,Fabien Lemoine,Saint-Etienne,M S,16,780,0,0.2812173329293728,0,0.3568115327507257,8,7,0,1,0,0.2812173329293728,1.314308788627386,0.8880415642634034
7117,3509,Fabien Lemoine,Lorient,M S,30,1959,1,0.5501159215345979,0,1.321271551772952,16,14,7,0,1,0.5501159215345979,6.120189596898854,5.530557066202164
7118,3509,Fabien Lemoine,Saint-Etienne,M S,35,2817,2,1.4271655892953277,4,2.922890611924231,23,33,7,0,2,1.4271655892953277,13.157074151560664,10.080820456147194
7119,3509,Fabien Lemoine,Lorient,M,10,824,0,0.012547506019473,1,0.9350268794223666,1,6,3,0,0,0.012547506019473,2.0157301649451256,1.911404937505722
