,id,player_name,team_title,position,games,time,goals,xG,assists,xA,shots,key_passes,yellow_cards,red_cards,npg,npxG,xGChain,xGBuildup
7091,25,Fabian Lustenberger,Hertha Berlin,D M S,29,2168,0,0.1340079195797443,1,0.830448791384697,2,4,1,0,0,0.1340079195797443,4.780344475060701,4.665780914947391
7092,25,Fabian Lustenberger,Hertha Berlin,D M,30,2564,1,0.854938643053174,0,0.575076887384057,10,9,5,0,1,0.854938643053174,5.820672437548637,5.418608151376247
7093,25,Fabian Lustenberger,Hertha Berlin,D M S,27,2193,0,0.2382510881870985,0,0.1829337812960147,4,5,3,1,0,0.2382510881870985,2.2294730450958014,2.177808055654168
7094,25,Fabian Lustenberger,Hertha Berlin,D M S,23,1579,0,0.0483551546931266,0,0.6131358398124576,3,6,3,0,0,0.0483551546931266,4.389644065871835,3.785115433856845
7095,25,Fabian Lustenberger,Hertha Berlin,D M S,19,1500,0,0.1076571326702833,1,0.2297157738357782,2,7,1,0,0,0.1076571326702833,3.004486434161663,2.77477066218853
