,id,player_name,team_title,position,games,time,goals,xG,assists,xA,shots,key_passes,yellow_cards,red_cards,npg,npxG,xGChain,xGBuildup
7129,1752,Fabio,Nantes,D,10,834,0,0.0471676168963313,0,0.3684651423245668,3,7,4,0,0,0.0471676168963313,2.0462158899754286,1.9078961396589875
7130,1752,Fabio,Nantes,D S,22,1511,0,0.3083765152841806,1,0.6353956451639533,8,11,3,1,0,0.3083765152841806,2.663107616826892,1.8374964594841003
7131,1752,Fabio,Nantes,D M S,20,1294,0,0.0429619625210762,2,0.9140004934743048,3,15,3,1,0,0.0429619625210762,3.592698657885194,2.8588691987097263
7132,1752,Fabio,Middlesbrough,D M S,24,1856,0,0.1470823269337415,0,0.7304994454607368,5,16,8,0,0,0.1470823269337415,3.5885244170203805,3.010913921520114
7133,1752,Fabio,Nantes,D S,12,839,0,0.3690027091652155,0,0.2385678701102733,6,4,4,1,0,0.3690027091652155,3.1081770211458206,2.600219495594501
