,id,player_name,team_title,position,games,time,goals,xG,assists,xA,shots,key_passes,yellow_cards,red_cards,npg,npxG,xGChain,xGBuildup
7195,1329,Fabrizio Cacciatore,Chievo,D S,33,2872,2,1.0225165532901883,3,2.921853268519044,21,35,5,1,2,1.0225165532901883,8.524958420544863,6.182321145199239
7196,1329,Fabrizio Cacciatore,Chievo,D S,29,2302,1,1.4965330064296722,3,2.567335425876081,11,27,6,0,1,1.4965330064296722,7.252225199714303,4.399358069524169
7197,1329,Fabrizio Cacciatore,"Cagliari,Chievo",D S,14,1080,0,0.1324220821261406,2,1.8724078852683304,4,16,3,0,0,0.1324220821261406,4.144859747961164,3.069371672347188
7198,1329,Fabrizio Cacciatore,Cagliari,D S,16,1155,0,0.3628765223547816,0,0.5731775667518377,3,5,1,1,0,0.3628765223547816,3.154054470360279,3.093282923102379
7199,1329,Fabrizio Cacciatore,Chievo,D,29,2510,1,3.151660938747227,2,2.5321179646998644,18,33,7,1,1,3.151660938747227,8.634361774660647,6.119520209729672
7200,1329,Fabrizio Cacciatore,Sampdoria,D S,11,724,0,0.2477132603526115,0,0.264072060585022,4,5,0,1,0,0.2477132603526115,1.2067516585811973,1.1286860397085547
