,id,player_name,team_title,position,games,time,goals,xG,assists,xA,shots,key_passes,yellow_cards,red_cards,npg,npxG,xGChain,xGBuildup
7204,4515,Facundo Ferreyra,Espanyol,F S,9,198,1,0.5120797343552113,0,0.0,3,0,2,0,1,0.5120797343552113,0.7444940190762281,0.2324142828583717
7205,4515,Facundo Ferreyra,Espanyol,F S,16,546,1,1.061483358964324,0,0.260185182094574,7,4,2,0,1,1.061483358964324,1.469876814633608,0.3021525889635086
7206,4515,Facundo Ferreyra,Celta Vigo,F S,13,272,1,1.4120066203176975,0,0.0,7,0,3,1,1,1.4120066203176975,1.2682677246630192,0.0
