,id,player_name,team_title,position,games,time,goals,xG,assists,xA,shots,key_passes,yellow_cards,red_cards,npg,npxG,xGChain,xGBuildup
7208,8664,Facundo Medina,Lens,D S,24,2009,2,1.17215695977211,0,0.6419941186904907,9,8,11,0,2,1.17215695977211,6.584033899009228,6.074867382645607
7209,8664,Facundo Medina,Lens,D S,16,1275,1,1.6581595912575722,0,0.0805359631776809,6,2,6,0,1,1.6581595912575722,6.619238326326013,5.867566999047995
