,id,player_name,team_title,position,games,time,goals,xG,assists,xA,shots,key_passes,yellow_cards,red_cards,npg,npxG,xGChain,xGBuildup
7210,9324,Facundo Pellistri,Alaves,F M S,12,534,0,0.4218260589987039,0,0.0374266877770423,5,2,0,0,0,0.4218260589987039,1.3528435751795769,0.9458991996943952
7211,9324,Facundo Pellistri,Alaves,F M S,15,564,0,0.4283751789480448,0,0.3102586474269628,6,5,0,0,0,0.4283751789480448,0.9974419474601746,0.322481956332922
