,id,player_name,team_title,position,games,time,goals,xG,assists,xA,shots,key_passes,yellow_cards,red_cards,npg,npxG,xGChain,xGBuildup
7261,5757,Farid Boulaya,Metz,F M S,10,653,3,0.7004360156133771,1,1.6873831674456596,8,15,0,1,3,0.7004360156133771,1.9793808115646243,1.1750420480966568
7262,5757,Farid Boulaya,Metz,F S,19,814,2,1.937755569815636,1,1.68826833833009,24,22,1,1,2,1.937755569815636,3.226972658187151,0.6032525608316064
7263,5757,Farid Boulaya,Metz,F M S,33,2830,6,5.06795196980238,8,8.465971153229475,79,77,5,0,5,3.54776169359684,11.643252737820148,6.289682596921921
7264,5757,Farid Boulaya,SC Bastia,F S,2,11,0,0.0,0,0.0143065210431814,0,1,0,0,0,0.0,0.0143065210431814,0.0
7265,5757,Farid Boulaya,Metz,S,7,165,0,0.0466570574790239,1,0.11122084595263,3,2,0,0,0,0.0466570574790239,0.261601785197854,0.127867566421628
