,id,player_name,team_title,position,games,time,goals,xG,assists,xA,shots,key_passes,yellow_cards,red_cards,npg,npxG,xGChain,xGBuildup
7391,6972,Federico Santander,Bologna,F S,24,732,1,4.475956620648503,0,0.8263154570013285,25,13,6,0,0,3.7146578058600426,3.6098376624286175,1.1158711509779096
7392,6972,Federico Santander,Bologna,S,4,29,0,0.2134680934250354,1,0.3799126744270324,4,1,0,0,0,0.2134680934250354,0.5007612444460392,0.0
7393,6972,Federico Santander,Bologna,F S,32,2058,8,7.911042750813067,3,3.4152866499498487,76,37,5,0,8,7.911042750813067,9.550375498831272,1.625188335776329
7394,6972,Federico Santander,Bologna,S,5,35,0,0.006713175214827,0,0.0,1,0,0,0,0,0.006713175214827,0.0,0.0
