,id,player_name,team_title,position,games,time,goals,xG,assists,xA,shots,key_passes,yellow_cards,red_cards,npg,npxG,xGChain,xGBuildup
7401,1456,Federico Viviani,Frosinone,M,5,342,0,0.1079157432541251,0,0.1359336450695991,4,3,1,0,0,0.1079157432541251,1.0418324070051312,0.9118473213165998
7402,1456,Federico Viviani,SPAL 2013,M,29,2503,3,3.67369188554585,3,2.7149533927440643,52,42,9,0,3,2.912392990663648,4.601322350092232,3.40448761638254
7403,1456,Federico Viviani,Verona,M S,19,1595,3,1.076662678271532,6,4.362399568781257,30,43,4,1,3,1.076662678271532,6.200476299971342,5.25758758559823
7404,1456,Federico Viviani,Bologna,M S,17,1130,2,1.213240785524249,2,1.6594952158629894,31,12,4,1,2,1.213240785524249,2.386826639994979,1.857591945677996
