,id,player_name,team_title,position,games,time,goals,xG,assists,xA,shots,key_passes,yellow_cards,red_cards,npg,npxG,xGChain,xGBuildup
7319,1370,Federico Ceccherini,Crotone,D,37,3234,1,1.1001899200491607,1,0.4001337420195341,16,10,4,1,1,1.1001899200491607,2.3002990279346704,2.1037018317729235
7320,1370,Federico Ceccherini,Crotone,D,35,3102,1,0.8444979442283511,0,0.1924210656434297,15,6,9,0,1,0.8444979442283511,3.0060491617769003,2.6804271806031466
7321,1370,Federico Ceccherini,Verona,D S,15,867,0,0.098571733571589,0,0.0816470831632614,3,1,4,0,0,0.098571733571589,1.4277561455965042,1.4277561455965042
7322,1370,Federico Ceccherini,Fiorentina,D S,15,987,0,0.0748188495635986,0,0.3928831499069929,1,3,2,0,0,0.0748188495635986,1.884853906929493,1.8617452159523964
7323,1370,Federico Ceccherini,"Fiorentina,Verona",D S,28,2032,0,1.1119019240140915,0,0.4772967640310526,12,5,10,0,0,1.1119019240140915,8.647552598267794,8.453704472631216
7324,1370,Federico Ceccherini,Fiorentina,D S,15,823,0,0.2147889137268066,0,0.0238624941557645,4,1,3,0,0,0.2147889137268066,1.9293132163584232,1.9293132163584232
