,id,player_name,team_title,position,games,time,goals,xG,assists,xA,shots,key_passes,yellow_cards,red_cards,npg,npxG,xGChain,xGBuildup
7359,1200,Federico Marchetti,Lazio,GK,29,2549,0,0.0,0,0.0488097667694091,0,1,0,0,0,0.0,3.369864792563021,3.321055025793612
7360,1200,Federico Marchetti,Lazio,GK,30,2609,0,0.0,0,0.0253757536411285,0,1,6,2,0,0.0,4.446417062543333,4.421041308902204
7361,1200,Federico Marchetti,Genoa,GK,4,360,0,0.0,0,0.0,0,0,1,0,0,0.0,0.3385933637619018,0.3385933637619018
7362,1200,Federico Marchetti,Genoa,GK,4,337,0,0.0,0,0.0,0,0,0,0,0,0.0,0.3595988303422928,0.3595988303422928
7363,1200,Federico Marchetti,Lazio,GK,17,1486,0,0.0,0,0.0,0,0,0,0,0,0.0,0.400849886238575,0.400849886238575
