,id,player_name,team_title,position,games,time,goals,xG,assists,xA,shots,key_passes,yellow_cards,red_cards,npg,npxG,xGChain,xGBuildup
7445,1208,Felipe Anderson,West Ham,F M,36,3073,9,5.527917226776481,4,6.779622457921505,58,65,3,0,9,5.527917226776481,14.421116042882204,5.719295345246792
7446,1208,Felipe Anderson,West Ham,S,2,2,0,0.0,0,0.0,0,0,0,0,0,0.0,0.0503686591982841,0.0503686591982841
7447,1208,Felipe Anderson,West Ham,M S,25,1531,1,2.634846702218056,4,2.64747777953744,23,25,1,0,1,2.634846702218056,8.100950414314866,3.8147295024245977
7448,1208,Felipe Anderson,Lazio,F M S,35,2052,7,5.607604706659913,4,3.604053622111678,50,27,2,0,7,5.607604706659913,11.214232512749732,4.145380351692438
7449,1208,Felipe Anderson,Lazio,D F M S,21,1139,4,2.7512874789536,7,4.3873586393892765,26,38,0,0,4,2.7512874789536,8.096928568556905,3.603171107359232
7450,1208,Felipe Anderson,Lazio,F S,17,1299,3,2.8154505491256714,3,2.4887474048882723,19,24,1,0,3,2.8154505491256714,7.132544696331024,2.907715309411288
7451,1208,Felipe Anderson,Lazio,F M S,32,2095,10,6.354090019129217,7,8.058041353709996,65,35,5,0,10,6.354090019129217,20.190953455865383,8.09505034610629
7452,1208,Felipe Anderson,Lazio,D F M S,36,2935,4,4.916771904565394,9,8.496704388409853,70,75,5,0,3,4.155473099090159,18.27827891800553,9.16983470413834
