,id,player_name,team_title,position,games,time,goals,xG,assists,xA,shots,key_passes,yellow_cards,red_cards,npg,npxG,xGChain,xGBuildup
7471,6999,Felipe Vizeu,FK Akhmat,F S,7,331,1,1.6800589486956596,1,0.4901550114154815,9,3,1,0,1,0.925783634185791,1.5891365110874176,0.2469005519524216
7472,6999,Felipe Vizeu,Udinese,S,5,24,0,0.0187569092959165,0,0.0293157501146197,1,2,0,0,0,0.0187569092959165,0.0293157501146197,0.0
