,id,player_name,team_title,position,games,time,goals,xG,assists,xA,shots,key_passes,yellow_cards,red_cards,npg,npxG,xGChain,xGBuildup
7469,2729,Felipe Santana,Kuban Krasnodar,D M,9,810,0,0.1653375346213579,0,0.0928371530026197,3,4,1,0,0,0.1653375346213579,0.6799337659031153,0.6197614055126905
7470,2729,Felipe Santana,Schalke 04,D S,4,304,0,0.1623615697026252,0,0.1354033127427101,3,3,0,0,0,0.1623615697026252,0.6598335579037666,0.5499558225274086
