,id,player_name,team_title,position,games,time,goals,xG,assists,xA,shots,key_passes,yellow_cards,red_cards,npg,npxG,xGChain,xGBuildup
7576,2271,Fernando Torres,Atletico Madrid,F S,27,959,5,5.059410868212581,0,0.3852906376123428,30,5,2,0,5,4.3161332141608,4.607314111664891,1.034770678728819
7577,2271,Fernando Torres,Atletico Madrid,F S,31,1417,8,8.836132112890482,5,3.3759521320462227,45,20,3,0,7,7.349576845765114,10.937838369980454,2.140035266056657
7578,2271,Fernando Torres,Atletico Madrid,F S,30,1687,11,8.592066910117865,4,4.595362313091755,57,20,3,0,11,8.592066910117865,13.87180120125413,2.5648031383752823
7579,2271,Fernando Torres,Atletico Madrid,F S,19,884,3,2.7596563827246428,1,1.3512341603636742,23,6,3,0,3,2.7596563827246428,3.791574457660317,0.0751456972211599
7580,2271,Fernando Torres,AC Milan,F S,10,589,1,1.4126846957951784,0,0.6348796226084232,19,4,1,0,1,1.4126846957951784,2.558768382295966,0.8673034161329269
