,id,player_name,team_title,position,games,time,goals,xG,assists,xA,shots,key_passes,yellow_cards,red_cards,npg,npxG,xGChain,xGBuildup
7574,2540,Fernando Tissone,Malaga,M S,7,320,0,0.0578026017174124,0,0.4709086883813143,3,2,3,0,0,0.0578026017174124,0.7350017558783293,0.2350954972207546
7575,2540,Fernando Tissone,Malaga,M,12,999,0,0.1823633974418044,0,0.5613400414586067,8,12,2,2,0,0.1823633974418044,1.667521539144218,1.435210395604372
