,id,player_name,team_title,position,games,time,goals,xG,assists,xA,shots,key_passes,yellow_cards,red_cards,npg,npxG,xGChain,xGBuildup
7540,6916,Fernando Calero,Espanyol,D S,2,75,0,0.0,0,0.0,0,0,0,0,0,0.0,0.1334215179085731,0.1334215179085731
7541,6916,Fernando Calero,Espanyol,D S,15,1042,0,0.0,0,0.0,0,0,4,1,0,0.0,1.919355410151184,1.919355410151184
7542,6916,Fernando Calero,Real Valladolid,D S,36,3131,1,0.5485892342403531,0,0.5020148139446974,10,5,7,0,1,0.5485892342403531,6.624418743886054,6.49122775439173
