,id,player_name,team_title,position,games,time,goals,xG,assists,xA,shots,key_passes,yellow_cards,red_cards,npg,npxG,xGChain,xGBuildup
7584,6441,Ferrán Torres,Manchester City,F,4,308,2,2.512166380882263,1,0.0216444358229637,13,1,0,0,2,2.512166380882263,2.4304773956537247,1.177093531936407
7585,6441,Ferrán Torres,Manchester City,F M S,24,1305,7,5.728707629255951,2,2.202425992116332,36,18,1,0,7,5.728707629255951,10.002996038645506,2.9583620112389326
7586,6441,Ferrán Torres,Valencia,M S,13,299,0,0.4394473414868116,1,0.6938420012593269,3,4,0,0,0,0.4394473414868116,1.412866711616516,0.2795773781836033
7587,6441,Ferrán Torres,Valencia,M S,24,828,2,1.3844252061098814,1,1.8189218640327447,17,16,5,0,2,1.3844252061098814,5.349309906363487,3.1448618452996016
7588,6441,Ferrán Torres,Valencia,F M S,34,2276,4,4.0220609633252025,5,5.062216940335929,33,24,5,0,4,4.0220609633252025,11.733029873110354,3.4818019988015294
