,id,player_name,team_title,position,games,time,goals,xG,assists,xA,shots,key_passes,yellow_cards,red_cards,npg,npxG,xGChain,xGBuildup
7619,64,Filip Kostic,Eintracht Frankfurt,D F M S,14,1182,3,0.8232424734160304,6,5.37127211689949,24,40,1,0,3,0.8232424734160304,5.097675990313292,1.7204786371439695
7620,64,Filip Kostic,Hamburger SV,M S,31,2543,4,3.904025193303824,3,4.7838709792122245,53,39,6,0,4,3.904025193303824,7.9141094367951155,0.7971292734146118
7621,64,Filip Kostic,Hamburger SV,F M S,30,2412,5,8.683298671618104,1,3.11167211830616,66,30,2,0,5,7.167745226994157,9.984517944045365,2.003762167878449
7622,64,Filip Kostic,Eintracht Frankfurt,D F M S,34,2965,6,4.307761549018323,10,10.464585738256574,61,46,4,0,6,4.307761549018323,16.116028118878603,5.373485310934484
7623,64,Filip Kostic,VfB Stuttgart,M,30,2608,5,4.821352066472173,5,10.772462528198956,49,79,5,0,4,4.063575388863683,15.816557839512823,6.519289759453386
7624,64,Filip Kostic,Eintracht Frankfurt,D M,33,2962,4,5.679941590875387,11,11.789905115962029,88,78,4,0,4,5.679941590875387,20.711039546877146,11.335508964024484
7625,64,Filip Kostic,Eintracht Frankfurt,D M S,30,2535,4,4.114964731037617,15,14.134790873154998,52,88,4,0,4,4.114964731037617,18.563060365617275,4.895749682560563
7626,64,Filip Kostic,VfB Stuttgart,M S,28,1511,3,3.381504046730697,5,7.31762577034533,47,37,5,0,3,3.381504046730697,10.179650569334626,4.7191659193485975
