,id,player_name,team_title,position,games,time,goals,xG,assists,xA,shots,key_passes,yellow_cards,red_cards,npg,npxG,xGChain,xGBuildup
7659,2058,Filippo Romagna,Cagliari,D S,18,1473,0,0.3338152840733528,0,0.0,4,0,2,0,0,0.3338152840733528,1.372280285693705,1.372280285693705
7660,2058,Filippo Romagna,Sassuolo,D S,18,1476,0,0.0841897372156381,0,0.1456224974244833,2,3,3,0,0,0.0841897372156381,6.197738138958812,6.18375332467258
7661,2058,Filippo Romagna,Cagliari,D S,23,1889,0,0.1048298776149749,0,0.0994555559009313,4,4,0,0,0,0.1048298776149749,0.7541630398482084,0.6152230482548475
