,id,player_name,team_title,position,games,time,goals,xG,assists,xA,shots,key_passes,yellow_cards,red_cards,npg,npxG,xGChain,xGBuildup
7633,9153,Filip Mrzljak,FC Ufa,M S,16,1260,0,1.5562058463692665,2,1.3082214812748134,18,12,8,0,0,1.5562058463692665,3.4044236997142434,1.9251743210479613
7634,9153,Filip Mrzljak,FC Ufa,F M S,15,1131,4,2.796036960557103,1,2.2023974619805813,15,15,7,0,4,2.796036960557103,6.565310601145029,2.2973380591720343
