,id,player_name,team_title,position,games,time,goals,xG,assists,xA,shots,key_passes,yellow_cards,red_cards,npg,npxG,xGChain,xGBuildup
7614,1440,Filip Helander,Bologna,D S,20,1711,0,0.6433274410665035,0,0.1562545262277126,10,2,6,0,0,0.6433274410665035,2.8134747315198183,2.5964670423418283
7615,1440,Filip Helander,Bologna,D S,11,833,1,0.7195383384823799,0,0.0680126398801803,3,1,3,0,1,0.7195383384823799,1.0866539105772972,1.0866539105772972
7616,1440,Filip Helander,Bologna,D S,29,2501,0,0.1636701840907335,0,0.0085731381550431,3,1,5,0,0,0.1636701840907335,1.3332042582333088,1.3246311284601688
7617,1440,Filip Helander,Verona,D S,24,1863,2,1.1071371994912624,0,0.0196650233119726,5,1,4,0,2,1.1071371994912624,1.5689237099140882,1.5689237099140882
