,id,player_name,team_title,position,games,time,goals,xG,assists,xA,shots,key_passes,yellow_cards,red_cards,npg,npxG,xGChain,xGBuildup
7695,5677,Florent Mollet,Montpellier,M S,16,1279,4,2.432119313627481,2,1.4008948020637035,25,17,4,0,4,2.432119313627481,4.92228864133358,1.918103389441967
7696,5677,Florent Mollet,Montpellier,F M S,34,2381,3,5.184915571473539,5,3.4480949714779854,51,42,5,2,3,5.184915571473539,9.449386741034688,3.4598484076559544
7697,5677,Florent Mollet,Metz,M S,25,871,0,1.1068328395485878,1,1.5172958690673113,25,17,4,0,0,1.1068328395485878,2.536448785103857,1.4296401552855968
7698,5677,Florent Mollet,Metz,F M S,22,1419,7,3.815244157798588,1,0.9046008558943868,44,20,6,0,6,3.05514903832227,5.639351250603795,2.567520137876272
7699,5677,Florent Mollet,Montpellier,M S,32,2593,6,3.875552228651941,4,6.684405464679003,83,68,5,1,6,3.875552228651941,11.49775284808129,5.918470462784171
7700,5677,Florent Mollet,Montpellier,M S,25,1687,6,3.129365149885416,3,5.025259740650654,46,43,5,0,6,3.129365149885416,7.264195588417351,3.2954695224761963
