,id,player_name,team_title,position,games,time,goals,xG,assists,xA,shots,key_passes,yellow_cards,red_cards,npg,npxG,xGChain,xGBuildup
7742,5073,Florian Lejeune,Newcastle United,D S,6,442,2,0.3811470968648791,0,0.051249224692583,4,1,0,0,2,0.3811470968648791,0.2689422890543937,0.2064840979874134
7743,5073,Florian Lejeune,Newcastle United,D,24,2103,0,0.3279310036450624,2,1.536463275551796,13,7,3,0,0,0.3279310036450624,2.682086257264018,2.6168014239519835
7744,5073,Florian Lejeune,Alaves,D,34,3018,1,2.399979369714856,1,0.8651522360742092,23,7,10,0,1,2.399979369714856,3.145370995625853,2.9244455248117447
7745,5073,Florian Lejeune,Eibar,D S,34,2969,1,2.554701096843928,1,0.566322198137641,28,7,6,1,1,2.554701096843928,4.1642691870220006,3.8559582429006696
7746,5073,Florian Lejeune,Alaves,D,10,900,0,0.3350262902677059,0,0.0722736567258834,8,2,4,1,0,0.3350262902677059,2.0667031928896904,2.058368431404233
7747,5073,Florian Lejeune,Newcastle United,D,12,1057,0,0.2765634413808584,0,0.291435744613409,7,6,0,0,0,0.2765634413808584,2.3515918850898743,2.278653621673584
