,id,player_name,team_title,position,games,time,goals,xG,assists,xA,shots,key_passes,yellow_cards,red_cards,npg,npxG,xGChain,xGBuildup
7748,3323,Florian Marange,SC Bastia,D S,18,1417,0,0.0252423444762825,0,0.3308873381465673,2,8,2,0,0,0.0252423444762825,2.027910307049752,1.8307563625276089
7749,3323,Florian Marange,SC Bastia,D M S,24,1669,0,0.0488288514316082,1,0.7204886376857758,2,4,6,0,0,0.0488288514316082,1.5248243678361175,1.3585072178393602
7750,3323,Florian Marange,SC Bastia,D S,19,1452,0,0.9071997292339802,0,0.3959746211767196,7,4,3,1,0,0.9071997292339802,1.8506300821900368,1.5017103422433138
