,id,player_name,team_title,position,games,time,goals,xG,assists,xA,shots,key_passes,yellow_cards,red_cards,npg,npxG,xGChain,xGBuildup
7812,5692,Fouad Chafik,Dijon,D S,23,1618,1,0.0972625249996781,0,0.7240326888859272,5,8,5,0,1,0.0972625249996781,3.331516806036234,2.602297054603696
7813,5692,Fouad Chafik,Dijon,D S,20,1531,0,0.1367542799562215,2,1.4882197082042694,7,22,1,0,0,0.1367542799562215,4.132754601538181,2.914653344079852
7814,5692,Fouad Chafik,Dijon,D M S,23,1626,0,0.1421226281672716,2,1.8476977618411183,5,16,4,0,0,0.1421226281672716,4.8974542282521725,3.64690694026649
7815,5692,Fouad Chafik,Dijon,D,27,2402,0,0.1238502627238631,1,0.952647702768445,5,17,2,0,0,0.1238502627238631,5.456751836463809,4.946099661290646
7816,5692,Fouad Chafik,Dijon,D,21,1861,0,0.2200350705534219,2,1.8575917780399325,9,17,2,0,0,0.2200350705534219,4.428072260692716,3.5982672814279795
