,id,player_name,team_title,position,games,time,goals,xG,assists,xA,shots,key_passes,yellow_cards,red_cards,npg,npxG,xGChain,xGBuildup
7831,5130,Fran Mérida,Osasuna,M S,15,810,1,0.990404766984284,0,0.5249183848500252,16,7,5,0,1,0.990404766984284,2.869832018390298,2.4477548953145742
7832,5130,Fran Mérida,Osasuna,M S,23,1162,0,0.251202748157084,1,0.6424865201115608,13,10,7,1,0,0.251202748157084,4.726585844531655,4.319805726408958
7833,5130,Fran Mérida,Espanyol,M S,4,145,0,0.1105927601456642,0,0.1142577305436134,2,1,0,0,0,0.1105927601456642,0.5120195560157299,0.441064428538084
