,id,player_name,team_title,position,games,time,goals,xG,assists,xA,shots,key_passes,yellow_cards,red_cards,npg,npxG,xGChain,xGBuildup
7947,980,Franck Tabanou,Saint-Etienne,D S,31,2612,1,1.2608463475480676,5,2.1489311307668686,21,24,6,0,1,1.2608463475480676,9.360802480950952,7.601726355031133
7948,980,Franck Tabanou,Guingamp,D,2,180,0,0.0,0,0.0,0,0,0,0,0,0.0,0.1858050003647804,0.1858050003647804
7949,980,Franck Tabanou,Saint-Etienne,D M S,11,688,0,0.1366323046386242,0,0.7293125167489052,7,6,0,1,0,0.1366323046386242,0.8892848156392574,0.5502169476822019
7950,980,Franck Tabanou,Guingamp,D S,15,1049,0,0.0723751261830329,2,1.00514817237854,2,9,5,0,0,0.0723751261830329,1.3173614470288155,1.2143019353970883
7951,980,Franck Tabanou,Granada,D,6,373,0,0.1299458993598818,0,0.0,2,0,3,0,0,0.1299458993598818,0.1857506847009062,0.0558047853410244
