,id,player_name,team_title,position,games,time,goals,xG,assists,xA,shots,key_passes,yellow_cards,red_cards,npg,npxG,xGChain,xGBuildup
7912,2149,Francisco Portillo,Real Betis,M S,19,965,0,0.2408747300505638,0,1.0682015605270865,5,17,4,0,0,0.2408747300505638,3.4302019122987986,2.579369151964784
7913,2149,Francisco Portillo,Getafe,M S,16,402,0,0.0,1,0.5204448280856013,0,5,1,0,0,0.0,1.0698468587361276,0.6182835935615003
7914,2149,Francisco Portillo,Getafe,M S,33,2469,2,3.492482907138765,3,2.9397793291136622,20,23,6,0,1,2.005927628837526,7.917235768400133,3.948430772870779
7915,2149,Francisco Portillo,Getafe,M S,32,1986,1,1.6911262460052967,4,2.8408056274056435,9,24,3,1,1,1.6911262460052967,9.172755599021912,6.414104335010052
7916,2149,Francisco Portillo,Getafe,M S,16,340,0,0.1871604546904564,2,1.5225237011909485,3,8,3,0,0,0.1871604546904564,1.8435141630470755,0.7088324874639511
