,id,player_name,team_title,position,games,time,goals,xG,assists,xA,shots,key_passes,yellow_cards,red_cards,npg,npxG,xGChain,xGBuildup
7959,1611,Franco Brienza,Cesena,F M S,30,2513,8,6.41928849928081,4,5.028767028823495,53,52,2,0,5,4.135392053052783,10.538085583597422,4.629649226553738
7960,1611,Franco Brienza,Bologna,F M S,29,1667,3,2.727578639984131,3,4.123826026916504,41,40,1,0,3,2.727578639984131,5.98550267983228,2.3921415647491813
