,id,player_name,team_title,position,games,time,goals,xG,assists,xA,shots,key_passes,yellow_cards,red_cards,npg,npxG,xGChain,xGBuildup
7897,6166,Francis,Real Betis,D M,22,1806,0,0.4088591504842043,1,1.5256413333117962,10,14,1,0,0,0.4088591504842043,5.137107765302062,3.541596652939916
7898,6166,Francis,Real Betis,D F M S,14,993,1,0.2544690109789371,0,0.531905397772789,4,8,2,0,1,0.2544690109789371,3.529885596595705,3.171173415146768
