,id,player_name,team_title,position,games,time,goals,xG,assists,xA,shots,key_passes,yellow_cards,red_cards,npg,npxG,xGChain,xGBuildup
7930,1489,Franck Kessié,AC Milan,M,37,3275,5,7.660690128803253,3,3.4000051571056247,75,43,9,0,2,4.615616360679269,15.173476368188858,9.939871035516262
7931,1489,Franck Kessié,AC Milan,M S,37,3231,13,13.495036673732102,4,3.908409910276532,49,32,8,0,2,3.598272153176368,16.192339226603508,11.070898316800594
7932,1489,Franck Kessié,Atalanta,M S,30,2219,6,5.238876789808273,3,2.24849586840719,46,19,5,2,4,3.71627913415432,12.120104694738984,8.140143129974604
7933,1489,Franck Kessié,AC Milan,M,34,3030,7,7.736343041062355,2,2.8984406292438507,52,44,8,0,4,5.452526388689876,16.544661980122328,9.33122194558382
7934,1489,Franck Kessié,AC Milan,M S,35,2920,4,3.941270605660975,1,2.437503047287464,39,30,3,0,2,2.41867292765528,16.675053253769875,13.310146303847432
7935,1489,Franck Kessié,AC Milan,M S,14,1020,3,3.6480063442140818,0,0.7859171945601702,14,15,1,0,1,1.3641098532825708,6.126540657132864,4.499708216637373
