,id,player_name,team_title,position,games,time,goals,xG,assists,xA,shots,key_passes,yellow_cards,red_cards,npg,npxG,xGChain,xGBuildup
7973,1836,Franco Vázquez,Sevilla,M S,15,136,1,0.1752476943656802,0,0.1377693433314561,3,2,1,0,1,0.1752476943656802,1.4521442502737043,1.2737023457884789
7974,1836,Franco Vázquez,Palermo,F M,37,3231,10,9.117931227199731,10,9.239036513492463,99,68,7,0,9,7.5953335938975215,24.593129739165303,13.665066208690403
7975,1836,Franco Vázquez,Palermo,F M,36,3192,8,8.27277067489922,7,5.259979477152228,105,54,11,0,7,7.511471847072244,17.534473836421967,8.285840634256601
7976,1836,Franco Vázquez,Sevilla,F M S,30,2106,7,5.290712116286159,3,4.64370281342417,54,32,8,0,7,5.290712116286159,15.316869778558612,7.175979042425752
7977,1836,Franco Vázquez,Sevilla,F M S,34,2298,3,4.320327654480934,4,4.719091894105077,45,30,8,1,3,4.320327654480934,16.875291088595986,10.39325425028801
7978,1836,Franco Vázquez,Sevilla,M S,30,1852,4,6.135008430108428,6,5.685257036238909,55,41,5,0,4,6.135008430108428,14.475405829027295,4.949966643936932
7979,1836,Franco Vázquez,Sevilla,F M S,31,1043,3,1.7844137214124205,0,0.4179588910192251,16,9,5,0,3,1.7844137214124205,4.743063032627106,3.200643504038453
