,id,player_name,team_title,position,games,time,goals,xG,assists,xA,shots,key_passes,yellow_cards,red_cards,npg,npxG,xGChain,xGBuildup
8003,3205,François Moubandje,Toulouse,D S,21,1701,0,0.063000607304275,0,0.3435406824573874,3,8,5,1,0,0.063000607304275,1.6662247572094202,1.4386964589357376
8004,3205,François Moubandje,Toulouse,D S,31,2704,0,0.0943846330046653,2,0.7085918206721544,3,16,4,1,0,0.0943846330046653,2.9101885370910168,2.4093092177063227
8005,3205,François Moubandje,Toulouse,D M S,23,1870,0,0.0688487086445093,0,0.650196785107255,4,14,4,1,0,0.0688487086445093,2.5940445084124804,2.237395504489541
8006,3205,François Moubandje,Toulouse,D,34,3040,0,0.1488021286204457,1,1.285341457463801,7,19,4,0,0,0.1488021286204457,4.6759900487959385,4.419815643690527
8007,3205,François Moubandje,Toulouse,D S,22,1934,0,0.3787568490952253,0,0.9702129596844316,7,13,3,0,0,0.3787568490952253,3.1122023994103074,1.8888436490669849
