,id,player_name,team_title,position,games,time,goals,xG,assists,xA,shots,key_passes,yellow_cards,red_cards,npg,npxG,xGChain,xGBuildup
7842,1463,Francesco Acerbi,Sassuolo,D,38,3420,4,2.669578396715224,0,0.3942077104002237,17,8,2,0,3,1.9082795614376664,6.394325532950461,5.648716730065644
7843,1463,Francesco Acerbi,Lazio,D,15,1337,1,0.4418849386274814,0,0.1661553997546434,4,3,1,1,1,0.4418849386274814,5.0259893871843815,4.872550817206502
7844,1463,Francesco Acerbi,Sassuolo,D,36,3240,4,2.835088975727558,0,0.1725490000098943,13,6,3,0,4,2.835088975727558,5.988464457914233,5.805784983560443
7845,1463,Francesco Acerbi,Lazio,D,32,2814,0,1.0400617010891438,1,1.1797536490485072,8,10,7,1,0,1.0400617010891438,10.49756764061749,9.72127623297274
7846,1463,Francesco Acerbi,Sassuolo,D,38,3420,0,1.3119133114814758,0,0.4217967037111521,15,9,3,0,0,1.3119133114814758,4.981141758151352,4.649397162720561
7847,1463,Francesco Acerbi,Sassuolo,D,32,2879,2,2.90781815815717,0,0.2479326515458524,19,6,7,1,2,2.90781815815717,4.683464236557484,4.019729737192392
7848,1463,Francesco Acerbi,Lazio,D,36,3171,2,2.150488412007689,2,1.8440443202853205,15,8,4,0,2,2.150488412007689,9.87359695136547,7.956215973943472
7849,1463,Francesco Acerbi,Lazio,D,37,3311,3,3.8284112494438887,1,0.914680190384388,18,10,3,1,3,3.8284112494438887,7.977557668462396,7.354228364303708
