,id,player_name,team_title,position,games,time,goals,xG,assists,xA,shots,key_passes,yellow_cards,red_cards,npg,npxG,xGChain,xGBuildup
8034,1316,Frederic Veseli,Salernitana,D S,5,329,0,0.013187538832426,0,0.0,1,0,1,0,0,0.013187538832426,0.1466129794716835,0.1334254406392574
8035,1316,Frederic Veseli,Empoli,D S,31,2535,0,0.677233375608921,0,0.3935120841488242,5,6,4,0,0,0.677233375608921,5.605260588228703,5.3403975665569305
8036,1316,Frederic Veseli,Empoli,D S,17,1177,0,0.0213886797428131,2,0.2407399043440818,1,2,3,0,0,0.0213886797428131,1.7939907321706414,1.6868620226159692
