,id,player_name,team_title,position,games,time,goals,xG,assists,xA,shots,key_passes,yellow_cards,red_cards,npg,npxG,xGChain,xGBuildup
8051,1949,Fredy Guarín,Inter,M S,28,2213,6,3.2519393479451537,6,4.755229562520981,79,45,5,0,6,3.2519393479451537,10.337828531861303,5.458043608814478
8052,1949,Fredy Guarín,Inter,M S,16,972,1,1.952493388671428,1,0.9628507643938063,29,13,7,0,1,1.952493388671428,4.550660645123571,3.197612589225173
