,id,player_name,team_title,position,games,time,goals,xG,assists,xA,shots,key_passes,yellow_cards,red_cards,npg,npxG,xGChain,xGBuildup
8054,7781,Frenkie de Jong,Barcelona,D M S,37,3159,3,5.62552628852427,4,5.812739137560129,17,49,5,0,3,5.62552628852427,30.502008125185966,23.30899883061648
8055,7781,Frenkie de Jong,Barcelona,M S,29,2126,2,1.2823953814804554,2,2.7863541338592768,4,25,1,1,2,1.2823953814804554,13.43393566645682,10.860540313646196
8056,7781,Frenkie de Jong,Barcelona,M S,13,1056,1,1.3536575213074684,2,1.968397667631507,4,19,2,1,1,1.3536575213074684,7.043855253607035,4.4773581475019455
