,id,player_name,team_title,position,games,time,goals,xG,assists,xA,shots,key_passes,yellow_cards,red_cards,npg,npxG,xGChain,xGBuildup
8058,2545,Fuentes,Espanyol,D S,22,1881,0,0.2426747418940067,0,0.3551524188369512,4,6,6,0,0,0.2426747418940067,2.8213137118145823,2.412339753471315
8059,2545,Fuentes,Espanyol,D S,10,761,0,0.0135845337063074,0,0.0418740920722484,1,2,2,0,0,0.0135845337063074,0.5269755180925131,0.4715168941766023
8060,2545,Fuentes,Osasuna,D S,17,1292,0,0.1600046455860138,1,1.0972726326435804,1,5,5,0,0,0.1600046455860138,1.4756625005975366,0.2417211318388581
