,id,player_name,team_title,position,games,time,goals,xG,assists,xA,shots,key_passes,yellow_cards,red_cards,npg,npxG,xGChain,xGBuildup
8102,5543,Gabriel Jesus,Manchester City,F M S,10,649,7,7.243859618902206,4,1.890665166079998,24,10,2,0,6,6.482727557420731,8.800844706594944,1.1323138484731317
8103,5543,Gabriel Jesus,Manchester City,F M S,29,2053,9,9.653353471308948,4,3.549695261754096,55,31,2,0,9,9.653353471308948,17.878496561199427,6.233648158609867
8104,5543,Gabriel Jesus,Manchester City,F S,34,2022,14,21.015201296657324,7,3.598858255892992,101,32,3,0,14,20.2540324293077,27.65223385766149,7.18130973726511
8105,5543,Gabriel Jesus,Manchester City,F S,29,993,7,12.621464371681212,3,2.65164215862751,43,21,1,0,6,11.860295534133911,16.592424385249615,4.990890853106976
8106,5543,Gabriel Jesus,Manchester City,F S,29,1692,13,15.36618898808956,3,2.307675359770656,55,18,6,0,13,13.843851312994955,20.56147326901555,6.5146970227360725
8107,5543,Gabriel Jesus,Manchester City,F S,14,1059,2,4.021254107356072,6,2.8993020206689835,33,22,0,0,2,4.021254107356072,9.008932247757912,3.583930466324091
