,id,player_name,team_title,position,games,time,goals,xG,assists,xA,shots,key_passes,yellow_cards,red_cards,npg,npxG,xGChain,xGBuildup
8114,851,Gabriel Obertan,Anzhi Makhachkala,F M S,8,527,1,0.5225483793765306,0,0.1837640535086393,7,6,3,0,1,0.5225483793765306,1.154037918895483,0.4991112677380442
8115,851,Gabriel Obertan,Newcastle United,M S,5,279,0,0.0740198511630296,1,0.1920866481959819,3,3,1,0,0,0.0740198511630296,0.2575391270220279,0.0141329439356923
8116,851,Gabriel Obertan,Newcastle United,M S,13,644,1,0.3979587815701961,1,1.3407192286103964,7,14,0,0,1,0.3979587815701961,2.5487294420599937,1.708182606846094
