,id,player_name,team_title,position,games,time,goals,xG,assists,xA,shots,key_passes,yellow_cards,red_cards,npg,npxG,xGChain,xGBuildup
8164,7909,Gaetano Castrovilli,Fiorentina,M S,10,431,0,0.0433616824448108,1,0.1666932087391615,1,3,3,0,0,0.0433616824448108,1.572100498713553,1.3620456224307418
8165,7909,Gaetano Castrovilli,Fiorentina,M S,34,2365,5,3.1726218508556485,3,2.258746949955821,32,17,8,1,5,3.1726218508556485,11.659953190013766,7.339910374954343
8166,7909,Gaetano Castrovilli,Fiorentina,M S,33,2708,3,3.246659739874304,2,2.4675004072487354,49,36,10,0,3,3.246659739874304,9.937265967950225,5.468522509559989
