,id,player_name,team_title,position,games,time,goals,xG,assists,xA,shots,key_passes,yellow_cards,red_cards,npg,npxG,xGChain,xGBuildup
8233,1934,Gast贸n Silva,SD Huesca,D S,12,602,0,0.0,0,0.0239478331059217,0,1,2,0,0,0.0,1.0216324646025896,0.9976846296340228
8234,1934,Gast贸n Silva,Granada,D S,22,1747,0,0.2012632833793759,0,0.1624777615070343,6,7,6,0,0,0.2012632833793759,1.483495995402336,1.2956978669390082
8235,1934,Gast贸n Silva,Torino,D S,12,897,0,0.1886651143431663,1,0.4968917407095432,7,10,3,0,0,0.1886651143431663,2.169839791953564,1.9150443114340303
8236,1934,Gast贸n Silva,Torino,D S,5,328,0,0.029117364436388,0,0.0296129677444696,2,1,2,0,0,0.029117364436388,0.5373539421707392,0.4871826767921448
