,id,player_name,team_title,position,games,time,goals,xG,assists,xA,shots,key_passes,yellow_cards,red_cards,npg,npxG,xGChain,xGBuildup
8226,952,Gastón Ramírez,Southampton,S,3,25,0,0.0,1,0.9701929185539484,0,2,0,0,0,0.0,0.0,0.0
8227,952,Gastón Ramírez,Sampdoria,F M S,25,954,0,0.7901074788533151,4,2.4478812776505947,12,21,5,0,0,0.7901074788533151,4.220692824572325,2.5902692694216967
8228,952,Gastón Ramírez,Sampdoria,F M S,26,1414,7,5.948075019754469,2,2.8510846784338355,40,33,5,0,4,3.664218452759087,5.4852091716602445,2.06262846942991
8229,952,Gastón Ramírez,Sampdoria,M S,27,1597,4,2.004862144589424,4,3.591641265898943,27,32,6,1,4,2.004862144589424,8.19926180690527,5.206783978268504
8230,952,Gastón Ramírez,Middlesbrough,F M S,24,1561,2,3.113752686418593,3,3.006884491071105,32,31,8,1,2,3.113752686418593,7.360809866338968,3.585045158863068
8231,952,Gastón Ramírez,Sampdoria,M S,37,2243,3,3.821315024979413,8,5.081517942249775,49,46,9,0,3,3.821315024979413,11.561926539056005,5.217199569568038
8232,952,Gastón Ramírez,"Hull,Southampton",F M S,23,997,1,1.020417327992618,2,1.6363697852939367,17,23,1,1,1,1.020417327992618,3.157587877474725,1.9418766684830189
