,id,player_name,team_title,position,games,time,goals,xG,assists,xA,shots,key_passes,yellow_cards,red_cards,npg,npxG,xGChain,xGBuildup
8250,3329,Gaël Danic,"Lyon,SC Bastia",F M S,16,1159,1,1.045915920287371,4,0.8845079801976681,20,13,2,0,1,1.045915920287371,2.966579923406244,1.7849938878789544
8251,3329,Gaël Danic,SC Bastia,F M S,29,1852,4,3.028907896950841,3,2.9812670052051544,37,27,7,1,4,3.028907896950841,5.93633187469095,2.933103756979108
8252,3329,Gaël Danic,SC Bastia,F M S,37,2712,5,4.390661819837987,4,5.156016900204122,42,54,7,0,4,3.630566658452153,8.382321195676923,2.834900911897421
