,id,player_name,team_title,position,games,time,goals,xG,assists,xA,shots,key_passes,yellow_cards,red_cards,npg,npxG,xGChain,xGBuildup
8254,2549,Gaël Kakuta,Rayo Vallecano,F M S,12,725,1,1.1093171760439873,0,0.1951121212914586,6,5,1,0,0,0.3660395666956901,1.5597781441174448,1.2421780521981418
8255,2549,Gaël Kakuta,Deportivo La Coruna,M S,10,547,2,1.0709167942404747,1,0.7490353649482131,11,5,0,0,2,1.0709167942404747,2.6797087099403143,1.0859889518469572
8256,2549,Gaël Kakuta,Sevilla,M S,2,46,0,0.0,0,0.0,0,0,1,0,0,0.0,0.061683353036642,0.061683353036642
8257,2549,Gaël Kakuta,Amiens,F M S,24,2021,2,2.660164997912944,5,2.6539169419556856,44,27,4,0,2,2.660164997912944,7.3326998287811875,3.3297483967617154
8258,2549,Gaël Kakuta,Lens,F M S,35,2449,11,11.000118847936392,5,6.874319850467145,52,49,3,0,4,4.1594595313072205,14.133826972916722,7.443624505773187
8259,2549,Gaël Kakuta,Rayo Vallecano,D M,35,3067,5,6.406725209206343,7,7.14319078065455,69,63,1,0,5,6.406725209206343,15.11903803795576,4.993627712130547
8260,2549,Gaël Kakuta,Amiens,M,36,3104,6,4.117424544878304,6,6.251864021643996,54,65,3,0,6,3.357329417951405,8.08444781973958,2.754880463704467
8261,2549,Gaël Kakuta,Lens,M S,15,954,2,2.2011106200516224,1,2.2160744313150644,25,14,1,0,2,2.2011106200516224,6.885172575712204,3.266387350857258
