,id,player_name,team_title,position,games,time,goals,xG,assists,xA,shots,key_passes,yellow_cards,red_cards,npg,npxG,xGChain,xGBuildup
8304,859,Geoff Cameron,Stoke,D M S,27,2133,0,1.2347009051591158,1,1.3203431898728013,9,12,4,0,0,1.2347009051591158,3.388502176851034,2.3439937569201
8305,859,Geoff Cameron,Stoke,D M S,20,1526,0,0.1912522837519645,0,0.0975805795751512,5,6,2,0,0,0.1912522837519645,0.7354065147228539,0.6282162996940315
8306,859,Geoff Cameron,Stoke,D M S,30,2361,0,0.6193306585773826,0,0.6893327543511987,15,9,0,1,0,0.6193306585773826,6.651813672855496,6.340981824323535
8307,859,Geoff Cameron,Stoke,D M S,19,1626,0,1.2535540331155062,1,0.8354030344635248,11,10,1,0,0,1.2535540331155062,6.054040063172579,4.396533112972975
