,id,player_name,team_title,position,games,time,goals,xG,assists,xA,shots,key_passes,yellow_cards,red_cards,npg,npxG,xGChain,xGBuildup
8320,61,Geoffroy Serey Dié,VfB Stuttgart,M,23,1834,1,0.4885188369080424,2,2.326631501317024,15,16,8,1,1,0.4885188369080424,8.484043926000595,6.634019374847412
8321,61,Geoffroy Serey Dié,VfB Stuttgart,M S,13,981,0,0.1719904597848653,2,0.9129705168306828,9,7,5,0,0,0.1719904597848653,2.8352573197335005,2.1692344285547733
