,id,player_name,team_title,position,games,time,goals,xG,assists,xA,shots,key_passes,yellow_cards,red_cards,npg,npxG,xGChain,xGBuildup
8326,5259,Georg Teigl,Augsburg,D S,3,107,0,0.072742685675621,0,0.0,1,0,0,0,0,0.072742685675621,0.0,0.0
8327,5259,Georg Teigl,Augsburg,M S,18,647,0,0.7689727302640676,1,0.539443165063858,7,5,1,0,0,0.7689727302640676,1.918322799727321,0.609906897880137
8328,5259,Georg Teigl,Augsburg,F M S,6,291,0,0.0329211875796318,0,0.1069243773818016,1,3,0,0,0,0.0329211875796318,0.2365966271609068,0.0967510640621185
