,id,player_name,team_title,position,games,time,goals,xG,assists,xA,shots,key_passes,yellow_cards,red_cards,npg,npxG,xGChain,xGBuildup
8370,2941,Georgi Tigiev,Torpedo Moscow,D S,5,419,0,0.0149151114746928,0,0.0110796773806214,1,1,0,0,0,0.0149151114746928,0.2956255599856376,0.2696307674050331
8371,2941,Georgi Tigiev,"Anzhi Makhachkala,Spartak Moscow",D M S,18,1250,0,0.47909926623106,0,0.2129089031368494,15,5,0,0,0,0.47909926623106,1.533903770148754,1.141847907565534
8372,2941,Georgi Tigiev,Anzhi Makhachkala,D S,19,1458,0,0.0248293634504079,0,0.4631106746383011,2,12,1,0,0,0.0248293634504079,3.098305113147944,2.8212871025316417
8373,2941,Georgi Tigiev,Spartak Moscow,D S,3,174,0,0.0301540065556764,0,0.0563949309289455,1,2,1,0,0,0.0301540065556764,0.2574070021510124,0.2248020321130752
8374,2941,Georgi Tigiev,Krylya Sovetov Samara,D S,2,91,0,0.0140869496390223,0,0.0363590084016323,1,1,0,0,0,0.0140869496390223,0.1131955087184906,0.0627495497465133
