,id,player_name,team_title,position,games,time,goals,xG,assists,xA,shots,key_passes,yellow_cards,red_cards,npg,npxG,xGChain,xGBuildup
8421,2609,Gerard Gumbau,Elche,M S,12,482,0,0.0490089459344744,1,0.7875441275537014,3,5,2,0,0,0.0490089459344744,1.3275377843528986,0.6680603511631489
8422,2609,Gerard Gumbau,Barcelona,S,3,43,0,0.0,0,0.0,0,0,0,0,0,0.0,0.0,0.0
8423,2609,Gerard Gumbau,Leganes,M S,25,1432,1,0.4260436417534947,0,0.2199117336422205,16,5,8,0,1,0.4260436417534947,3.107121715322137,2.698724814690649
8424,2609,Gerard Gumbau,Leganes,M S,16,1195,1,2.015006504952908,1,0.3855389039963484,19,7,4,1,0,1.2719852812588217,1.785476379096508,0.6294329650700092
