,id,player_name,team_title,position,games,time,goals,xG,assists,xA,shots,key_passes,yellow_cards,red_cards,npg,npxG,xGChain,xGBuildup
8460,7861,Germán Sánchez,Granada,D S,34,2629,3,2.571049701422453,1,0.1709202229976654,13,2,11,1,3,2.571049701422453,1.3669961751438675,1.2665295735932889
8461,7861,Germán Sánchez,Granada,D S,12,846,2,1.190308567136526,0,0.0532094649970531,7,1,5,0,2,1.190308567136526,0.4685598770156503,0.4153504120185971
8462,7861,Germán Sánchez,Granada,D S,28,2299,2,1.2966334205120802,0,0.4732243251055479,10,5,10,1,2,1.2966334205120802,3.3676463775336742,3.0327990911901
