,id,player_name,team_title,position,games,time,goals,xG,assists,xA,shots,key_passes,yellow_cards,red_cards,npg,npxG,xGChain,xGBuildup
8515,7500,Giacomo Raspadori,Sassuolo,S,1,1,0,0.0,0,0.0,0,0,0,0,0,0.0,0.0,0.0
8516,7500,Giacomo Raspadori,Sassuolo,F M S,17,1173,4,3.6411131266504526,3,1.0353120435029268,32,19,3,0,4,3.6411131266504526,5.983533722348511,2.3708531567826867
8517,7500,Giacomo Raspadori,Sassuolo,F M S,11,249,2,1.3048210106790066,0,0.201673936098814,11,5,0,0,2,1.3048210106790066,1.798401802778244,0.406319797039032
8518,7500,Giacomo Raspadori,Sassuolo,F M S,27,1224,6,5.093871857970953,0,2.294205453246832,24,26,1,0,6,5.093871857970953,8.898129899054766,2.242841897532344
