,id,player_name,team_title,position,games,time,goals,xG,assists,xA,shots,key_passes,yellow_cards,red_cards,npg,npxG,xGChain,xGBuildup
8522,1847,Giampaolo Pazzini,Levante,F S,9,444,1,2.093618467450142,0,0.0,10,0,1,0,1,2.093618467450142,1.3798852935433388,0.0
8523,1847,Giampaolo Pazzini,Verona,F S,19,913,4,3.6814126446843134,0,0.7621432524174452,17,5,1,0,0,0.6362173557281494,1.4655338674783709,0.1655158102512359
8524,1847,Giampaolo Pazzini,Verona,F S,15,273,4,4.098512262105942,0,0.188158443197608,13,4,0,0,1,1.81473733112216,2.2482423037290573,0.2453464716672897
8525,1847,Giampaolo Pazzini,Verona,F S,30,1902,6,10.4472267460078,1,1.093982412479818,77,11,5,0,3,8.163330277428031,8.783546174876392,1.4350255196914077
8526,1847,Giampaolo Pazzini,AC Milan,F S,26,786,4,5.832087069749832,0,0.2223962768912315,25,4,2,0,1,3.548190601170063,4.173718448728323,0.8189513273537159
