,id,player_name,team_title,position,games,time,goals,xG,assists,xA,shots,key_passes,yellow_cards,red_cards,npg,npxG,xGChain,xGBuildup
8620,1983,Gianpaolo Bellini,Atalanta,D S,15,959,1,0.831096475943923,0,0.0102706607431173,6,1,4,0,0,0.0697976406663656,0.9109312426298856,0.8817581627517939
8621,1983,Gianpaolo Bellini,Atalanta,D,15,1284,0,0.137554770335555,0,0.2814702866598964,5,6,2,1,0,0.137554770335555,1.7142821261659265,1.558812003582716
