,id,player_name,team_title,position,games,time,goals,xG,assists,xA,shots,key_passes,yellow_cards,red_cards,npg,npxG,xGChain,xGBuildup
8572,6159,Gianluca Mancini,Atalanta,D S,30,2252,5,4.66424991376698,2,1.480700435116887,40,12,5,0,5,4.66424991376698,10.403613943606617,9.425541676580906
8573,6159,Gianluca Mancini,Roma,D M S,32,2747,1,2.8419885635375977,0,0.7721154149621725,21,12,14,1,1,2.8419885635375977,7.154853655025363,5.951353589072824
8574,6159,Gianluca Mancini,Roma,D,33,2857,4,2.6674899412319064,2,1.0118546895682812,28,8,10,0,4,2.6674899412319064,11.487869089469314,10.009989658370614
8575,6159,Gianluca Mancini,Roma,D,16,1426,0,1.6366049144417048,0,0.0881169959902763,16,2,5,0,0,1.6366049144417048,4.6164533868432045,4.557333268225193
8576,6159,Gianluca Mancini,Atalanta,D S,11,689,1,1.048325452953577,0,0.0,4,0,4,1,1,1.048325452953577,0.9346284251660107,0.9346284251660107
