,id,player_name,team_title,position,games,time,goals,xG,assists,xA,shots,key_passes,yellow_cards,red_cards,npg,npxG,xGChain,xGBuildup
8594,1116,Gianluigi Donnarumma,AC Milan,GK,36,3091,0,0.0,0,0.0446754395961761,0,2,4,0,0,0.0,5.913470236584544,5.86879482679069
8595,1116,Gianluigi Donnarumma,AC Milan,GK,38,3420,0,0.0421885251998901,0,0.0,1,0,2,0,0,0.0421885251998901,5.588395358994603,5.588395358994603
8596,1116,Gianluigi Donnarumma,AC Milan,GK,37,3330,0,0.0,0,0.0,0,0,1,0,0,0.0,4.617561143822968,4.617561143822968
8597,1116,Gianluigi Donnarumma,AC Milan,GK,30,2628,0,0.0,0,0.0,0,0,3,0,0,0.0,1.438829369843006,1.438829369843006
8598,1116,Gianluigi Donnarumma,AC Milan,GK,36,3204,0,0.0,0,0.0,0,0,3,0,0,0.0,5.801323661580682,5.801323661580682
8599,1116,Gianluigi Donnarumma,Paris Saint Germain,GK,8,720,0,0.0,0,0.0,0,0,1,0,0,0.0,1.9505523834377527,1.9505523834377527
8600,1116,Gianluigi Donnarumma,AC Milan,GK,38,3420,0,0.0,0,0.0200972091406583,0,1,2,0,0,0.0,3.932574803009629,3.912477595731616
