,id,player_name,team_title,position,games,time,goals,xG,assists,xA,shots,key_passes,yellow_cards,red_cards,npg,npxG,xGChain,xGBuildup
8602,1354,Gianmarco Ferrari,Sassuolo,D,17,1515,1,1.3057738356292248,0,0.8527863547205925,14,4,3,0,1,1.3057738356292248,7.095504827797413,6.822012484073639
8603,1354,Gianmarco Ferrari,Sassuolo,D S,23,1892,0,1.4214932788163424,1,0.950193302705884,12,8,5,0,0,1.4214932788163424,5.36908370628953,5.222729030996561
8604,1354,Gianmarco Ferrari,Crotone,D,37,3330,3,1.407818851992488,1,0.7563137169927359,10,7,8,0,3,1.407818851992488,2.6620301976799965,2.516850344836712
8605,1354,Gianmarco Ferrari,Sampdoria,D S,30,2642,2,1.1836496414616704,0,0.2405285462737083,9,4,4,0,2,1.1836496414616704,4.818413773551583,4.704290876165032
8606,1354,Gianmarco Ferrari,Sassuolo,D S,34,3013,0,1.715111322700977,4,1.6605024002492428,25,14,7,0,0,1.715111322700977,10.241911871358752,9.21589916665107
8607,1354,Gianmarco Ferrari,Sassuolo,D,31,2790,4,2.4137553218752146,0,0.262553034350276,23,5,9,0,4,2.4137553218752146,6.82337305881083,6.503218775615096
