,id,player_name,team_title,position,games,time,goals,xG,assists,xA,shots,key_passes,yellow_cards,red_cards,npg,npxG,xGChain,xGBuildup
8549,7002,Giangiacomo Magnani,Sassuolo,D S,19,1516,0,0.1588489264249801,1,0.1774159595370292,2,4,2,0,0,0.1588489264249801,2.7949891537427902,2.692417189478874
8550,7002,Giangiacomo Magnani,Verona,D S,13,492,0,0.4204843416810035,0,0.0,5,0,3,0,0,0.4204843416810035,1.925652612000704,1.925652612000704
8551,7002,Giangiacomo Magnani,"Brescia,Sassuolo",D S,10,245,1,0.8858734220266342,0,0.0939494743943214,4,2,3,0,1,0.8858734220266342,0.1536585129797458,0.0597090385854244
8552,7002,Giangiacomo Magnani,Verona,D S,25,1491,0,0.6717619504779577,0,0.0286558158695697,13,1,8,0,0,0.6717619504779577,3.007821826264262,2.939713573083281
