,id,player_name,team_title,position,games,time,goals,xG,assists,xA,shots,key_passes,yellow_cards,red_cards,npg,npxG,xGChain,xGBuildup
8622,168,Gideon Jung,Greuther Fuerth,D,1,90,0,0.0,0,0.0,0,0,0,0,0,0.0,0.1082769334316253,0.1082769334316253
8623,168,Gideon Jung,Hamburger SV,D M S,29,2365,0,0.5786813106387854,0,0.1883502006530761,12,4,3,0,0,0.5786813106387854,2.22719869017601,1.966696571558714
8624,168,Gideon Jung,Hamburger SV,M S,19,1178,0,0.3234435049816966,0,0.0578173846006393,9,3,4,0,0,0.3234435049816966,1.6644593235105276,1.5095290746539831
8625,168,Gideon Jung,Hamburger SV,D M S,30,2567,1,0.6521407393738627,1,0.9210985973477364,7,9,7,1,1,0.6521407393738627,3.12165739107877,1.716811039485037
