,id,player_name,team_title,position,games,time,goals,xG,assists,xA,shots,key_passes,yellow_cards,red_cards,npg,npxG,xGChain,xGBuildup
8629,2740,Gigel Bucur,Kuban Krasnodar,F M S,13,627,0,0.5925437621772289,0,0.0891557512804865,11,3,4,0,0,0.5925437621772289,0.6995710339397192,0.1979485135525465
8630,2740,Gigel Bucur,Kuban Krasnodar,M S,24,728,3,2.905255714431405,1,0.8753952980041504,18,9,2,1,3,2.905255714431405,4.867750309407711,1.3437204882502556
