,id,player_name,team_title,position,games,time,goals,xG,assists,xA,shots,key_passes,yellow_cards,red_cards,npg,npxG,xGChain,xGBuildup
8639,3493,Gilles Sunu,Angers,F S,23,797,0,2.1211537551134825,0,0.2115211077034473,27,5,1,0,0,2.1211537551134825,3.627470005303621,1.4227916123345494
8640,3493,Gilles Sunu,Angers,F M S,20,645,1,1.0863631395623088,0,0.524637795984745,11,7,4,0,1,1.0863631395623088,2.3126577301882207,1.0277192913927138
8641,3493,Gilles Sunu,"Evian Thonon Gaillard,Lorient",M S,27,1588,4,2.1474102083593607,2,1.3072041659615934,35,19,3,0,4,2.1474102083593607,3.5569625007919967,1.343404846265912
8642,3493,Gilles Sunu,Angers,F M,32,2476,2,3.1812214087694883,1,1.483745808713138,46,27,4,0,2,3.1812214087694883,5.1572462329640985,2.457771820947528
