,id,player_name,team_title,position,games,time,goals,xG,assists,xA,shots,key_passes,yellow_cards,red_cards,npg,npxG,xGChain,xGBuildup
8636,3597,Gilles Cioni,SC Bastia,D M S,24,1976,0,0.1101910788565874,0,0.4592748591676354,4,9,7,0,0,0.1101910788565874,3.485504522919655,3.0461384784430265
8637,3597,Gilles Cioni,SC Bastia,D S,14,1002,0,0.0277385096997022,0,0.2086747530847787,2,5,2,0,0,0.0277385096997022,1.9253152422606945,1.7543042860925198
8638,3597,Gilles Cioni,SC Bastia,D M S,20,1594,0,0.0388362277299165,0,0.353273531422019,3,5,2,1,0,0.0388362277299165,0.9044081531465054,0.826512461528182
