,id,player_name,team_title,position,games,time,goals,xG,assists,xA,shots,key_passes,yellow_cards,red_cards,npg,npxG,xGChain,xGBuildup
8643,2278,Giménez,Atletico Madrid,D S,21,1768,0,1.0186390653252602,0,0.2729155458509922,14,4,5,0,0,1.0186390653252602,7.692521331831813,7.521317793056369
8644,2278,Giménez,Atletico Madrid,D S,21,1775,0,1.2914719469845295,0,0.4277523830533027,15,3,5,0,0,1.2914719469845295,4.0138610284775496,3.563586411997676
8645,2278,Giménez,Atletico Madrid,D,27,2430,1,1.3755055461078882,1,1.4807450463995335,12,8,8,0,1,1.3755055461078882,3.883293583057821,3.692203398793936
8646,2278,Giménez,Atletico Madrid,D M S,17,1009,0,0.7942310264334083,0,0.380719430744648,13,5,5,0,0,0.7942310264334083,1.900604035705328,1.66168531216681
8647,2278,Giménez,Atletico Madrid,D S,21,1748,0,0.5511407889425755,0,0.0,11,0,2,0,0,0.5511407889425755,4.906858971342444,4.906858971342444
8648,2278,Giménez,Atletico Madrid,D S,23,1683,1,0.8161489618942142,1,0.7172720842063427,12,6,6,0,1,0.8161489618942142,2.688580286689102,2.4993470571935177
8649,2278,Giménez,Atletico Madrid,D,10,843,0,0.6429559290409088,0,0.056674525141716,12,2,4,0,0,0.6429559290409088,1.1849877638742328,1.1381769897416234
8650,2278,Giménez,Atletico Madrid,D S,20,1752,1,0.3844709564000368,3,2.134873632341624,7,8,3,0,1,0.3844709564000368,2.983914092183113,2.35135680064559
