,id,player_name,team_title,position,games,time,goals,xG,assists,xA,shots,key_passes,yellow_cards,red_cards,npg,npxG,xGChain,xGBuildup
8668,2898,Giorgi Shelia,FK Akhmat,GK,16,1440,0,0.0,0,0.0,0,0,1,0,0,0.0,0.977005049586296,0.977005049586296
8669,2898,Giorgi Shelia,FC Ufa,GK,12,1079,0,0.0,0,0.0,0,0,0,0,0,0.0,0.1638459265232086,0.1638459265232086
8670,2898,Giorgi Shelia,FC Ufa,GK,1,90,0,0.0,0,0.0,0,0,0,0,0,0.0,0.0,0.0
8671,2898,Giorgi Shelia,FK Akhmat,GK,8,688,0,0.0,0,0.0,0,0,1,1,0,0.0,0.7088825907558203,0.7088825907558203
8672,2898,Giorgi Shelia,FC Tambov,GK,29,2610,0,0.0,1,0.2880135029554367,0,2,3,0,0,0.0,2.2730866745114326,1.985073171555996
8673,2898,Giorgi Shelia,FC Ufa,GK,11,907,0,0.0,0,0.0,0,0,1,1,0,0.0,0.2146908044815063,0.2146908044815063
