,id,player_name,team_title,position,games,time,goals,xG,assists,xA,shots,key_passes,yellow_cards,red_cards,npg,npxG,xGChain,xGBuildup
8709,1102,Giovanni Simeone,Cagliari,F S,33,1740,6,7.202349195256829,2,1.1221852395683527,43,12,1,0,6,7.202349195256829,9.939094291999936,2.4762561870738864
8710,1102,Giovanni Simeone,Genoa,F S,35,2621,12,13.468356123194098,1,1.80946153588593,75,18,3,0,11,11.945758467540143,14.54932862520218,1.6236622128635645
8711,1102,Giovanni Simeone,Cagliari,F S,37,2951,12,12.278667054139078,3,2.9999652337282896,86,18,4,0,12,12.278667054139078,16.30761241260916,2.7131987772881985
8712,1102,Giovanni Simeone,Fiorentina,F M S,36,2462,6,10.995723988860846,3,2.51793216727674,66,30,2,0,6,10.995723988860846,13.568021908402445,2.380041804164648
8713,1102,Giovanni Simeone,Fiorentina,F S,38,3027,14,14.101910013705492,4,2.7589878607541323,106,37,2,0,14,14.101910013705492,17.26248576119542,2.669278619810939
8714,1102,Giovanni Simeone,"Cagliari,Verona",F S,16,1064,12,4.610834243707359,2,0.8269383646547794,31,13,3,0,12,4.610834243707359,5.682075697928667,0.7241398375481367
