,id,player_name,team_title,position,games,time,goals,xG,assists,xA,shots,key_passes,yellow_cards,red_cards,npg,npxG,xGChain,xGBuildup
8715,3228,Giovanni Sio,Montpellier,F,1,67,0,0.0,0,0.045386116951704,0,2,0,0,0,0.0,0.1621434092521667,0.1167572885751724
8716,3228,Giovanni Sio,SC Bastia,F M S,13,811,5,2.510235639289021,0,0.5407334771007299,20,8,2,1,5,2.510235639289021,2.5748673267662525,0.2276894990354776
8717,3228,Giovanni Sio,Rennes,F S,34,2707,9,8.481085816398263,1,3.568095473572612,79,27,6,0,9,8.481085816398263,13.709814857225863,4.694856281857938
8718,3228,Giovanni Sio,Rennes,F M S,34,2605,7,9.505128851160409,7,4.542503329925239,70,29,8,2,7,8.745033709332347,13.54869387485087,2.0085933236405253
8719,3228,Giovanni Sio,Montpellier,F S,33,2219,10,11.655875472351909,3,3.4176987316459417,84,22,5,1,10,10.895780323073268,13.49927937053144,1.2132206857204435
