,id,player_name,team_title,position,games,time,goals,xG,assists,xA,shots,key_passes,yellow_cards,red_cards,npg,npxG,xGChain,xGBuildup
8697,6978,Giovanni Di Lorenzo,Napoli,D,36,3240,3,4.016951352357864,6,5.703629858791828,28,49,11,0,3,4.016951352357864,18.72520815767348,14.584343420341613
8698,6978,Giovanni Di Lorenzo,Napoli,D,33,2970,3,2.961308656260371,3,2.4744525207206607,20,30,5,0,3,2.961308656260371,14.56766465306282,12.292027143761516
8699,6978,Giovanni Di Lorenzo,Napoli,D,17,1530,1,0.2794735953211784,1,0.950185503810644,6,17,2,0,1,0.2794735953211784,6.922481954097748,6.353659346699715
8700,6978,Giovanni Di Lorenzo,Empoli,D M,37,3330,5,4.036118531599641,3,5.017266810871661,21,39,8,0,5,4.036118531599641,13.78531556762755,9.959631333127618
