,id,player_name,team_title,position,games,time,goals,xG,assists,xA,shots,key_passes,yellow_cards,red_cards,npg,npxG,xGChain,xGBuildup
8756,1644,Giuseppe Rossi,Levante,F S,17,1162,6,5.557715762406588,2,1.7797758728265762,33,20,1,0,5,4.814438108354807,6.289555817842484,0.616194105707109
8757,1644,Giuseppe Rossi,Fiorentina,S,1,9,0,0.0,0,0.0,0,0,0,0,0,0.0,0.0,0.0
8758,1644,Giuseppe Rossi,Genoa,F S,9,242,1,2.0575705654919147,0,0.6523755490779877,12,2,0,0,1,2.0575705654919147,3.2590655349195004,1.1069237291812897
8759,1644,Giuseppe Rossi,Fiorentina,F S,11,365,0,0.9762494191527368,2,1.6422572880983353,16,8,1,0,0,0.9762494191527368,2.9037559553980827,0.4459769260138273
8760,1644,Giuseppe Rossi,Celta Vigo,F S,18,789,4,2.755740940570832,1,1.0757148135453465,25,11,1,0,4,2.755740940570832,4.3174321837723255,1.3365479037165642
