,id,player_name,team_title,position,games,time,goals,xG,assists,xA,shots,key_passes,yellow_cards,red_cards,npg,npxG,xGChain,xGBuildup
8761,1194,Giuseppe Vives,Torino,M,3,229,0,0.0315746515989303,0,0.0239935256540775,2,1,0,1,0,0.0315746515989303,1.209058841690421,1.153490662574768
8762,1194,Giuseppe Vives,Torino,M S,33,2546,1,0.886695777066052,1,1.977919252589345,16,20,9,1,1,0.886695777066052,7.9066062271595,5.927414788864553
8763,1194,Giuseppe Vives,Torino,M S,28,2121,1,1.0995432427152991,4,2.811575310304761,25,30,8,0,1,1.0995432427152991,7.920754559338093,5.142634910531342
