,id,player_name,team_title,position,games,time,goals,xG,assists,xA,shots,key_passes,yellow_cards,red_cards,npg,npxG,xGChain,xGBuildup
8777,1452,Godfred Donsah,Cagliari,M S,21,1143,2,0.6750390864908695,1,0.685281403362751,16,9,1,0,2,0.6750390864908695,2.5696140993386507,1.3886661883443594
8778,1452,Godfred Donsah,Bologna,M S,20,1373,2,1.302076069638133,2,0.898217374458909,16,8,2,0,2,1.302076069638133,3.14605107344687,1.0964115746319294
8779,1452,Godfred Donsah,Bologna,M S,13,887,0,0.9705285541713238,2,0.5304891709238291,9,9,2,0,0,0.9705285541713238,2.2168519217520952,0.8891990967094898
8780,1452,Godfred Donsah,Bologna,M S,28,1794,2,1.1498403251171112,1,1.5437347777187824,24,13,3,0,2,1.1498403251171112,4.376664474606514,1.9503317270427944
8781,1452,Godfred Donsah,Bologna,M S,6,144,0,0.1071737259626388,0,0.0112516013905406,2,1,0,0,0,0.1071737259626388,0.2238244069740176,0.1166506810113787
