,id,player_name,team_title,position,games,time,goals,xG,assists,xA,shots,key_passes,yellow_cards,red_cards,npg,npxG,xGChain,xGBuildup
8823,8891,Gonzalo Verdú,Elche,D,33,2946,0,1.1322324126958847,2,2.2085806149989367,11,6,11,0,0,1.1322324126958847,3.027037087827921,2.730181723833084
8824,8891,Gonzalo Verdú,Elche,D,8,650,0,0.1293542720377445,0,0.0,3,0,6,0,0,0.1293542720377445,1.5134639274328947,1.5134639274328947
