,id,player_name,team_title,position,games,time,goals,xG,assists,xA,shots,key_passes,yellow_cards,red_cards,npg,npxG,xGChain,xGBuildup
8811,50,Gonzalo Jara,Mainz 05,D S,17,970,0,0.1063816528767347,0,0.0717694461345672,2,1,4,0,0,0.1063816528767347,1.084314201027155,0.9899159111082554
8812,50,Gonzalo Jara,Mainz 05,D M S,6,447,0,0.0157546531409025,0,0.0855928473174572,1,2,1,0,0,0.0157546531409025,2.493707552552223,2.392359986901284
