,id,player_name,team_title,position,games,time,goals,xG,assists,xA,shots,key_passes,yellow_cards,red_cards,npg,npxG,xGChain,xGBuildup
8804,1293,Gonzalo Higuaín,Napoli,F,35,2989,36,27.29547758772969,2,2.704297137446701,182,51,1,1,33,25.01158105209469,30.054061494767662,5.310751999728382
8805,1293,Gonzalo Higuaín,Juventus,F S,35,2811,16,13.41172125376761,6,3.221684481948614,102,30,4,0,15,11.889123609289529,18.532189514487985,5.675434309989214
8806,1293,Gonzalo Higuaín,AC Milan,F,15,1282,6,7.02101468667388,1,1.610849656164646,55,19,3,1,6,6.259715870022774,10.889036811888218,3.3254035357385874
8807,1293,Gonzalo Higuaín,Juventus,F S,38,2966,24,19.412510531023145,3,6.201655734330416,134,39,1,0,24,19.412510531023145,26.908879769966006,6.4366726921871305
8808,1293,Gonzalo Higuaín,Napoli,F S,37,2786,18,21.097411520779133,7,4.082173843868077,113,49,5,0,15,15.768319822847843,22.71157662756741,4.917353065684438
8809,1293,Gonzalo Higuaín,Juventus,F S,32,1866,8,10.087240062654018,4,4.924904210492969,75,38,2,0,8,10.087240062654018,15.302680507302284,3.56963961571455
8810,1293,Gonzalo Higuaín,Chelsea,F S,14,1100,5,5.379232861101627,0,1.4263602867722511,46,15,0,0,5,5.379232861101627,8.476495116949081,1.861634213477373
