,id,player_name,team_title,position,games,time,goals,xG,assists,xA,shots,key_passes,yellow_cards,red_cards,npg,npxG,xGChain,xGBuildup
8865,801,Graham Dorrans,Norwich,M S,21,1289,0,0.5596565585583448,1,1.1597787365317345,16,15,2,0,0,0.5596565585583448,3.5705782305449247,2.449031296186149
8866,801,Graham Dorrans,West Bromwich Albion,M S,21,1608,1,1.5093507310375571,3,2.6542459428310394,20,25,5,0,1,0.7481818934902549,4.214195337146521,2.68415554612875
