,id,player_name,team_title,position,games,time,goals,xG,assists,xA,shots,key_passes,yellow_cards,red_cards,npg,npxG,xGChain,xGBuildup
8876,7690,Grant Hanley,Norwich,D,15,1279,1,0.462996182963252,0,0.2979576885700226,9,4,1,0,1,0.462996182963252,1.791966455988586,1.7003257451578977
8877,7690,Grant Hanley,Norwich,D S,15,1261,0,0.4398994259536266,0,0.0,8,0,4,0,0,0.4398994259536266,1.7992970868945122,1.7992970868945122
