,id,player_name,team_title,position,games,time,goals,xG,assists,xA,shots,key_passes,yellow_cards,red_cards,npg,npxG,xGChain,xGBuildup
8897,2755,Gregory Morozov,Dinamo Moscow,D S,13,1082,0,0.1747681582346558,0,0.0854064812883734,9,4,4,0,0,0.1747681582346558,1.9001468438655136,1.7545096911489964
8898,2755,Gregory Morozov,Dinamo Moscow,D S,21,1566,1,0.8486774880439043,0,0.5765114594250917,12,13,4,0,1,0.8486774880439043,4.252766067162156,3.2820063550025225
8899,2755,Gregory Morozov,"Dinamo Moscow,FC Ufa",D M S,16,867,0,0.1450140224769711,1,1.112706096842885,5,7,1,1,0,0.1450140224769711,6.018708384595811,4.78969578165561
8900,2755,Gregory Morozov,Dinamo Moscow,D S,22,1600,0,0.5096122147515416,0,1.4130198834463954,14,26,3,1,0,0.5096122147515416,4.16577216796577,2.871512908488512
8901,2755,Gregory Morozov,Dinamo Moscow,D S,21,1778,2,1.0416912948712709,0,1.211162967607379,20,15,2,0,2,1.0416912948712709,2.7786985132843256,1.6524660969153049
