,id,player_name,team_title,position,games,time,goals,xG,assists,xA,shots,key_passes,yellow_cards,red_cards,npg,npxG,xGChain,xGBuildup
8964,8267,Guido Rodríguez,Real Betis,M S,14,1031,0,0.3648555595427751,2,0.506743248552084,8,10,4,1,0,0.3648555595427751,4.632388968020678,4.064147405326366
8965,8267,Guido Rodríguez,Real Betis,M S,14,947,1,0.8267463082447648,0,0.0724347494542598,12,3,5,0,1,0.8267463082447648,2.577083624899388,2.2465690299868584
8966,8267,Guido Rodríguez,Real Betis,M S,35,2879,1,1.8485282603651283,0,0.6430491991341114,30,11,10,0,1,1.8485282603651283,7.998271972872317,7.336863336153328
