,id,player_name,team_title,position,games,time,goals,xG,assists,xA,shots,key_passes,yellow_cards,red_cards,npg,npxG,xGChain,xGBuildup
8980,6572,Guilherme Arana,Sevilla,D M S,9,637,0,0.6007697731256485,0,0.0334545187652111,6,1,3,0,0,0.6007697731256485,2.615855857729912,2.021427497267723
8981,6572,Guilherme Arana,Sevilla,D S,3,192,0,0.0,0,0.0,0,0,0,0,0,0.0,0.0635353149846196,0.0635353149846196
8982,6572,Guilherme Arana,Atalanta,S,4,69,0,0.0,0,0.0395875535905361,0,1,0,0,0,0.0,0.3282112330198288,0.3282112330198288
