,id,player_name,team_title,position,games,time,goals,xG,assists,xA,shots,key_passes,yellow_cards,red_cards,npg,npxG,xGChain,xGBuildup
8993,2966,Guillermo Cotugno,Rubin Kazan,D S,23,1721,0,0.1644264534115791,1,0.9703778065741062,4,9,2,0,0,0.1644264534115791,2.8809820972383022,2.0259757973253727
8994,2966,Guillermo Cotugno,Rubin Kazan,D S,10,776,0,0.241136378608644,0,0.1451056823134422,6,2,1,0,0,0.241136378608644,1.3918620767071843,1.1522978153079748
