,id,player_name,team_title,position,games,time,goals,xG,assists,xA,shots,key_passes,yellow_cards,red_cards,npg,npxG,xGChain,xGBuildup
9031,2779,Guélor Kanga,FC Rostov,M S,19,1423,1,2.210309097543359,4,2.656437908299268,45,27,6,0,1,2.210309097543359,7.164656086824834,2.7667525075376034
9032,2779,Guélor Kanga,FC Rostov,M S,17,1261,2,1.8709092382341623,3,2.924179492518306,29,21,5,0,2,1.8709092382341623,7.787070030346513,3.569702036678791
