,id,player_name,team_title,position,games,time,goals,xG,assists,xA,shots,key_passes,yellow_cards,red_cards,npg,npxG,xGChain,xGBuildup
9049,5769,Habib Diallo,Metz,F M S,19,809,1,2.084018263965845,0,0.3418193459510803,21,7,0,0,1,2.084018263965845,2.226436782628298,0.5516656693071127
9050,5769,Habib Diallo,Metz,F,26,2214,12,9.16805331595242,3,1.9753513429313896,76,24,2,1,11,6.887767801061273,8.555403554812074,0.7880053156986833
9051,5769,Habib Diallo,"Metz,Strasbourg",F M S,36,2485,9,8.535667657852173,3,2.49365009739995,56,20,2,0,8,7.77557247877121,12.57049592770636,4.294145821593702
9052,5769,Habib Diallo,Metz,S,1,14,0,0.0,0,0.0,0,0,0,0,0,0.0,0.0,0.0
9053,5769,Habib Diallo,Strasbourg,F S,17,988,8,7.185524487867951,1,2.64056346565485,32,10,2,0,7,6.425429338589311,9.328994216397405,2.1316313669085503
