,id,player_name,team_title,position,games,time,goals,xG,assists,xA,shots,key_passes,yellow_cards,red_cards,npg,npxG,xGChain,xGBuildup
9061,1270,Haitam Aleesami,Amiens,D M S,22,1920,1,0.39516781270504,1,1.5395196611061692,2,14,4,0,1,0.39516781270504,3.467550034634769,2.387782054953277
9062,1270,Haitam Aleesami,Palermo,D M S,31,2627,1,0.3887660885229707,3,1.6396677233278751,12,23,6,0,1,0.3887660885229707,4.398701907135546,3.1522568985819817
9063,1270,Haitam Aleesami,FC Rostov,D S,13,737,0,0.284820944070816,0,0.1736509958282113,1,5,3,0,0,0.284820944070816,0.8094927947968245,0.4901750274002552
