,id,player_name,team_title,position,games,time,goals,xG,assists,xA,shots,key_passes,yellow_cards,red_cards,npg,npxG,xGChain,xGBuildup
9092,6986,Hamed Junior Traore,Sassuolo,M S,15,672,1,1.016956535167992,1,2.3044328028336167,10,19,1,0,1,1.016956535167992,5.464552938006818,3.4808572670444846
9093,6986,Hamed Junior Traore,Empoli,M S,32,2281,2,2.755707367323339,2,3.056548090651632,44,26,4,0,2,2.755707367323339,12.468947208486496,8.640550808981061
9094,6986,Hamed Junior Traore,Sassuolo,M S,31,1570,4,5.591625900007784,1,1.7998487520962954,46,30,3,0,4,5.591625900007784,9.358558419160545,3.0153605714440346
9095,6986,Hamed Junior Traore,Sassuolo,F M S,35,1786,5,4.421584801748395,2,3.8875078605487934,42,34,6,0,5,4.421584801748395,10.889406397938728,4.612819699570537
