,id,player_name,team_title,position,games,time,goals,xG,assists,xA,shots,key_passes,yellow_cards,red_cards,npg,npxG,xGChain,xGBuildup
9108,4914,Han Kwang Song,Cagliari,S,5,47,1,0.7470347881317139,0,0.6612774729728699,4,2,0,0,1,0.7470347881317139,1.3296686187386513,0.0487660840153694
9109,4914,Han Kwang Song,Cagliari,F S,7,279,0,0.2868037112057209,0,0.0423231869935989,3,1,0,0,0,0.2868037112057209,0.547633208334446,0.218506321310997
