,id,player_name,team_title,position,games,time,goals,xG,assists,xA,shots,key_passes,yellow_cards,red_cards,npg,npxG,xGChain,xGBuildup
9116,4941,Hans Hateboer,Atalanta,D M S,22,1769,2,3.9474993888288736,1,1.663618571124971,27,20,3,0,2,3.9474993888288736,16.089722871780396,11.722094006836414
9117,4941,Hans Hateboer,Atalanta,D M S,33,2391,0,2.213565101847053,2,1.4382152073085308,24,18,3,0,0,2.213565101847053,12.137415628880262,8.915311641991138
9118,4941,Hans Hateboer,Atalanta,D M S,35,2975,5,5.454539822414517,5,5.20495729893446,29,48,5,0,5,5.454539822414517,19.2151726782322,11.449925534427166
9119,4941,Hans Hateboer,Atalanta,D M S,32,2346,0,2.2415951192379,4,4.374598706141114,19,43,10,0,0,2.2415951192379,15.859761375933886,12.00547401420772
9120,4941,Hans Hateboer,Atalanta,D M S,6,287,0,0.1856557205319404,1,0.1233975738286972,3,2,2,0,0,0.1856557205319404,0.3614431023597717,0.0523898117244243
9121,4941,Hans Hateboer,Atalanta,D S,3,178,0,0.2298000808805227,0,0.0342283397912979,3,1,0,0,0,0.2298000808805227,0.8712527304887772,0.6072242930531502
