,id,player_name,team_title,position,games,time,goals,xG,assists,xA,shots,key_passes,yellow_cards,red_cards,npg,npxG,xGChain,xGBuildup
9137,7750,Harold Moukoudi,Saint-Etienne,D S,14,1098,0,0.8279683366417885,0,0.0459570260718464,6,2,1,0,0,0.8279683366417885,1.8700711727142327,1.2001111842691898
9138,7750,Harold Moukoudi,Saint-Etienne,D,26,2276,3,1.796077474951744,1,1.3521924689412117,13,7,6,0,3,1.796077474951744,2.858703762292862,2.842495087534189
9139,7750,Harold Moukoudi,Saint-Etienne,D,11,990,0,0.2117334678769111,0,0.0,3,0,3,0,0,0.2117334678769111,0.586068369448185,0.586068369448185
