,id,player_name,team_title,position,games,time,goals,xG,assists,xA,shots,key_passes,yellow_cards,red_cards,npg,npxG,xGChain,xGBuildup
9180,3729,Hassane Kamara,Nice,D M S,11,547,0,0.99575075507164,0,1.279263436794281,12,3,2,0,0,0.99575075507164,3.7627193853259087,1.6316079832613468
9181,3729,Hassane Kamara,Reims,S,2,29,0,0.0077117583714425,0,0.0,1,0,0,0,0,0.0077117583714425,0.0077117583714425,0.0
9182,3729,Hassane Kamara,Reims,D M S,16,910,0,0.7977659683674574,0,0.3686548667028546,9,6,1,0,0,0.7977659683674574,3.227265141904354,2.230409801006317
9183,3729,Hassane Kamara,Reims,D M S,23,1708,2,1.7112269820645452,0,0.5691788485273719,31,12,5,0,2,1.7112269820645452,5.462891961447895,3.4974626805633307
9184,3729,Hassane Kamara,Nice,D F M S,36,2966,2,1.5259604034945369,1,2.468706887215376,27,28,3,0,2,1.5259604034945369,10.272529903799295,7.7248748410493135
