,id,player_name,team_title,position,games,time,goals,xG,assists,xA,shots,key_passes,yellow_cards,red_cards,npg,npxG,xGChain,xGBuildup
9214,317,Henrikh Mkhitaryan,Manchester United,F M S,24,1347,4,2.7058527544140816,1,3.5242763245478272,32,29,1,0,4,2.7058527544140816,8.49256500415504,4.655954225920141
9215,317,Henrikh Mkhitaryan,Roma,F M S,34,2752,13,12.416660388931632,10,8.947878846898675,82,48,2,0,12,11.655361553654076,28.58623880520463,10.100943650119008
9216,317,Henrikh Mkhitaryan,Borussia Dortmund,F M S,31,2578,11,11.494967132806778,15,15.881935130804775,81,83,5,0,11,11.494967132806778,36.19855739362538,14.731809627264738
9217,317,Henrikh Mkhitaryan,Arsenal,M S,3,109,0,0.4295179098844528,0,0.2743019759654999,2,2,1,0,0,0.4295179098844528,0.8670729100704193,0.2900707125663757
9218,317,Henrikh Mkhitaryan,Roma,M S,22,1538,9,6.188470246270299,5,3.2636693166568875,43,27,4,0,9,6.188470246270299,13.575261875987051,5.561247803270817
9219,317,Henrikh Mkhitaryan,Borussia Dortmund,M S,28,1919,3,5.736274187453091,4,6.632584829814732,69,45,4,0,3,5.736274187453091,14.594515852630138,6.200586562976241
9220,317,Henrikh Mkhitaryan,"Arsenal,Manchester United",F M S,26,1735,3,2.473670184612274,9,6.771656889468432,36,44,2,0,3,2.473670184612274,14.398008842021229,7.172531260177493
9221,317,Henrikh Mkhitaryan,Arsenal,F M S,25,1647,6,5.343566609546542,4,6.48603293299675,49,29,1,0,6,5.343566609546542,16.100104700773954,8.282573003321886
9222,317,Henrikh Mkhitaryan,Roma,M S,15,1139,2,1.9425305929034948,4,2.0573879331350327,29,19,1,0,2,1.9425305929034948,6.710300281643868,3.433137523010373
