,id,player_name,team_title,position,games,time,goals,xG,assists,xA,shots,key_passes,yellow_cards,red_cards,npg,npxG,xGChain,xGBuildup
9233,5509,Hernani,Parma Calcio 1913,M S,32,2424,0,1.0072696069255471,4,2.0263231387361884,35,27,10,0,0,1.0072696069255471,7.342656218446791,5.832548229023814
9234,5509,Hernani,Genoa,F M S,9,443,0,0.1870170310139656,0,0.4201341569423675,5,2,0,0,0,0.1870170310139656,0.4984230548143387,0.0
9235,5509,Hernani,Parma Calcio 1913,M S,33,2217,7,3.116439377889037,3,2.4527115505188704,34,35,11,0,6,2.3552210088819265,6.408900015056133,3.3981348779052496
9236,5509,Hernani,Zenit St. Petersburg,M S,8,391,0,0.2649432420730591,0,0.1402029916644096,10,3,2,0,0,0.2649432420730591,1.86642786115408,1.7118103988468647
9237,5509,Hernani,Saint-Etienne,F M S,14,532,3,0.9037562049925328,0,1.4666207879781723,16,12,1,2,3,0.9037562049925328,2.074119595810771,0.5995245799422264
9238,5509,Hernani,Zenit St. Petersburg,M S,14,567,1,1.0558403292670846,1,0.4545539151877165,14,9,2,0,1,1.0558403292670846,3.0843285508453846,1.8226514169946315
9239,5509,Hernani,Zenit St. Petersburg,S,1,1,0,0.0,0,0.0,0,0,0,0,0,0.0,0.0,0.0
