,id,player_name,team_title,position,games,time,goals,xG,assists,xA,shots,key_passes,yellow_cards,red_cards,npg,npxG,xGChain,xGBuildup
9272,3337,Hilton,Montpellier,D,32,2811,1,1.4888822985813022,0,0.2074070312082767,22,5,2,0,1,1.4888822985813022,5.166473845019937,4.980871113017201
9273,3337,Hilton,Montpellier,D S,29,2112,0,1.5200118534266949,1,0.1948125511407852,12,1,4,2,0,1.5200118534266949,3.8996801171451807,3.704867566004396
9274,3337,Hilton,Montpellier,D,37,3330,3,2.0382744008675218,0,0.2205355111509561,25,5,3,1,3,2.0382744008675218,2.4896445516496897,2.4138240041211247
9275,3337,Hilton,Montpellier,D,36,3178,1,2.2616921444423497,1,0.8866693419404328,25,11,3,1,1,2.2616921444423497,5.843086019624025,5.393415406346321
9276,3337,Hilton,Montpellier,D,27,2430,0,1.3201502617448568,0,0.339829090051353,20,8,5,0,0,1.3201502617448568,4.734427014365792,4.612286742776632
9277,3337,Hilton,Montpellier,D,36,3234,0,1.781997611746192,2,0.6024586167186499,16,8,5,1,0,1.781997611746192,4.409943765960634,3.912240487523377
9278,3337,Hilton,Montpellier,D,28,2514,0,1.148637916892767,2,1.2928670551627874,13,13,2,0,0,1.148637916892767,4.539909552782774,3.926855657249689
