,id,player_name,team_title,position,games,time,goals,xG,assists,xA,shots,key_passes,yellow_cards,red_cards,npg,npxG,xGChain,xGBuildup
9302,8649,Houboulang Mendes,Lorient,D S,17,1311,0,0.102744763251394,0,0.226178185082972,5,3,3,0,0,0.102744763251394,0.5189917776733637,0.304291726090014
9303,8649,Houboulang Mendes,Lorient,D,17,1523,0,0.84479402564466,0,0.1084595471620559,7,2,1,1,0,0.84479402564466,1.160922348499298,0.9916307413950562
