,id,player_name,team_title,position,games,time,goals,xG,assists,xA,shots,key_passes,yellow_cards,red_cards,npg,npxG,xGChain,xGBuildup
9304,5733,Houssem Aouar,Lyon,F M S,30,1800,7,10.597569551318884,3,3.766579961404205,70,36,3,1,5,9.07737930305302,18.62202624976635,6.645680251531303
9305,5733,Houssem Aouar,Lyon,S,2,31,0,0.0,0,0.0,0,0,0,0,0,0.0,0.3275840580463409,0.3275840580463409
9306,5733,Houssem Aouar,Lyon,F M S,32,2442,6,4.931066332384944,5,4.3267280627042055,49,37,1,0,6,4.931066332384944,18.49066066183149,10.885218088980764
9307,5733,Houssem Aouar,Lyon,F M S,37,3075,7,6.993947398848832,7,4.518547758460045,70,45,2,0,7,6.993947398848832,20.76812437549233,12.977027866989374
9308,5733,Houssem Aouar,Lyon,M S,25,1976,3,3.4511331915855408,4,1.990836473181844,46,23,3,0,3,3.4511331915855408,9.32899653352797,5.669242694973946
9309,5733,Houssem Aouar,Lyon,F M S,17,1366,3,3.913152407854796,2,2.439568415284157,39,15,0,0,3,3.913152407854796,10.215756125748158,4.793065115809441
