,id,player_name,team_title,position,games,time,goals,xG,assists,xA,shots,key_passes,yellow_cards,red_cards,npg,npxG,xGChain,xGBuildup
9310,1429,Hrvoje Milic,Fiorentina,D F M S,17,1260,0,0.191556816920638,4,2.373953383415937,5,13,4,0,0,0.191556816920638,4.482993992045522,3.1622318644076586
9311,1429,Hrvoje Milic,FC Rostov,D S,20,1588,0,0.822878597304225,0,0.24852304905653,5,6,1,0,0,0.0686032753437757,1.675733939744532,1.4130106261000035
