,id,player_name,team_title,position,games,time,goals,xG,assists,xA,shots,key_passes,yellow_cards,red_cards,npg,npxG,xGChain,xGBuildup
9341,2281,Hugo Mallo,Celta Vigo,D S,34,2948,1,0.380969607271254,4,2.1674616960808635,7,17,9,0,1,0.380969607271254,6.906117985956371,5.569752890616655
9342,2281,Hugo Mallo,Celta Vigo,D S,27,1958,0,0.4394152471795678,1,0.5503356009721756,6,11,6,0,0,0.4394152471795678,3.7420789077878,3.035626138560474
9343,2281,Hugo Mallo,Celta Vigo,D M S,28,2343,1,1.0351885072886944,0,0.7727699838578701,12,14,6,0,1,1.0351885072886944,5.343580029904842,3.889574103057385
9344,2281,Hugo Mallo,Celta Vigo,D,11,935,0,0.2581311268731951,0,1.21357914339751,7,11,2,1,0,0.2581311268731951,2.8546391054987907,2.4435158520936966
9345,2281,Hugo Mallo,Celta Vigo,D,35,3101,1,1.9003532975912087,4,4.661294168327004,24,32,11,0,1,1.9003532975912087,10.96902209892869,7.094351299107075
9346,2281,Hugo Mallo,Celta Vigo,D M S,23,1988,2,0.4581595389172435,1,0.5702720582485199,13,11,10,1,2,0.4581595389172435,3.781084917485714,2.9889794010669
9347,2281,Hugo Mallo,Celta Vigo,D,34,3007,0,1.738753809593618,5,5.2700986582785845,23,29,12,0,0,1.738753809593618,14.871016992256044,10.773185797035694
9348,2281,Hugo Mallo,Celta Vigo,D S,31,2608,3,2.521753185428679,1,3.277606777846813,20,17,8,0,3,2.521753185428679,12.901030025444925,8.203485634177923
