,id,player_name,team_title,position,games,time,goals,xG,assists,xA,shots,key_passes,yellow_cards,red_cards,npg,npxG,xGChain,xGBuildup
9361,5269,Håvard Nielsen,Freiburg,S,4,24,0,0.0,1,0.0540232770144939,0,1,0,0,0,0.0,0.0540232770144939,0.0
9362,5269,Håvard Nielsen,Greuther Fuerth,F M S,11,801,1,1.3321064095944166,0,0.0364561174064874,19,2,2,0,1,1.3321064095944166,1.910010453313589,1.1405693115666509
