,id,player_name,team_title,position,games,time,goals,xG,assists,xA,shots,key_passes,yellow_cards,red_cards,npg,npxG,xGChain,xGBuildup
9393,3428,Hélder Costa,Wolverhampton Wanderers,F M S,25,1345,1,2.660442855209112,2,2.0111883906647563,25,17,3,0,1,2.660442855209112,5.644508417695761,1.7383640939369798
9394,3428,Hélder Costa,Leeds,M S,22,1152,3,2.598154854029417,3,0.6283337883651257,16,7,0,0,3,2.598154854029417,4.516011323779821,2.2073262743651867
9395,3428,Hélder Costa,Monaco,F M S,25,1296,3,3.0487023014575243,2,2.524854584597051,25,14,4,0,3,3.0487023014575243,5.130494624376297,1.2134735565632582
9396,3428,Hélder Costa,Leeds,S,1,20,0,0.0182210132479667,0,0.0,1,0,0,0,0,0.0182210132479667,0.0,0.0
9397,3428,Hélder Costa,Valencia,M S,11,641,0,0.4018745515495538,0,0.8226980045437813,8,8,1,0,0,0.4018745515495538,2.117328681051731,1.2464400380849838
9398,3428,Hélder Costa,Deportivo La Coruna,S,6,134,0,0.1250362433493137,0,0.0405459757894277,2,2,0,0,0,0.1250362433493137,0.2983492910861969,0.1465248167514801
