,id,player_name,team_title,position,games,time,goals,xG,assists,xA,shots,key_passes,yellow_cards,red_cards,npg,npxG,xGChain,xGBuildup
9446,864,Ibrahim Afellay,Stoke,M S,12,363,0,0.6516735535115004,0,0.3263599574565887,6,1,0,0,0,0.6516735535115004,1.3029339257627726,0.9591436926275492
9447,864,Ibrahim Afellay,Stoke,M S,6,157,0,0.0,0,0.0,0,0,1,0,0,0.0,0.0461271945387125,0.0461271945387125
9448,864,Ibrahim Afellay,Stoke,M S,31,2105,2,2.378268579952419,2,2.0416688304394484,39,21,3,1,2,2.378268579952419,9.911401739344,6.512232376262546
