,id,player_name,team_title,position,games,time,goals,xG,assists,xA,shots,key_passes,yellow_cards,red_cards,npg,npxG,xGChain,xGBuildup
9500,207,Ibrahima Traoré,Borussia M.Gladbach,M S,24,1473,3,3.294786551967263,1,5.0852648904547095,41,36,1,0,3,3.294786551967263,9.258948802947998,4.270550296641886
9501,207,Ibrahima Traoré,Borussia M.Gladbach,M S,7,84,0,0.0,0,0.0784698650240898,0,1,0,0,0,0.0,0.0784698650240898,0.0
9502,207,Ibrahima Traoré,Borussia M.Gladbach,M S,24,835,2,1.6418963819742205,1,1.9675849275663493,23,21,3,0,2,1.6418963819742205,5.002992480993271,2.386478209868073
9503,207,Ibrahima Traoré,Borussia M.Gladbach,M S,7,144,0,0.3154723271727562,1,0.7622608542442322,4,3,0,0,0,0.3154723271727562,1.444239892065525,0.5402116924524307
9504,207,Ibrahima Traoré,Borussia M.Gladbach,F M S,16,549,0,0.8028952209278941,2,2.9600924737751484,15,14,1,0,0,0.8028952209278941,5.481466283090413,2.117132601328194
9505,207,Ibrahima Traoré,Borussia M.Gladbach,M S,7,191,0,0.4581763613969087,0,0.3635910339653492,8,6,0,0,0,0.4581763613969087,1.626749686896801,1.278620384633541
9506,207,Ibrahima Traoré,Borussia M.Gladbach,M S,14,844,1,0.402938324958086,3,2.780474557541311,9,25,0,0,1,0.402938324958086,3.985958689823746,1.7746534459292889
