,id,player_name,team_title,position,games,time,goals,xG,assists,xA,shots,key_passes,yellow_cards,red_cards,npg,npxG,xGChain,xGBuildup
9633,3055,Igor Smolnikov,Zenit St. Petersburg,D M S,26,2049,3,3.711880681104958,1,1.8427317752502856,22,19,4,0,3,3.711880681104958,9.449540957808496,5.364966854453087
9634,3055,Igor Smolnikov,Zenit St. Petersburg,D S,23,1843,1,1.1922028679400682,1,2.987295350991189,15,17,5,0,1,1.1922028679400682,7.4985540099442,4.543106246739626
9635,3055,Igor Smolnikov,Zenit St. Petersburg,D,17,1509,0,1.0671642906963823,1,2.197738651186228,14,23,3,0,0,1.0671642906963823,9.41039526462555,7.333959750831127
9636,3055,Igor Smolnikov,Zenit St. Petersburg,D M S,22,1853,0,0.5293180225417018,0,2.1314927227795124,16,26,4,1,0,0.5293180225417018,7.483005459420383,5.641606432385743
9637,3055,Igor Smolnikov,Zenit St. Petersburg,D M,23,1986,4,1.653391755186021,2,1.633830839768052,19,16,2,0,4,1.653391755186021,6.218259360641241,4.067099951207638
9638,3055,Igor Smolnikov,Zenit St. Petersburg,D S,12,869,0,0.1220973320305347,0,1.0311174876987934,4,8,1,0,0,0.1220973320305347,3.0867564287036657,2.094302324578166
9639,3055,Igor Smolnikov,Arsenal Tula,D,16,1382,0,0.2710924111306667,1,0.8117702035233378,6,16,3,0,0,0.2710924111306667,4.238547116518021,3.480577513575554
9640,3055,Igor Smolnikov,FC Krasnodar,D M S,23,1356,0,0.3335238872095942,1,1.5045338878408074,8,12,5,1,0,0.3335238872095942,5.099423098377883,4.306998212821782
