,id,player_name,team_title,position,games,time,goals,xG,assists,xA,shots,key_passes,yellow_cards,red_cards,npg,npxG,xGChain,xGBuildup
9568,6304,Igor Chaykovsky,Anzhi Makhachkala,M S,12,891,0,0.1295665018260479,1,0.4924161341041326,2,3,8,0,0,0.1295665018260479,1.4576820880174637,0.8356994912028313
9569,6304,Igor Chaykovsky,Anzhi Makhachkala,M,1,90,0,0.0,0,0.0,0,0,0,0,0,0.0,0.0563436634838581,0.0563436634838581
