,id,player_name,team_title,position,games,time,goals,xG,assists,xA,shots,key_passes,yellow_cards,red_cards,npg,npxG,xGChain,xGBuildup
9621,2970,Igor Portnyagin,Ural,F S,12,428,1,0.994259350001812,0,0.2049993090331554,14,4,1,0,1,0.994259350001812,1.39797855168581,0.3730374434962868
9622,2970,Igor Portnyagin,Rubin Kazan,F M S,24,1438,4,4.520892523229122,3,0.2143822135403752,42,7,1,0,4,4.520892523229122,5.1137355379760265,0.9686923678964376
9623,2970,Igor Portnyagin,"Lokomotiv Moscow,Rubin Kazan",F M S,6,303,0,1.7163053303956983,0,0.1128469035029411,12,3,0,0,0,0.9620300084352492,0.9238185435533524,0.0603816844522953
9624,2970,Igor Portnyagin,Rubin Kazan,F M S,26,2038,10,11.31252810638398,2,1.7718392619863153,71,21,2,0,10,10.558252724818884,13.11281298752874,2.607255559414625
