,id,player_name,team_title,position,games,time,goals,xG,assists,xA,shots,key_passes,yellow_cards,red_cards,npg,npxG,xGChain,xGBuildup
9590,6598,Igor Kalinin,Ural,D,6,533,0,0.1047975867986679,0,0.6404712675139308,4,9,3,0,0,0.1047975867986679,1.66456688195467,1.1300631240010262
9591,6598,Igor Kalinin,FC Rostov,D S,10,735,0,0.1269988240674138,1,1.614510513842106,7,7,3,0,0,0.1269988240674138,2.175116144120693,1.5918599218130112
9592,6598,Igor Kalinin,FC Krasnodar,D S,2,97,0,0.0,0,0.0,0,0,0,0,0,0.0,0.2056343108415603,0.2056343108415603
9593,6598,Igor Kalinin,Rubin Kazan,D S,6,434,1,0.3247086312621832,2,1.3148972187191248,5,7,1,0,1,0.3247086312621832,0.4295892473310232,0.0850609568879008
9594,6598,Igor Kalinin,Ural,D,22,1913,1,0.3029672615230083,2,1.8083497695624828,7,21,7,0,1,0.3029672615230083,3.2082246681675315,2.572847285307944
