,id,player_name,team_title,position,games,time,goals,xG,assists,xA,shots,key_passes,yellow_cards,red_cards,npg,npxG,xGChain,xGBuildup
9570,2749,Igor Denisov,Dinamo Moscow,M,13,1132,0,1.0250728437677026,0,0.4569065514951944,12,5,2,0,0,1.0250728437677026,5.106346413493156,4.589040236547589
9571,2749,Igor Denisov,Lokomotiv Moscow,M,17,1426,0,0.4189205085858702,1,0.3100925888866186,14,9,3,1,0,0.4189205085858702,2.972176627255976,2.3495177486911416
9572,2749,Igor Denisov,Dinamo Moscow,M S,23,1992,0,0.8152723386883736,0,0.4834262393414974,27,19,2,0,0,0.8152723386883736,4.320327171124518,3.719435105100274
9573,2749,Igor Denisov,Lokomotiv Moscow,M,23,2070,1,0.8673890922218561,2,1.1211535930633545,24,17,6,0,1,0.8673890922218561,6.408290388062596,5.248461592011154
9574,2749,Igor Denisov,Lokomotiv Moscow,M,27,2430,0,0.5280458712950349,0,0.4326664851978421,16,17,4,1,0,0.5280458712950349,8.809754390269518,8.21431322209537
