,id,player_name,team_title,position,games,time,goals,xG,assists,xA,shots,key_passes,yellow_cards,red_cards,npg,npxG,xGChain,xGBuildup
9556,2727,Igor Armas,Kuban Krasnodar,D S,25,2208,1,2.0092968493700027,0,0.1496386928483843,28,6,5,0,1,2.0092968493700027,2.4646081030368805,2.3225822541862726
9557,2727,Igor Armas,Anzhi Makhachkala,D S,13,1073,1,0.3554887399077415,2,0.861820301041007,5,7,1,0,1,0.3554887399077415,1.4344159588217735,0.8394290897995234
9558,2727,Igor Armas,Kuban Krasnodar,D S,15,1173,0,0.7323944214731455,0,0.0070208217948675,9,1,1,0,0,0.7323944214731455,3.1400170251727104,2.7233586832880974
