,id,player_name,team_title,position,games,time,goals,xG,assists,xA,shots,key_passes,yellow_cards,red_cards,npg,npxG,xGChain,xGBuildup
9599,3090,Igor Konovalov,Rubin Kazan,M S,29,2466,1,0.5814425647258759,1,3.350792891345918,22,46,8,0,1,0.5814425647258759,8.449553165584803,6.99578907713294
9600,3090,Igor Konovalov,"Arsenal Tula,Rubin Kazan",M S,15,613,0,0.027257602661848,0,0.2529023103415966,1,4,1,0,0,0.027257602661848,1.0845912098884585,1.043732687830925
9601,3090,Igor Konovalov,Rubin Kazan,M S,7,504,0,0.0386830940842628,0,0.0129854809492826,1,1,0,0,0,0.0386830940842628,2.9549859780818224,2.90331744030118
9602,3090,Igor Konovalov,FK Akhmat,M S,17,1058,2,2.0724563356488943,1,0.936010961420834,12,17,5,0,1,1.318181013688445,6.349857084453106,4.769614725373685
9603,3090,Igor Konovalov,Rubin Kazan,M,27,2356,1,1.5035528494045138,4,3.163702537305653,31,34,7,0,1,0.7492775274440646,4.5224313931539655,2.982902219519019
9604,3090,Igor Konovalov,Kuban Krasnodar,S,3,30,0,0.0,0,0.0,0,0,0,0,0,0.0,0.0,0.0
