,id,player_name,team_title,position,games,time,goals,xG,assists,xA,shots,key_passes,yellow_cards,red_cards,npg,npxG,xGChain,xGBuildup
9566,2054,Igor Bubnjic,Carpi,D S,9,723,0,1.271359894424677,0,0.0178254041820764,9,1,1,0,0,1.271359894424677,0.5487396698445082,0.5487396698445082
9567,2054,Igor Bubnjic,Udinese,D S,6,385,0,0.0877475962042808,0,0.4591581225395202,2,1,1,0,0,0.0877475962042808,1.0588589329272509,0.528430650010705
