,id,player_name,team_title,position,games,time,goals,xG,assists,xA,shots,key_passes,yellow_cards,red_cards,npg,npxG,xGChain,xGBuildup
9642,7674,Igor Urganov,PFC Sochi,D S,12,938,1,1.01334860175848,0,0.4672820419073105,3,3,1,1,1,1.01334860175848,1.8201344534754755,1.423546425998211
9643,7674,Igor Urganov,"FC Tambov,PFC Sochi",D S,16,883,0,0.0805866234004497,0,0.1523479167371988,4,4,1,0,0,0.0805866234004497,1.4300822652876377,1.2740415092557669
