,id,player_name,team_title,position,games,time,goals,xG,assists,xA,shots,key_passes,yellow_cards,red_cards,npg,npxG,xGChain,xGBuildup
9662,2349,Ikechukwu Uche,Malaga,F S,3,81,0,0.0159384850412607,0,0.0444778688251972,1,1,0,0,0,0.0159384850412607,0.0604163538664579,0.0
9663,2349,Ikechukwu Uche,Villarreal,F S,23,1387,6,8.84851611405611,1,1.874442107975483,42,21,2,0,5,8.10523847490549,11.25338232703507,2.924546530470252
