,id,player_name,team_title,position,games,time,goals,xG,assists,xA,shots,key_passes,yellow_cards,red_cards,npg,npxG,xGChain,xGBuildup
9684,314,Ilkay Gündogan,Manchester City,M S,28,2033,13,9.566883080638943,2,3.8162196557968855,54,42,1,0,12,8.044545345939696,19.286811731755733,10.148374736309052
9685,314,Ilkay Gündogan,Manchester City,M S,30,1504,4,3.583664696663618,1,2.348831661045552,35,21,3,0,3,2.822495829313993,14.065670179203153,10.72426306270063
9686,314,Ilkay Gündogan,Manchester City,M S,10,717,3,1.921189725399017,1,0.9761682460084558,16,12,0,0,3,1.921189725399017,6.5414627604186535,4.147725220769644
9687,314,Ilkay Gündogan,Manchester City,M S,31,2006,2,4.346703093498945,1,2.919196378439665,32,34,7,0,1,2.824402241036296,19.261574666947126,15.24622955173254
9688,314,Ilkay Gündogan,Manchester City,M,11,909,3,5.34504908323288,1,2.82599781639874,27,22,1,0,3,5.34504908323288,11.586686499416828,4.515545163303614
9689,314,Ilkay Gündogan,Manchester City,M S,31,2133,6,4.213995780795813,3,4.967495605349541,43,43,3,0,6,4.213995780795813,19.06555214524269,15.749667078256609
9690,314,Ilkay Gündogan,Borussia Dortmund,M S,23,1913,3,2.2297320486977696,4,3.2291626166552305,40,28,2,0,3,2.2297320486977696,12.495797311887143,9.189232844859362
9691,314,Ilkay Gündogan,Borussia Dortmund,M S,25,1998,1,3.782645056955516,3,4.097143447957933,50,25,1,0,1,3.782645056955516,24.366064924746752,19.13266047462821
