,id,player_name,team_title,position,games,time,goals,xG,assists,xA,shots,key_passes,yellow_cards,red_cards,npg,npxG,xGChain,xGBuildup
9733,5479,Ilya Zhigulev,FC Krasnodar,M S,7,321,0,0.1673552580177784,0,0.0604452434927225,5,3,0,0,0,0.1673552580177784,1.1899825632572174,1.0151574248448014
9734,5479,Ilya Zhigulev,FC Rotor Volgograd,F M S,26,2066,0,0.7277955724857748,0,1.8696900168433783,22,28,8,0,0,0.7277955724857748,4.026792238932103,2.795469008386135
9735,5479,Ilya Zhigulev,"FC Krasnodar,Tosno",M S,18,920,0,0.5916434312239289,0,0.3215193767100572,16,10,2,0,0,0.5916434312239289,2.301161089912057,1.591431993059814
9736,5479,Ilya Zhigulev,"FC Krasnodar,Ural",M S,7,259,0,0.1317779421806335,0,0.1411298178136348,5,2,0,0,0,0.1317779421806335,0.8799569457769394,0.6070491820573807
