,id,player_name,team_title,position,games,time,goals,xG,assists,xA,shots,key_passes,yellow_cards,red_cards,npg,npxG,xGChain,xGBuildup
9753,4288,Immanuel Höhn,Darmstadt,D,12,1069,0,0.04999107029289,0,0.0711044920608401,2,4,3,0,0,0.04999107029289,0.9492739513516426,0.8911113068461418
9754,4288,Immanuel Höhn,Freiburg,D S,7,540,1,0.4034532904624939,0,0.0326890312135219,3,1,0,0,1,0.4034532904624939,1.1350479908287523,1.1350479908287523
