,id,player_name,team_title,position,games,time,goals,xG,assists,xA,shots,key_passes,yellow_cards,red_cards,npg,npxG,xGChain,xGBuildup
9756,7278,Imran Louza,Nantes,M,1,90,0,0.0156513061374425,0,0.0,1,0,1,0,0,0.0156513061374425,0.5835235118865967,0.5678722262382507
9757,7278,Imran Louza,Watford,M,5,303,0,0.1353963166475296,0,0.3106107637286186,4,6,2,0,0,0.1353963166475296,0.1119533386081457,0.0727146714925766
9758,7278,Imran Louza,Nantes,M S,24,2014,2,1.645456101745367,2,3.634866259992122,35,35,4,0,2,1.645456101745367,9.31606674566865,5.228443258441985
9759,7278,Imran Louza,Nantes,M S,33,2409,7,5.838704836554825,2,1.764183709397912,36,25,4,1,2,2.038294824771583,5.762299777939916,4.251418911851943
