,id,player_name,team_title,position,games,time,goals,xG,assists,xA,shots,key_passes,yellow_cards,red_cards,npg,npxG,xGChain,xGBuildup
9801,1724,Isaac Success,Watford,M S,19,463,1,1.246619808487594,1,0.3569929338991642,14,5,2,0,1,1.246619808487594,1.444501280784607,0.0876273717731237
9802,1724,Isaac Success,Watford,S,5,54,0,0.0947981029748916,0,0.0546776875853538,1,1,1,0,0,0.0947981029748916,0.1944496929645538,0.044973898679018
9803,1724,Isaac Success,Granada,F M S,30,2441,6,7.115401305258274,2,3.402750154957176,56,27,10,1,6,7.115401305258274,11.1515494287014,1.983487006276846
9804,1724,Isaac Success,Watford,F M S,30,1015,1,3.2875504828989506,1,3.013180017471313,29,21,4,0,1,3.2875504828989506,6.455693185329437,2.012285456061363
9805,1724,Isaac Success,Udinese,F M S,8,316,1,1.004406362771988,2,1.2874939292669296,7,7,0,1,1,1.004406362771988,3.456460210494697,2.090756523422897
9806,1724,Isaac Success,Malaga,F M S,9,498,0,0.4134239628911018,1,1.6377614364027977,8,7,0,0,0,0.4134239628911018,2.2391171641647816,0.1879317099228501
9807,1724,Isaac Success,Granada,F S,19,918,1,2.2226882968097925,1,0.8674555066972971,14,7,1,0,1,2.2226882968097925,3.042885325849056,0.3015260212123394
