,id,player_name,team_title,position,games,time,goals,xG,assists,xA,shots,key_passes,yellow_cards,red_cards,npg,npxG,xGChain,xGBuildup
9814,2255,Isco,Real Madrid,M S,7,173,1,0.3651350624859333,0,0.7845292277634144,6,4,1,0,1,0.3651350624859333,1.6885947212576866,0.6403969377279282
9815,2255,Isco,Real Madrid,M S,34,2348,4,4.383784292265773,9,6.761613376438618,44,54,5,1,4,4.383784292265773,23.49316682200879,16.201419739983976
9816,2255,Isco,Real Madrid,F M S,27,1186,3,5.304060861468315,2,2.2470094049349427,25,26,3,0,3,5.304060861468315,11.303339049220083,5.035098061896861
9817,2255,Isco,Real Madrid,F M S,25,890,0,1.620352204889059,2,1.4689535684883597,20,19,1,0,0,1.620352204889059,6.941948797553778,5.346880998462439
9818,2255,Isco,Real Madrid,F M S,30,1638,10,4.493652556091547,8,5.061760935932398,32,37,4,0,10,4.493652556091547,18.53050309792161,11.630298310890794
9819,2255,Isco,Real Madrid,F M S,23,1185,1,2.3804168067872524,2,2.241395067423582,23,23,2,0,1,2.3804168067872524,7.431224392727017,4.88537391833961
9820,2255,Isco,Real Madrid,F M S,30,1781,7,6.015414534136653,7,6.122837542556226,49,48,1,0,7,6.015414534136653,20.54711006581784,12.307897543534636
9821,2255,Isco,Real Madrid,F M S,31,1831,3,3.9379441495984793,7,6.531662803143263,40,43,2,1,3,3.9379441495984793,20.14511306583881,14.818774446845056
