,id,player_name,team_title,position,games,time,goals,xG,assists,xA,shots,key_passes,yellow_cards,red_cards,npg,npxG,xGChain,xGBuildup
9874,2858,Ismail Aissati,FK Akhmat,M S,24,706,0,0.4205485889688134,2,2.0726880226284266,10,14,0,0,0,0.4205485889688134,1.769260016269982,0.7766749113798141
9875,2858,Ismail Aissati,FK Akhmat,M S,28,2357,1,2.485705215483904,5,2.3494609938934445,27,39,0,0,1,2.485705215483904,7.798129208385944,3.378155756741762
