,id,player_name,team_title,position,games,time,goals,xG,assists,xA,shots,key_passes,yellow_cards,red_cards,npg,npxG,xGChain,xGBuildup
9848,6024,Ismael,FK Akhmat,F M S,29,2305,2,2.225109330378473,4,2.42704164236784,58,48,6,0,2,2.225109330378473,6.331680543720722,3.3846906358376145
9849,6024,Ismael,FK Akhmat,M S,26,1756,1,1.2039244575425982,4,2.427090670913458,34,34,7,0,1,1.2039244575425982,6.668097003363073,5.4103820929303765
9850,6024,Ismael,FK Akhmat,M S,29,2513,1,2.011950080282986,1,2.8249576361849904,45,54,6,0,0,1.2576747359707952,7.649034701287746,6.3077634405344725
9851,6024,Ismael,FK Akhmat,M S,24,1992,3,2.003919929265976,3,3.4938258677721024,40,37,3,0,3,2.003919929265976,7.897743478417395,5.650823220610619
