,id,player_name,team_title,position,games,time,goals,xG,assists,xA,shots,key_passes,yellow_cards,red_cards,npg,npxG,xGChain,xGBuildup
9887,1633,Issa Cissokho,Amiens,D S,19,1628,0,0.080429945141077,0,0.3684120513498783,4,10,3,0,0,0.080429945141077,2.4999188482761383,2.2686101030558348
9888,1633,Issa Cissokho,Genoa,M S,13,628,0,0.0281016714870929,1,0.3830792400985956,1,8,0,1,0,0.0281016714870929,1.085752848535776,0.9726205058395864
9889,1633,Issa Cissokho,Angers,D,13,1160,0,0.1389826647937297,2,0.6849316619336605,5,7,2,1,0,0.1389826647937297,2.5737231709063053,2.182344239205122
9890,1633,Issa Cissokho,Nantes,D S,33,2887,0,0.729717833455652,0,1.6265883510932326,8,24,5,0,0,0.729717833455652,6.068035035859793,4.121413609012961
