,id,player_name,team_title,position,games,time,goals,xG,assists,xA,shots,key_passes,yellow_cards,red_cards,npg,npxG,xGChain,xGBuildup
10015,5701,Ivan Santini,Caen,F S,32,2776,11,14.389158415142449,1,1.2897463105618954,85,26,3,0,6,9.828587476629764,10.360976707655936,2.02370138373226
10016,5701,Ivan Santini,Caen,F,34,2905,15,12.709913095459342,2,3.07800305262208,71,25,7,0,12,9.66953250579536,14.473920220509171,3.3144442215561867
