,id,player_name,team_title,position,games,time,goals,xG,assists,xA,shots,key_passes,yellow_cards,red_cards,npg,npxG,xGChain,xGBuildup
10027,5942,Ivan Temnikov,Dinamo Moscow,M S,19,1083,0,0.6743207136169076,1,0.7070001643151045,19,12,3,0,0,0.6743207136169076,3.536713447421789,2.5589933302253485
10028,5942,Ivan Temnikov,Dinamo Moscow,S,5,94,0,0.0269977860152721,0,0.065007746219635,2,1,1,0,0,0.0269977860152721,0.2619301080703735,0.1805253624916076
