,id,player_name,team_title,position,games,time,goals,xG,assists,xA,shots,key_passes,yellow_cards,red_cards,npg,npxG,xGChain,xGBuildup
9974,5442,Ivan Oblyakov,"CSKA Moscow,FC Ufa",D F M S,28,2318,3,2.6791580095887184,7,6.692315166816115,52,72,3,1,3,2.6791580095887184,11.199548792093992,6.278404677286744
9975,5442,Ivan Oblyakov,FC Ufa,F M S,20,1134,1,0.7735601514577866,1,1.39846608415246,18,13,3,0,1,0.7735601514577866,1.5571122784167528,0.4601012021303177
9976,5442,Ivan Oblyakov,CSKA Moscow,D M,18,1577,0,0.5775026679039001,2,1.7191304289735854,16,33,3,0,0,0.5775026679039001,5.50369568541646,4.346221908926964
9977,5442,Ivan Oblyakov,CSKA Moscow,D M,28,2473,4,2.5424261409789324,5,3.688095655292273,58,51,11,0,4,2.5424261409789324,8.814751639962196,5.869179921224713
9978,5442,Ivan Oblyakov,CSKA Moscow,M S,27,2085,1,1.7033094987273216,3,1.9890536861494184,37,40,4,0,1,1.7033094987273216,10.393790502101185,8.453952636569738
9979,5442,Ivan Oblyakov,FC Ufa,F M S,20,913,2,1.996752504259348,1,1.2325546853244305,22,11,3,0,2,1.996752504259348,2.9088800754398108,0.272761938162148
