,id,player_name,team_title,position,games,time,goals,xG,assists,xA,shots,key_passes,yellow_cards,red_cards,npg,npxG,xGChain,xGBuildup
9980,7632,Ivan Ordets,Dinamo Moscow,D S,17,1443,1,0.6201885994523764,0,0.0,9,0,3,1,1,0.6201885994523764,2.761304279789329,2.761304279789329
9981,7632,Ivan Ordets,Dinamo Moscow,D,27,2388,3,1.062031639739871,0,0.3098296197131276,12,6,7,1,3,1.062031639739871,5.240107011049986,5.0375343332998455
9982,7632,Ivan Ordets,Dinamo Moscow,D,18,1608,1,1.3382234126329422,0,0.0569073520600795,14,3,3,0,1,1.3382234126329422,3.783564051613212,3.772823045030236
