,id,player_name,team_title,position,games,time,goals,xG,assists,xA,shots,key_passes,yellow_cards,red_cards,npg,npxG,xGChain,xGBuildup
9924,3683,Ivan Cavaleiro,Fulham,D F M S,36,2477,3,5.548666689544916,0,2.68047393579036,47,42,2,0,2,4.026328969746828,8.240886438637972,2.856730101630092
9925,3683,Ivan Cavaleiro,Monaco,F S,2,97,0,0.1846220940351486,0,0.3153232336044311,2,3,0,0,0,0.1846220940351486,0.5573640465736389,0.1020933836698532
9926,3683,Ivan Cavaleiro,Monaco,F M S,12,514,1,1.7757424507290125,0,1.0514177344739437,14,8,1,0,1,1.7757424507290125,4.362510360777378,1.8886485286056995
9927,3683,Ivan Cavaleiro,Wolverhampton Wanderers,F M S,23,670,3,2.3749423921108246,1,1.5787324085831642,13,19,1,0,3,2.3749423921108246,4.3687595054507256,0.9025547774508595
9928,3683,Ivan Cavaleiro,Deportivo La Coruna,F M S,34,2399,3,4.144961073063314,3,2.4483338464051485,41,36,6,0,3,3.401683448813856,7.300342831760645,2.643932066857815
