,id,player_name,team_title,position,games,time,goals,xG,assists,xA,shots,key_passes,yellow_cards,red_cards,npg,npxG,xGChain,xGBuildup
10000,1341,Ivan Radovanovic,"Chievo,Genoa",M S,35,2989,0,0.8429088573902845,0,0.6838523847982287,52,14,9,0,0,0.8429088573902845,9.752944708801806,8.433937380090356
10001,1341,Ivan Radovanovic,Chievo,M S,26,2076,0,0.3721395032480359,0,0.4400596804916858,18,9,9,0,0,0.3721395032480359,3.6318192714825273,3.321786685846746
10002,1341,Ivan Radovanovic,Genoa,D M S,33,2227,0,0.2008824087679386,0,0.1457910211756825,6,3,6,0,0,0.2008824087679386,4.4961427403613925,4.43914366979152
10003,1341,Ivan Radovanovic,Chievo,M S,35,2888,0,0.6481183571740985,0,0.7185001773759723,27,9,10,0,0,0.6481183571740985,5.885716054588556,5.44032709300518
10004,1341,Ivan Radovanovic,Chievo,M S,31,2488,1,0.6896230424754322,1,1.3799981130287051,42,16,7,1,1,0.6896230424754322,5.150596484541893,4.098080636933446
10005,1341,Ivan Radovanovic,Chievo,D M,35,3143,1,0.6763341976329684,2,0.5373059464618564,33,14,6,1,1,0.6763341976329684,5.677818151190877,5.011476203799248
10006,1341,Ivan Radovanovic,Genoa,D M S,19,1325,0,1.0369747634977102,1,0.8298109108582139,16,15,3,0,0,1.0369747634977102,3.552262185141444,2.9375902926549315
