,id,player_name,team_title,position,games,time,goals,xG,assists,xA,shots,key_passes,yellow_cards,red_cards,npg,npxG,xGChain,xGBuildup
10049,303,Ivica Olic,"Hamburger SV,Wolfsburg",F M S,30,2271,7,4.837381437420845,0,1.7269690614193678,48,22,3,0,7,4.837381437420845,7.817597716115415,2.9255723049864173
10050,303,Ivica Olic,Hamburger SV,S,9,163,0,0.1538339229300618,0,0.0080816904082894,5,1,0,0,0,0.1538339229300618,0.2290979605168104,0.0671823471784591
