,id,player_name,team_title,position,games,time,goals,xG,assists,xA,shots,key_passes,yellow_cards,red_cards,npg,npxG,xGChain,xGBuildup
10073,2175,Iván López,Levante,D S,26,2085,0,0.243894069455564,3,1.310750551521778,12,13,2,0,0,0.243894069455564,3.0329039953649044,2.06075100786984
10074,2175,Iván López,Levante,D S,13,960,0,0.1197044216096401,0,0.1116026919335126,6,4,3,0,0,0.1197044216096401,1.0733157005161047,0.9044591579586267
10075,2175,Iván López,Levante,D,3,174,0,0.0096892034634947,1,0.6154741644859314,1,1,0,0,0,0.0096892034634947,0.988864433951676,0.3637011060491204
