,id,player_name,team_title,position,games,time,goals,xG,assists,xA,shots,key_passes,yellow_cards,red_cards,npg,npxG,xGChain,xGBuildup
10158,8286,Jack Robinson,Sheffield United,D S,11,879,0,0.6963971685618162,1,0.6712545156478882,6,1,3,0,0,0.6963971685618162,1.971000542864204,1.9456607177853584
10159,8286,Jack Robinson,Sheffield United,D,6,507,0,0.0,0,0.148165974766016,0,2,0,0,0,0.0,1.092676114290953,0.9445101413875818
