,id,player_name,team_title,position,games,time,goals,xG,assists,xA,shots,key_passes,yellow_cards,red_cards,npg,npxG,xGChain,xGBuildup
10140,712,Jack Cork,Swansea,M S,30,2233,0,1.3317919531837106,0,1.2210688460618258,18,13,7,0,0,1.3317919531837106,5.68869623541832,4.599153839983046
10141,712,Jack Cork,Burnley,M,37,3315,1,1.5164049454033377,2,2.260394899174571,17,18,6,0,1,1.5164049454033377,5.233604177832604,3.0894588008522987
10142,712,Jack Cork,Swansea,M S,35,2543,1,0.9188542980700732,2,1.960016405209899,19,30,3,0,1,0.9188542980700732,7.810734361410141,6.233920628204942
10143,712,Jack Cork,"Southampton,Swansea",M S,27,1795,3,3.13075337279588,0,0.7083077467978001,8,12,1,0,3,3.13075337279588,8.94570867344737,7.323186716064811
10144,712,Jack Cork,Burnley,M,38,3420,2,1.6951352525502443,1,0.7797278929501772,16,18,7,0,2,1.6951352525502443,6.570965742692351,5.121951622888446
10145,712,Jack Cork,Burnley,M S,16,1355,0,0.197326747700572,0,0.3305267915129661,5,8,2,0,0,0.197326747700572,2.8145480062812567,2.4986591823399067
10146,712,Jack Cork,Burnley,M,6,506,0,0.1095925439149141,0,0.0258759800344705,3,1,1,0,0,0.1095925439149141,0.6774049960076809,0.5419364608824253
10147,712,Jack Cork,Burnley,M,30,2627,0,1.345175726339221,0,1.1728481724858284,18,12,1,0,0,1.345175726339221,6.311918277293444,4.833094613626599
