,id,player_name,team_title,position,games,time,goals,xG,assists,xA,shots,key_passes,yellow_cards,red_cards,npg,npxG,xGChain,xGBuildup
10153,8720,Jack Harrison,Leeds,M S,36,2871,8,6.254042700864375,8,7.5230593085289,46,59,2,0,8,6.254042700864375,19.39748965576291,8.035575423389673
10154,8720,Jack Harrison,Leeds,F M S,13,993,0,1.4419650752097368,1,1.496405215933919,12,18,2,0,0,1.4419650752097368,3.208029855042696,1.5672022458165884
