,id,player_name,team_title,position,games,time,goals,xG,assists,xA,shots,key_passes,yellow_cards,red_cards,npg,npxG,xGChain,xGBuildup
10198,2005,Jacopo Dezi,Parma Calcio 1913,M,1,90,0,0.0739683583378791,0,0.0,2,0,0,0,0,0.0739683583378791,0.1024231761693954,0.0284548178315162
10199,2005,Jacopo Dezi,Parma Calcio 1913,F S,2,80,0,0.0494737401604652,0,0.1332588791847229,1,1,0,0,0,0.0494737401604652,0.5315494313836098,0.4820756912231445
10200,2005,Jacopo Dezi,Venezia,S,1,14,0,0.0112138008698821,0,0.0182202327996492,1,1,0,0,0,0.0112138008698821,0.0294340346008539,0.0
