,id,player_name,team_title,position,games,time,goals,xG,assists,xA,shots,key_passes,yellow_cards,red_cards,npg,npxG,xGChain,xGBuildup
10220,6345,Jadon Sancho,Borussia Dortmund,M S,34,2463,12,7.42170562967658,14,8.30954198166728,40,63,2,0,12,7.42170562967658,28.07281641289592,16.31535041704774
10221,6345,Jadon Sancho,Borussia Dortmund,F S,12,682,1,1.963374376296997,4,2.718150010332465,10,19,0,0,1,1.963374376296997,8.983121924102306,4.907231897115707
10222,6345,Jadon Sancho,Manchester United,F M S,13,719,1,1.1011348739266396,0,0.909128213301301,5,18,0,0,1,1.1011348739266396,3.631138540804386,1.6911576241254809
10223,6345,Jadon Sancho,Borussia Dortmund,F M S,32,2284,17,10.752356511540713,16,11.467584103345873,52,69,2,0,17,10.752356511540713,28.81959581375122,11.866171091794968
10224,6345,Jadon Sancho,Borussia Dortmund,F M S,26,2083,8,6.747604915872216,11,8.235949086025357,52,67,0,0,7,5.989828230813146,20.967298910021785,10.953153274953364
