,id,player_name,team_title,position,games,time,goals,xG,assists,xA,shots,key_passes,yellow_cards,red_cards,npg,npxG,xGChain,xGBuildup
10254,1689,Jake Livermore,West Bromwich Albion,M S,18,1247,0,0.2815371192991733,0,0.1757232453674078,5,5,2,1,0,0.2815371192991733,2.1714075841009617,1.860429456457496
10255,1689,Jake Livermore,Hull,D M,35,3041,1,1.2238712292164564,1,0.9932188149541616,34,27,10,0,1,1.2238712292164564,5.719380047172308,4.034891080111265
10256,1689,Jake Livermore,"Hull,West Bromwich Albion",D M S,37,2989,1,1.567148007452488,1,1.689199473708868,33,20,5,1,1,1.567148007452488,5.261513398960233,3.035681378096342
10257,1689,Jake Livermore,West Bromwich Albion,M S,34,2677,2,2.6380988471210003,2,1.5291450126096606,15,20,5,0,2,2.6380988471210003,5.553388990461826,3.615989876911044
