,id,player_name,team_title,position,games,time,goals,xG,assists,xA,shots,key_passes,yellow_cards,red_cards,npg,npxG,xGChain,xGBuildup
10300,5770,James Edward Lea Siliki,Rennes,M S,20,1074,0,1.0250198589637876,0,0.5838997438549995,15,8,4,0,0,1.0250198589637876,3.538989253342152,2.7373366113752127
10301,5770,James Edward Lea Siliki,Rennes,M S,32,1801,3,2.6700628604739904,2,2.7914254078641534,34,21,5,1,3,2.6700628604739904,5.4986126981675625,2.2271528728306293
10302,5770,James Edward Lea Siliki,Rennes,D M S,24,1214,0,1.337843967601657,3,3.257919544354081,21,18,2,0,0,1.337843967601657,4.956062604673207,1.1084841918200254
10303,5770,James Edward Lea Siliki,Rennes,S,1,12,0,0.0,0,0.0,0,0,0,0,0,0.0,0.0,0.0
10304,5770,James Edward Lea Siliki,Rennes,M S,7,252,0,0.2290593273937702,0,0.0350272767245769,6,1,0,0,0,0.2290593273937702,1.2794423438608646,1.0372140388935804
