,id,player_name,team_title,position,games,time,goals,xG,assists,xA,shots,key_passes,yellow_cards,red_cards,npg,npxG,xGChain,xGBuildup
10294,819,James Chester,West Bromwich Albion,D S,13,965,0,0.0,0,0.2575354725122452,0,4,5,0,0,0.0,1.168113738298416,1.0365846790373323
10295,819,James Chester,Hull,D,23,1878,2,0.6936230873689055,0,0.1987740322947502,9,5,5,1,2,0.6936230873689055,2.350152187049389,2.1908212825655937
