,id,player_name,team_title,position,games,time,goals,xG,assists,xA,shots,key_passes,yellow_cards,red_cards,npg,npxG,xGChain,xGBuildup
10333,489,James Milner,Manchester City,F M S,32,1732,5,5.722100425511599,7,4.971144262701273,39,52,6,0,5,5.722100425511599,15.702087476849556,8.751346262171865
10334,489,James Milner,Liverpool,D M S,31,1775,5,3.3563821092247963,4,5.641537204384804,24,44,5,1,2,1.0728756012395024,12.487557540647686,9.807761223986745
10335,489,James Milner,Liverpool,D M,36,3170,7,7.355007588863373,3,3.95104325003922,36,56,5,0,0,1.265656827017665,14.35893777385354,12.45564359985292
10336,489,James Milner,Liverpool,F M,28,2428,5,3.398423217236996,11,5.385004932060838,39,61,9,1,4,2.637254394590854,9.69875560887158,6.059816907159984
10337,489,James Milner,Liverpool,D M S,26,1037,0,0.3565738014876842,1,0.7905595283955336,12,13,3,0,0,0.3565738014876842,5.68504504673183,4.885257272981107
10338,489,James Milner,Liverpool,D M S,22,895,2,2.16473350673914,2,0.934652116149664,12,11,4,0,0,0.6423958018422127,6.646241307258606,5.740981161594391
10339,489,James Milner,Liverpool,M S,32,1734,0,1.1417935844510794,3,3.4214616576209664,21,34,3,0,0,1.1417935844510794,10.222613878548144,8.298276445828378
10340,489,James Milner,Liverpool,D M S,9,406,0,0.1798024680465459,1,1.199070855975151,3,7,2,0,0,0.1798024680465459,3.8741649985313416,3.692543424665928
