,id,player_name,team_title,position,games,time,goals,xG,assists,xA,shots,key_passes,yellow_cards,red_cards,npg,npxG,xGChain,xGBuildup
10345,2249,James Rodríguez,Real Madrid,F M S,26,1520,7,2.5212472826242447,8,7.676972210407257,39,60,1,0,7,2.5212472826242447,15.032705781981347,9.75738789141178
10346,2249,James Rodríguez,Real Madrid,F M S,22,1174,8,5.613006973639131,6,6.064444299787283,32,44,1,0,8,5.613006973639131,13.335711799561976,6.606141563504934
10347,2249,James Rodríguez,Bayern Munich,M S,23,1638,7,5.205833777785301,11,7.610789377242327,41,64,2,0,7,5.205833777785301,18.664191152900457,11.458914935588837
10348,2249,James Rodríguez,Everton,F M S,23,1802,6,3.3635378424078226,4,5.439711567014456,37,40,4,0,6,3.3635378424078226,12.033004865050316,7.104181377217174
10349,2249,James Rodríguez,Bayern Munich,M S,20,1149,7,5.530221547931433,3,5.460547627881169,36,50,2,0,7,5.530221547931433,16.030891507864,8.327246384695172
10350,2249,James Rodríguez,Real Madrid,F M,29,2299,13,5.519276060163975,13,9.412156268954275,53,77,5,0,13,5.519276060163975,23.72457579523325,14.519149109721184
10351,2249,James Rodríguez,Real Madrid,F M S,8,418,1,1.2141346912831068,1,2.145772062242031,9,14,1,0,1,1.2141346912831068,4.867493261583149,2.4955036593601108
