,id,player_name,team_title,position,games,time,goals,xG,assists,xA,shots,key_passes,yellow_cards,red_cards,npg,npxG,xGChain,xGBuildup
10352,1665,James Tarkowski,Burnley,D,31,2790,0,0.8934782221913338,0,1.0765651259571314,18,8,5,0,0,0.8934782221913338,1.6419598646461964,1.586198290809989
10353,1665,James Tarkowski,Burnley,D,36,3240,1,3.060874850489199,0,0.9441509172320366,23,12,6,0,1,3.060874850489199,3.073719135485589,2.8856525840237737
10354,1665,James Tarkowski,Burnley,D,35,3086,3,3.64087488129735,1,0.2017094753682613,22,5,8,0,3,3.64087488129735,3.3747641379013658,3.225081301294267
10355,1665,James Tarkowski,Burnley,D,14,1260,1,2.0490511637181044,2,0.1178233250975608,12,2,5,0,1,2.0490511637181044,2.569323464296758,2.512867637909949
10356,1665,James Tarkowski,Burnley,D S,19,536,0,0.6106173787266016,0,0.3722442165017128,5,4,1,0,0,0.6106173787266016,0.6365044340491295,0.4274325408041477
10357,1665,James Tarkowski,Burnley,D,38,3420,2,2.6218691738322377,2,3.58719025272876,21,15,10,0,2,2.6218691738322377,3.1447287667542696,2.9917289186269045
