,id,player_name,team_title,position,games,time,goals,xG,assists,xA,shots,key_passes,yellow_cards,red_cards,npg,npxG,xGChain,xGBuildup
10432,266,Jan-Ingwer Callsen-Bracker,Augsburg,S,1,5,0,0.0712492167949676,0,0.0,1,0,1,0,0,0.0712492167949676,0.0712492167949676,0.0
10433,266,Jan-Ingwer Callsen-Bracker,Augsburg,S,1,1,0,0.0,0,0.0,0,0,0,0,0,0.0,0.026849003508687,0.026849003508687
10434,266,Jan-Ingwer Callsen-Bracker,Augsburg,D S,10,739,1,0.6650168001651764,0,0.0301318876445293,5,1,1,0,1,0.6650168001651764,1.800442572683096,1.7703106962144377
10435,266,Jan-Ingwer Callsen-Bracker,Augsburg,D S,23,2053,1,0.576254109852016,2,0.7174398014321923,11,6,4,0,1,0.576254109852016,3.1517111607827246,2.96370391221717
