,id,player_name,team_title,position,games,time,goals,xG,assists,xA,shots,key_passes,yellow_cards,red_cards,npg,npxG,xGChain,xGBuildup
10403,367,Jan Morávek,Augsburg,M S,13,757,0,0.4019947871565819,2,0.5258269626647234,3,8,1,0,0,0.4019947871565819,1.974773894995451,1.4489468950778246
10404,367,Jan Morávek,Augsburg,M S,11,458,0,0.043023370206356,1,0.6415577288717031,2,5,1,0,0,0.043023370206356,0.8118135929107666,0.1272324789315462
10405,367,Jan Morávek,Augsburg,M S,6,250,0,0.6422383785247803,0,0.4778192192316055,1,5,0,0,0,0.6422383785247803,1.623738333582878,0.5036807730793953
10406,367,Jan Morávek,Augsburg,M S,11,386,1,0.9185098791494966,0,0.5755335986614227,6,5,0,0,1,0.9185098791494966,1.4226273875683546,0.1253894884139299
10407,367,Jan Morávek,Augsburg,M S,16,694,0,0.0972546283155679,0,0.1741167213767767,2,7,4,1,0,0.0972546283155679,1.086299404501915,0.8664736598730087
10408,367,Jan Morávek,Augsburg,M S,5,274,0,0.072034366428852,0,0.0339876301586627,1,1,0,0,0,0.072034366428852,0.259611152112484,0.1875767819583416
10409,367,Jan Morávek,Augsburg,M S,13,703,0,0.2086924202740192,0,0.782325048930943,3,11,2,0,0,0.2086924202740192,1.725359819829464,0.7846615612506866
