,id,player_name,team_title,position,games,time,goals,xG,assists,xA,shots,key_passes,yellow_cards,red_cards,npg,npxG,xGChain,xGBuildup
10419,10,Jan Rosenthal,Darmstadt,F M S,19,833,0,1.4624519338831306,0,0.6537727881222963,16,7,3,0,0,1.4624519338831306,2.862548670731485,1.223786313086748
10420,10,Jan Rosenthal,Darmstadt,M S,23,1430,0,1.4695506412535906,1,2.2440799213945866,16,13,2,0,0,1.4695506412535906,5.7051979042589664,3.158104691654444
