,id,player_name,team_title,position,games,time,goals,xG,assists,xA,shots,key_passes,yellow_cards,red_cards,npg,npxG,xGChain,xGBuildup
10476,8222,Japhet Tanganga,Tottenham,D,6,496,0,0.2007766850292682,0,0.5815756916999817,2,1,2,0,0,0.2007766850292682,1.399339895695448,0.8177642039954662
10477,8222,Japhet Tanganga,Tottenham,D,6,528,0,0.0534682162106037,0,0.0291178189218044,3,1,1,0,0,0.0534682162106037,0.7489598095417023,0.70845702663064
10478,8222,Japhet Tanganga,Tottenham,D S,8,511,0,0.2719248011708259,0,0.2455720007419586,3,2,1,1,0,0.2719248011708259,0.6316879373043776,0.5602955427020788
