,id,player_name,team_title,position,games,time,goals,xG,assists,xA,shots,key_passes,yellow_cards,red_cards,npg,npxG,xGChain,xGBuildup
10522,5057,Jasper Cillessen,Valencia,GK,11,990,0,0.0,1,0.0169620215892791,0,1,0,0,0,0.0,2.333973228931427,2.3170112147927284
10523,5057,Jasper Cillessen,Valencia,GK,10,900,0,0.0,0,0.0,0,0,0,0,0,0.0,0.3932249909266829,0.3932249909266829
10524,5057,Jasper Cillessen,Valencia,GK,24,2096,0,0.0,1,0.0472632423043251,0,1,1,0,0,0.0,1.3788323029875755,1.3315690606832504
10525,5057,Jasper Cillessen,Barcelona,GK,3,270,0,0.0,0,0.0,0,0,0,0,0,0.0,0.5523952767252922,0.5523952767252922
10526,5057,Jasper Cillessen,Barcelona,GK,1,90,0,0.0,0,0.0,0,0,0,0,0,0.0,0.226857379078865,0.226857379078865
10527,5057,Jasper Cillessen,Barcelona,GK,1,90,0,0.0,0,0.0,0,0,0,0,0,0.0,0.0923177674412727,0.0923177674412727
