,id,player_name,team_title,position,games,time,goals,xG,assists,xA,shots,key_passes,yellow_cards,red_cards,npg,npxG,xGChain,xGBuildup
10544,7122,Javairo Dilrosun,Hertha Berlin,F M S,23,1313,4,2.077085305005312,2,1.6490802243351936,19,12,2,0,4,2.077085305005312,5.500560315325856,2.5522776171565056
10545,7122,Javairo Dilrosun,Hertha Berlin,F M S,12,514,0,0.3474683109670877,1,0.2677016165107488,8,5,0,0,0,0.3474683109670877,1.3108761319890618,0.8114567324519157
10546,7122,Javairo Dilrosun,Hertha Berlin,M S,17,883,2,0.497703704982996,3,1.9229055065661669,11,12,2,0,2,0.497703704982996,5.61162618547678,3.648428751155734
10547,7122,Javairo Dilrosun,Bordeaux,F M S,14,743,0,0.8521898463368416,3,1.6725505627691746,18,14,2,0,0,0.8521898463368416,2.432530216872692,1.4597297571599483
10548,7122,Javairo Dilrosun,Hertha Berlin,M S,2,140,0,0.0372635126113891,0,0.0,1,0,0,0,0,0.0372635126113891,0.0372635126113891,0.0
