,id,player_name,team_title,position,games,time,goals,xG,assists,xA,shots,key_passes,yellow_cards,red_cards,npg,npxG,xGChain,xGBuildup
10600,6933,Javi Puado,Espanyol,F S,15,334,0,1.0114958602935076,0,0.4863807242363691,8,4,0,0,0,1.0114958602935076,1.464869810268283,0.1984117981046438
10601,6933,Javi Puado,Espanyol,M S,10,614,2,1.3924945518374443,0,0.2960144598037004,12,7,2,0,2,1.3924945518374443,2.2431415989995003,1.5261124074459076
