,id,player_name,team_title,position,games,time,goals,xG,assists,xA,shots,key_passes,yellow_cards,red_cards,npg,npxG,xGChain,xGBuildup
10567,2167,Javi Guerra,Malaga,F S,13,681,5,4.9141760393977165,0,1.0542623372748494,28,8,0,0,5,4.9141760393977165,6.17455568164587,1.0851488783955574
10568,2167,Javi Guerra,Rayo Vallecano,F S,30,2094,12,11.420184656977654,0,1.6492967177182436,72,19,8,0,12,11.420184656977654,10.859631402418016,1.317512915469706
10569,2167,Javi Guerra,Rayo Vallecano,F S,8,227,0,0.8983705602586269,1,0.5088714547455311,7,3,0,0,0,0.8983705602586269,1.310196414589882,0.4635917469859123
