,id,player_name,team_title,position,games,time,goals,xG,assists,xA,shots,key_passes,yellow_cards,red_cards,npg,npxG,xGChain,xGBuildup
10557,7385,Javi Galán,SD Huesca,D M S,37,3072,1,0.1832332154735922,2,4.106590483337641,9,42,5,0,1,0.1832332154735922,8.763744157738984,5.914968967437744
10558,7385,Javi Galán,Celta Vigo,D,17,1503,0,0.2616419829428196,1,0.315678596496582,9,8,2,0,0,0.2616419829428196,3.0637869741767645,2.624020923860371
10559,7385,Javi Galán,SD Huesca,D M,16,1440,0,0.0749773001298308,2,2.257701708935201,2,18,7,0,0,0.0749773001298308,3.542889139615,1.477105589583516
