,id,player_name,team_title,position,games,time,goals,xG,assists,xA,shots,key_passes,yellow_cards,red_cards,npg,npxG,xGChain,xGBuildup
10645,844,Jay Rodriguez,Southampton,F S,24,866,5,4.763502933084965,2,0.5137141291052103,33,7,0,0,5,4.763502933084965,4.879882577806711,0.5103842709213495
10646,844,Jay Rodriguez,Burnley,F S,12,332,0,0.8522817995399237,1,0.9273393154144288,15,4,3,0,0,0.8522817995399237,1.799778614193201,0.4090924374759197
10647,844,Jay Rodriguez,Burnley,F S,36,1987,8,8.956882773898542,1,0.768310897052288,67,6,1,0,7,8.195713876746595,7.035942082293332,1.2578966859728098
10648,844,Jay Rodriguez,West Bromwich Albion,F M S,37,2845,7,7.642788367345929,1,1.8346650339663029,69,21,2,0,6,6.881619529798627,8.146990897133946,1.5642688274383545
10649,844,Jay Rodriguez,Southampton,M S,12,328,0,1.6927370708435774,0,0.0973894400522112,17,3,1,0,0,1.6927370708435774,2.2702753450721502,0.5728921815752983
10650,844,Jay Rodriguez,Burnley,F M S,31,1237,1,2.977033233270049,2,1.2109192460775375,31,6,3,0,1,2.977033233270049,4.231583966873586,0.9134316276758908
