,id,player_name,team_title,position,games,time,goals,xG,assists,xA,shots,key_passes,yellow_cards,red_cards,npg,npxG,xGChain,xGBuildup
10746,3536,Jean-Victor Makengo,Caen,M S,10,431,0,0.0246777599677443,0,0.0892608575522899,2,3,1,0,0,0.0246777599677443,0.253901126794517,0.1716760285198688
10747,3536,Jean-Victor Makengo,Nice,F M S,25,1008,1,1.325666488148272,0,1.0758459009230137,13,13,3,0,1,1.325666488148272,3.925825459882617,1.9428390376269813
10748,3536,Jean-Victor Makengo,Toulouse,F M S,19,984,2,0.7384113231673837,0,0.6454467531293631,14,11,1,0,2,0.7384113231673837,3.379693944938481,2.5216228272765875
10749,3536,Jean-Victor Makengo,Caen,M S,17,869,0,0.1467634700238704,0,0.0674305688589811,9,4,2,0,0,0.1467634700238704,2.6308201514184475,2.4308422207832336
10750,3536,Jean-Victor Makengo,Udinese,M S,15,910,0,1.0013800207525492,1,0.7132955742999911,9,12,1,1,0,1.0013800207525492,3.016847371123731,1.6898703556507826
10751,3536,Jean-Victor Makengo,Udinese,M S,17,505,0,0.0856043808162212,0,0.1058986727148294,4,2,1,0,0,0.0856043808162212,1.185677994042635,1.1341277863830328
10752,3536,Jean-Victor Makengo,Nice,F S,5,243,0,0.1274535022675991,0,0.0,2,0,1,0,0,0.1274535022675991,0.2754413038492203,0.1763900443911552
