,id,player_name,team_title,position,games,time,goals,xG,assists,xA,shots,key_passes,yellow_cards,red_cards,npg,npxG,xGChain,xGBuildup
10710,8049,Jean-Kevin Duverne,Brest,D S,27,2014,1,0.7203708570450544,0,0.5822710450738668,10,4,4,0,1,0.7203708570450544,7.161373725160956,6.692565998062491
10711,8049,Jean-Kevin Duverne,Brest,D S,18,1320,0,0.0848405286669731,0,0.931071825325489,3,10,1,0,0,0.0848405286669731,3.0011701742187142,2.123433379456401
10712,8049,Jean-Kevin Duverne,Brest,D S,14,1175,0,0.1394973434507846,0,0.0241923034191131,2,1,0,0,0,0.1394973434507846,2.2546056248247623,2.158603224903345
