,id,player_name,team_title,position,games,time,goals,xG,assists,xA,shots,key_passes,yellow_cards,red_cards,npg,npxG,xGChain,xGBuildup
10743,2077,Jean-Sylvain Babin,Granada,D,25,2238,3,0.9228604305535556,0,0.0133571634069085,13,1,5,0,3,0.9228604305535556,2.2595463190227747,2.187485529109836
10744,2077,Jean-Sylvain Babin,Sporting Gijon,D S,22,1714,1,0.8712891489267349,1,0.2279157862067222,9,4,2,0,1,0.8712891489267349,1.8569051027297967,1.694172739982605
10745,2077,Jean-Sylvain Babin,Granada,D,34,3031,1,1.1238681208342314,0,0.2782318722456693,11,6,2,0,1,1.1238681208342314,2.1790828462690115,2.024441171437502
