,id,player_name,team_title,position,games,time,goals,xG,assists,xA,shots,key_passes,yellow_cards,red_cards,npg,npxG,xGChain,xGBuildup
10670,3312,Jean Michael Seri,Fulham,M S,32,2274,1,0.8207022678107023,2,4.036101852543652,19,57,6,0,1,0.8207022678107023,9.213809029199185,8.055515161715448
10671,3312,Jean Michael Seri,Nice,M S,38,3116,3,3.390329785645008,6,4.962385106831789,49,51,2,0,3,3.390329785645008,15.323135811835527,11.13443172350526
10672,3312,Jean Michael Seri,Nice,M,34,2997,7,3.5937371030449867,9,7.480713916942477,32,73,4,0,5,2.07354680262506,16.166183777153492,12.329698661342263
10673,3312,Jean Michael Seri,Bordeaux,M S,12,716,0,0.1417970079928636,0,0.2382889501750469,4,5,3,0,0,0.1417970079928636,3.559717029333114,3.4427414163947105
10674,3312,Jean Michael Seri,Nice,M S,31,2632,2,1.86458235885948,6,4.361822882667184,35,66,5,0,2,1.86458235885948,13.59247693233192,11.01116432901472
