,id,player_name,team_title,position,games,time,goals,xG,assists,xA,shots,key_passes,yellow_cards,red_cards,npg,npxG,xGChain,xGBuildup
10740,7762,Jean-Ricner Bellegarde,Strasbourg,M S,36,2110,1,2.5321477334946394,1,2.535265501588583,24,19,3,0,1,2.5321477334946394,7.249263795092702,4.273361267521977
10741,7762,Jean-Ricner Bellegarde,Strasbourg,F M S,24,1515,0,0.7697667498141527,0,0.9997703973203896,18,21,2,0,0,0.7697667498141527,4.854574104771018,3.814596514217556
10742,7762,Jean-Ricner Bellegarde,Strasbourg,M S,17,1128,1,0.4683439414948225,1,1.0178402392193675,10,9,2,0,1,0.4683439414948225,4.396013271063566,3.42053771018982
