,id,player_name,team_title,position,games,time,goals,xG,assists,xA,shots,key_passes,yellow_cards,red_cards,npg,npxG,xGChain,xGBuildup
10677,7057,Jean Zimmer,Fortuna Duesseldorf,D M S,18,1444,1,0.7329592760652304,2,2.96621748059988,10,35,2,0,1,0.7329592760652304,5.903254549950361,3.3055981379002333
10678,7057,Jean Zimmer,Fortuna Duesseldorf,D F M S,17,713,0,0.450499128550291,0,1.1652684770524502,9,13,2,0,0,0.450499128550291,0.981388121843338,0.5070478618144989
