,id,player_name,team_title,position,games,time,goals,xG,assists,xA,shots,key_passes,yellow_cards,red_cards,npg,npxG,xGChain,xGBuildup
10792,757,Jeffrey Schlupp,Crystal Palace,D F M S,17,1035,3,2.1849748892709613,1,0.9487967370077968,18,7,2,0,3,2.1849748892709613,3.2428497234359384,1.12852843105793
10793,757,Jeffrey Schlupp,Leicester,D M S,24,1383,1,1.989415097981692,2,2.208457412198186,26,17,4,0,1,1.989415097981692,5.975842263549566,2.508393954485655
10794,757,Jeffrey Schlupp,Leicester,D M S,32,2557,3,2.299106224440038,2,1.5454933568835258,40,23,4,0,3,2.299106224440038,7.155159743502736,3.824514277279377
10795,757,Jeffrey Schlupp,Crystal Palace,F M S,30,1650,4,3.30349394492805,1,1.4070401089265945,28,16,1,0,4,3.30349394492805,7.353200105950236,3.319331794977188
10796,757,Jeffrey Schlupp,Crystal Palace,F M S,12,377,1,0.3688237424939871,0,0.6525181718170643,8,4,0,0,1,0.3688237424939871,0.837659228593111,0.0956988930702209
10797,757,Jeffrey Schlupp,Crystal Palace,M S,27,1424,2,2.0151155441999435,3,2.5725825037807226,18,18,3,0,2,2.0151155441999435,5.158029245212674,3.4669567365199327
10798,757,Jeffrey Schlupp,Crystal Palace,D F M S,24,1753,0,1.0350673170760274,1,1.1780927069485188,15,12,3,0,0,1.0350673170760274,2.759876283816993,1.4783180011436343
10799,757,Jeffrey Schlupp,"Crystal Palace,Leicester",D M S,19,1129,0,0.1036893017590045,0,0.3942655697464943,3,6,0,0,0,0.1036893017590045,2.761958805844188,2.626199904829264
