,id,player_name,team_title,position,games,time,goals,xG,assists,xA,shots,key_passes,yellow_cards,red_cards,npg,npxG,xGChain,xGBuildup
10777,715,Jefferson Montero,Getafe,S,4,55,0,0.0,0,0.0,0,0,0,0,0,0.0,0.0290465466678142,0.0290465466678142
10778,715,Jefferson Montero,Swansea,F M S,30,1551,1,1.0105925370007751,7,3.6521378830075264,13,27,0,0,1,1.0105925370007751,6.5630851071327925,3.300380788743496
10779,715,Jefferson Montero,Swansea,F M S,23,1355,0,1.6726709939539433,2,2.939998269081116,20,26,0,0,0,1.6726709939539433,5.771261379122734,1.818091120570898
10780,715,Jefferson Montero,Swansea,F M S,13,359,0,0.175761166960001,1,1.2649258570745587,4,10,0,0,0,0.175761166960001,1.746664927341044,0.8094271747395396
