,id,player_name,team_title,position,games,time,goals,xG,assists,xA,shots,key_passes,yellow_cards,red_cards,npg,npxG,xGChain,xGBuildup
10801,1508,Jeison Murillo,Valencia,D S,17,1375,0,0.0828819386661052,0,0.0,2,0,4,0,0,0.0828819386661052,4.315193397924304,4.315193397924304
10802,1508,Jeison Murillo,Inter,D S,34,2843,2,2.2579699205234647,1,1.2607217729091644,19,7,4,3,2,2.2579699205234647,6.8249725783243775,6.01451048348099
10803,1508,Jeison Murillo,"Barcelona,Valencia",D S,3,202,0,0.0156939662992954,0,0.0,1,0,0,0,0,0.0156939662992954,1.1190989017486572,1.1190989017486572
10804,1508,Jeison Murillo,Granada,D S,19,1591,0,0.4192653857171535,0,0.0,8,0,4,1,0,0.4192653857171535,1.0694597214460373,1.0347879193723202
10805,1508,Jeison Murillo,Sampdoria,D S,10,662,0,0.098406521603465,0,0.0462686698883771,3,2,1,1,0,0.098406521603465,0.4363885223865509,0.3900982812047004
10806,1508,Jeison Murillo,Celta Vigo,D S,13,933,0,0.4166154246777296,0,0.0245886053889989,5,1,2,0,0,0.4166154246777296,1.868325158953667,1.52589650452137
10807,1508,Jeison Murillo,Celta Vigo,D S,18,1530,1,0.3450925601646304,0,0.1292118094861507,9,2,5,0,1,0.3450925601646304,1.4836192689836023,1.377971224486828
10808,1508,Jeison Murillo,Celta Vigo,D,31,2708,2,0.6966192908585072,0,0.1867504492402076,9,3,9,1,2,0.6966192908585072,6.744755409657955,6.672540612518787
10809,1508,Jeison Murillo,Inter,D S,27,2082,0,0.7358310893177986,0,0.0523824729025363,10,1,6,0,0,0.7358310893177986,4.000758666545153,3.86632401496172
