,id,player_name,team_title,position,games,time,goals,xG,assists,xA,shots,key_passes,yellow_cards,red_cards,npg,npxG,xGChain,xGBuildup
10810,3581,Jemerson,Monaco,D M,13,1065,0,0.0,0,0.3307733405381441,0,2,2,1,0,0.0,3.831894304603338,3.831894304603338
10811,3581,Jemerson,Metz,D,7,551,0,0.0790664963424205,0,0.5899770259857178,2,1,1,1,0,0.0790664963424205,0.5082970783114433,0.5082970783114433
10812,3581,Jemerson,Monaco,D M,25,2229,0,0.2525342423468828,1,0.2359757758677005,7,5,8,1,0,0.2525342423468828,3.185193106532097,3.024158548563719
10813,3581,Jemerson,Monaco,D,34,3059,2,1.5861487882211804,0,0.1356122680008411,14,3,7,1,2,1.5861487882211804,5.679198080673814,5.497081188485026
10814,3581,Jemerson,Monaco,D,33,2857,2,1.2637052331119776,0,0.1362507585436105,18,2,7,1,2,1.2637052331119776,5.174959782510996,5.154924634844065
10815,3581,Jemerson,Monaco,D S,4,287,0,0.1083608716726303,0,0.2730728257447481,1,2,2,0,0,0.1083608716726303,0.5958708226680756,0.3286722004413605
