,id,player_name,team_title,position,games,time,goals,xG,assists,xA,shots,key_passes,yellow_cards,red_cards,npg,npxG,xGChain,xGBuildup
10841,3544,Jeremie Boga,Sassuolo,M S,10,604,0,0.8432766571640968,2,0.9558890871703624,14,6,0,0,0,0.8432766571640968,2.6258555464446545,0.982078067958355
10842,3544,Jeremie Boga,Sassuolo,M S,27,1785,4,4.477026155218482,2,1.1497484277933836,32,11,0,0,4,4.477026155218482,7.505357516929507,2.886572618968785
10843,3544,Jeremie Boga,Sassuolo,F M S,34,2536,11,4.567412240430713,2,3.224502459168434,57,34,0,0,11,4.567412240430713,11.070511806756258,5.214798338711262
10844,3544,Jeremie Boga,Chelsea,M,1,17,0,0.0,0,0.0,0,0,0,0,0,0.0,0.0,0.0
10845,3544,Jeremie Boga,Sassuolo,F M S,25,1439,3,3.3154170252382755,1,0.917884612455964,27,17,0,0,3,3.3154170252382755,5.366726655513048,1.4033570243045688
10846,3544,Jeremie Boga,Rennes,F M S,27,944,2,2.1366910245269537,1,1.7875885795801878,22,12,0,0,2,2.1366910245269537,3.9499738588929176,1.740392045117915
10847,3544,Jeremie Boga,Granada,F M S,26,1448,2,2.1624448522925377,1,0.9019276853650808,29,13,0,0,2,2.1624448522925377,3.675845925696194,1.519069004803896
