,id,player_name,team_title,position,games,time,goals,xG,assists,xA,shots,key_passes,yellow_cards,red_cards,npg,npxG,xGChain,xGBuildup
10915,8396,Jessic Ngankam,Hertha Berlin,S,4,73,0,0.0,1,0.6678100470453501,0,2,0,0,0,0.0,0.714613726362586,0.0468036793172359
10916,8396,Jessic Ngankam,Hertha Berlin,F S,15,278,2,0.435625571757555,0,0.0410468727350235,6,1,1,0,2,0.435625571757555,0.4766724370419979,0.0
