,id,player_name,team_title,position,games,time,goals,xG,assists,xA,shots,key_passes,yellow_cards,red_cards,npg,npxG,xGChain,xGBuildup
10924,3439,Jessy Pi,Toulouse,M S,16,415,0,0.158259492367506,1,1.0280343405902386,6,7,1,0,0,0.158259492367506,1.0332371946424246,0.2280897963792085
10925,3439,Jessy Pi,Troyes,M S,37,3178,3,1.8618570761755109,0,1.1761278603225946,56,25,4,0,3,1.8618570761755109,7.801251541823149,5.158352671191096
