,id,player_name,team_title,position,games,time,goals,xG,assists,xA,shots,key_passes,yellow_cards,red_cards,npg,npxG,xGChain,xGBuildup
10941,616,Jesús Navas,Sevilla,D M S,32,2717,1,1.4174900008365512,5,6.143224035389721,32,42,8,0,1,1.4174900008365512,16.980024421587586,10.616030419245362
10942,616,Jesús Navas,Manchester City,M S,34,2283,0,2.952996542677284,7,5.385790732689202,31,54,1,0,0,2.952996542677284,14.596689990721645,8.656342883594334
10943,616,Jesús Navas,Manchester City,D F M S,24,1053,0,0.2297585718333721,0,2.429981727153063,8,21,2,0,0,0.2297585718333721,7.422243561595678,5.563047088682652
10944,616,Jesús Navas,Sevilla,D S,38,3370,0,0.2545635420829057,7,8.177121456712484,11,62,4,0,0,0.2545635420829057,16.593340273946524,10.799708269536495
10945,616,Jesús Navas,Sevilla,D S,11,828,0,0.1661232039332389,2,4.012155355885625,4,25,2,0,0,0.1661232039332389,6.578962774947286,3.2144291270524263
10946,616,Jesús Navas,Sevilla,D,34,2847,0,1.2496947385370731,6,7.600725905969739,15,64,4,0,0,1.2496947385370731,14.752407697960734,7.906339088454843
10947,616,Jesús Navas,Sevilla,D F M S,26,1762,1,1.2897652573883531,0,3.108672419562936,20,31,2,0,1,1.2897652573883531,8.939770385622978,4.975667593069375
10948,616,Jesús Navas,Manchester City,M S,35,2237,0,3.682457199320197,8,8.588478590361774,45,80,3,0,0,3.682457199320197,20.137988632544875,11.621545213274658
