,id,player_name,team_title,position,games,time,goals,xG,assists,xA,shots,key_passes,yellow_cards,red_cards,npg,npxG,xGChain,xGBuildup
10938,2329,Jesús Gámez,Atletico Madrid,D S,14,1081,0,0.1422601668164134,0,0.4616057770326733,7,9,3,0,0,0.1422601668164134,4.182343649677932,3.876941583119333
10939,2329,Jesús Gámez,Newcastle United,D S,2,96,0,0.0312504321336746,0,0.125637836754322,1,4,0,0,0,0.0312504321336746,0.1973176524043083,0.0665101371705532
10940,2329,Jesús Gámez,Atletico Madrid,D S,10,722,0,0.0742279924452304,0,0.1635138727724552,2,5,3,0,0,0.0742279924452304,1.2248466461896896,1.078984821215272
