,id,player_name,team_title,position,games,time,goals,xG,assists,xA,shots,key_passes,yellow_cards,red_cards,npg,npxG,xGChain,xGBuildup
10957,6143,Jetro Willems,Eintracht Frankfurt,D M S,23,706,0,0.196591923944652,1,2.165359686128795,5,20,2,1,0,0.196591923944652,4.566482963971794,2.993909642100334
10958,6143,Jetro Willems,Newcastle United,D S,19,1501,2,0.4853102182969451,2,1.0827350770123303,14,16,0,0,2,0.4853102182969451,3.2651069909334183,1.9653576435521245
10959,6143,Jetro Willems,Eintracht Frankfurt,D M S,23,1672,0,1.880505713634193,2,2.316510649397969,21,37,4,0,0,1.880505713634193,6.268950238823891,4.326017741113901
10960,6143,Jetro Willems,Greuther Fuerth,D,11,851,0,0.2360512781888246,0,1.0730154514312744,6,8,0,0,0,0.2360512781888246,1.6526506152004004,1.3275942038744688
