,id,player_name,team_title,position,games,time,goals,xG,assists,xA,shots,key_passes,yellow_cards,red_cards,npg,npxG,xGChain,xGBuildup
10996,5495,Jimmy Tabidze,Ural,D,3,216,0,0.0986603796482086,0,0.0,1,0,0,0,0,0.0986603796482086,0.4919076561927795,0.4919076561927795
10997,5495,Jimmy Tabidze,FC Ufa,D,12,957,0,0.8173609739169478,2,0.7521984204649925,8,10,2,0,0,0.8173609739169478,1.845247141085565,1.0250874273478985
10998,5495,Jimmy Tabidze,FC Ufa,D,25,2231,1,0.4835292482748627,1,0.8893555402755737,8,7,4,0,1,0.4835292482748627,2.118369808420539,1.7691056421026587
10999,5495,Jimmy Tabidze,FC Ufa,D S,20,1620,0,0.2487727999687194,0,0.0073033217340707,5,1,1,0,0,0.2487727999687194,1.7969744391739368,1.7235676990821958
11000,5495,Jimmy Tabidze,FC Ufa,D,22,1825,0,0.4322439208626747,0,0.0,11,0,6,0,0,0.4322439208626747,4.660528726875782,4.412235654890537
