,id,player_name,team_title,position,games,time,goals,xG,assists,xA,shots,key_passes,yellow_cards,red_cards,npg,npxG,xGChain,xGBuildup
11007,6314,Joachim Andersen,Crystal Palace,D S,12,1022,0,0.1814543753862381,1,0.1866950197145342,2,4,3,0,0,0.1814543753862381,4.238494507968426,4.122836552560329
11008,6314,Joachim Andersen,Lyon,D S,18,1531,1,1.026064082980156,0,0.1164718717336654,10,4,3,0,1,1.026064082980156,4.203954327851534,4.070373170077801
11009,6314,Joachim Andersen,Lyon,D S,3,190,0,0.4811036586761474,0,0.0,5,0,1,0,0,0.4811036586761474,0.3937037661671638,0.3629850223660469
11010,6314,Joachim Andersen,Fulham,D S,31,2732,1,1.3567862249910831,1,0.4516803417354822,13,8,7,1,1,1.3567862249910831,6.673858028836548,6.547641624696553
11011,6314,Joachim Andersen,Sampdoria,D,32,2880,0,0.8196711977943778,1,0.6729915272444487,13,8,7,0,0,0.8196711977943778,7.996095480397344,7.436740333214402
11012,6314,Joachim Andersen,Sampdoria,D S,7,544,0,0.0662805587053299,0,0.0,3,0,0,0,0,0.0662805587053299,1.5267169438302517,1.5267169438302517
