,id,player_name,team_title,position,games,time,goals,xG,assists,xA,shots,key_passes,yellow_cards,red_cards,npg,npxG,xGChain,xGBuildup
11013,9233,Joakim Maehle,Atalanta,D M S,20,1208,0,1.3440521229058504,2,1.5805520322173834,21,14,0,0,0,1.3440521229058504,6.8847411666065454,4.478144563734531
11014,9233,Joakim Maehle,Atalanta,D M S,14,1044,0,0.790244597941637,0,0.6438785642385483,13,9,2,0,0,0.790244597941637,4.159663932397962,2.983467234298587
