,id,player_name,team_title,position,games,time,goals,xG,assists,xA,shots,key_passes,yellow_cards,red_cards,npg,npxG,xGChain,xGBuildup
11025,7837,Joan Sastre,Mallorca,D S,19,1357,0,0.4453231142833829,2,1.9652705220505595,16,16,4,0,0,0.4453231142833829,4.6745584001764655,3.2265408216044307
11026,7837,Joan Sastre,Mallorca,D S,7,255,0,0.0453193634748458,0,0.0,2,0,1,0,0,0.0453193634748458,0.3463071463629603,0.3319666543975472
