,id,player_name,team_title,position,games,time,goals,xG,assists,xA,shots,key_passes,yellow_cards,red_cards,npg,npxG,xGChain,xGBuildup
11027,1969,Joan Verdú,Fiorentina,M S,5,180,1,0.5050110258162022,0,0.2078097779303789,4,3,0,0,1,0.5050110258162022,1.208908185362816,0.8579861372709274
11028,1969,Joan Verdú,Levante,M S,13,903,1,0.9936596346087754,1,1.8988908268511293,9,20,0,0,1,0.9936596346087754,3.939387232065201,2.786108512431383
