,id,player_name,team_title,position,games,time,goals,xG,assists,xA,shots,key_passes,yellow_cards,red_cards,npg,npxG,xGChain,xGBuildup
11078,6630,Joe Willock,Arsenal,M S,29,819,1,2.3209964223206043,1,1.046809496358037,15,12,2,0,1,2.3209964223206043,5.560237467288971,3.18369335308671
11079,6630,Joe Willock,Arsenal,M S,2,66,0,0.1326575726270675,0,0.0,2,0,0,0,0,0.1326575726270675,0.1326575726270675,0.0
11080,6630,Joe Willock,Newcastle United,M S,14,1023,0,1.2799355033785105,0,0.5656588096171618,11,10,0,0,0,1.2799355033785105,3.473562302067876,1.815012153238058
11081,6630,Joe Willock,"Arsenal,Newcastle United",M S,21,1215,8,5.088089782744646,0,0.7337011601775885,23,10,1,0,8,4.326921004801989,7.0070693753659725,2.9877271251752973
11082,6630,Joe Willock,Arsenal,M S,2,82,0,0.1126566231250763,0,0.0,1,0,0,0,0,0.1126566231250763,0.4695111513137817,0.3568545281887054
