,id,player_name,team_title,position,games,time,goals,xG,assists,xA,shots,key_passes,yellow_cards,red_cards,npg,npxG,xGChain,xGBuildup
11101,1190,Joel Obi,Chievo,M S,11,670,1,0.9979070704430342,0,1.1502234730869532,10,5,1,0,1,0.9979070704430342,2.4880655482411385,0.8551826979964972
11102,1190,Joel Obi,Inter,D M S,11,494,1,0.3355157990008592,0,0.3701855391263962,11,6,1,0,1,0.3355157990008592,1.138100691139698,0.659044973552227
11103,1190,Joel Obi,Torino,M S,22,1202,5,3.915532168000937,2,0.2073524985462427,16,6,3,0,5,3.915532168000937,3.852244725450874,1.8481227830052376
11104,1190,Joel Obi,Torino,M S,10,499,1,0.2845403999090194,0,0.1411278080195188,3,5,1,1,1,0.2845403999090194,1.7639386905357242,1.3730327850207686
11105,1190,Joel Obi,Torino,M S,20,761,0,1.1823304668068886,3,0.8753989627584815,11,14,3,0,0,1.1823304668068886,4.088805302046239,2.044744472950697
11106,1190,Joel Obi,Salernitana,M S,14,729,0,1.1581234745681286,1,1.311839141882956,7,10,3,0,0,1.1581234745681286,2.428466729819774,0.4211158975958824
