,id,player_name,team_title,position,games,time,goals,xG,assists,xA,shots,key_passes,yellow_cards,red_cards,npg,npxG,xGChain,xGBuildup
11128,87,Joelinton,Newcastle United,F M S,15,932,1,1.163192793726921,1,0.6260834075510502,18,11,2,0,1,1.163192793726921,2.988668702542782,1.4769055899232626
11129,87,Joelinton,Newcastle United,F M S,38,2722,2,6.031041044741869,2,3.101166108623147,50,29,7,0,2,6.031041044741869,12.042083878070116,4.822176840156317
11130,87,Joelinton,Newcastle United,F M S,31,2006,4,5.631002204492688,2,2.366481453180313,43,17,3,0,3,4.869833366945386,9.268310604617,3.284957649186253
11131,87,Joelinton,Hoffenheim,S,1,1,0,0.1280209720134735,0,0.0,2,0,0,0,0,0.1280209720134735,0.1280209720134735,0.0820451825857162
11132,87,Joelinton,Hoffenheim,F M S,28,2149,7,8.93147924542427,5,5.146286778151989,56,42,5,0,7,8.93147924542427,17.744607985019684,6.656127432361245
