,id,player_name,team_title,position,games,time,goals,xG,assists,xA,shots,key_passes,yellow_cards,red_cards,npg,npxG,xGChain,xGBuildup
11143,5778,Johan Gastien,Dijon,M S,15,877,0,0.1994650438427925,0,0.3382334019988775,3,8,3,0,0,0.1994650438427925,1.9287125431001184,1.642124019563198
11144,5778,Johan Gastien,Clermont Foot,M,15,1237,0,0.3801661292091012,1,0.8613373674452305,11,12,4,2,0,0.3801661292091012,6.246816558763385,5.775883076712489
