,id,player_name,team_title,position,games,time,goals,xG,assists,xA,shots,key_passes,yellow_cards,red_cards,npg,npxG,xGChain,xGBuildup
11189,7709,John Fleck,Sheffield United,M S,30,2513,5,3.248101874254644,2,3.429328950121999,31,39,8,0,5,3.248101874254644,10.274544572457671,5.32346470374614
11190,7709,John Fleck,Sheffield United,M S,31,2576,0,0.5031575364992023,2,2.3917014515027404,17,33,4,0,0,0.5031575364992023,6.435383677482605,4.761176446452737
