,id,player_name,team_title,position,games,time,goals,xG,assists,xA,shots,key_passes,yellow_cards,red_cards,npg,npxG,xGChain,xGBuildup
11191,2287,John Guidetti,Celta Vigo,F S,23,1078,4,2.6433416567742825,1,0.9434760734438896,19,13,8,0,3,1.900064047425985,3.517162160947919,1.0616525560617447
11192,2287,John Guidetti,Alaves,F S,8,259,0,0.5591305531561375,0,0.104734138585627,9,4,1,0,0,0.5591305531561375,0.5261953165754676,0.1101700887084007
11193,2287,John Guidetti,Celta Vigo,F S,35,1214,7,7.64546212553978,0,1.453770875930786,33,16,3,0,6,6.902312409132719,8.759194269776344,1.6276234686374664
11194,2287,John Guidetti,Alaves,F S,10,190,1,0.7016930459067225,0,0.0200937557965517,5,1,1,0,1,0.7016930459067225,0.2996907671913504,0.1549361571669578
11195,2287,John Guidetti,Alaves,F S,5,86,0,0.1317641884088516,0,0.0310009438544511,2,1,0,0,0,0.1317641884088516,0.136553818359971,0.0690589100122451
11196,2287,John Guidetti,"Alaves,Celta Vigo",F S,25,1338,3,3.0328153427690268,3,2.2803286984562874,33,15,3,0,3,3.0328153427690268,6.7547790594398975,2.51238882355392
11197,2287,John Guidetti,Alaves,F S,22,612,2,1.5995567217469215,1,1.0747766979038715,10,9,2,0,2,1.5995567217469215,3.099606573581696,0.8300672508776188
