,id,player_name,team_title,position,games,time,goals,xG,assists,xA,shots,key_passes,yellow_cards,red_cards,npg,npxG,xGChain,xGBuildup
11407,2307,Jonathan dos Santos,Villarreal,M S,34,2204,2,3.545607234351337,3,4.576549621298909,41,43,4,0,2,3.545607234351337,12.1951077375561,6.136047599837184
11408,2307,Jonathan dos Santos,Villarreal,M S,28,1627,2,1.0152067681774497,1,1.9366347547620533,15,26,5,0,2,1.0152067681774497,8.321901069954038,6.396674079820514
11409,2307,Jonathan dos Santos,Villarreal,M S,26,1763,0,1.0621542539447546,1,1.715916246175766,17,26,4,0,0,1.0621542539447546,4.651186311617494,2.576412358321249
