,id,player_name,team_title,position,games,time,goals,xG,assists,xA,shots,key_passes,yellow_cards,red_cards,npg,npxG,xGChain,xGBuildup
11273,320,Jonas Hofmann,"Borussia Dortmund,Mainz 05",F M S,12,638,3,2.337584387511015,0,0.3125719726085663,12,4,1,0,2,1.579807709902525,2.225293271243572,1.038114132359624
11274,320,Jonas Hofmann,Borussia M.Gladbach,F M S,21,1382,0,2.558479357510805,1,1.830206499435008,25,16,0,0,0,2.558479357510805,7.504199024289846,3.9953946908935913
11275,320,Jonas Hofmann,Borussia M.Gladbach,M S,14,1112,7,4.66589392721653,0,3.074560321867466,35,41,0,0,7,4.66589392721653,7.685912732034922,2.3313250429928303
11276,320,Jonas Hofmann,Borussia M.Gladbach,F M S,24,1836,6,4.521506363525987,11,5.912429492920637,25,56,1,0,3,2.2481763157993555,6.704242143779993,1.870736096054316
11277,320,Jonas Hofmann,Borussia M.Gladbach,M S,24,1638,5,4.097970822826028,3,2.985699065029621,23,34,3,0,5,4.097970822826028,13.32312984764576,8.32406347990036
11278,320,Jonas Hofmann,Borussia M.Gladbach,M S,23,1027,0,1.7390812262892723,3,2.461248596198857,20,24,0,0,0,1.7390812262892723,5.257021639496088,2.4569524489343166
11279,320,Jonas Hofmann,"Borussia Dortmund,Borussia M.Gladbach",F M S,15,500,1,2.0148245319724083,2,1.6859386041760445,16,11,0,0,1,2.0148245319724083,6.405827121809125,3.614839430898428
11280,320,Jonas Hofmann,Borussia M.Gladbach,F M S,27,1911,5,5.607894320040941,5,3.5495259054005146,36,34,2,0,4,4.092340964823961,13.461799453943968,7.619252687320113
11281,8421,Jonas Hofmann,Schalke 04,S,1,1,0,0.0,0,0.0,0,0,0,0,0,0.0,0.0,0.0
