,id,player_name,team_title,position,games,time,goals,xG,assists,xA,shots,key_passes,yellow_cards,red_cards,npg,npxG,xGChain,xGBuildup
11392,2358,Jonathan Viera,Las Palmas,M,23,1993,4,5.653494095429778,3,6.395739706233144,39,62,4,0,3,3.423661235719919,10.870008431375028,5.7349512577056885
11393,2358,Jonathan Viera,Las Palmas,F M S,31,2595,7,6.869930753484368,7,7.333788353949785,66,82,4,0,3,3.8968202508986,14.04423219524324,8.258747793734074
11394,2358,Jonathan Viera,Las Palmas,F M,36,3128,10,9.643043575808406,9,6.434013900347054,86,80,4,0,6,5.926783388480544,13.930950382724404,6.735369453206658
