,id,player_name,team_title,position,games,time,goals,xG,assists,xA,shots,key_passes,yellow_cards,red_cards,npg,npxG,xGChain,xGBuildup
11371,81,Jonathan Schmid,Freiburg,D M S,31,2409,2,1.0132810091599822,2,2.55531495064497,21,25,4,0,2,1.0132810091599822,8.731355261988938,6.023161091841757
11372,81,Jonathan Schmid,Augsburg,D M S,25,1464,0,1.4951817281544209,0,1.883589202538133,23,28,1,0,0,1.4951817281544209,4.248584151268005,2.3825992718338966
11373,81,Jonathan Schmid,Augsburg,D M,28,2520,3,0.6547582820057869,7,3.518072069622576,17,44,1,0,3,0.6547582820057869,7.589778833091259,6.2281059212982655
11374,81,Jonathan Schmid,Freiburg,D,2,180,0,0.0849967822432518,0,0.060936365276575,2,1,0,0,0,0.0849967822432518,1.2415130734443665,1.1307860016822815
11375,81,Jonathan Schmid,Freiburg,D M S,33,2840,5,2.9971066312864423,1,2.660894731990993,43,27,1,0,5,2.9971066312864423,6.390374768525362,3.28872464876622
11376,81,Jonathan Schmid,Hoffenheim,F M S,23,1455,4,3.155757885426283,0,2.120915040373802,20,24,1,0,4,3.155757885426283,5.44511154294014,2.041691824793816
11377,81,Jonathan Schmid,Augsburg,M S,25,1713,1,1.6343634985387323,3,1.6182120516896248,24,21,1,0,1,1.6343634985387323,3.4998034946620464,1.1384048042818904
11378,81,Jonathan Schmid,Freiburg,F M S,33,2826,4,5.148356858640909,8,6.221347259357572,60,64,2,0,4,5.148356858640909,9.149544902145864,3.1016957946121693
