,id,player_name,team_title,position,games,time,goals,xG,assists,xA,shots,key_passes,yellow_cards,red_cards,npg,npxG,xGChain,xGBuildup
11333,8697,Jonathan Clauss,Lens,D M S,33,2560,3,1.6657674992457032,6,6.746500532142818,34,51,2,0,3,1.6657674992457032,11.199414748698471,7.0093158185482025
11334,8697,Jonathan Clauss,Lens,D M S,17,1425,2,1.6189024485647678,7,4.349317932501435,13,34,3,0,2,1.6189024485647678,9.569246955215933,5.96863579377532
