,id,player_name,team_title,position,games,time,goals,xG,assists,xA,shots,key_passes,yellow_cards,red_cards,npg,npxG,xGChain,xGBuildup
11383,183,Jonathan Tah,Bayer Leverkusen,D,33,2942,3,2.2596555063501,1,0.775295639410615,12,6,3,0,3,2.2596555063501,10.879782995209098,10.324719978496432
11384,183,Jonathan Tah,Bayer Leverkusen,D,15,1350,0,0.337012019008398,1,0.2621911037713289,7,4,2,0,0,0.337012019008398,4.316107828170061,4.15811512991786
11385,183,Jonathan Tah,Bayer Leverkusen,D S,25,2091,0,0.3502626111730933,1,0.1980304215103387,6,5,4,1,0,0.3502626111730933,10.620207224041224,10.587424281984568
11386,183,Jonathan Tah,Bayer Leverkusen,D,29,2566,0,0.7130731670185924,0,0.711986736394465,15,7,2,0,0,0.7130731670185924,3.0678235441446304,2.948969842866063
11387,183,Jonathan Tah,Bayer Leverkusen,D S,27,2215,1,0.4920211508870125,0,0.0449008047580719,9,1,3,0,1,0.4920211508870125,5.720590852200985,5.720590852200985
11388,183,Jonathan Tah,Bayer Leverkusen,D S,19,1637,1,0.927995833568275,1,0.8872236907482147,10,4,1,0,1,0.927995833568275,4.749901883304119,3.849782969802618
11389,183,Jonathan Tah,Bayer Leverkusen,D S,28,2424,0,0.5992625504732132,2,0.6386908628046513,7,11,1,0,0,0.5992625504732132,8.318603467196226,8.115673566237092
