,id,player_name,team_title,position,games,time,goals,xG,assists,xA,shots,key_passes,yellow_cards,red_cards,npg,npxG,xGChain,xGBuildup
11324,6059,Jonathan Cafu,Bordeaux,D S,3,200,0,0.0406896509230136,0,0.1154963299632072,1,2,0,0,0,0.0406896509230136,0.929792158305645,0.8400173559784889
11325,6059,Jonathan Cafu,Bordeaux,F M S,19,607,2,2.010729249566793,1,0.9133895430713892,14,13,2,0,2,2.010729249566793,4.405515622347593,2.394384700804949
