,id,player_name,team_title,position,games,time,goals,xG,assists,xA,shots,key_passes,yellow_cards,red_cards,npg,npxG,xGChain,xGBuildup
11303,4031,Jonathan,Inter,D M,2,174,0,0.1156525388360023,0,0.5894925557076931,1,6,0,0,0,0.1156525388360023,0.6838701367378235,0.515159297734499
11304,4050,Jonathan,Almeria,F M S,27,1552,2,3.300547508522868,1,2.8074901662766933,36,21,3,0,2,3.300547508522868,5.899216432124376,2.185445604845881
