,id,player_name,team_title,position,games,time,goals,xG,assists,xA,shots,key_passes,yellow_cards,red_cards,npg,npxG,xGChain,xGBuildup
11347,5661,Jonathan Ikone,Lille,F M S,18,1091,1,2.558203803375364,0,2.2595845432952046,22,16,1,0,1,2.558203803375364,7.630584329366684,3.809698099270463
11348,5661,Jonathan Ikone,Lille,F M S,28,2114,3,4.2924496345222,6,4.077068181708455,36,31,6,0,2,3.5323545075953007,9.891405144706368,3.8052411023527375
11349,5661,Jonathan Ikone,Montpellier,F M S,18,1004,1,0.7513596573844552,1,1.7033331468701365,18,13,0,0,1,0.7513596573844552,2.88980196416378,1.1054914826527238
11350,5661,Jonathan Ikone,Lille,F M S,37,2198,4,4.519030973315239,5,2.618972374126315,46,23,0,0,3,3.7589358501136303,8.07644746825099,3.032402137294412
11351,5661,Jonathan Ikone,Lille,F M S,38,2850,3,5.380949771031737,9,6.089138071984053,50,58,3,0,3,5.380949771031737,15.570003103464842,5.926693929359317
11352,5661,Jonathan Ikone,"Montpellier,Paris Saint Germain",F M S,18,803,1,2.24896689504385,1,1.2392689902335403,27,11,1,0,1,2.24896689504385,3.480316197499633,0.6295743370428681
