,id,player_name,team_title,position,games,time,goals,xG,assists,xA,shots,key_passes,yellow_cards,red_cards,npg,npxG,xGChain,xGBuildup
11367,4744,Jonathan Rivierez,Metz,D S,16,1255,0,0.017435859888792,1,0.4266246613115072,1,7,3,0,0,0.017435859888792,1.7785186767578125,1.3651854321360588
11368,4744,Jonathan Rivierez,Metz,D S,26,2072,0,0.1503331288695335,0,0.4093842962756753,8,9,6,0,0,0.1503331288695335,2.98562830220908,2.694584045559168
11369,4744,Jonathan Rivierez,Metz,D S,8,631,0,0.0134833389893174,0,0.0561329685151577,1,3,2,0,0,0.0134833389893174,0.3606459777802229,0.2910296749323606
