,id,player_name,team_title,position,games,time,goals,xG,assists,xA,shots,key_passes,yellow_cards,red_cards,npg,npxG,xGChain,xGBuildup
11431,2280,Jonny,Wolverhampton Wanderers,D,7,505,0,0.0517046526074409,0,0.0509008131921291,1,2,0,0,0,0.0517046526074409,0.333493878133595,0.2308884216472506
11432,2280,Jonny,Celta Vigo,D S,30,2202,0,0.7940176241099834,3,2.1609115581959486,13,17,8,0,0,0.7940176241099834,8.374484565109015,6.650500271469355
11433,2280,Jonny,Celta Vigo,D S,36,2963,1,0.7502565020695329,4,2.7349236346781254,14,22,8,2,1,0.7502565020695329,10.284536069259048,9.290230428799989
11434,2280,Jonny,Wolverhampton Wanderers,D M S,33,2792,1,1.8485935041680928,1,1.7633727127686143,25,31,6,0,1,1.8485935041680928,6.935843197628856,4.472829082980752
11435,2280,Jonny,Celta Vigo,D,36,3208,2,1.885447825305164,1,1.796596743166447,15,22,10,0,2,1.885447825305164,15.266022734344006,12.630609573796391
11436,2280,Jonny,Wolverhampton Wanderers,D M S,35,2907,2,1.614042717963457,2,1.5668120235204697,19,23,4,0,2,1.614042717963457,10.034513075836005,7.451252224855125
11437,2280,Jonny,Celta Vigo,D M S,36,2964,0,0.2684319736436009,1,1.8935812450945373,12,23,9,0,0,0.2684319736436009,10.192168302834034,9.523947019129992
