,id,player_name,team_title,position,games,time,goals,xG,assists,xA,shots,key_passes,yellow_cards,red_cards,npg,npxG,xGChain,xGBuildup
11456,6243,Jonás Ramalho,Girona,D S,26,2298,0,1.8285175301134584,0,0.7358027156442404,7,5,3,0,0,1.8285175301134584,2.166730783879757,2.1438760459423065
11457,6243,Jonás Ramalho,Girona,D S,22,1618,1,0.8446320649236441,0,0.0735901836305856,7,2,4,0,1,0.8446320649236441,1.7129534427076578,1.6393632516264915
11458,6243,Jonás Ramalho,Osasuna,D S,5,302,0,0.0,0,0.023249078541994,0,1,0,0,0,0.0,1.267847849056125,1.2445987593382597
