,id,player_name,team_title,position,games,time,goals,xG,assists,xA,shots,key_passes,yellow_cards,red_cards,npg,npxG,xGChain,xGBuildup
11454,2321,Jonás Gutiérrez,Deportivo La Coruna,M S,15,385,0,0.3895934373140335,1,0.1490747611969709,3,4,2,0,0,0.3895934373140335,0.7807359136641026,0.569268599152565
11455,2321,Jonás Gutiérrez,Newcastle United,D M S,10,629,1,0.3043808043003082,1,0.6231454871594906,10,5,4,0,1,0.3043808043003082,1.368332976475358,1.0487580765038729
