,id,player_name,team_title,position,games,time,goals,xG,assists,xA,shots,key_passes,yellow_cards,red_cards,npg,npxG,xGChain,xGBuildup
11537,5702,Jordan Tell,Caen,S,5,52,0,0.08821951597929,0,0.0,2,0,0,0,0,0.08821951597929,0.1830856911838054,0.0948661752045154
11538,5702,Jordan Tell,Rennes,S,6,102,1,1.0032616183161736,0,0.051771130412817,6,1,0,0,1,1.0032616183161736,1.05108892172575,0.0478273257613182
11539,5702,Jordan Tell,Clermont Foot,S,12,122,0,0.1847689338028431,1,0.8116701245307922,4,4,1,0,0,0.1847689338028431,1.338557635433972,0.3649571714922786
