,id,player_name,team_title,position,games,time,goals,xG,assists,xA,shots,key_passes,yellow_cards,red_cards,npg,npxG,xGChain,xGBuildup
11465,961,Jordan Amavi,Marseille,D,2,132,0,0.0,0,0.0271614827215671,0,1,0,0,0,0.0,0.1924411058425903,0.1652796119451522
11466,961,Jordan Amavi,Marseille,D M S,13,813,1,0.1941535584628582,0,0.2183833178132772,4,5,3,1,1,0.1941535584628582,2.287292975001037,2.184568048454821
11467,961,Jordan Amavi,Marseille,D S,28,2177,0,0.5802095020189881,2,1.8649256341159344,23,26,7,2,0,0.5802095020189881,6.036149397492409,4.610285062342882
11468,961,Jordan Amavi,Aston Villa,D S,10,835,0,0.0950817726552486,2,0.8446447746828198,5,7,2,0,0,0.0950817726552486,1.368044693954289,0.512646621093154
11469,961,Jordan Amavi,Marseille,D M S,27,2192,0,0.4989532427862286,5,2.3898975737392902,20,20,7,0,0,0.4989532427862286,9.020321818068624,7.927989907562733
11470,961,Jordan Amavi,Nice,D,36,3235,4,1.3704832512885332,0,3.3652652529999614,17,32,11,0,4,1.3704832512885332,6.2291834857314825,3.7722398284822702
11471,961,Jordan Amavi,Marseille,D S,26,2161,1,0.8594957925379276,1,1.0940008470788598,15,12,9,0,1,0.8594957925379276,4.821978596039116,4.247532732784748
