,id,player_name,team_title,position,games,time,goals,xG,assists,xA,shots,key_passes,yellow_cards,red_cards,npg,npxG,xGChain,xGBuildup
11507,6895,Jordan Lefort,Amiens,D M S,23,1804,0,0.4077237723395228,1,0.4281827113591134,11,4,4,1,0,0.4077237723395228,3.759728805162013,3.2987809125334024
11508,6895,Jordan Lefort,Amiens,D S,10,842,0,0.1142148058861494,1,0.1614384334534406,3,3,2,0,0,0.1142148058861494,0.7394839366897941,0.6815369641408324
