,id,player_name,team_title,position,games,time,goals,xG,assists,xA,shots,key_passes,yellow_cards,red_cards,npg,npxG,xGChain,xGBuildup
11524,741,Jordan Pickford,Everton,GK,15,1350,0,0.0,0,0.0166182797402143,0,1,1,0,0,0.0,0.5471716653555632,0.5305533856153488
11525,741,Jordan Pickford,Everton,GK,38,3420,0,0.0,0,0.0364787466824054,0,1,2,0,0,0.0,3.21695888414979,3.21695888414979
11526,741,Jordan Pickford,Everton,GK,31,2742,0,0.0,0,0.0217736214399337,0,1,1,0,0,0.0,3.714159657247365,3.692386035807431
11527,741,Jordan Pickford,Sunderland,GK,29,2610,0,0.0,0,0.5408073142170906,0,4,0,0,0,0.0,1.3766983300447464,0.8358910158276558
11528,741,Jordan Pickford,Sunderland,GK,2,180,0,0.0,0,0.0,0,0,0,0,0,0.0,0.0,0.0
11529,741,Jordan Pickford,Everton,GK,38,3420,0,0.0,0,0.0405163690447807,0,1,1,0,0,0.0,2.3762560933828354,2.335739722475409
11530,741,Jordan Pickford,Everton,GK,38,3420,0,0.0,0,0.0667150421068072,0,3,0,0,0,0.0,1.7559259356930852,1.732764257118106
