,id,player_name,team_title,position,games,time,goals,xG,assists,xA,shots,key_passes,yellow_cards,red_cards,npg,npxG,xGChain,xGBuildup
11512,1563,Jordan Lukaku,Lazio,D S,13,362,0,0.0674190036952495,2,0.5561776328831911,2,10,2,0,0,0.0674190036952495,1.018648473545909,0.5632868846878409
11513,1563,Jordan Lukaku,Lazio,D S,7,169,0,0.0,0,0.0478567481040954,0,1,1,0,0,0.0,0.8249787539243698,0.7771220058202744
11514,1563,Jordan Lukaku,Lazio,D M S,16,838,0,0.3897305745631456,1,0.9201884046196938,2,10,2,0,0,0.3897305745631456,3.421507455408573,3.031767077744007
11515,1563,Jordan Lukaku,Lazio,D S,30,1331,1,1.4584390502423048,2,1.4885151470080018,6,22,2,0,1,1.4584390502423048,8.36460157763213,6.337792142294347
