,id,player_name,team_title,position,games,time,goals,xG,assists,xA,shots,key_passes,yellow_cards,red_cards,npg,npxG,xGChain,xGBuildup
11505,3528,Jordan Leborgne,Caen,D S,6,242,0,0.0300923138856887,0,0.0489521287381649,2,1,0,0,0,0.0300923138856887,0.1125037278980016,0.0334592871367931
11506,3528,Jordan Leborgne,Caen,D M S,14,664,0,0.3494042009115219,1,0.6320121856406331,8,10,3,0,0,0.3494042009115219,1.368698151782155,0.5655907467007637
