,id,player_name,team_title,position,games,time,goals,xG,assists,xA,shots,key_passes,yellow_cards,red_cards,npg,npxG,xGChain,xGBuildup
11517,5725,Jordan Marié,Dijon,M S,24,1439,0,0.655192656442523,0,0.8060802891850471,10,7,2,0,0,0.655192656442523,2.80172635614872,1.972643297165632
11518,5725,Jordan Marié,Dijon,M S,24,1432,1,0.4303105100989342,1,0.8341094003990293,15,12,3,1,1,0.4303105100989342,3.8746812529861927,2.962600245140493
11519,5725,Jordan Marié,Dijon,M S,27,1886,1,1.3436479503288865,1,0.3397758137434721,21,11,5,0,1,1.3436479503288865,4.526681850664318,3.029932132922113
11520,5725,Jordan Marié,Dijon,M S,8,182,0,0.0162318889051675,0,0.5359692722558975,1,3,0,0,0,0.0162318889051675,0.7787264883518219,0.5993841513991356
11521,5725,Jordan Marié,Dijon,M S,26,1807,1,0.892590812407434,1,0.4327832767739892,15,14,4,0,1,0.892590812407434,4.812530320137739,3.7058594580739737
