,id,player_name,team_title,position,games,time,goals,xG,assists,xA,shots,key_passes,yellow_cards,red_cards,npg,npxG,xGChain,xGBuildup
11620,6950,Jorge Pulido,SD Huesca,D S,33,2887,1,2.946533553302288,0,0.5327709466218948,17,5,4,1,1,2.946533553302288,5.840865833684802,5.536384332925081
11621,6950,Jorge Pulido,SD Huesca,D,32,2796,3,2.654288798570633,3,0.8361032400280237,19,13,9,2,3,2.654288798570633,3.714838108047843,3.035823324695229
