,id,player_name,team_title,position,games,time,goals,xG,assists,xA,shots,key_passes,yellow_cards,red_cards,npg,npxG,xGChain,xGBuildup
11602,2210,Jorge Meré,Sporting Gijon,D,31,2775,0,0.4053060058504343,0,0.1557691665366292,8,3,7,1,0,0.4053060058504343,2.7213659677654505,2.647804008796811
11603,2210,Jorge Meré,FC Cologne,D S,22,1888,1,0.210041512735188,1,0.2945086359977722,3,1,6,0,1,0.210041512735188,2.2802648954093456,1.9705446623265743
11604,2210,Jorge Meré,Sporting Gijon,D S,25,2175,0,0.7728394195437431,0,0.0264903251081705,8,1,6,0,0,0.7728394195437431,3.4311940353363752,3.273905074223876
11605,2210,Jorge Meré,FC Cologne,D S,8,494,0,0.0,0,0.0223044380545616,0,1,2,0,0,0.0,2.394364906474948,2.3720604684203863
11606,2210,Jorge Meré,FC Cologne,D S,11,606,1,0.9525803346186876,0,0.0946138780564069,3,2,4,1,1,0.9525803346186876,1.6847018972039225,1.6847018972039225
11607,2210,Jorge Meré,FC Cologne,D S,16,1304,0,0.0293807024136185,0,0.158686377108097,2,3,2,0,0,0.0293807024136185,1.32740743085742,1.2677085362374785
