,id,player_name,team_title,position,games,time,goals,xG,assists,xA,shots,key_passes,yellow_cards,red_cards,npg,npxG,xGChain,xGBuildup
11636,3694,Joris Gnagnon,Sevilla,D S,7,442,0,0.1166762560606002,0,0.0917572155594825,3,2,2,0,0,0.1166762560606002,1.315390482544899,1.2830975353717804
11637,3694,Joris Gnagnon,Rennes,D,27,2335,1,2.6086322106420994,0,0.5689622610807419,21,3,2,0,1,2.6086322106420994,3.7030011476017535,3.6686694980598986
11638,3694,Joris Gnagnon,Rennes,D M S,7,222,0,0.0541483499109745,0,0.0418351478874683,3,1,1,0,0,0.0541483499109745,0.650635153055191,0.6193395555019379
11639,3694,Joris Gnagnon,Rennes,D S,36,2913,2,1.8928290149196985,2,0.3213122263550758,28,4,3,0,2,1.8928290149196985,3.485403049737215,3.4313105810433626
11640,3694,Joris Gnagnon,Rennes,D S,19,1269,0,0.4557762742042541,1,1.1757168378680944,9,4,2,0,0,0.4557762742042541,3.971001446247101,3.629583980888128
