,id,player_name,team_title,position,games,time,goals,xG,assists,xA,shots,key_passes,yellow_cards,red_cards,npg,npxG,xGChain,xGBuildup
11654,866,Joselu,Stoke,F S,22,1072,4,3.4205525713041425,1,0.8887681374326348,29,10,0,0,4,3.4205525713041425,4.794702115468681,1.971493110060692
11655,866,Joselu,Alaves,F S,37,3044,11,12.153264783322811,3,3.794093929231167,94,30,1,0,9,9.180282212793829,10.71023697219789,1.1541428826749325
11656,866,Joselu,Newcastle United,F M S,30,1730,4,6.360850157216191,1,1.2996565690264106,47,16,2,0,4,5.599681349471211,7.894001133739948,2.675516661256552
11657,866,Joselu,Alaves,F S,16,1311,8,6.077319701202214,1,1.200369093567133,36,11,0,0,4,3.1042091520503163,3.5696319071576,1.0377780739217997
11658,866,Joselu,Alaves,F S,36,2800,11,11.79911195114255,2,1.942874781787396,87,15,6,0,10,11.055834326893091,11.244495198130608,2.1454401332885027
11659,866,Joselu,Hannover 96,F S,30,2477,8,10.101106397807598,3,3.6081219073385,79,17,4,0,7,8.585553087294102,12.949543688446283,3.7573577100411057
11660,866,Joselu,Newcastle United,F S,16,565,2,1.805324412882328,0,0.012054931372404,17,2,1,0,2,1.805324412882328,2.3267098888754845,0.7505010142922401
11661,866,Joselu,Deportivo La Coruna,F S,20,884,5,2.6525247716344893,1,0.2117228657007217,30,6,7,0,5,2.6525247716344893,3.02287125447765,1.052930472418666
