,id,player_name,team_title,position,games,time,goals,xG,assists,xA,shots,key_passes,yellow_cards,red_cards,npg,npxG,xGChain,xGBuildup
11679,8323,Josh Brownhill,Burnley,M S,10,808,0,0.3180441968142986,0,0.1222565844655036,6,3,2,0,0,0.3180441968142986,2.098623789846897,1.8908511400222776
11680,8323,Josh Brownhill,Burnley,M S,33,2818,0,1.518221689388156,1,0.8824939671903849,34,19,2,0,0,1.518221689388156,5.99607403203845,4.790278086438775
11681,8323,Josh Brownhill,Burnley,F M S,15,1194,0,0.4506472069770098,0,0.7509592548012733,11,15,4,0,0,0.4506472069770098,2.778269963338971,1.9284897577017543
