,id,player_name,team_title,position,games,time,goals,xG,assists,xA,shots,key_passes,yellow_cards,red_cards,npg,npxG,xGChain,xGBuildup
11724,8044,Joshua Zirkzee,Bayern Munich,F S,3,93,0,0.2227944731712341,0,0.0924848318099975,4,1,0,0,0,0.2227944731712341,0.3152793049812317,0.0
11725,8044,Joshua Zirkzee,Bayern Munich,F S,9,288,4,2.658632777631283,0,0.0227042958140373,11,1,0,0,4,2.658632777631283,3.870528198778629,1.6296750754117966
11726,8044,Joshua Zirkzee,Parma Calcio 1913,S,4,104,0,0.0486485734581947,0,0.2291592210531234,1,1,0,0,0,0.0486485734581947,0.7037916854023933,0.4259838983416557
