,id,player_name,team_title,position,games,time,goals,xG,assists,xA,shots,key_passes,yellow_cards,red_cards,npg,npxG,xGChain,xGBuildup
11694,5565,Josh Sims,Southampton,M S,6,158,0,0.5660217218101025,0,0.133226353675127,11,2,0,0,0,0.5660217218101025,0.8202588967978954,0.2190247625112533
11695,5565,Josh Sims,Southampton,M S,7,205,0,0.7687911465764046,1,0.698920726776123,5,1,0,0,0,0.7687911465764046,1.879928357899189,0.4122165143489837
11696,5565,Josh Sims,Southampton,F S,7,199,0,0.5632532201707363,1,0.8554526474326849,5,2,0,0,0,0.5632532201707363,1.8120405450463293,0.7710544969886541
