,id,player_name,team_title,position,games,time,goals,xG,assists,xA,shots,key_passes,yellow_cards,red_cards,npg,npxG,xGChain,xGBuildup
11727,5353,Josip Brekalo,Wolfsburg,S,4,74,0,0.1096922550350427,0,0.0122305145487189,4,1,1,0,0,0.1096922550350427,0.1341930646449327,0.0122702978551387
11728,5353,Josip Brekalo,Wolfsburg,F M S,30,1671,3,3.577874501235783,4,5.028641683980823,42,48,0,0,3,3.577874501235783,10.957339857704936,4.1197422333061695
11729,5353,Josip Brekalo,Wolfsburg,F M S,25,1406,3,2.4134650845080614,3,1.3251621387898922,26,21,2,0,3,2.4134650845080614,5.602710174396634,2.763350473716855
11730,5353,Josip Brekalo,Wolfsburg,S,1,19,0,0.0,1,0.1413447856903076,0,1,0,0,0,0.0,0.182101622223854,0.0407568365335464
11731,5353,Josip Brekalo,Wolfsburg,F M S,29,1840,7,4.426820413209498,3,3.9478974109515534,47,37,1,0,7,4.426820413209498,10.599055033177136,4.949750535190105
11732,5353,Josip Brekalo,"VfB Stuttgart,Wolfsburg",F M S,27,1564,4,2.7417422216385603,1,1.6511632427573204,33,26,3,0,4,2.7417422216385603,5.7859056536108255,2.772889888845384
11733,5353,Josip Brekalo,Torino,F M S,11,825,3,2.7132318522781134,0,2.047331370413304,19,19,1,0,3,2.7132318522781134,6.337551829405129,2.571551118977368
