,id,player_name,team_title,position,games,time,goals,xG,assists,xA,shots,key_passes,yellow_cards,red_cards,npg,npxG,xGChain,xGBuildup
11773,1382,José Callejón,Fiorentina,F M S,17,1001,1,1.500061840750277,2,2.0208279360085726,12,17,0,0,1,1.500061840750277,4.69028271920979,2.0593355167657137
11774,1382,José Callejón,Napoli,F S,38,2848,7,8.491399243474007,7,4.197124408558011,60,47,4,0,7,8.491399243474007,18.517143171280622,7.193711012601852
11775,1382,José Callejón,Napoli,M S,38,2974,11,10.127578787505628,3,6.018208951689303,84,58,1,0,11,10.127578787505628,23.40731094777584,10.030327338725328
11776,1382,José Callejón,Napoli,F,38,3269,10,10.09029108658433,10,7.834662108682096,64,73,3,0,10,10.09029108658433,24.693220805376768,10.660415334627032
11777,1382,José Callejón,Napoli,D F M S,33,2180,4,5.425043668597937,7,6.2257418762892485,42,63,2,0,4,5.425043668597937,14.938510729931297,7.379301522858441
11778,1382,José Callejón,Napoli,F,37,3151,14,12.506551627069712,12,9.206191425677387,86,76,3,1,14,12.506551627069712,29.337506741285324,10.370102622546256
11779,1382,José Callejón,Napoli,D F M S,34,2657,3,6.761094463989139,10,9.29601638019085,61,72,1,0,3,6.761094463989139,25.12723555788397,12.69761679880321
11780,1382,José Callejón,Fiorentina,F M S,20,646,0,0.2460657712072134,1,1.404817521572113,8,5,0,0,0,0.2460657712072134,2.5057104863226414,1.5853157974779606
