,id,player_name,team_title,position,games,time,goals,xG,assists,xA,shots,key_passes,yellow_cards,red_cards,npg,npxG,xGChain,xGBuildup
11807,568,José Holebas,Watford,D S,28,2385,0,0.4316609557718038,4,3.7131328023970127,17,37,7,0,0,0.4316609557718038,3.8699898859485984,3.213603190146386
11808,568,José Holebas,Roma,D S,24,2054,1,0.5411744499579072,1,1.273609146475792,20,19,5,0,1,0.5411744499579072,5.1893747970461845,4.612721448764205
11809,568,José Holebas,Watford,D S,28,2395,3,0.9423716282472014,6,4.58044374268502,17,38,12,1,3,0.9423716282472014,7.107876501977444,5.283567450940609
11810,568,José Holebas,Watford,D,11,948,0,0.5325352158397436,0,0.0901373596861958,13,6,2,0,0,0.5325352158397436,0.8886938616633415,0.6776372389867902
11811,568,José Holebas,Watford,D S,14,1019,0,0.2385536441579461,0,0.5429356396198273,6,11,5,0,0,0.2385536441579461,2.609519781544805,2.237692667171359
11812,568,José Holebas,Watford,D M,33,2917,2,0.923608616925776,4,2.917633154429496,28,36,14,0,2,0.923608616925776,5.528825951740146,4.06342638283968
