,id,player_name,team_title,position,games,time,goals,xG,assists,xA,shots,key_passes,yellow_cards,red_cards,npg,npxG,xGChain,xGBuildup
11781,4034,José Campaña,Levante,M S,35,2743,1,1.392323898151517,4,4.560952109284699,22,50,8,1,1,1.392323898151517,9.581451011821628,5.6696472726762295
11782,4034,José Campaña,Levante,M S,10,793,1,0.3491288293153047,0,0.4781064977869391,7,11,3,0,1,0.3491288293153047,2.3521760888397694,1.7629577107727528
11783,4034,José Campaña,Levante,M S,37,3161,2,2.3968956819735467,7,6.07087198831141,44,73,2,1,2,2.3968956819735467,16.49166368879378,12.4927448797971
11784,4034,José Campaña,Levante,M,36,3216,3,1.8639116622507568,9,6.4570074789226055,20,58,12,0,3,1.8639116622507568,11.875046184286475,8.867600198835135
11785,4034,José Campaña,Levante,M S,9,747,1,1.4518353454768658,2,2.176622912287712,13,14,1,0,0,0.708557728677988,3.236610660329461,1.9869748838245869
