,id,player_name,team_title,position,games,time,goals,xG,assists,xA,shots,key_passes,yellow_cards,red_cards,npg,npxG,xGChain,xGBuildup
11831,1310,José Mauri,AC Milan,S,1,8,0,0.0839369818568229,0,0.0,1,0,0,0,0,0.0839369818568229,0.0839369818568229,0.0
11832,1310,José Mauri,Parma,M S,33,2555,2,1.9064702289178967,1,0.7450784272514284,40,19,6,0,2,1.9064702289178967,5.592460354790092,3.2981354794465005
11833,1310,José Mauri,AC Milan,M S,5,245,0,0.2988662682473659,0,0.1520686149597168,7,5,2,0,0,0.2988662682473659,0.5505959242582321,0.1766373347491026
11834,1310,José Mauri,Empoli,M S,14,881,0,0.0665919268503785,0,0.1627779733389616,4,3,4,0,0,0.0665919268503785,0.8879502518102527,0.816837347112596
11835,1310,José Mauri,AC Milan,M S,5,207,0,0.0820872345939278,0,0.1569335907697677,4,2,0,0,0,0.0820872345939278,0.682635486125946,0.5706232488155365
