,id,player_name,team_title,position,games,time,goals,xG,assists,xA,shots,key_passes,yellow_cards,red_cards,npg,npxG,xGChain,xGBuildup
11839,1374,José Reina,Napoli,GK,37,3330,0,0.0,0,0.2604368031024933,0,1,1,0,0,0.0,6.209070567041636,5.948633793741465
11840,1374,José Reina,Napoli,GK,37,3330,0,0.0,0,0.1023009344935417,0,1,1,0,0,0.0,9.71724085137248,9.61493992432952
11841,1374,José Reina,Bayern Munich,GK,3,192,0,0.0,0,0.0,0,0,0,1,0,0.0,1.0021595656871796,1.0021595656871796
11842,1374,José Reina,Lazio,GK,29,2610,0,0.0,0,0.021209230646491,0,1,1,0,0,0.0,4.282464714720845,4.261255484074354
11843,1374,José Reina,AC Milan,GK S,4,329,0,0.0,0,0.0,0,0,0,0,0,0.0,0.3405651152133941,0.3405651152133941
11844,1374,José Reina,Aston Villa,GK,12,1080,0,0.0,0,0.0390281155705452,0,1,1,0,0,0.0,1.709224609658122,1.709224609658122
11845,1374,José Reina,Lazio,GK,15,1350,0,0.0,1,0.2545689642429352,0,1,3,0,0,0.0,2.1695388350635767,1.914969878271222
11846,1374,José Reina,AC Milan,GK,1,90,0,0.0,0,0.0,0,0,0,0,0,0.0,0.0225913729518651,0.0225913729518651
11847,1374,José Reina,Napoli,GK,37,3330,0,0.0,0,0.1973583251237869,0,2,1,0,0,0.0,5.657022667117417,5.45966434199363
