,id,player_name,team_title,position,games,time,goals,xG,assists,xA,shots,key_passes,yellow_cards,red_cards,npg,npxG,xGChain,xGBuildup
11791,834,José Fonte,Southampton,D,37,3330,0,1.3340500881895423,1,1.238559783436358,23,11,5,0,0,1.3340500881895423,7.302143367007375,7.11665834672749
11792,834,José Fonte,Lille,D,36,3190,3,1.5962571920827031,0,0.4237558133900165,28,10,7,0,3,1.5962571920827031,7.085981384851039,6.597704884596169
11793,834,José Fonte,Lille,D,36,3110,3,3.9259863439947367,1,0.3869464192539453,34,7,5,1,3,3.9259863439947367,12.32750078290701,11.4367268756032
11794,834,José Fonte,Southampton,D,37,3171,2,2.431197425350547,1,1.2865142482332883,20,5,4,1,2,2.431197425350547,6.668109523132443,6.465448739007115
11795,834,José Fonte,Lille,D,25,2206,1,1.801162552088499,1,0.4927571360021829,16,6,4,0,1,1.801162552088499,5.947071798145771,5.11513458751142
11796,834,José Fonte,"Southampton,West Ham",D,33,2937,0,0.8182650608941913,0,0.3955117128789425,17,8,4,0,0,0.8182650608941913,6.175112606026232,6.015457461588085
11797,834,José Fonte,Lille,D,18,1620,0,0.4091701228171587,2,0.4233685508370399,7,4,1,0,0,0.4091701228171587,5.748722253367305,5.6613040287047625
11798,834,José Fonte,West Ham,D,8,696,0,0.4053119346499443,1,0.5144705381244421,8,4,0,0,0,0.4053119346499443,0.8899485990405083,0.8378260433673859
