,id,player_name,team_title,position,games,time,goals,xG,assists,xA,shots,key_passes,yellow_cards,red_cards,npg,npxG,xGChain,xGBuildup
11788,2114,José Cañas,Espanyol,M S,29,2206,0,0.3806019239127636,0,0.0,9,0,11,1,0,0.3806019239127636,3.465508792549372,3.3091727886348963
11789,2114,José Cañas,Espanyol,M S,13,685,0,0.0,0,0.1045721806585788,0,2,5,0,0,0.0,2.4401948377490044,2.4401948377490044
