,id,player_name,team_title,position,games,time,goals,xG,assists,xA,shots,key_passes,yellow_cards,red_cards,npg,npxG,xGChain,xGBuildup
11876,2379,João Cancelo,Inter,D S,26,1846,1,0.3484153598546982,3,4.389314066618681,12,34,4,0,1,0.3484153598546982,6.314971523359418,5.309586387127638
11877,2379,João Cancelo,Valencia,D F M S,28,2118,1,1.3048887979239223,4,2.852591406553984,9,16,5,1,1,1.3048887979239223,8.030382683500648,5.181581208482385
11878,2379,João Cancelo,Juventus,D F M S,25,1969,1,1.8640261869877577,3,3.962174512445927,25,34,6,0,1,1.8640261869877577,12.202518291771412,7.219131058081984
11879,2379,João Cancelo,Manchester City,D S,17,1198,0,0.5605651829391718,0,2.9995754016563296,15,17,4,0,0,0.5605651829391718,14.226698283106089,11.609893258661032
11880,2379,João Cancelo,Valencia,M,1,90,0,0.3902561962604522,0,0.437094509601593,4,5,0,0,0,0.3902561962604522,0.7663963437080383,0.0628276318311691
11881,2379,João Cancelo,Valencia,D S,10,515,0,0.286693274974823,0,0.399274518713355,4,6,1,1,0,0.286693274974823,1.252678580582142,0.8648032918572426
11882,2379,João Cancelo,Valencia,D F M S,35,2431,1,0.9577355291694404,4,2.334439496509731,22,22,5,1,1,0.9577355291694404,6.5856664031744,4.476044848561287
11883,2379,João Cancelo,Manchester City,D,16,1433,0,1.918550934642553,3,2.751965554431081,36,19,5,0,0,1.918550934642553,12.128621354699137,10.11644209176302
11884,2379,João Cancelo,Manchester City,D M S,28,2309,2,1.8656360246241093,3,5.177640126086772,35,45,5,1,2,1.8656360246241093,18.105726182460785,14.480545476078987
