,id,player_name,team_title,position,games,time,goals,xG,assists,xA,shots,key_passes,yellow_cards,red_cards,npg,npxG,xGChain,xGBuildup
11923,8780,Joël Veltman,Brighton,D M S,28,2281,1,1.2756177727133036,1,1.8462188187986608,14,22,3,0,1,1.2756177727133036,9.022530617192388,6.800674581900239
11924,8780,Joël Veltman,Brighton,D M S,12,976,0,0.1122051738202571,1,0.5074592605233192,3,7,4,0,0,0.1122051738202571,3.215287022292614,2.8783826250582933
