,id,player_name,team_title,position,games,time,goals,xG,assists,xA,shots,key_passes,yellow_cards,red_cards,npg,npxG,xGChain,xGBuildup
11999,7095,Juan Musso,Udinese,GK,35,3150,0,0.0,0,0.0,0,0,5,0,0,0.0,2.0129944207146764,2.0129944207146764
12000,7095,Juan Musso,Udinese,GK,38,3420,0,0.0,0,0.0426990874111652,0,2,1,0,0,0.0,4.349581703543663,4.306882614269853
12001,7095,Juan Musso,Atalanta,GK,16,1440,0,0.0,0,0.0,0,0,1,0,0,0.0,0.6139882169663906,0.6139882169663906
12002,7095,Juan Musso,Udinese,GK,29,2610,0,0.0,0,0.0302105862647295,0,1,4,0,0,0.0,1.3700627284124494,1.33985214214772
