,id,player_name,team_title,position,games,time,goals,xG,assists,xA,shots,key_passes,yellow_cards,red_cards,npg,npxG,xGChain,xGBuildup
11996,7286,Juan Miranda,Real Betis,D S,22,1647,1,0.8373085539788008,2,1.399414986371994,10,12,4,0,1,0.8373085539788008,4.186507534235716,2.3084705397486687
11997,7286,Juan Miranda,Schalke 04,D S,11,785,0,0.1448691068217158,0,0.602212218567729,5,12,2,0,0,0.1448691068217158,1.0243068020790815,0.5428755413740873
11998,7286,Juan Miranda,Real Betis,D S,5,337,0,0.1064174808561801,0,0.1103017851710319,2,2,1,0,0,0.1064174808561801,1.0999472364783287,1.0311692282557487
