,id,player_name,team_title,position,games,time,goals,xG,assists,xA,shots,key_passes,yellow_cards,red_cards,npg,npxG,xGChain,xGBuildup
12056,6121,Juanpe,Girona,D S,33,2768,0,1.7120930887758732,0,0.1937603466212749,22,5,8,0,0,1.7120930887758732,5.262547023594379,5.012850321829319
12057,6121,Juanpe,Girona,D S,35,3064,5,2.967000492848456,1,0.8995674233883619,23,7,7,0,5,2.967000492848456,3.161648666486144,2.9266990534961224
