,id,player_name,team_title,position,games,time,goals,xG,assists,xA,shots,key_passes,yellow_cards,red_cards,npg,npxG,xGChain,xGBuildup
12048,897,Juanmi,Real Betis,F M S,15,920,11,5.122133079916239,1,0.6124656163156033,24,9,3,0,11,5.122133079916239,5.072693541646004,0.7084013763815165
12049,897,Juanmi,Real Sociedad,F M S,30,1517,5,6.072523904964328,2,1.5122700855135918,43,10,3,1,5,6.072523904964328,8.06476598419249,0.8729604594409466
12050,897,Juanmi,Real Betis,F M S,16,600,2,3.075911670923233,0,0.0456148134544491,14,2,1,0,2,3.075911670923233,2.599300350993872,0.8825418101623654
12051,897,Juanmi,Malaga,F M S,34,2248,8,7.488385772332549,0,2.241187108680606,37,22,4,0,8,7.488385772332549,9.958865489810703,1.322749050334096
12052,897,Juanmi,Real Sociedad,F M S,30,1490,8,5.579084433615208,2,1.091162258759141,37,9,3,0,8,5.579084433615208,6.438389135524631,1.905583375133574
12053,897,Juanmi,Real Sociedad,F M S,35,1836,11,7.297482740134001,0,0.7826566379517317,48,7,6,1,11,7.297482740134001,7.863061264157295,1.2011786755174398
12054,897,Juanmi,Southampton,S,12,140,0,0.3624056801199913,0,0.2236694376915693,5,3,0,0,0,0.3624056801199913,0.9859602600336076,0.3998851478099823
12055,897,Juanmi,Real Betis,M S,8,247,1,1.255670800805092,0,0.0529270619153976,7,1,0,1,1,1.255670800805092,0.6389061817899346,0.1206972980871796
