,id,player_name,team_title,position,games,time,goals,xG,assists,xA,shots,key_passes,yellow_cards,red_cards,npg,npxG,xGChain,xGBuildup
12063,8824,Jude Bellingham,Borussia Dortmund,M S,29,1707,1,2.565567322075367,3,3.540824105963111,33,14,4,1,1,2.565567322075367,12.28166401386261,7.925309736281633
12064,8824,Jude Bellingham,Borussia Dortmund,M,14,1228,2,3.3671698439866304,5,2.371777656488121,24,18,4,0,2,3.3671698439866304,8.686879068613052,4.734678119421005
