,id,player_name,team_title,position,games,time,goals,xG,assists,xA,shots,key_passes,yellow_cards,red_cards,npg,npxG,xGChain,xGBuildup
12088,261,Julian Brandt,Bayer Leverkusen,F M S,32,2309,3,4.290309747681022,8,7.616708209738135,46,51,0,0,3,4.290309747681022,18.17045395076275,10.133408010005953
12089,261,Julian Brandt,Borussia Dortmund,F M S,31,1485,3,2.841085519641638,2,2.499097330495715,22,31,0,0,3,2.841085519641638,14.69190658070147,10.011154336854815
12090,261,Julian Brandt,Borussia Dortmund,F M S,33,2222,3,3.649040646851063,7,5.632640138268471,34,39,0,0,3,3.649040646851063,22.38594406098128,14.676885027438402
12091,261,Julian Brandt,Borussia Dortmund,M S,12,809,4,1.84041465818882,2,2.1028675250709057,13,19,0,0,4,1.84041465818882,6.627231746912003,4.599829271435738
12092,261,Julian Brandt,Bayer Leverkusen,F M S,29,1623,9,4.708301013335586,3,3.707850649952889,30,34,0,0,9,4.708301013335586,10.569634368643165,3.7325986800715327
12093,261,Julian Brandt,Bayer Leverkusen,D F M S,33,2684,7,8.250307438895106,11,9.4605310279876,65,86,0,0,7,8.250307438895106,26.180521309375763,12.939900058321657
12094,261,Julian Brandt,Bayer Leverkusen,M S,25,1095,4,2.015580028295517,2,2.457824170589447,20,25,0,0,4,2.015580028295517,7.02809898275882,3.9590243976563215
12095,261,Julian Brandt,Bayer Leverkusen,D F M S,34,2347,9,6.035905315540731,3,6.286203434690833,43,59,0,0,9,6.035905315540731,16.71145360916853,8.130163364112377
