,id,player_name,team_title,position,games,time,goals,xG,assists,xA,shots,key_passes,yellow_cards,red_cards,npg,npxG,xGChain,xGBuildup
12133,4245,Julian Schuster,Freiburg,D M S,13,846,0,0.0664862468838691,0,0.3703038599342108,3,6,3,0,0,0.0664862468838691,1.657090349122882,1.354024663567543
12134,4245,Julian Schuster,Freiburg,M S,21,1548,0,1.0494868429377675,0,0.5037211244925857,13,10,7,0,0,0.2917101280763745,2.677076861262321,2.3345261085778475
12135,4245,Julian Schuster,Freiburg,D M S,18,1307,0,0.5105548389256,0,0.6992742167785764,12,14,1,0,0,0.5105548389256,1.5972700761631131,1.544322144240141
