,id,player_name,team_title,position,games,time,goals,xG,assists,xA,shots,key_passes,yellow_cards,red_cards,npg,npxG,xGChain,xGBuildup
12127,2633,Julian Schieber,Hertha Berlin,S,3,52,0,0.2924501299858093,0,0.0,1,0,0,0,0,0.2924501299858093,0.8989126086235046,0.6064624786376953
12128,2633,Julian Schieber,Hertha Berlin,F S,18,412,3,1.3259626142680645,1,1.0100270174443722,15,4,3,0,3,1.3259626142680645,1.5349017307162285,0.5146201774477959
12129,2633,Julian Schieber,Augsburg,F S,9,252,1,0.4645753502845764,0,0.3386831283569336,4,1,1,0,1,0.4645753502845764,0.8932372275739908,0.5877282563596964
12130,2633,Julian Schieber,Augsburg,S,2,33,0,0.0605187378823757,0,0.0,1,0,1,0,0,0.0605187378823757,0.0605187378823757,0.0
12131,2633,Julian Schieber,Hertha Berlin,S,6,133,0,0.0267686890438199,1,0.6275181099772453,2,2,1,0,0,0.0267686890438199,0.7789923157542944,0.1395785361528396
12132,2633,Julian Schieber,Hertha Berlin,F M S,16,1284,7,4.557993419468403,0,0.6480455780401826,27,10,1,0,7,4.557993419468403,5.068353395909071,0.3816825561225414
