,id,player_name,team_title,position,games,time,goals,xG,assists,xA,shots,key_passes,yellow_cards,red_cards,npg,npxG,xGChain,xGBuildup
12191,3368,Junior Tallo,Lille,F S,23,1095,0,2.687805287539959,3,1.2988710831850767,34,13,2,0,0,2.687805287539959,3.5526094771921635,0.8614813555032015
12192,3368,Junior Tallo,SC Bastia,F S,16,953,4,4.194199152290821,0,0.1863698922097683,26,5,4,0,3,3.434103991836309,2.825005419552326,0.4768810272216797
