,id,player_name,team_title,position,games,time,goals,xG,assists,xA,shots,key_passes,yellow_cards,red_cards,npg,npxG,xGChain,xGBuildup
12179,8838,Junior Messias,Crotone,F M,36,3224,9,7.364539722912013,4,3.203523626551032,99,32,6,0,9,7.364539722912013,14.380895154550672,6.588674336671829
12180,8838,Junior Messias,AC Milan,M S,6,265,2,0.6784047856926918,0,0.3069260343909263,7,3,1,0,2,0.6784047856926918,1.3562476262450218,0.4774640146642923
