,id,player_name,team_title,position,games,time,goals,xG,assists,xA,shots,key_passes,yellow_cards,red_cards,npg,npxG,xGChain,xGBuildup
12193,582,Jurado,Espanyol,F M S,29,1514,0,0.9845724320039152,3,1.575896538794041,13,16,1,0,0,0.9845724320039152,3.376968945376575,1.334522613324225
12194,582,Jurado,Espanyol,M S,31,2458,3,2.859914941713214,3,2.011747783049941,35,28,1,0,3,2.859914941713214,5.350572584196925,1.7030008807778358
12195,582,Jurado,Watford,F M,27,2057,0,1.368828808888793,0,3.555737249553204,36,41,3,0,0,1.368828808888793,7.713293192908168,4.987439516931772
12196,582,Jurado,Spartak Moscow,F M S,18,1023,3,2.5880015520378947,3,2.4038884080946445,31,18,0,0,3,2.5880015520378947,8.17879931628704,4.8434938788414
12197,582,Jurado,Spartak Moscow,M,1,70,0,0.2398545295000076,0,0.0,7,0,0,0,0,0.2398545295000076,0.2181080728769302,0.0276838969439268
