,id,player_name,team_title,position,games,time,goals,xG,assists,xA,shots,key_passes,yellow_cards,red_cards,npg,npxG,xGChain,xGBuildup
12198,1123,Juraj Kucka,Parma Calcio 1913,F M S,18,1535,4,2.466345549561084,3,1.8332385662943125,26,16,4,1,3,1.705046714283526,2.859186908230185,1.7744004912674427
12199,1123,Juraj Kucka,Parma Calcio 1913,F M S,26,1938,6,4.680576473474503,3,2.706241804175079,48,19,5,1,4,3.1580187529325485,8.554728717543185,3.774862710386514
12200,1123,Juraj Kucka,Parma Calcio 1913,F M,28,2354,7,7.063271684572101,2,2.234635768458247,60,16,8,0,3,4.018116371706128,10.171622073277833,5.765547566115856
12201,1123,Juraj Kucka,Watford,M S,13,1002,1,0.9994736714288592,0,0.1261532455682754,24,3,2,1,1,0.9994736714288592,2.83148624189198,2.166409485042095
12202,1123,Juraj Kucka,"AC Milan,Genoa",M S,30,2178,1,3.6514817690476775,3,2.135240504518152,46,29,11,0,1,3.6514817690476775,6.6645885510370135,2.868067681789398
12203,1123,Juraj Kucka,AC Milan,D M S,30,2083,3,1.5072284108027816,1,2.009436126798392,30,22,8,3,3,1.5072284108027816,7.184119883924723,4.269763197749853
12204,1123,Juraj Kucka,Genoa,F M S,34,1850,2,3.681763118132949,0,1.1276068296283484,43,10,5,0,2,3.681763118132949,7.57462621666491,5.800608633086085
