,id,player_name,team_title,position,games,time,goals,xG,assists,xA,shots,key_passes,yellow_cards,red_cards,npg,npxG,xGChain,xGBuildup
12229,2014,Jérémy Menez,AC Milan,F S,10,279,2,1.7862391769886017,0,0.3386699017137289,6,6,1,0,1,1.0249403417110443,1.7594686830416322,0.4967174343764782
12230,2014,Jérémy Menez,AC Milan,F M S,33,2713,16,10.936868623830378,4,4.379691986367106,78,46,3,1,8,4.846598354168236,13.755915867164733,6.889687442686409
12231,2014,Jérémy Menez,Bordeaux,F M S,26,1476,3,3.5160356145352125,2,2.568110660649836,27,16,4,1,3,2.755940495058894,7.461513886228204,3.7736970856785774
