,id,player_name,team_title,position,games,time,goals,xG,assists,xA,shots,key_passes,yellow_cards,red_cards,npg,npxG,xGChain,xGBuildup
12232,3271,Jérémy Morel,Lyon,D S,33,2915,0,0.0174066554754972,0,0.0519670853391289,1,2,4,0,0,0.0174066554754972,10.133809618651869,10.078791908919811
12233,3271,Jérémy Morel,Marseille,D M S,31,2684,1,0.696630572900176,0,0.8146981904283166,5,7,6,0,1,0.696630572900176,7.896059641614556,7.344194022938609
12234,3271,Jérémy Morel,Lyon,D,29,2549,0,0.082833832129836,4,2.2659751772880554,5,18,3,0,0,0.082833832129836,8.510231965221465,7.081370229832828
12235,3271,Jérémy Morel,Lyon,D,12,1067,0,0.042236621491611,0,0.2061733249574899,3,3,4,0,0,0.042236621491611,4.484079919755459,4.334436975419521
12236,3271,Jérémy Morel,Lyon,D S,31,2512,0,0.319643635302782,1,2.514456769451499,9,27,3,0,0,0.319643635302782,8.296258393675089,6.2958544585853815
12237,3271,Jérémy Morel,Rennes,D S,21,1805,1,1.129989598877728,0,0.5985890859737992,13,8,2,0,1,1.129989598877728,2.827280137687921,2.262260541319847
12238,3271,Jérémy Morel,Lorient,D M,28,2495,0,0.2745679840445518,0,0.1225274950265884,6,7,1,0,0,0.2745679840445518,2.7262741094455123,2.61359453946352
12239,3271,Jérémy Morel,Lorient,D S,4,312,0,0.0511146001517772,0,0.0675502344965934,1,1,0,0,0,0.0511146001517772,1.0894820727407932,1.0383674539625645
