,id,player_name,team_title,position,games,time,goals,xG,assists,xA,shots,key_passes,yellow_cards,red_cards,npg,npxG,xGChain,xGBuildup
12280,5622,Júlio Tavares,Dijon,F M S,36,2802,5,8.328481711447239,4,3.435767568647861,59,27,4,0,4,7.568386562168598,11.5246593169868,3.3389404602348804
12281,5622,Júlio Tavares,Dijon,F S,35,2766,9,8.082953996025026,3,2.70791466999799,55,29,3,0,7,6.562763720750809,11.455054866150022,4.312408542260528
12282,5622,Júlio Tavares,Dijon,F S,26,2053,12,9.566533390432596,2,1.7222139895893631,52,27,3,0,9,7.286247942596674,10.826599081978202,2.55298188328743
12283,5622,Júlio Tavares,Dijon,F M S,23,1991,5,6.828931221738458,2,1.946022869087756,50,33,0,0,4,6.068836132064462,8.747826091945171,1.9163971077650783
