,id,player_name,team_title,position,games,time,goals,xG,assists,xA,shots,key_passes,yellow_cards,red_cards,npg,npxG,xGChain,xGBuildup
12294,6542,Jürgen Locadia,Brighton,S,1,20,0,0.0560980252921581,0,0.0,1,0,0,0,0,0.0560980252921581,0.0560980252921581,0.0
12295,6542,Jürgen Locadia,Brighton,F M S,6,225,1,1.1535471342504025,1,0.1004303991794586,6,1,0,0,1,1.1535471342504025,1.2158239157870412,0.0460156574845314
12296,6542,Jürgen Locadia,Brighton,F M S,26,1229,2,3.3906076550483704,0,0.9557695426046848,28,13,1,0,2,3.3906076550483704,4.707125395536423,1.7955863140523434
12297,6542,Jürgen Locadia,Hoffenheim,F S,11,522,4,3.327433470636606,0,0.0540769677609205,20,3,1,0,3,2.569656763225794,3.286197878420353,1.0857106652110815
12298,6542,Jürgen Locadia,Brighton,F S,2,84,0,0.3997017852962017,0,0.0,2,0,0,0,0,0.3997017852962017,0.1017003785818815,0.0436151046305894
