,id,player_name,team_title,position,games,time,goals,xG,assists,xA,shots,key_passes,yellow_cards,red_cards,npg,npxG,xGChain,xGBuildup
12351,3231,Kamil Grosicki,Rennes,F M S,19,827,0,2.31897440738976,3,2.552883742377162,21,14,0,0,0,2.31897440738976,5.126636913046241,1.6404994744807482
12352,3231,Kamil Grosicki,Rennes,F M S,33,1519,9,4.760304471477866,3,3.1311259418725967,50,25,2,0,9,4.760304471477866,7.374182481318712,2.093872433528304
12353,3231,Kamil Grosicki,Hull,M S,15,1145,0,2.0349293146282434,3,3.488164080306888,29,23,1,0,0,2.0349293146282434,4.849023193120956,0.5821809805929661
12354,3231,Kamil Grosicki,West Bromwich Albion,M S,3,151,0,0.1092490777373313,1,0.5663558542728424,3,3,0,0,0,0.1092490777373313,0.1650134623050689,0.0179620739072561
12355,3231,Kamil Grosicki,Rennes,M S,16,982,4,4.496155893430114,3,3.077737146988511,32,25,0,0,3,2.975965609773993,4.954390119761229,0.6459351954981685
