,id,player_name,team_title,position,games,time,goals,xG,assists,xA,shots,key_passes,yellow_cards,red_cards,npg,npxG,xGChain,xGBuildup
12344,1800,Kamil Glik,Torino,D S,32,2794,7,3.0339874401688576,0,0.2245238171890378,18,5,7,1,7,3.0339874401688576,5.990688625723124,5.962522838264704
12345,1800,Kamil Glik,Monaco,D,36,3240,3,3.0869815573096275,3,1.966421133838594,23,8,8,0,3,3.0869815573096275,6.932589177042246,6.438567969948053
12346,1800,Kamil Glik,Benevento,D,36,3208,2,3.2730786772444844,1,0.3577797338366508,28,4,7,1,2,3.2730786772444844,4.954513457603753,4.544664883986116
12347,1800,Kamil Glik,Monaco,D,23,2070,1,1.746422242373228,0,0.1014566533267498,12,2,5,0,1,1.746422242373228,5.701781077310443,5.660980520769954
12348,1800,Kamil Glik,Torino,D,33,2970,0,1.3782810573466122,0,0.2497219629585743,19,4,11,0,0,1.3782810573466122,6.340768648311496,6.151550656184554
12349,1800,Kamil Glik,Monaco,D,33,2970,1,1.298590824007988,0,0.0521876281127333,16,2,10,0,1,1.298590824007988,4.730550419539213,4.716889631003141
12350,1800,Kamil Glik,Monaco,D,36,3240,6,3.88140363432467,2,0.966575313359499,24,6,6,0,6,3.88140363432467,6.185073954984546,6.185073954984546
