,id,player_name,team_title,position,games,time,goals,xG,assists,xA,shots,key_passes,yellow_cards,red_cards,npg,npxG,xGChain,xGBuildup
12361,5374,Kantemir Berkhamov,Arsenal Tula,M S,17,931,3,0.6117394352331758,0,0.9277468482032418,16,11,3,0,3,0.6117394352331758,2.768001040443778,2.294286577962339
12362,5374,Kantemir Berkhamov,Arsenal Tula,F,1,66,1,0.1501527279615402,0,0.0,1,0,0,0,1,0.1501527279615402,0.0,0.0
12363,5374,Kantemir Berkhamov,Arsenal Tula,F M S,11,858,0,1.404904456809163,2,0.6643790397793055,21,5,3,0,0,0.6506352741271257,2.300954271107912,1.851480958983302
12364,5374,Kantemir Berkhamov,Arsenal Tula,M S,16,813,0,0.3605373976752162,1,0.2151010977104306,11,9,5,1,0,0.3605373976752162,0.8876078706234694,0.563299180008471
