,id,player_name,team_title,position,games,time,goals,xG,assists,xA,shots,key_passes,yellow_cards,red_cards,npg,npxG,xGChain,xGBuildup
12373,186,Karim Bellarabi,Bayer Leverkusen,F M S,19,1051,5,3.378678824752569,4,5.568164240568876,43,26,4,1,5,3.378678824752569,10.652594812214376,2.758352469652891
12374,186,Karim Bellarabi,Bayer Leverkusen,D M S,24,1129,1,3.0431565921753645,3,3.982268296182156,44,28,2,0,1,3.0431565921753645,8.520690300501883,2.3719772221520543
12375,186,Karim Bellarabi,Bayer Leverkusen,F M S,33,2608,6,7.056456506252289,11,7.807480677962303,73,44,5,0,6,7.056456506252289,17.9295467287302,6.220662822015584
12376,186,Karim Bellarabi,Bayer Leverkusen,F M S,33,2731,12,10.108170365914702,6,4.981079136952758,104,45,5,0,12,10.108170365914702,18.11762314848601,5.559335274621844
12377,186,Karim Bellarabi,Bayer Leverkusen,D M S,22,778,0,1.9122113678604364,0,2.6320469547063112,28,16,2,0,0,1.9122113678604364,5.758230393752456,1.4930842546746137
12378,186,Karim Bellarabi,Bayer Leverkusen,D F M S,26,1437,4,6.826337996870279,6,5.370479218661785,55,27,2,0,4,6.826337996870279,14.961602134630084,5.217333305627108
12379,186,Karim Bellarabi,Bayer Leverkusen,M S,8,221,1,0.9125072248280048,0,0.0,11,0,0,0,1,0.9125072248280048,1.0491000041365623,0.1912638768553733
12380,186,Karim Bellarabi,Bayer Leverkusen,M S,16,1120,2,2.6576673621311784,6,3.2473187651485205,35,18,4,0,2,2.6576673621311784,7.098136990331113,2.429509127512574
