,id,player_name,team_title,position,games,time,goals,xG,assists,xA,shots,key_passes,yellow_cards,red_cards,npg,npxG,xGChain,xGBuildup
12412,5657,Karl Toko Ekambi,Lyon,F M S,16,1197,5,5.279028818011284,2,3.2645841911435127,35,22,2,0,3,3.7588385194540015,8.585123211145401,2.7828928604722023
12413,5657,Karl Toko Ekambi,Angers,F S,31,2447,7,6.494452436454594,4,3.24254915677011,82,38,0,0,7,6.494452436454594,13.021514106541872,5.954274542629719
12414,5657,Karl Toko Ekambi,Lyon,F S,8,547,2,2.1158603206276894,1,1.1927334032952783,13,10,2,0,2,2.1158603206276894,4.359864637255669,1.6609320417046547
12415,5657,Karl Toko Ekambi,Villarreal,F M S,18,990,6,7.854183341376483,2,1.561700750142336,39,9,0,0,6,7.854183341376483,11.42269016802311,2.735636272467673
12416,5657,Karl Toko Ekambi,Villarreal,F M S,34,2147,10,10.614568071439862,1,2.1872154027223587,59,26,5,0,10,9.871290432289245,11.669786984100938,1.9279387053102253
12417,5657,Karl Toko Ekambi,Lyon,F M S,35,2849,14,17.97721042484045,6,6.999955324456096,90,49,3,0,14,17.97721042484045,28.0312340259552,8.084193263202906
12418,5657,Karl Toko Ekambi,Angers,F M S,37,3033,17,16.09950832091272,5,5.880455892067403,103,47,4,0,14,13.819222746416926,19.967275641858578,3.886897494085133
