,id,player_name,team_title,position,games,time,goals,xG,assists,xA,shots,key_passes,yellow_cards,red_cards,npg,npxG,xGChain,xGBuildup
12468,5440,Kehinde Fatai,FC Ufa,F S,17,906,0,1.3803496565669775,0,0.1192456744611263,10,4,1,0,0,1.3803496565669775,1.8431413378566504,0.7916112542152405
12469,5440,Kehinde Fatai,FC Ufa,F S,2,79,0,0.274680346250534,0,0.0,1,0,0,0,0,0.274680346250534,0.5174490809440613,0.2427687346935272
12470,5440,Kehinde Fatai,FC Ufa,F S,22,1357,6,4.882482703775168,0,0.8994397176429629,26,13,2,0,6,4.128207366913557,4.954999890178442,0.2251065643504262
