,id,player_name,team_title,position,games,time,goals,xG,assists,xA,shots,key_passes,yellow_cards,red_cards,npg,npxG,xGChain,xGBuildup
12520,5129,Kenan Kodro,Athletic Club,S,11,144,1,0.1979995854198932,0,0.1055940221995115,4,2,0,0,1,0.1979995854198932,0.3132316526025533,0.1718757003545761
12521,5129,Kenan Kodro,Athletic Club,F M S,12,346,1,0.6088346354663372,0,0.0125581827014684,4,1,0,0,1,0.6088346354663372,1.6044518444687128,1.0314072910696268
12522,5129,Kenan Kodro,Osasuna,F M S,28,1461,7,5.72283005155623,1,0.5596949150785804,39,12,4,0,7,5.72283005155623,6.804219797253609,1.7124005034565926
12523,5129,Kenan Kodro,Mainz 05,F S,8,223,0,0.5964599400758743,0,0.1892756819725036,2,4,0,0,0,0.5964599400758743,1.1429797559976578,0.3572441339492798
12524,5129,Kenan Kodro,"Athletic Club,Real Valladolid",F S,17,492,1,1.931743450462818,0,0.2094107717275619,8,4,2,0,0,1.1884658131748438,1.559665808454156,0.2063617575913667
