,id,player_name,team_title,position,games,time,goals,xG,assists,xA,shots,key_passes,yellow_cards,red_cards,npg,npxG,xGChain,xGBuildup
12544,5973,Kenny Tete,Fulham,D S,22,1483,0,0.2111263517290353,1,0.9065484516322612,7,19,3,0,0,0.2111263517290353,3.743920776993036,2.755570685490966
12545,5973,Kenny Tete,Lyon,D S,18,1055,0,0.6010745549574494,1,1.4723115302622318,7,12,1,0,0,0.6010745549574494,4.352366300299764,3.683154104277492
12546,5973,Kenny Tete,Lyon,S,1,18,0,0.0,0,0.0,0,0,0,0,0,0.0,0.0790164470672607,0.0790164470672607
12547,5973,Kenny Tete,Lyon,D S,22,1597,1,0.888797402381897,4,2.642651703208685,7,14,3,0,1,0.888797402381897,5.888885777443647,5.072428684681654
12548,5973,Kenny Tete,Lyon,D M S,13,1055,0,0.7557017654180527,3,1.818779453635216,8,19,1,0,0,0.7557017654180527,5.277544774115086,3.63461659103632
