,id,player_name,team_title,position,games,time,goals,xG,assists,xA,shots,key_passes,yellow_cards,red_cards,npg,npxG,xGChain,xGBuildup
12539,7693,Kenny McLean,Norwich,M S,15,1303,0,0.5350129138678312,0,0.7655831817537546,16,4,1,0,0,0.5350129138678312,2.18936026096344,1.751206485554576
12540,7693,Kenny McLean,Norwich,M S,37,2955,1,1.2136974120512605,1,2.622597435489297,30,24,5,0,1,1.2136974120512605,8.08472777158022,6.269315179437399
