,id,player_name,team_title,position,games,time,goals,xG,assists,xA,shots,key_passes,yellow_cards,red_cards,npg,npxG,xGChain,xGBuildup
12551,5061,Kepa,Chelsea,GK,1,90,0,0.0,0,0.0,0,0,0,0,0,0.0,0.5946297645568848,0.5946297645568848
12552,5061,Kepa,Athletic Club,GK,23,2015,0,0.0,0,0.045475348830223,0,1,1,0,0,0.0,0.9546914380043744,0.9092160891741514
12553,5061,Kepa,Chelsea,GK S,7,582,0,0.0,0,0.0,0,0,1,0,0,0.0,0.3050243984907865,0.3050243984907865
12554,5061,Kepa,Chelsea,GK,36,3240,0,0.0,0,0.0,0,0,2,0,0,0.0,5.416644170880318,5.416644170880318
12555,5061,Kepa,Chelsea,GK,33,2970,0,0.0,0,0.0,0,0,0,0,0,0.0,5.265830475836992,5.265830475836992
12556,5061,Kepa,Athletic Club,GK,30,2700,0,0.0,0,0.2576888799667358,0,1,4,0,0,0.0,2.265066558495164,2.007377678528428
