,id,player_name,team_title,position,games,time,goals,xG,assists,xA,shots,key_passes,yellow_cards,red_cards,npg,npxG,xGChain,xGBuildup
12619,2664,Kevin Großkreutz,Borussia Dortmund,D M S,17,1044,0,0.9832837786525488,2,1.5178450951352715,13,15,2,0,0,0.9832837786525488,3.1476672012358904,1.157137019559741
12620,2664,Kevin Großkreutz,VfB Stuttgart,D,10,900,0,0.3274563942104578,0,0.5976623184978962,6,6,3,0,0,0.3274563942104578,2.7077067643404007,2.4558354560285807
