,id,player_name,team_title,position,games,time,goals,xG,assists,xA,shots,key_passes,yellow_cards,red_cards,npg,npxG,xGChain,xGBuildup
12638,1747,Kevin Long,Burnley,D,16,1440,1,1.7117628455162048,2,1.8074521329253912,10,5,1,0,1,1.7117628455162048,0.6246272139251232,0.6132654454559088
12639,1747,Kevin Long,Burnley,D S,8,560,0,0.1059900475665927,0,0.0,2,0,0,0,0,0.1059900475665927,0.8505858778953552,0.75757896900177
12640,1747,Kevin Long,Burnley,S,1,20,0,0.0,0,0.0,0,0,0,0,0,0.0,0.0,0.0
12641,1747,Kevin Long,Burnley,D S,6,514,0,0.0307113882154226,1,0.4060726463794708,1,1,0,0,0,0.0307113882154226,0.5972739905118942,0.1912013441324234
12642,1747,Kevin Long,Burnley,D,3,270,0,0.0246634576469659,0,0.0,1,0,0,0,0,0.0246634576469659,0.0958438608795404,0.0958438608795404
12643,1747,Kevin Long,Burnley,D S,8,635,0,0.6100033670663834,0,0.0173680447041988,2,1,2,0,0,0.6100033670663834,0.502235908061266,0.502235908061266
