,id,player_name,team_title,position,games,time,goals,xG,assists,xA,shots,key_passes,yellow_cards,red_cards,npg,npxG,xGChain,xGBuildup
12577,8010,Kevin Agudelo,Spezia,F S,29,1349,1,1.294300563633442,2,1.2034306079149246,19,12,4,0,1,1.294300563633442,4.601857777684927,2.2041109930723906
12578,8010,Kevin Agudelo,Spezia,S,2,36,0,0.0152941634878516,0,0.1589480191469192,1,2,0,0,0,0.0152941634878516,0.2572319209575653,0.1120157316327095
12579,8010,Kevin Agudelo,"Fiorentina,Genoa",F M S,13,730,1,1.2992564663290975,1,1.737521550618112,14,14,3,1,1,1.2992564663290975,5.557295449078083,2.8340625260025263
