,id,player_name,team_title,position,games,time,goals,xG,assists,xA,shots,key_passes,yellow_cards,red_cards,npg,npxG,xGChain,xGBuildup
12608,2442,Kevin Gameiro,Sevilla,F S,31,2083,16,18.92152793705464,4,5.8461062181741,72,24,2,0,12,15.205267682671549,19.63494710996747,2.89435513317585
12609,2442,Kevin Gameiro,Valencia,F S,27,1043,4,3.735858850181103,1,0.592941589653492,16,4,0,0,4,3.735858850181103,5.390490495599806,1.121636620722711
12610,2442,Kevin Gameiro,Strasbourg,F M S,16,935,4,5.042614579200745,1,0.8571837339550257,22,7,0,0,3,3.5224243253469467,6.458309210836887,2.6641549598425627
12611,2442,Kevin Gameiro,Atletico Madrid,F S,25,1115,7,5.253567669540644,2,1.4968363232910633,20,9,0,0,5,3.767012406140566,5.9714944660663605,1.5021019391715529
12612,2442,Kevin Gameiro,Valencia,F S,33,1605,6,8.706866428256035,1,3.810199590399861,36,26,1,0,6,8.706866428256035,12.51738392561674,3.1089128889143467
12613,2442,Kevin Gameiro,Valencia,F S,29,1575,6,5.3250727113336325,2,2.792410638183356,19,13,0,0,6,4.581795101985335,8.176697315648198,2.444371892139316
12614,2442,Kevin Gameiro,Sevilla,F S,26,919,8,9.376235954463482,2,2.8430584482848644,32,19,0,0,6,7.889808569103479,11.271547306329012,0.9248364493250848
12615,2442,Kevin Gameiro,Atletico Madrid,F S,31,1713,12,11.325682058930395,5,4.332531962543726,50,21,0,0,11,10.582404389977455,14.978776739910243,1.7622219352051616
