,id,player_name,team_title,position,games,time,goals,xG,assists,xA,shots,key_passes,yellow_cards,red_cards,npg,npxG,xGChain,xGBuildup
12651,983,Kevin Mbabu,Wolfsburg,D S,22,1645,0,0.6892769616097212,1,1.896800432354212,11,15,7,0,0,0.6892769616097212,5.747020451352,4.230005331337452
12652,983,Kevin Mbabu,Wolfsburg,D S,15,957,0,0.3472375459969044,0,1.4999444857239723,5,16,4,0,0,0.3472375459969044,3.429119942709804,3.057291325181722
12653,983,Kevin Mbabu,Newcastle United,D S,3,147,0,0.0183614566922187,0,0.1067747324705123,1,1,0,0,0,0.0183614566922187,0.1800055056810379,0.1616440489888191
12654,983,Kevin Mbabu,Wolfsburg,D S,20,1694,3,1.8817790690809488,1,2.599289752542973,11,16,4,0,3,1.8817790690809488,4.8835627399384975,4.037628258578479
