,id,player_name,team_title,position,games,time,goals,xG,assists,xA,shots,key_passes,yellow_cards,red_cards,npg,npxG,xGChain,xGBuildup
12728,1819,Kevin-Prince Boateng,Schalke 04,F M S,18,1048,0,1.526419340632856,3,2.51770955696702,25,12,2,1,0,1.526419340632856,6.003977429121733,2.549361165612936
12729,1819,Kevin-Prince Boateng,Fiorentina,F S,14,591,1,1.13840876147151,0,0.2959366673603654,18,7,2,0,1,1.13840876147151,2.3513350188732147,1.206961715593934
12730,1819,Kevin-Prince Boateng,Barcelona,F,3,240,0,0.1499313339591026,0,0.068161703646183,3,2,1,0,0,0.1499313339591026,0.4256325885653496,0.2075395584106445
12731,1819,Kevin-Prince Boateng,Hertha Berlin,M S,10,316,0,0.1266720155254006,0,0.0912911724299192,5,3,4,0,0,0.1266720155254006,1.55646266695112,1.4170844154432416
12732,1819,Kevin-Prince Boateng,Las Palmas,F M S,28,1995,10,7.899737132713199,4,2.039650807157159,76,21,10,2,10,7.899737132713199,10.073337187990546,1.711437774822116
12733,1819,Kevin-Prince Boateng,Eintracht Frankfurt,F M S,31,2367,6,4.143965605646372,1,1.255087334662676,44,16,5,0,6,4.143965605646372,10.091738054528832,6.3432148937135935
12734,1819,Kevin-Prince Boateng,Sassuolo,F M S,13,945,4,4.002457401715219,1,0.6276749037206173,28,16,1,0,2,2.479859723709524,6.00001161172986,3.113731723278761
12735,1819,Kevin-Prince Boateng,AC Milan,M S,11,188,1,0.7197462506592274,0,0.5319612100720406,5,6,1,0,1,0.7197462506592274,1.322900900617242,0.13749510794878
