,id,player_name,team_title,position,games,time,goals,xG,assists,xA,shots,key_passes,yellow_cards,red_cards,npg,npxG,xGChain,xGBuildup
12586,3951,Kevin Bonifazi,Torino,D M S,6,405,0,0.0236753430217504,0,0.0,1,0,0,0,0,0.0236753430217504,0.255018251016736,0.231342913582921
12587,3951,Kevin Bonifazi,SPAL 2013,D S,27,2307,2,0.5537084424868226,1,0.2987035494297743,11,8,2,0,2,0.5537084424868226,5.461603045463562,5.2059136889874935
12588,3951,Kevin Bonifazi,Bologna,D S,9,541,0,0.2538853380829096,0,0.0,6,0,2,0,0,0.2538853380829096,1.1828666403889656,1.1828666403889656
12589,3951,Kevin Bonifazi,"SPAL 2013,Torino",D S,17,1445,2,1.235436324030161,0,0.1051436923444271,8,2,2,0,2,1.235436324030161,2.506223017349839,2.393923932686448
12590,3951,Kevin Bonifazi,Udinese,D S,30,2476,0,1.1904890853911638,0,0.1646861433982849,17,2,4,0,0,1.1904890853911638,4.658435334451497,4.517771773040295
