,id,player_name,team_title,position,games,time,goals,xG,assists,xA,shots,key_passes,yellow_cards,red_cards,npg,npxG,xGChain,xGBuildup
12789,1032,Kieran Dowell,Everton,M S,2,74,0,0.0,0,0.0511293485760688,0,1,0,0,0,0.0,0.0810423865914344,0.0810423865914344
12790,1032,Kieran Dowell,Norwich,F M S,6,234,0,0.1008975096046924,0,0.176185829564929,2,5,0,0,0,0.1008975096046924,0.4181640483438968,0.2419782225042581
