,id,player_name,team_title,position,games,time,goals,xG,assists,xA,shots,key_passes,yellow_cards,red_cards,npg,npxG,xGChain,xGBuildup
12798,8089,Kieran Tierney,Arsenal,D M S,15,996,1,0.2283624410629272,1,0.7536176852881908,6,6,2,0,1,0.2283624410629272,2.880771268159151,2.30980633944273
12799,8089,Kieran Tierney,Arsenal,D S,27,2305,1,0.386676630936563,3,3.823889254592359,15,31,4,0,1,0.386676630936563,8.635928904637694,5.608391160145402
12800,8089,Kieran Tierney,Arsenal,D,10,846,0,0.2665108684450388,2,0.7044869307428598,7,12,0,0,0,0.2665108684450388,1.843716211616993,1.255192548036575
