,id,player_name,team_title,position,games,time,goals,xG,assists,xA,shots,key_passes,yellow_cards,red_cards,npg,npxG,xGChain,xGBuildup
12815,5074,Kike García,Eibar,F M S,24,1540,7,4.044332064688206,1,0.9688069298863412,26,11,8,0,7,4.044332064688206,6.007769521325827,1.71120148524642
12816,5074,Kike García,Osasuna,F M S,16,1153,2,3.665242725983262,0,0.5788589008152485,28,11,0,0,1,2.921965146437288,4.725558560341597,1.422261567786336
12817,5074,Kike García,Eibar,F S,35,2471,8,9.74120358377695,1,0.7081013759598136,70,15,5,0,8,9.74120358377695,9.762911459431052,1.745675534941256
12818,5074,Kike García,Eibar,F S,30,1291,3,5.795347250066698,0,1.7424581125378609,43,14,0,0,3,5.795347250066698,9.687257844954727,2.962299693375826
12819,5074,Kike García,Eibar,F S,27,1776,5,5.886545926332474,1,1.0101773515343666,58,10,2,0,5,5.886545926332474,6.587799105793238,1.243654147721827
12820,5074,Kike García,Eibar,F S,37,3124,12,10.610245729796588,2,1.8997546173632145,87,25,2,1,12,10.610245729796588,14.646081464365125,4.451285116374493
