,id,player_name,team_title,position,games,time,goals,xG,assists,xA,shots,key_passes,yellow_cards,red_cards,npg,npxG,xGChain,xGBuildup
12834,5043,Kiko Femenía,Alaves,D S,31,2501,0,0.224246883764863,2,2.470851158723235,5,19,6,0,0,0.224246883764863,6.053758651018143,4.564567707479
12835,5043,Kiko Femenía,Watford,D S,28,2253,0,0.1220470396801829,0,1.2010111175477505,5,18,5,0,0,0.1220470396801829,3.48538937792182,2.782934683375061
12836,5043,Kiko Femenía,Watford,D M S,23,1722,1,0.2966680824756622,1,1.5297918561846018,9,18,2,0,1,0.2966680824756622,4.017039706930518,2.9259426537901163
12837,5043,Kiko Femenía,Watford,D,10,819,0,0.0155466487631201,2,1.0142814964056015,1,6,1,0,0,0.0155466487631201,1.7506521567702291,1.3283866867423058
12838,5043,Kiko Femenía,Watford,D M S,29,2034,1,0.4993315618485212,1,1.6402672734111547,6,13,1,0,1,0.4993315618485212,5.872225807979703,4.867890996858478
