,id,player_name,team_title,position,games,time,goals,xG,assists,xA,shots,key_passes,yellow_cards,red_cards,npg,npxG,xGChain,xGBuildup
12872,7865,Kirill Folmer,FC Rostov,D M S,13,429,0,0.4874687865376472,1,0.7659593038260937,8,7,1,0,0,0.4874687865376472,1.0969185177236795,0.4211061978712678
12873,7865,Kirill Folmer,"FC Rostov,FC Ufa",F M S,19,636,0,1.2450236100703478,0,1.014074770733714,12,15,2,0,0,1.2450236100703478,2.840852180495858,1.1563166081905365
