,id,player_name,team_title,position,games,time,goals,xG,assists,xA,shots,key_passes,yellow_cards,red_cards,npg,npxG,xGChain,xGBuildup
12890,9421,Kirill Kravtsov,Zenit St. Petersburg,S,9,131,0,0.3874805569648742,0,0.0112868649885058,3,1,0,0,0,0.3874805569648742,1.047765905968845,0.7149358559399843
12891,9421,Kirill Kravtsov,Zenit St. Petersburg,S,4,73,0,0.023046949878335,0,0.026913016103208,1,2,0,0,0,0.023046949878335,0.9143749326467514,0.900231808423996
