,id,player_name,team_title,position,games,time,goals,xG,assists,xA,shots,key_passes,yellow_cards,red_cards,npg,npxG,xGChain,xGBuildup
12921,159,Koen Casteels,Wolfsburg,GK,26,2340,0,0.0,0,0.0242991615086793,0,1,1,0,0,0.0,3.9164386279881,3.892139483243227
12922,159,Koen Casteels,Wolfsburg,GK,26,2299,0,0.0,0,0.0,0,0,0,0,0,0.0,3.319028293713928,3.319028293713928
12923,159,Koen Casteels,Wolfsburg,GK,13,1170,0,0.0,0,0.0,0,0,1,0,0,0.0,0.7840652987360954,0.7840652987360954
12924,159,Koen Casteels,Wolfsburg,GK,34,3060,0,0.0,0,0.0250388700515031,0,1,1,0,0,0.0,3.432577316649258,3.407538446597755
12925,159,Koen Casteels,Wolfsburg,GK,13,1170,0,0.0,0,0.0,0,0,0,0,0,0.0,0.4993074964731931,0.4993074964731931
12926,159,Koen Casteels,Wolfsburg,GK,32,2880,0,0.0,0,0.0,0,0,0,0,0,0.0,5.605607679113746,5.605607679113746
12927,159,Koen Casteels,Werder Bremen,GK,6,540,0,0.0,0,0.0,0,0,0,0,0,0.0,0.2170003578066826,0.2170003578066826
12928,159,Koen Casteels,Wolfsburg,GK,20,1800,0,0.0,0,0.0,0,0,3,0,0,0.0,1.8961949981749056,1.8961949981749056
