,id,player_name,team_title,position,games,time,goals,xG,assists,xA,shots,key_passes,yellow_cards,red_cards,npg,npxG,xGChain,xGBuildup
12959,6109,Konrad Laimer,RasenBallsport Leipzig,M S,11,390,1,0.8746261931955814,0,0.7475291546434164,5,6,0,0,1,0.8746261931955814,3.295251041650772,2.423626184463501
12960,6109,Konrad Laimer,RasenBallsport Leipzig,D M S,29,1875,1,2.744805722497404,1,2.741529416292906,14,20,7,0,1,2.744805722497404,7.996799050830305,4.615823243744671
12961,6109,Konrad Laimer,RasenBallsport Leipzig,D M S,22,1329,0,0.1996082048863172,2,2.0312008261680603,5,13,2,0,0,0.1996082048863172,5.195843018591404,4.705234747380018
12962,6109,Konrad Laimer,RasenBallsport Leipzig,D M S,29,2133,2,0.8008553870022297,6,2.372456084936857,10,14,6,1,2,0.8008553870022297,11.60296574793756,9.921734420582652
12963,6109,Konrad Laimer,RasenBallsport Leipzig,D S,3,82,0,0.1507572643458843,0,0.0,3,0,0,0,0,0.1507572643458843,0.1976056471467018,0.0468483828008174
