,id,player_name,team_title,position,games,time,goals,xG,assists,xA,shots,key_passes,yellow_cards,red_cards,npg,npxG,xGChain,xGBuildup
12979,6600,Konstantin Pliev,FC Rostov,M S,4,199,0,0.0216669309884309,0,0.0,1,0,1,0,0,0.0216669309884309,0.1836289539933204,0.161962017416954
12980,6600,Konstantin Pliev,FC Ufa,D,17,1530,0,0.1432084734551608,0,0.0507004996761679,6,3,8,0,0,0.1432084734551608,4.462688999250531,4.348578596487641
12981,6600,Konstantin Pliev,FC Rostov,S,1,21,0,0.0,0,0.0,0,0,0,0,0,0.0,0.0,0.0
12982,6600,Konstantin Pliev,FC Ufa,D S,16,1188,0,0.4998463788069784,1,0.2241203160956502,6,6,2,0,0,0.4998463788069784,1.3754706848412752,1.1806463170796633
12983,6600,Konstantin Pliev,Rubin Kazan,D S,12,991,0,0.0381783274933695,0,0.0249628871679306,2,1,4,0,0,0.0381783274933695,2.131224066950381,2.0680828541517258
