,id,player_name,team_title,position,games,time,goals,xG,assists,xA,shots,key_passes,yellow_cards,red_cards,npg,npxG,xGChain,xGBuildup
12969,5459,Konstantin Kuchaev,CSKA Moscow,D F M S,25,1410,0,1.6153630819171667,0,1.067920804023743,19,14,2,0,0,1.6153630819171667,6.572760485112667,4.3480470813810825
12970,5459,Konstantin Kuchaev,CSKA Moscow,S,2,7,0,0.0326491296291351,0,0.0,1,0,1,0,0,0.0326491296291351,0.1419340819120407,0.1092849522829055
12971,5459,Konstantin Kuchaev,CSKA Moscow,S,3,80,0,0.1164561174809932,0,0.3453674912452698,2,2,0,0,0,0.1164561174809932,0.5775009244680405,0.4610448256134987
12972,5459,Konstantin Kuchaev,CSKA Moscow,M S,21,1451,6,4.251942474395037,3,1.8058747332543128,27,23,1,0,6,4.251942474395037,8.530148450285196,3.5254193861037493
12973,5459,Konstantin Kuchaev,CSKA Moscow,D M S,21,863,0,0.5405008215457201,1,0.5210599824786186,10,14,3,1,0,0.5405008215457201,2.548220658674836,1.6932503199204805
12974,5459,Konstantin Kuchaev,CSKA Moscow,F M S,13,289,0,0.2210524715483188,0,0.0869482327252626,3,3,1,0,0,0.2210524715483188,1.8772827237844467,1.5692820772528648
