,id,player_name,team_title,position,games,time,goals,xG,assists,xA,shots,key_passes,yellow_cards,red_cards,npg,npxG,xGChain,xGBuildup
13016,6859,Kortney Hause,Aston Villa,D S,18,1541,1,2.8237674068659544,0,0.4907598346471786,20,2,3,0,1,2.8237674068659544,1.7359603326767683,1.7359603326767683
13017,6859,Kortney Hause,Aston Villa,D,7,630,1,1.3037527613341808,0,0.0,5,0,2,0,1,1.3037527613341808,1.804376021027565,1.804376021027565
13018,6859,Kortney Hause,Aston Villa,D S,4,263,1,0.0556268766522407,0,0.0,1,0,0,0,1,0.0556268766522407,0.6710757873952389,0.6710757873952389
