,id,player_name,team_title,position,games,time,goals,xG,assists,xA,shots,key_passes,yellow_cards,red_cards,npg,npxG,xGChain,xGBuildup
13021,1246,Kostas Manolas,Napoli,D S,26,2182,4,2.242912692949176,0,0.0481373192742466,17,2,2,0,4,2.242912692949176,7.329251889139414,7.267790023237467
13022,1246,Kostas Manolas,Roma,D S,37,3121,2,1.288322092033923,2,0.8210309948772192,15,7,7,0,2,1.288322092033923,9.13909529801458,8.99554172437638
13023,1246,Kostas Manolas,Roma,D S,33,2780,0,1.7928538527339697,2,0.4025862477719784,15,7,7,0,0,1.7928538527339697,10.62187602929771,10.55442743562162
13024,1246,Kostas Manolas,Roma,D,30,2612,0,0.3907390814274549,0,0.228023980744183,7,3,5,2,0,0.3907390814274549,6.35152156278491,6.23897946998477
13025,1246,Kostas Manolas,Napoli,D S,30,2306,0,0.9578737057745456,0,0.495961619541049,8,6,5,0,0,0.9578737057745456,11.149812195450068,10.697536587715147
13026,1246,Kostas Manolas,Roma,D S,29,2342,2,1.604572061449289,0,0.109862333163619,11,4,0,0,2,1.604572061449289,5.942571872845292,5.852744834497571
13027,1246,Kostas Manolas,Napoli,D S,4,312,0,0.0,0,0.0,0,0,1,0,0,0.0,0.6831304021179676,0.6831304021179676
13028,1246,Kostas Manolas,Roma,D,27,2331,1,1.5161225590854883,1,0.3694566115736961,14,3,6,0,1,1.5161225590854883,6.257757753133774,5.888301111757755
