,id,player_name,team_title,position,games,time,goals,xG,assists,xA,shots,key_passes,yellow_cards,red_cards,npg,npxG,xGChain,xGBuildup
13095,718,Kyle Naughton,Swansea,D S,27,1750,0,0.2736865691840648,3,2.0222133211791515,8,20,2,1,0,0.2736865691840648,6.259627676568925,4.39660363085568
13096,718,Kyle Naughton,Swansea,D,31,2722,1,0.5690797287970781,0,1.8282635556533933,20,23,5,0,1,0.5690797287970781,7.303804869763553,5.371926382184029
13097,718,Kyle Naughton,Swansea,D M,34,3037,0,0.3098699962720275,2,0.35734280385077,12,12,1,0,0,0.3098699962720275,4.03713845461607,3.56832773424685
13098,718,Kyle Naughton,"Swansea,Tottenham",D,15,1189,0,0.0408255141228437,1,0.3993145609274506,3,4,1,2,0,0.0408255141228437,2.425210810266435,2.3843852868303657
