,id,player_name,team_title,position,games,time,goals,xG,assists,xA,shots,key_passes,yellow_cards,red_cards,npg,npxG,xGChain,xGBuildup
13099,638,Kyle Walker,Tottenham,D M S,33,2710,0,0.6887413952499628,5,3.7017994644120336,19,39,8,0,0,0.6887413952499628,11.032235449180009,7.576489789411426
13100,638,Kyle Walker,Manchester City,D,12,1039,0,0.1458261273801326,1,1.1534556970000267,5,5,1,0,0,0.1458261273801326,6.092598006129265,5.132697761058807
13101,638,Kyle Walker,Manchester City,D M,32,2792,0,0.7181971846148372,6,4.840454870834947,13,30,2,1,0,0.7181971846148372,23.751928370445967,20.82832546159625
13102,638,Kyle Walker,Tottenham,D,15,1309,0,0.1556848529726266,0,0.9235878307372332,6,11,3,0,0,0.1556848529726266,3.9294675402343273,3.5314451679587364
13103,638,Kyle Walker,Tottenham,D,33,2947,1,0.8762906417250633,3,4.270706508308649,21,34,7,0,1,0.8762906417250633,12.140321791172028,9.31025804206729
13104,638,Kyle Walker,Manchester City,D S,33,2774,1,0.7318427348509431,1,1.9359683343209328,21,24,3,0,1,0.7318427348509431,18.51553739048541,17.58540461398661
13105,638,Kyle Walker,Manchester City,D S,24,1944,1,0.2044049063697457,1,0.4997862335294485,10,8,1,0,1,0.2044049063697457,10.604217860847712,10.206446424126623
13106,638,Kyle Walker,Manchester City,D S,29,2407,1,1.3122367281466722,4,1.930935388430953,14,19,5,0,1,1.3122367281466722,17.875287041068077,16.141078986227512
