,id,player_name,team_title,position,games,time,goals,xG,assists,xA,shots,key_passes,yellow_cards,red_cards,npg,npxG,xGChain,xGBuildup
13130,4740,Kévin Lejeune,Metz,M S,14,634,0,0.1314517986029386,0,0.5740598309785128,3,7,0,0,0,0.1314517986029386,0.7405457142740488,0.5220266841351986
13131,4740,Kévin Lejeune,Metz,D M S,32,2329,1,2.004723622463644,3,3.5607487340457737,27,34,5,0,1,1.2446285029873252,4.20822546351701,1.781879593618214
