,id,player_name,team_title,position,games,time,goals,xG,assists,xA,shots,key_passes,yellow_cards,red_cards,npg,npxG,xGChain,xGBuildup
13128,7776,Kévin Denkey,Nimes,F S,17,576,3,2.054118518717587,1,0.4604308120906353,20,5,1,0,3,2.054118518717587,2.4722811989486217,0.3477325327694416
13129,7776,Kévin Denkey,Nimes,F S,10,526,1,1.809588831849396,1,0.7031677886843681,18,6,3,0,1,1.809588831849396,2.323520313948393,0.1190719008445739
