,id,player_name,team_title,position,games,time,goals,xG,assists,xA,shots,key_passes,yellow_cards,red_cards,npg,npxG,xGChain,xGBuildup
13179,728,Lamine Koné,Sunderland,D,15,1318,2,2.4588020257651806,1,0.7516848929226398,10,5,0,0,2,2.4588020257651806,1.0659351255744696,1.021766996011138
13180,728,Lamine Koné,Strasbourg,D S,15,1046,1,0.9099115524441004,0,0.0263594295829534,8,1,3,0,1,0.9099115524441004,1.198852902278304,1.1428680047392843
13181,728,Lamine Koné,Sunderland,D S,30,2544,1,1.9712951928377151,0,0.5201871246099472,17,2,4,0,1,1.9712951928377151,1.0570583688095212,1.0570583688095212
13182,728,Lamine Koné,Strasbourg,D S,18,1470,1,0.690960731357336,0,0.4324516868218779,8,4,4,0,1,0.690960731357336,2.3161776959896088,2.1944616585969925
13183,728,Lamine Koné,Lorient,D S,18,1550,0,0.9713994096964598,0,0.0335807828232646,11,2,3,1,0,0.9713994096964598,2.958452941849828,2.7789736073464155
13184,728,Lamine Koné,Lorient,D,30,2700,1,0.8868598956614733,1,1.2585240006446838,19,7,4,0,1,0.8868598956614733,3.860749172978103,2.989949724636972
13185,728,Lamine Koné,Strasbourg,D S,27,2141,1,0.7010616958141327,1,0.8174275513738394,6,5,2,0,1,0.7010616958141327,2.2648247685283422,2.1836914643645287
