,id,player_name,team_title,position,games,time,goals,xG,assists,xA,shots,key_passes,yellow_cards,red_cards,npg,npxG,xGChain,xGBuildup
13186,3254,Lamine Sané,Werder Bremen,D S,11,788,1,0.7956328298896551,0,0.0,5,0,1,0,1,0.7956328298896551,0.6027071550488472,0.6027071550488472
13187,3254,Lamine Sané,Werder Bremen,D,27,2364,1,1.0763467382639649,1,0.604503283277154,6,2,3,0,1,1.0763467382639649,5.627349650487304,5.627349650487304
13188,3254,Lamine Sané,Bordeaux,D M S,13,928,0,0.1578723769634962,0,0.0704730190336704,3,2,4,1,0,0.1578723769634962,1.7763035632669926,1.7420789934694767
13189,3254,Lamine Sané,Bordeaux,D M S,23,1934,1,0.5291730668395758,1,1.239309037104249,10,4,0,1,1,0.5291730668395758,4.223056998103857,4.223056998103857
