,id,player_name,team_title,position,games,time,goals,xG,assists,xA,shots,key_passes,yellow_cards,red_cards,npg,npxG,xGChain,xGBuildup
13191,6102,Landry Dimata,Wolfsburg,F M S,21,899,0,1.437303951010108,1,0.2192043242976069,12,7,0,1,0,1.437303951010108,3.3998341355472803,2.036502690985799
13192,6102,Landry Dimata,Espanyol,F S,12,360,0,0.8127045277506113,0,0.4378620535135269,5,4,0,0,0,0.8127045277506113,0.7114082481712103,0.1110380291938781
