,id,player_name,team_title,position,games,time,goals,xG,assists,xA,shots,key_passes,yellow_cards,red_cards,npg,npxG,xGChain,xGBuildup
13219,3334,Lassana Coulibaly,Salernitana,M S,13,946,0,0.131659802980721,0,0.0511057199910283,7,3,1,0,0,0.131659802980721,0.8222794644534588,0.70570701174438
13220,3334,Lassana Coulibaly,Angers,M S,29,1677,1,0.8726849867962301,1,0.7526463195681572,14,7,4,1,1,0.8726849867962301,4.422250114381313,3.226287739351392
13221,3334,Lassana Coulibaly,SC Bastia,M S,15,705,1,0.5976974042132497,0,0.0646429732441902,11,4,1,0,1,0.5976974042132497,1.1012787418439984,0.9348678048700094
13222,3334,Lassana Coulibaly,SC Bastia,M S,29,2187,0,2.336001585237682,2,1.9053432699292896,35,19,4,0,0,2.336001585237682,6.031989876180887,3.194682160392404
13223,3334,Lassana Coulibaly,Angers,M S,20,843,1,0.9118901677429676,2,1.3546577356755731,15,11,1,0,1,0.9118901677429676,3.231587041169405,2.013461569324136
