,id,player_name,team_title,position,games,time,goals,xG,assists,xA,shots,key_passes,yellow_cards,red_cards,npg,npxG,xGChain,xGBuildup
13283,6168,Leandro Cabrera,Getafe,D S,9,722,0,0.6887384653091431,0,0.1216072998940944,2,2,3,0,0,0.6887384653091431,1.1330771781504154,1.0114698857069016
13284,6168,Leandro Cabrera,"Espanyol,Getafe",D,35,3064,2,2.1600230988115072,1,1.3231593212112784,11,9,5,0,2,2.1600230988115072,5.199478114023805,4.368986630812287
13285,6168,Leandro Cabrera,Getafe,D S,32,2791,2,2.45240121614188,0,0.5098111722618341,22,7,9,1,2,2.45240121614188,3.057687501423061,2.792038379237056
13286,6168,Leandro Cabrera,Crotone,D S,5,365,0,0.1063718535006046,0,0.0614100135862827,3,1,0,0,0,0.1063718535006046,0.177455510944128,0.1160454973578453
13287,6168,Leandro Cabrera,Espanyol,D,17,1530,1,0.6498314626514912,0,0.1150136701762676,11,3,3,0,1,0.6498314626514912,1.8487832434475424,1.6930072642862797
