,id,player_name,team_title,position,games,time,goals,xG,assists,xA,shots,key_passes,yellow_cards,red_cards,npg,npxG,xGChain,xGBuildup
13310,5800,Lebo Mothiba,Lille,F,14,1195,5,4.123105108737946,0,0.842904157936573,22,13,1,0,5,4.123105108737946,5.26521585509181,1.2337589981034398
13311,5800,Lebo Mothiba,Strasbourg,F S,21,1045,4,5.592848869040608,3,1.6470060870051384,28,10,0,0,4,5.592848869040608,8.072342338040471,1.4172462839633226
13312,5800,Lebo Mothiba,"Lille,Strasbourg",F S,35,2019,10,7.340777486562729,2,1.5650245249271393,36,17,3,0,9,6.5806823670864105,8.64788580313325,1.6830121092498302
