,id,player_name,team_title,position,games,time,goals,xG,assists,xA,shots,key_passes,yellow_cards,red_cards,npg,npxG,xGChain,xGBuildup
13319,1169,Ledian Memushaj,Benevento,F M S,17,1266,0,0.6536031300202012,0,0.6697274427860975,18,18,3,0,0,0.6536031300202012,2.887995144352317,1.9738726057112217
13320,1169,Ledian Memushaj,Pescara,M S,36,2969,1,3.651866940781474,3,3.473793363198638,53,40,3,0,1,2.12926927022636,12.540799614042044,10.27229081094265
