,id,player_name,team_title,position,games,time,goals,xG,assists,xA,shots,key_passes,yellow_cards,red_cards,npg,npxG,xGChain,xGBuildup
13339,588,Leighton Baines,Everton,D M,31,2775,2,2.9738168697804213,9,6.347046164795756,22,70,4,0,0,0.6903103794902563,9.676735237240791,6.834206357598305
13340,588,Leighton Baines,Everton,D S,18,1473,2,1.209373963996768,1,1.665165165439248,9,22,0,0,1,0.4482051189988851,4.167014757171273,2.980506246909499
13341,588,Leighton Baines,Everton,D S,8,399,0,0.0433603823184967,0,0.7610810864716768,1,7,0,0,0,0.0433603823184967,1.6776182129979134,1.6776182129979134
13342,588,Leighton Baines,Everton,D M,22,1911,2,2.07049282360822,3,2.2989348769187927,7,24,1,0,0,0.5481551485136151,4.415300065651536,3.6214978783391416
13343,588,Leighton Baines,Everton,D M,32,2827,2,2.750922109000385,3,2.6850184742361307,15,46,4,0,0,0.4674156112596392,12.140887406654656,10.553634878247976
13344,588,Leighton Baines,Everton,D S,6,375,0,0.0755816176533699,0,0.0834846068173646,2,4,0,0,0,0.0755816176533699,0.8094733078032732,0.7900802846997976
