,id,player_name,team_title,position,games,time,goals,xG,assists,xA,shots,key_passes,yellow_cards,red_cards,npg,npxG,xGChain,xGBuildup
13369,5164,Leo Suárez,Villarreal,S,1,27,0,0.0137590831145644,0,0.0,1,0,0,0,0,0.0137590831145644,0.0137590831145644,0.0
13370,5164,Leo Suárez,Villarreal,S,3,15,0,0.0641690716147422,0,0.0,1,0,0,0,0,0.0641690716147422,0.1212023496627807,0.0570332817733287
13371,5164,Leo Suárez,Real Valladolid,F M S,12,527,2,1.3314639879390595,0,0.3361933343112468,10,2,0,0,2,1.3314639879390595,2.7317377887666225,1.1930660493671894
