,id,player_name,team_title,position,games,time,goals,xG,assists,xA,shots,key_passes,yellow_cards,red_cards,npg,npxG,xGChain,xGBuildup
13384,830,Leon Britton,Swansea,M S,5,308,0,0.0,0,0.0,0,0,1,0,0,0.0,0.6893032044172287,0.6893032044172287
13385,830,Leon Britton,Swansea,M S,25,1532,0,0.1018132185563445,0,0.0973523128777742,5,4,4,0,0,0.1018132185563445,2.0542128793895245,1.961824694648385
13386,830,Leon Britton,Swansea,M S,9,541,0,0.0,0,0.0167416837066411,0,1,1,0,0,0.0,0.9559795260429382,0.9559795260429382
13387,830,Leon Britton,Swansea,M,16,1201,0,0.0,0,0.0622443743050098,0,2,3,0,0,0.0,2.623290315270424,2.607432797551155
