,id,player_name,team_title,position,games,time,goals,xG,assists,xA,shots,key_passes,yellow_cards,red_cards,npg,npxG,xGChain,xGBuildup
13374,5221,Leon Bailey,Bayer Leverkusen,D F M S,22,1098,5,4.441667875275016,3,2.539416640996933,29,21,0,2,5,4.441667875275016,7.952265860512853,2.3085094103589654
13375,5221,Leon Bailey,Bayer Leverkusen,F M S,30,2151,9,6.520497852936387,8,6.349183660000563,58,49,6,0,9,6.520497852936387,15.385590948164465,4.8026268891990185
13376,5221,Leon Bailey,Bayer Leverkusen,D M S,30,2224,9,8.006808292120695,6,6.39059797115624,76,63,2,0,9,8.006808292120695,16.83242752403021,6.4221835704520345
13377,5221,Leon Bailey,Bayer Leverkusen,F M S,29,1940,5,5.087038887664676,1,4.0920423194766045,56,46,4,0,5,5.087038887664676,11.00974546931684,4.180707693099976
13378,5221,Leon Bailey,Aston Villa,F M S,9,415,1,1.0645912438631058,2,0.2306462302803993,13,5,1,0,1,1.0645912438631058,1.3268155679106712,0.320594422519207
13379,5221,Leon Bailey,Bayer Leverkusen,S,8,128,0,0.1643214244395494,0,0.2242036405950784,6,3,1,0,0,0.1643214244395494,0.576549930498004,0.2093885894864797
