,id,player_name,team_title,position,games,time,goals,xG,assists,xA,shots,key_passes,yellow_cards,red_cards,npg,npxG,xGChain,xGBuildup
13409,7486,Leonardo Balerdi,Marseille,D M S,21,1638,2,3.0975059922784567,0,0.0260846111923456,13,1,6,1,2,3.0975059922784567,3.879349952563644,3.784850588068366
13410,7486,Leonardo Balerdi,Marseille,D S,11,768,0,0.0486111491918563,0,0.0362285934388637,1,1,4,1,0,0.0486111491918563,2.495311683043837,2.4590830709785223
13411,7486,Leonardo Balerdi,Borussia Dortmund,D S,7,125,0,0.0,0,0.0,0,0,1,0,0,0.0,0.1419421508908271,0.1419421508908271
