,id,player_name,team_title,position,games,time,goals,xG,assists,xA,shots,key_passes,yellow_cards,red_cards,npg,npxG,xGChain,xGBuildup
13406,891,Leon Osman,Everton,M S,21,1262,2,2.71707103215158,2,1.5407476089894772,28,16,0,0,2,2.71707103215158,6.00938605889678,3.7278637010604143
13407,891,Leon Osman,Everton,M S,9,206,0,0.1363626569509506,0,0.0,3,0,0,0,0,0.1363626569509506,0.2803062088787555,0.2045573592185974
