,id,player_name,team_title,position,games,time,goals,xG,assists,xA,shots,key_passes,yellow_cards,red_cards,npg,npxG,xGChain,xGBuildup
13460,711,Leroy Fer,Swansea,M S,11,758,0,0.2485557496547699,2,0.4633061569184065,5,8,2,0,0,0.2485557496547699,1.7984562423080206,1.4547819625586271
13461,711,Leroy Fer,Swansea,D M S,34,2393,6,5.205665294080973,2,1.055048357695341,36,18,9,0,6,5.205665294080973,7.079868838191032,4.929780047386885
13462,711,Leroy Fer,Swansea,M S,20,1399,1,1.6069238390773537,1,1.1950314734131098,12,10,5,0,1,1.6069238390773537,3.007642669603229,1.7274936065077782
13463,711,Leroy Fer,Queens Park Rangers,M S,29,2375,6,5.116700017824769,2,3.586207873187959,54,48,4,0,6,5.116700017824769,10.680140810087323,4.38906722702086
