,id,player_name,team_title,position,games,time,goals,xG,assists,xA,shots,key_passes,yellow_cards,red_cards,npg,npxG,xGChain,xGBuildup
13500,169,Lewis Holtby,Hamburger SV,M,34,2916,3,2.8854962531477213,2,4.145373750478029,32,44,4,0,3,2.8854962531477213,9.24617562443018,5.606675026938319
13501,169,Lewis Holtby,Hamburger SV,F M S,22,1585,0,0.947363967075944,2,2.3235780466347933,21,24,5,0,0,0.947363967075944,5.61488898191601,3.662242976948619
13502,169,Lewis Holtby,Tottenham,S,1,28,0,0.0457900911569595,0,0.0,1,0,0,0,0,0.0457900911569595,0.7009312510490417,0.6551411747932434
13503,169,Lewis Holtby,Hamburger SV,F M S,16,1199,6,3.401726965792477,0,0.8449737131595612,22,14,1,0,6,3.401726965792477,5.6347194612026215,2.061686109751463
13504,169,Lewis Holtby,Hamburger SV,M,29,2421,1,1.8933922126889229,6,4.15220205206424,28,33,4,1,1,1.8933922126889229,10.372500298544765,5.324925437569618
