,id,player_name,team_title,position,games,time,goals,xG,assists,xA,shots,key_passes,yellow_cards,red_cards,npg,npxG,xGChain,xGBuildup
13521,2465,Lillo,Sporting Gijon,D S,25,2139,0,0.1583689609542489,0,0.3685169257223606,5,8,6,1,0,0.1583689609542489,1.4783510696142912,1.1859448598697782
13522,2465,Lillo,Eibar,D S,31,2539,0,0.1945405565202236,0,0.141582584939897,9,6,14,0,0,0.1945405565202236,2.1745169600471854,1.87899255938828
13523,2465,Lillo,Eibar,D S,10,549,0,0.5365433618426323,0,0.1390264183282852,4,3,4,1,0,0.5365433618426323,1.2406690921634436,0.7049075961112976
13524,2465,Lillo,Osasuna,D S,4,194,0,0.0451359897851944,0,0.2450907528400421,1,1,2,0,0,0.0451359897851944,0.8245674669742584,0.5343407541513443
