,id,player_name,team_title,position,games,time,goals,xG,assists,xA,shots,key_passes,yellow_cards,red_cards,npg,npxG,xGChain,xGBuildup
13537,3628,Lionel Mathis,Guingamp,M S,20,1379,0,0.3582179863005876,1,0.1863281112164259,11,7,6,1,0,0.3582179863005876,2.591856881976128,2.341532114893198
13538,3628,Lionel Mathis,Guingamp,M S,31,2483,0,0.2857373934239149,0,0.8680086461827159,16,10,5,0,0,0.2857373934239149,4.581067762337625,4.328892922028899
