,id,player_name,team_title,position,games,time,goals,xG,assists,xA,shots,key_passes,yellow_cards,red_cards,npg,npxG,xGChain,xGBuildup
13560,8665,Loic Bade,Rennes,D S,9,619,0,0.1110666245222091,0,0.0522585250437259,3,1,1,1,0,0.1110666245222091,1.6314327418804169,1.5791742205619812
13561,8665,Loic Bade,Lens,D S,31,2610,0,0.7503432240337133,0,0.3773090904578566,11,7,9,1,0,0.7503432240337133,5.726263670250773,5.566164137795568
