,id,player_name,team_title,position,games,time,goals,xG,assists,xA,shots,key_passes,yellow_cards,red_cards,npg,npxG,xGChain,xGBuildup
13564,3689,Loic Perrin,Saint-Etienne,D S,28,2438,1,1.2305484768003223,0,0.1332592200487852,14,3,1,0,1,1.2305484768003223,7.262110671028495,7.246110271662474
13565,3689,Loic Perrin,Saint-Etienne,D,24,2106,3,2.800547506660223,1,0.487984755076468,15,5,0,1,3,2.800547506660223,4.515905615873635,3.51353729236871
13566,3689,Loic Perrin,Saint-Etienne,D S,21,1719,0,0.6053103609010577,0,0.1550293527543544,5,4,5,0,0,0.6053103609010577,1.3435377134010196,1.1791360219940543
13567,3689,Loic Perrin,Saint-Etienne,D,28,2467,0,0.6098410300910473,1,0.7209257623180747,12,7,3,0,0,0.6098410300910473,5.3106134459376335,5.042388316243887
13568,3689,Loic Perrin,Saint-Etienne,D,31,2706,1,0.7091412674635649,1,0.8075545765459538,13,9,2,0,1,0.7091412674635649,6.809899860993028,6.616890849545598
13569,3689,Loic Perrin,Saint-Etienne,D S,27,2245,4,3.848728015087545,1,0.5463027209043503,22,5,1,0,4,3.848728015087545,5.0126417661085725,5.0126417661085725
