,id,player_name,team_title,position,games,time,goals,xG,assists,xA,shots,key_passes,yellow_cards,red_cards,npg,npxG,xGChain,xGBuildup
13596,1356,Lorenzo Crisetig,Crotone,M S,32,2541,0,0.3501232471317053,1,1.4188922671601176,14,29,11,1,0,0.3501232471317053,4.699046120978892,3.718314489349723
13597,1356,Lorenzo Crisetig,Frosinone,M S,8,508,0,0.0,0,0.0487071201205253,0,1,3,0,0,0.0,0.628746896982193,0.5800397843122482
13598,1356,Lorenzo Crisetig,Bologna,M S,8,555,0,0.0083038220182061,0,0.0,1,0,4,0,0,0.0083038220182061,0.8362626768648624,0.8279588557779789
13599,1356,Lorenzo Crisetig,Bologna,M S,5,355,0,0.0109977750107645,0,0.0277012567967176,1,2,1,0,0,0.0109977750107645,0.1043757246807217,0.0933779487386345
13600,1356,Lorenzo Crisetig,Cagliari,M S,28,2234,0,0.3242994314059615,1,1.0368886003270743,11,20,8,0,0,0.3242994314059615,6.781792255118489,6.362069279886782
