,id,player_name,team_title,position,games,time,goals,xG,assists,xA,shots,key_passes,yellow_cards,red_cards,npg,npxG,xGChain,xGBuildup
13634,1471,Lorenzo Pellegrini,Roma,S,1,23,0,0.0159125905483961,0,0.0,1,0,0,0,0,0.0159125905483961,0.0880973488092422,0.0880973488092422
13635,1471,Lorenzo Pellegrini,Roma,M,13,1091,5,3.286309774965048,2,4.233458457514644,44,40,2,1,5,3.286309774965048,7.542441099882126,3.08267130702734
13636,1471,Lorenzo Pellegrini,Roma,M S,28,1822,3,2.7556711677461863,4,4.054440658539534,39,45,2,1,3,2.7556711677461863,9.0229503903538,5.139065373688936
13637,1471,Lorenzo Pellegrini,Roma,M S,27,2138,2,4.581967281643301,9,8.632246678695083,58,65,6,1,2,4.581967281643301,16.341958893463016,9.022965924814343
13638,1471,Lorenzo Pellegrini,Sassuolo,M S,19,1152,3,2.0504025537520647,0,0.5797337517142296,23,16,4,1,3,2.0504025537520647,4.712266955524683,2.5865459721535444
13639,1471,Lorenzo Pellegrini,Roma,M S,34,2623,7,6.706333101727068,6,7.675146299414337,70,65,10,0,6,5.945034273900092,17.720130121335387,9.433373734354973
13640,1471,Lorenzo Pellegrini,Sassuolo,M S,28,1958,6,4.667504443787038,6,3.2715913746505976,46,26,7,1,5,3.906205631792545,8.371206233277917,5.016419215127826
13641,1471,Lorenzo Pellegrini,Roma,M S,25,1829,3,4.447522757574916,3,4.801432851701975,43,58,6,0,3,4.447522757574916,12.152802754193544,6.615513861179352
