,id,player_name,team_title,position,games,time,goals,xG,assists,xA,shots,key_passes,yellow_cards,red_cards,npg,npxG,xGChain,xGBuildup
13601,1193,Lorenzo De Silvestri,Sampdoria,D,33,2937,4,2.3385790530592203,3,1.689563199877739,16,19,8,0,4,2.3385790530592203,8.227752717211843,7.3107193652540445
13602,1193,Lorenzo De Silvestri,Torino,D S,16,1257,1,0.6061918325722218,4,1.183997344225645,4,8,1,0,1,0.6061918325722218,3.5563787557184696,2.524473506957293
13603,1193,Lorenzo De Silvestri,Torino,D M S,29,2268,0,2.4785346053540707,0,1.6061811363324523,22,19,2,0,0,2.4785346053540707,6.279890151694417,3.1218589805066586
13604,1193,Lorenzo De Silvestri,Torino,D M S,32,2443,2,2.533272199332714,4,2.7334716180339456,29,29,2,0,2,2.533272199332714,6.639139147475362,2.485157011076808
13605,1193,Lorenzo De Silvestri,Torino,D M,35,2969,5,2.633745812810957,4,1.9276456963270905,23,16,3,1,5,2.633745812810957,8.042820298112929,5.443420629948378
13606,1193,Lorenzo De Silvestri,Sampdoria,D M,17,1397,1,2.1270765382796526,2,0.6905142962932587,12,12,4,0,1,2.1270765382796526,1.925621995702386,0.8929501045495272
13607,1193,Lorenzo De Silvestri,Bologna,D S,15,1180,3,1.447293058037758,1,0.8931711241602898,8,12,3,0,3,1.447293058037758,2.986041124910116,1.7495880629867315
13608,1193,Lorenzo De Silvestri,Bologna,D S,29,2160,2,2.058621007949114,0,0.7418602285906672,11,13,4,0,2,2.058621007949114,6.3160657081753016,5.46388547308743
