,id,player_name,team_title,position,games,time,goals,xG,assists,xA,shots,key_passes,yellow_cards,red_cards,npg,npxG,xGChain,xGBuildup
13616,1393,Lorenzo Insigne,Napoli,M S,20,1058,2,4.300668630748987,3,3.913240445777774,43,34,0,0,2,3.53936979547143,9.302804877981544,3.4607097944244742
13617,1393,Lorenzo Insigne,Napoli,F M S,28,2081,10,10.424117786809802,6,5.122348241508007,120,64,6,1,9,8.901560051366687,19.246918447315693,7.503334891051054
13618,1393,Lorenzo Insigne,Napoli,F M S,37,2639,12,9.908442457206547,10,9.11415692884475,134,65,2,0,10,8.385844831354916,23.265476390719414,8.545032993424684
13619,1393,Lorenzo Insigne,Napoli,F M S,35,2888,19,17.34749484434724,7,9.122002026066184,144,63,2,1,12,11.257104076445104,27.064160227775574,12.54643751308322
13620,1393,Lorenzo Insigne,Napoli,F M S,37,2852,8,13.023432699032128,6,7.668637396767735,120,85,1,0,3,9.216978487558665,22.409113943576813,11.923517782241106
13621,1393,Lorenzo Insigne,Napoli,F M S,15,1128,4,8.440840348601341,5,3.516938153654337,53,32,0,0,0,3.111828401684761,8.281250774860382,3.429767981171608
13622,1393,Lorenzo Insigne,Napoli,F S,37,3115,8,14.667035412043331,11,12.84046172350645,177,103,4,0,7,13.90573663637042,32.68386163562536,14.485567647963762
13623,1393,Lorenzo Insigne,Napoli,F S,37,2946,18,14.799433965235949,9,7.879277715459466,147,66,2,0,16,13.276836339384316,33.14796829968691,18.72935381531716
