,id,player_name,team_title,position,games,time,goals,xG,assists,xA,shots,key_passes,yellow_cards,red_cards,npg,npxG,xGChain,xGBuildup
13679,7011,Lovro Bizjak,FC Ufa,F M S,7,273,1,1.143903937190771,1,0.6893562246114016,6,5,0,0,0,0.3896321319043636,1.1100050546228886,0.1387797519564628
13680,7011,Lovro Bizjak,FC Ufa,F S,20,865,2,1.5026690755039454,1,0.5630568191409111,18,6,3,0,2,1.5026690755039454,2.229383111000061,0.3721181293949485
13681,7011,Lovro Bizjak,FC Ufa,F S,25,1421,2,3.3481260277330875,1,0.8635544730350375,20,15,3,0,1,2.5938507057726383,3.7731223246082655,0.6404101829975843
