,id,player_name,team_title,position,games,time,goals,xG,assists,xA,shots,key_passes,yellow_cards,red_cards,npg,npxG,xGChain,xGBuildup
13686,690,Loïc Remy,Lille,F S,26,1221,7,6.315738379955292,2,0.7223418243229389,34,8,3,0,6,4.7955480962991714,6.991372160613537,2.2577119432389736
13687,690,Loïc Remy,Chelsea,F S,13,269,1,2.083794981241226,0,0.1587666319683194,13,4,0,0,1,2.083794981241226,2.4009386422112584,0.158377006649971
13688,690,Loïc Remy,Crystal Palace,F S,5,121,0,0.3525539040565491,0,0.0815501436591148,6,2,0,0,0,0.3525539040565491,0.4341040477156639,0.0410031974315643
13689,690,Loïc Remy,Lille,F S,20,965,7,4.66776080057025,0,0.4187605753540993,28,8,2,0,7,4.66776080057025,7.155956204980612,2.6612490713596344
13690,690,Loïc Remy,"Chelsea,Queens Park Rangers",F M S,21,839,7,4.655208880081773,0,0.6052638720721006,37,6,0,0,7,4.655208880081773,5.653262756764889,1.6453860998153689
13691,690,Loïc Remy,"Getafe,Las Palmas",F M S,23,1217,8,5.691929005086422,0,0.1216378007084131,42,5,3,1,7,4.94865133613348,5.975566234439611,1.8602693574503064
