,id,player_name,team_title,position,games,time,goals,xG,assists,xA,shots,key_passes,yellow_cards,red_cards,npg,npxG,xGChain,xGBuildup
13937,7050,Lucas Torr贸,Eintracht Frankfurt,M S,7,332,0,0.1145893670618534,0,0.0302143162116408,6,2,3,1,0,0.1145893670618534,0.5661072954535484,0.4987268038094044
13938,7050,Lucas Torr贸,Eintracht Frankfurt,M S,8,561,0,0.1708183828741312,0,0.0646818652749061,5,2,1,0,0,0.1708183828741312,1.648636071011424,1.5526502095162868
13939,7050,Lucas Torr贸,Osasuna,M S,25,1535,0,1.62759212218225,1,0.33477483689785,17,6,4,0,0,1.62759212218225,6.100068096071482,4.935087643563747
13940,7050,Lucas Torr贸,Osasuna,M,14,1205,1,0.8849980533123016,0,0.1553489807993173,17,4,6,0,1,0.8849980533123016,2.3520475178956985,1.437914052978158
