,id,player_name,team_title,position,games,time,goals,xG,assists,xA,shots,key_passes,yellow_cards,red_cards,npg,npxG,xGChain,xGBuildup
13876,5713,Lucas Lima,Nantes,D F M S,31,2489,0,0.8514251969754696,4,5.345588622614741,21,48,6,0,0,0.8514251969754696,7.462494481354952,5.081584123894572
13877,5713,Lucas Lima,Nantes,D,38,3382,1,2.3748203334398568,2,6.624214101582766,22,65,4,1,0,0.85463009448722,8.033930918201804,5.808267647400498
13878,5713,Lucas Lima,Nantes,D F M,3,270,0,0.0990784876048564,0,0.1637770198285579,4,5,0,0,0,0.0990784876048564,0.3998997211456299,0.3534899465739727
13879,5713,Lucas Lima,Nantes,D M S,33,2664,2,1.157473413273692,3,5.140231056138873,31,52,3,0,2,1.157473413273692,7.789934629574418,5.943143265321851
