,id,player_name,team_title,position,games,time,goals,xG,assists,xA,shots,key_passes,yellow_cards,red_cards,npg,npxG,xGChain,xGBuildup
13928,3392,Lucas Silva,Real Madrid,M S,8,338,0,0.0703386198729276,0,0.0078511675819754,3,1,0,0,0,0.0703386198729276,2.509941168129444,2.466588987968862
13929,3392,Lucas Silva,Marseille,M S,22,1038,0,0.4369360934942961,0,0.6404741555452347,12,9,2,0,0,0.4369360934942961,3.6200271788984537,3.116834856569767
