,id,player_name,team_title,position,games,time,goals,xG,assists,xA,shots,key_passes,yellow_cards,red_cards,npg,npxG,xGChain,xGBuildup
13760,8401,Luca Netz,Hertha Berlin,D S,11,288,1,0.3940618634223938,0,0.098892867565155,2,2,0,0,1,0.3940618634223938,1.049364447593689,0.620202898979187
13761,8401,Luca Netz,Borussia M.Gladbach,D M S,10,485,0,0.5169201102107763,1,0.6711308881640434,9,5,1,0,0,0.5169201102107763,1.266386218369007,0.4668381847441196
