,id,player_name,team_title,position,games,time,goals,xG,assists,xA,shots,key_passes,yellow_cards,red_cards,npg,npxG,xGChain,xGBuildup
13740,4010,Luca Garritano,Cesena,M S,6,104,0,0.0206809602677822,0,0.2006955966353416,1,2,1,0,0,0.0206809602677822,0.3050749488174915,0.1439046487212181
13741,4010,Luca Garritano,Chievo,S,11,168,0,0.0900075500831008,0,0.0288966633379459,4,2,0,0,0,0.0900075500831008,1.1728528356179595,1.1143232733011246
