,id,player_name,team_title,position,games,time,goals,xG,assists,xA,shots,key_passes,yellow_cards,red_cards,npg,npxG,xGChain,xGBuildup
13706,1590,Luca Antonelli,Empoli,D S,13,766,0,0.2784828674048185,1,0.6752980686724186,5,7,1,0,0,0.2784828674048185,2.365117792971432,1.584819939918816
13707,1590,Luca Antonelli,AC Milan,D S,28,2333,3,2.0964654674753547,1,1.589682050049305,19,17,2,0,3,2.0964654674753547,5.134560188278556,4.295593554154038
13708,1590,Luca Antonelli,AC Milan,D S,7,311,0,0.6815892308950424,0,0.1362366061657667,3,2,1,0,0,0.6815892308950424,1.8190841116011145,1.121012881398201
13709,1590,Luca Antonelli,"AC Milan,Genoa",D M S,31,2698,4,3.133779709227383,1,2.353432420641184,18,26,6,0,4,3.133779709227383,5.891205314546824,4.226663108915091
13710,1590,Luca Antonelli,AC Milan,D S,6,134,0,0.0,0,0.029830377548933,0,1,1,0,0,0.0,0.2209310010075569,0.1911006215959787
