,id,player_name,team_title,position,games,time,goals,xG,assists,xA,shots,key_passes,yellow_cards,red_cards,npg,npxG,xGChain,xGBuildup
13835,3740,Lucas Deaux,Guingamp,M S,18,1205,3,1.852207846939564,1,1.5651781372725964,18,14,4,0,3,1.852207846939564,4.913188518956304,2.7500294614583254
13836,3740,Lucas Deaux,Nantes,D M S,34,2100,0,0.6895576566457748,0,1.9635433331131933,14,19,6,0,0,0.6895576566457748,5.623692687600851,3.957215054892004
13837,3740,Lucas Deaux,Nimes,D M S,25,1760,1,0.8481905981898308,2,1.4969380358234048,12,19,4,1,1,0.8481905981898308,5.812645723111928,4.060381535440683
13838,3740,Lucas Deaux,Nantes,D M S,16,1182,0,0.2120125517249107,0,0.3157425038516521,2,4,3,0,0,0.2120125517249107,2.903724971227348,2.6411472214385867
13839,3740,Lucas Deaux,Guingamp,M S,26,1960,2,1.8662759447470307,1,1.7681388407945633,18,15,6,1,2,1.8662759447470307,4.9527746587991714,3.2139762612059712
13840,3740,Lucas Deaux,Nimes,M S,17,1356,2,1.406135307624936,1,1.162290059030056,15,15,2,0,2,1.406135307624936,4.2298473715782166,3.030043939128518
13841,3740,Lucas Deaux,Guingamp,M S,38,3091,2,2.536745127290488,5,2.322528758086264,20,24,4,0,2,2.536745127290488,11.400399075821042,8.033626040443778
