,id,player_name,team_title,position,games,time,goals,xG,assists,xA,shots,key_passes,yellow_cards,red_cards,npg,npxG,xGChain,xGBuildup
13842,1823,Lucas Digne,Roma,D M S,33,2857,3,1.1803679624572396,3,2.908222599886358,15,27,4,0,3,1.1803679624572396,10.825067721307278,8.282161924988031
13843,1823,Lucas Digne,Paris Saint Germain,D S,15,1270,0,0.2980751115828752,1,1.540153358131647,5,8,1,0,0,0.2980751115828752,5.671459965407848,4.734026677906513
13844,1823,Lucas Digne,Everton,D S,35,2968,4,1.199989851564169,4,7.7085179118439555,34,71,5,1,4,1.199989851564169,9.515081945806742,5.53166626021266
13845,1823,Lucas Digne,Everton,D,13,1170,0,0.3633154239505529,0,1.6304684039205313,9,22,4,0,0,0.3633154239505529,2.9742808379232883,2.346952363848686
13846,1823,Lucas Digne,Everton,D M,35,3044,0,1.2571891993284223,7,6.39002903457731,29,72,6,0,0,1.2571891993284223,8.197329143062234,5.13240235671401
13847,1823,Lucas Digne,Everton,D M,30,2683,0,0.4640431152656674,7,5.960716728121042,13,45,2,1,0,0.4640431152656674,10.744329296052456,6.58903606235981
13848,1823,Lucas Digne,Barcelona,D S,12,702,0,0.3250336199998855,2,1.7537751495838163,2,6,2,0,0,0.3250336199998855,4.906435042619705,2.918456308543682
13849,1823,Lucas Digne,Barcelona,D M S,17,1177,0,0.574274362064898,0,0.9306234885007144,5,10,3,0,0,0.574274362064898,6.96128249168396,6.098520711064339
