,id,player_name,team_title,position,games,time,goals,xG,assists,xA,shots,key_passes,yellow_cards,red_cards,npg,npxG,xGChain,xGBuildup
13719,1550,Luca Ceppitelli,Cagliari,D S,13,926,1,0.1886935867369175,1,0.0802613496780395,4,1,1,0,1,0.1886935867369175,2.717920195311308,2.6172496043145657
13720,1550,Luca Ceppitelli,Cagliari,D S,19,1474,0,0.5031195217743516,0,0.0674703866243362,7,2,3,0,0,0.5031195217743516,3.815782197751105,3.798688490875065
13721,1550,Luca Ceppitelli,Cagliari,D S,16,1252,2,0.7317296080291271,0,0.0548619367182254,5,2,5,0,2,0.7317296080291271,2.552104828879237,2.508137730881572
13722,1550,Luca Ceppitelli,Cagliari,D S,27,2232,3,1.343597300350666,0,0.9034987734630704,12,8,7,0,3,1.343597300350666,2.389423595741391,2.3196610677987337
13723,1550,Luca Ceppitelli,Cagliari,D,24,2053,1,2.710087686777115,1,0.9057401902973652,15,2,6,2,1,2.710087686777115,2.0897269155830145,2.067962680011988
13724,1550,Luca Ceppitelli,Cagliari,D,19,1691,0,0.4043461689725518,0,0.1505266791209578,7,2,5,0,0,0.4043461689725518,0.8421964449808002,0.8214895315468311
13725,1550,Luca Ceppitelli,Cagliari,D S,25,1971,0,2.337265224196017,0,0.016753114759922,15,1,7,0,0,2.337265224196017,2.307080138474703,2.290327023714781
