,id,player_name,team_title,position,games,time,goals,xG,assists,xA,shots,key_passes,yellow_cards,red_cards,npg,npxG,xGChain,xGBuildup
13894,1109,Lucas Ocampos,Marseille,D F M S,34,2722,4,5.957853744737804,7,3.9272216837853193,62,31,11,0,4,5.957853744737804,9.83610973879695,3.7436230340972543
13895,1109,Lucas Ocampos,Sevilla,F M S,33,2775,14,12.395092755556108,3,3.778462126851082,85,24,8,1,9,8.678960492834449,15.106647791340947,5.2163168508559465
13896,1109,Lucas Ocampos,Sevilla,F M S,34,2658,5,10.77704114280641,4,6.153059674426913,69,33,3,0,1,7.060653023421764,14.068594375625253,5.127791902050376
13897,1109,Lucas Ocampos,"AC Milan,Genoa",F M S,26,1386,3,3.559753067791462,1,1.165894856676459,43,13,5,0,2,2.7984941825270653,5.56038629449904,2.528580375947058
13898,1109,Lucas Ocampos,Marseille,M S,31,2038,9,12.010225114412606,3,2.961525641381741,62,24,6,1,9,12.010225114412606,16.693998537026346,4.700460131280124
13899,1109,Lucas Ocampos,Sevilla,F S,12,794,3,3.4513854812830687,1,0.4800509717315435,20,9,3,0,3,3.4513854812830687,5.650857711210847,2.473186133429408
13900,1109,Lucas Ocampos,Marseille,F M S,17,756,1,2.010080307722092,1,0.6663108300417662,22,7,0,0,1,2.010080307722092,3.625179210677743,1.7893976420164108
13901,1109,Lucas Ocampos,"Marseille,Monaco",F M S,28,1008,3,2.8098890744149685,1,2.029924526810646,28,13,3,0,3,2.8098890744149685,5.519432961940765,1.4167650621384382
