,id,player_name,team_title,position,games,time,goals,xG,assists,xA,shots,key_passes,yellow_cards,red_cards,npg,npxG,xGChain,xGBuildup
13908,7365,Lucas Paquet치,Lyon,M S,30,2303,9,7.577049368992448,5,6.4073191694915295,55,44,4,1,9,7.577049368992448,22.92457516118884,11.420266879722476
13909,7365,Lucas Paquet치,AC Milan,M S,24,1090,0,1.9854493830353024,1,1.6612932626158,33,18,7,0,0,1.9854493830353024,6.497050344944,3.660880420356989
13910,7365,Lucas Paquet치,Lyon,F M S,16,1174,6,6.553676042705774,3,1.567603413015604,48,20,3,0,5,5.793580900877714,10.730632476508616,4.5545804388821125
13911,7365,Lucas Paquet치,AC Milan,M S,13,861,1,1.388939617201686,1,0.8286341074854136,13,9,5,1,1,1.388939617201686,3.681381279602647,1.5189652489498258
