,id,player_name,team_title,position,games,time,goals,xG,assists,xA,shots,key_passes,yellow_cards,red_cards,npg,npxG,xGChain,xGBuildup
13758,6181,Luca Mora,SPAL 2013,M S,17,939,0,0.1448886785656213,0,0.3521886393427849,5,6,5,0,0,0.1448886785656213,1.4328122530132532,1.0769843943417072
13759,6181,Luca Mora,Spezia,M S,4,101,0,0.0999052375555038,0,0.0,1,0,0,0,0,0.0999052375555038,0.135778047144413,0.0358728095889091
