,id,player_name,team_title,position,games,time,goals,xG,assists,xA,shots,key_passes,yellow_cards,red_cards,npg,npxG,xGChain,xGBuildup
13968,6905,Ludovic Ajorque,Strasbourg,F S,17,1361,9,7.693595558404922,5,2.7715357914567,32,19,4,1,7,6.173405263572931,10.48671531677246,2.482145939022302
13969,6905,Ludovic Ajorque,Strasbourg,F S,25,1541,9,5.792472082190216,1,1.085089820437133,46,14,5,0,9,5.792472082190216,5.93314578011632,1.3923133872449398
13970,6905,Ludovic Ajorque,Strasbourg,F S,26,2082,8,6.459730660542846,4,3.36054115369916,50,16,3,0,7,5.699635526165366,10.182373628020288,2.230295969173312
13971,6905,Ludovic Ajorque,Strasbourg,F S,35,2983,16,15.859640166163445,4,3.360380738042295,69,35,5,0,12,12.059164315462112,16.349550460465252,1.860937346704304
