,id,player_name,team_title,position,games,time,goals,xG,assists,xA,shots,key_passes,yellow_cards,red_cards,npg,npxG,xGChain,xGBuildup
13979,3475,Ludovic Blas,Guingamp,M S,31,1779,3,3.156822469085455,2,1.204922717064619,38,19,2,1,3,3.156822469085455,6.751592133194208,3.0925466660410166
13980,3475,Ludovic Blas,Guingamp,F M S,34,2381,1,2.2581210182979703,6,2.964381728321314,42,19,5,0,0,1.498025898821652,7.326306037604809,4.926166261546314
13981,3475,Ludovic Blas,Nantes,F M S,24,1872,5,3.8337464425712815,1,1.4963347176089885,46,24,0,0,5,3.8337464425712815,7.404101235792041,3.1373724779114127
13982,3475,Ludovic Blas,Guingamp,M S,24,1140,1,2.4280991964042187,1,0.8819841295480728,30,7,5,0,1,2.4280991964042187,3.4956690799444914,1.0871270466595888
13983,3475,Ludovic Blas,Nantes,F M,17,1498,7,5.30109978467226,1,2.2760859578847885,42,20,5,0,5,3.780909486114979,8.316813733428717,2.6701109893620014
13984,3475,Ludovic Blas,Nantes,F M S,36,2824,10,7.886077870614827,4,3.4960444178432226,71,29,5,0,10,7.886077870614827,13.177060053683816,2.723913975059986
13985,3475,Ludovic Blas,Guingamp,M S,14,634,1,0.8238729611039162,2,1.3857983415946364,11,8,1,0,1,0.8238729611039162,2.747344987466932,1.8429330363869667
