,id,player_name,team_title,position,games,time,goals,xG,assists,xA,shots,key_passes,yellow_cards,red_cards,npg,npxG,xGChain,xGBuildup
13986,3744,Ludovic Butelle,Angers,GK,19,1652,0,0.0,0,0.0,0,0,0,0,0,0.0,0.6833570469170809,0.6833570469170809
13987,3744,Ludovic Butelle,Angers,GK,19,1710,0,0.0,0,0.0,0,0,0,0,0,0.0,0.8357758745551109,0.8357758745551109
13988,3744,Ludovic Butelle,Angers,GK,36,3240,0,0.0575910471379756,0,0.0430529676377773,1,1,1,1,0,0.0575910471379756,3.3952958900481462,3.3522429186850786
13989,3744,Ludovic Butelle,Angers,GK,26,2340,0,0.0,0,0.058819942176342,0,1,0,0,0,0.0,0.661228584125638,0.6024086456745863
