,id,player_name,team_title,position,games,time,goals,xG,assists,xA,shots,key_passes,yellow_cards,red_cards,npg,npxG,xGChain,xGBuildup
13998,1392,Luigi Sepe,Parma Calcio 1913,GK,36,3240,0,0.0,0,0.0,0,0,0,0,0,0.0,5.422757167369127,5.422757167369127
13999,1392,Luigi Sepe,Napoli,GK,1,90,0,0.0,0,0.0,0,0,0,0,0,0.0,0.1164176911115646,0.1164176911115646
14000,1392,Luigi Sepe,Parma Calcio 1913,GK,34,3060,0,0.0,0,0.8280180860310793,0,2,1,0,0,0.0,4.301627617329359,3.47360946983099
14001,1392,Luigi Sepe,Parma Calcio 1913,GK,37,3330,0,0.0,0,0.05685256421566,0,1,1,0,0,0.0,3.483144977129996,3.426292412914336
14002,1392,Luigi Sepe,Empoli,GK,31,2790,0,0.0,0,0.0,0,0,0,0,0,0.0,0.9052369240671396,0.9052369240671396
