,id,player_name,team_title,position,games,time,goals,xG,assists,xA,shots,key_passes,yellow_cards,red_cards,npg,npxG,xGChain,xGBuildup
14168,62,Lukas Rupp,Norwich,M S,12,701,0,0.8557931073009968,0,0.7755274809896946,4,8,1,0,0,0.8557931073009968,2.554830967448652,0.9235103661194444
14169,62,Lukas Rupp,Paderborn,F M S,31,2010,4,2.5873669274151325,1,2.2077020849101245,32,30,3,0,4,2.5873669274151325,6.888413705863059,2.8806386226788163
14170,62,Lukas Rupp,Hoffenheim,M S,7,344,0,0.1808772124350071,0,0.0823670402169227,5,1,0,0,0,0.1808772124350071,1.1466840766370296,0.9219707399606704
14171,62,Lukas Rupp,Hoffenheim,M S,14,791,2,2.186164312064648,1,1.6622160263359549,16,11,2,0,2,2.186164312064648,5.868729222565889,3.127480935305357
14172,62,Lukas Rupp,VfB Stuttgart,M S,29,2107,5,4.724890563637018,4,4.9277518428862095,39,38,4,0,5,4.724890563637018,12.712119104340672,6.495932323858142
14173,62,Lukas Rupp,Norwich,M S,10,466,0,0.4285062281414866,0,1.2350856140255928,11,8,0,0,0,0.4285062281414866,2.236474161967635,1.3101458717137575
14174,62,Lukas Rupp,Hoffenheim,S,1,23,0,0.0,0,0.0249583441764116,0,1,0,0,0,0.0,0.0249583441764116,0.0
14175,62,Lukas Rupp,Hoffenheim,M S,21,1175,3,2.2015636824071407,2,2.139582082629204,16,17,1,0,3,2.2015636824071407,7.503289546817541,3.463456742465496
