,id,player_name,team_title,position,games,time,goals,xG,assists,xA,shots,key_passes,yellow_cards,red_cards,npg,npxG,xGChain,xGBuildup
14176,706,Lukasz Fabianski,Swansea,GK,37,3330,0,0.0,0,0.0,0,0,1,0,0,0.0,2.2043410488404334,2.2043410488404334
14177,706,Lukasz Fabianski,Swansea,GK,37,3330,0,0.0186776593327522,1,0.1067896392196416,1,2,1,0,0,0.0186776593327522,3.3960410114377737,3.289251372218132
14178,706,Lukasz Fabianski,Swansea,GK,37,3310,0,0.0,0,0.0,0,0,0,1,0,0.0,5.364477230701596,5.364477230701596
14179,706,Lukasz Fabianski,West Ham,GK,35,3150,0,0.0,0,0.0,0,0,2,0,0,0.0,1.2763743558898568,1.2763743558898568
14180,706,Lukasz Fabianski,West Ham,GK,16,1440,0,0.0,0,0.0,0,0,0,0,0,0.0,0.6719040684401989,0.6719040684401989
14181,706,Lukasz Fabianski,Swansea,GK,38,3420,0,0.0,0,0.0184467583894729,0,1,0,0,0,0.0,0.5637285597622395,0.5452818013727665
14182,706,Lukasz Fabianski,West Ham,GK,25,2117,0,0.0,0,0.0,0,0,1,0,0,0.0,1.0038325171917677,1.0038325171917677
14183,706,Lukasz Fabianski,West Ham,GK,38,3420,0,0.0,0,0.0750509947538375,0,2,0,0,0,0.0,2.0181977096945047,1.9431467149406672
