,id,player_name,team_title,position,games,time,goals,xG,assists,xA,shots,key_passes,yellow_cards,red_cards,npg,npxG,xGChain,xGBuildup
14155,6021,Lukas Lerager,Genoa,M S,16,1166,0,0.1897280067205429,1,0.4613730795681476,4,8,0,0,0,0.1897280067205429,4.243464071303606,3.662620913237333
14156,6021,Lukas Lerager,Bordeaux,M S,18,1304,0,0.4093941561877727,1,0.3830868490040302,11,9,4,0,0,0.4093941561877727,2.0633921017870307,1.4951778883114455
14157,6021,Lukas Lerager,Genoa,M S,14,1124,1,1.428260689601302,0,1.1464873626828194,16,18,4,0,1,1.428260689601302,3.036915848962962,1.688347558490932
14158,6021,Lukas Lerager,Genoa,M S,21,1379,1,0.937789749354124,1,2.006919457577169,15,11,5,0,1,0.937789749354124,5.406706053763628,3.673879008740186
14159,6021,Lukas Lerager,Bordeaux,M,37,3292,3,3.900425510481,1,2.519936189055443,41,25,8,0,3,3.900425510481,11.122388834133744,6.206100983545184
