,id,player_name,team_title,position,games,time,goals,xG,assists,xA,shots,key_passes,yellow_cards,red_cards,npg,npxG,xGChain,xGBuildup
14141,403,Lukas Klünter,FC Cologne,D,8,720,1,0.1301443129777908,1,2.0900147557258606,2,4,4,0,1,0.1301443129777908,2.943748965859413,1.668315827846527
14142,403,Lukas Klünter,FC Cologne,S,1,14,0,0.1078666597604751,0,0.0,1,0,0,0,0,0.1078666597604751,0.0,0.0
14143,403,Lukas Klünter,Hertha Berlin,D M S,10,593,0,0.1413919115439057,0,0.4975197687745094,5,2,1,1,0,0.1413919115439057,1.1501043299213052,0.5111926514655352
14144,403,Lukas Klünter,FC Cologne,D F M S,19,1333,1,1.7953650830313563,0,1.0114236222580075,17,13,6,0,1,1.7953650830313563,4.351551024243236,1.9002351397648447
14145,403,Lukas Klünter,Hertha Berlin,D S,3,84,0,0.0,0,0.5597718358039856,0,1,0,0,0,0.0,0.5906210709363222,0.0308492351323366
14146,403,Lukas Klünter,Hertha Berlin,D,11,990,0,0.0,0,0.5370719293132424,0,3,0,0,0,0.0,1.1036675460636616,0.5665956232696772
14147,403,Lukas Klünter,Hertha Berlin,D M S,23,1870,0,0.2627285346388817,2,1.6994483368471265,2,11,5,0,0,0.2627285346388817,4.590368611738086,2.7779204677790403
