,id,player_name,team_title,position,games,time,goals,xG,assists,xA,shots,key_passes,yellow_cards,red_cards,npg,npxG,xGChain,xGBuildup
14192,1305,Lukasz Skorupski,Bologna,GK,38,3420,0,0.0,0,0.0,0,0,1,0,0,0.0,1.955238662660122,1.955238662660122
14193,1305,Lukasz Skorupski,Roma,GK,3,270,0,0.0,0,0.0,0,0,0,0,0,0.0,0.3654016032814979,0.3654016032814979
14194,1305,Lukasz Skorupski,Bologna,GK,28,2520,0,0.0,0,0.0,0,0,1,0,0,0.0,3.5061713065952063,3.5061713065952063
14195,1305,Lukasz Skorupski,Bologna,GK,17,1530,0,0.0,0,0.0,0,0,2,0,0,0.0,2.0101956725120544,2.0101956725120544
14196,1305,Lukasz Skorupski,Empoli,GK,35,3150,0,0.0,0,0.0293426495045423,0,1,2,0,0,0.0,1.021307879127562,0.9919652352109553
14197,1305,Lukasz Skorupski,Empoli,GK,31,2790,0,0.1119763180613517,0,0.0,1,0,2,0,0,0.1119763180613517,2.177268229424953,2.177268229424953
14198,1305,Lukasz Skorupski,Bologna,GK,37,3330,0,0.0,0,0.0220393650233745,0,1,2,0,0,0.0,2.961448990739882,2.961448990739882
14199,1305,Lukasz Skorupski,Roma,GK,1,90,0,0.0,0,0.0,0,0,0,0,0,0.0,0.0,0.0
