,id,player_name,team_title,position,games,time,goals,xG,assists,xA,shots,key_passes,yellow_cards,red_cards,npg,npxG,xGChain,xGBuildup
14228,7887,Luuk de Jong,Sevilla,F S,34,1256,4,5.085692036896944,0,1.059211239218712,32,11,3,0,4,5.085692036896944,8.137723252177238,3.168586533516645
14229,7887,Luuk de Jong,Barcelona,F S,8,309,1,1.1818401161581278,0,0.2503545805811882,6,5,0,0,1,1.1818401161581278,0.9551781807094812,0.232230357825756
14230,7887,Luuk de Jong,Sevilla,F S,35,2057,6,10.174598336685449,1,3.2320884773507714,57,24,2,0,6,10.174598336685449,12.996515901759269,2.932672237977385
