,id,player_name,team_title,position,games,time,goals,xG,assists,xA,shots,key_passes,yellow_cards,red_cards,npg,npxG,xGChain,xGBuildup
14299,5908,Maciej Wilusz,Ural,D,8,677,0,0.0407845936715602,0,0.0,1,0,0,0,0,0.0407845936715602,0.7003178261220455,0.6595332305878401
14300,5908,Maciej Wilusz,FC Rostov,D,16,1440,0,0.1709229126572609,0,0.1993992943316698,5,6,2,0,0,0.1709229126572609,2.2860129103064537,2.124645072966814
14301,5908,Maciej Wilusz,FC Rostov,D,26,2316,1,0.9216263256967068,0,0.0,8,0,2,0,1,0.9216263256967068,1.645989793818444,1.645989793818444
