,id,player_name,team_title,position,games,time,goals,xG,assists,xA,shots,key_passes,yellow_cards,red_cards,npg,npxG,xGChain,xGBuildup
14306,7809,Mads Pedersen,Augsburg,D S,2,92,0,0.0,1,0.6394915506243706,0,2,0,0,0,0.0,0.9053104445338248,0.2658188939094543
14307,7809,Mads Pedersen,Augsburg,D M S,14,712,1,0.8880802616477013,0,0.6011273190379143,9,11,1,0,1,0.8880802616477013,1.218671716749668,0.1245779693126678
14308,7809,Mads Pedersen,Augsburg,D S,15,876,0,0.0071656773798167,0,1.2572125010192394,1,12,1,0,0,0.0071656773798167,0.9763532467186452,0.8156340979039669
