,id,player_name,team_title,position,games,time,goals,xG,assists,xA,shots,key_passes,yellow_cards,red_cards,npg,npxG,xGChain,xGBuildup
14320,2938,Magomed Musalov,Anzhi Makhachkala,D M,9,810,1,0.3318216949701309,1,0.4725446738302707,7,9,1,0,1,0.3318216949701309,1.2140051163733006,0.4917322173714638
14321,2938,Magomed Musalov,FK Akhmat,D,9,775,0,0.0208164267241954,0,0.3773614857345819,2,7,1,0,0,0.0208164267241954,1.5855043940246103,1.3374069733545184
14322,2938,Magomed Musalov,Anzhi Makhachkala,D S,29,2438,0,1.069645076058805,0,1.5536915706470609,16,29,5,0,0,1.069645076058805,3.345342978835106,2.4380692802369595
14323,2938,Magomed Musalov,Anzhi Makhachkala,D S,13,1093,0,0.1558698900043964,0,0.3452333007007837,6,9,1,0,0,0.1558698900043964,1.3038061279803514,0.9785688929259776
14324,2938,Magomed Musalov,FK Akhmat,D F S,5,337,0,0.0757434060797095,0,0.4096407517790794,2,4,0,0,0,0.0757434060797095,0.5598981734365225,0.1368648232892155
