,id,player_name,team_title,position,games,time,goals,xG,assists,xA,shots,key_passes,yellow_cards,red_cards,npg,npxG,xGChain,xGBuildup
14315,2867,Magomed Mitrishev,FK Akhmat,F S,22,1202,4,3.985930191352963,1,0.8811935298144817,25,7,3,0,4,3.985930191352963,5.86416582763195,1.7841057116165755
14316,2867,Magomed Mitrishev,FK Akhmat,F M S,29,1936,5,5.525787404738367,2,2.794729419052601,40,20,0,0,5,5.525787404738367,10.264693623408675,2.8809270039200783
14317,2867,Magomed Mitrishev,FK Akhmat,F S,9,158,0,0.7346495948731899,0,0.104381107725203,5,3,0,0,0,0.7346495948731899,0.8518354380503297,0.0865074414759874
14318,2867,Magomed Mitrishev,FK Akhmat,F M S,16,722,2,1.9769963305443523,0,0.1988147804513573,16,3,0,0,2,1.9769963305443523,2.066178435459733,0.1448957473039627
14319,2867,Magomed Mitrishev,FK Akhmat,F M S,23,1255,3,1.5876197218894958,1,0.7632700875401497,17,12,0,0,3,1.5876197218894958,2.7988632395863533,1.1498590148985386
