,id,player_name,team_title,position,games,time,goals,xG,assists,xA,shots,key_passes,yellow_cards,red_cards,npg,npxG,xGChain,xGBuildup
14402,2969,Maksim Kanunnikov,Rubin Kazan,F M,22,1848,7,4.292433893308044,1,0.930802207440138,34,16,3,1,7,4.292433893308044,5.489046197384596,1.699957107193768
14403,2969,Maksim Kanunnikov,Krylya Sovetov Samara,F M S,20,1580,5,4.961578994989395,0,0.8808830846101046,35,15,2,0,5,4.961578994989395,5.002333912998438,1.0230560908094049
14404,2969,Maksim Kanunnikov,Rubin Kazan,F M S,26,1984,5,6.131691548041999,4,2.8980961479246616,42,25,2,0,5,6.131691548041999,10.075553737580776,2.191994145512581
14405,2969,Maksim Kanunnikov,Krylya Sovetov Samara,M S,15,1126,1,1.439305318519473,1,1.5954021904617548,20,8,1,0,1,1.439305318519473,3.8111781030893326,1.197525929659605
14406,2969,Maksim Kanunnikov,Rubin Kazan,D F M,30,2669,4,3.4845575597137213,2,3.5824628118425608,50,23,3,0,4,3.4845575597137213,10.648631613701582,5.586291465908289
14407,2969,Maksim Kanunnikov,"Rubin Kazan,SKA-Khabarovsk",F M S,24,1984,2,4.33634446002543,0,0.4421085240319371,54,11,0,0,2,3.58206912316382,3.977094425819814,1.1219056835398078
