,id,player_name,team_title,position,games,time,goals,xG,assists,xA,shots,key_passes,yellow_cards,red_cards,npg,npxG,xGChain,xGBuildup
14398,3167,Maksim Grigoriev,"FC Orenburg,FC Rostov",F M S,16,1020,0,0.8283790471032262,0,1.5675262538716197,16,16,1,0,0,0.8283790471032262,1.270534328185022,0.3494389019906521
14399,3167,Maksim Grigoriev,Ural,F M S,7,442,0,0.7495399145409465,0,0.2065491862595081,9,4,0,0,0,0.7495399145409465,0.9885890958830714,0.1484357677400112
14400,3167,Maksim Grigoriev,FC Rostov,F M S,22,1441,5,4.464570352807641,1,0.9245310891419648,32,11,1,0,5,4.464570352807641,5.439708510413766,1.4386050151661038
14401,3167,Maksim Grigoriev,Lokomotiv Moscow,M S,5,136,0,0.0,0,0.0705827735364437,0,3,0,0,0,0.0,0.1350060626864433,0.0993373319506645
