,id,player_name,team_title,position,games,time,goals,xG,assists,xA,shots,key_passes,yellow_cards,red_cards,npg,npxG,xGChain,xGBuildup
14416,8069,Maksim Mukhin,CSKA Moscow,M S,17,1308,0,0.7157579148188233,0,0.7604998052120209,10,5,7,0,0,0.7157579148188233,2.9438771177083254,1.625051986426115
14417,8069,Maksim Mukhin,Lokomotiv Moscow,M S,10,713,0,0.2944296887144446,0,0.0,6,0,5,0,0,0.2944296887144446,1.018697515130043,0.8789445231668651
