,id,player_name,team_title,position,games,time,goals,xG,assists,xA,shots,key_passes,yellow_cards,red_cards,npg,npxG,xGChain,xGBuildup
14421,7663,Maksim Osipenko,FC Rostov,D,18,1620,1,0.908933226019144,0,0.0848638517782092,7,4,2,0,1,0.908933226019144,2.1473551662638783,2.094125513918698
14422,7663,Maksim Osipenko,"FC Rostov,FC Tambov",D M,26,2332,1,0.7322060037404299,0,0.2773015573620796,15,7,1,0,1,0.7322060037404299,4.2337991669774055,3.6437825337052345
14423,7663,Maksim Osipenko,FC Rostov,D,28,2453,0,0.5340459197759628,1,0.5987965753301978,13,9,1,1,0,0.5340459197759628,3.652886575087905,3.2369970493018627
