,id,player_name,team_title,position,games,time,goals,xG,assists,xA,shots,key_passes,yellow_cards,red_cards,npg,npxG,xGChain,xGBuildup
14394,7477,Maksim Glushenkov,Krylya Sovetov Samara,F S,16,631,2,2.5648442804813385,0,1.1406541876494884,23,14,1,0,2,2.5648442804813385,4.333993628621101,1.3938855212181809
14395,7477,Maksim Glushenkov,"Khimki,Spartak Moscow",F M S,11,315,2,1.2629946451634169,0,0.2464817687869072,13,4,1,1,2,1.2629946451634169,1.4099754374474287,0.1901706494390964
14396,7477,Maksim Glushenkov,Spartak Moscow,S,5,88,0,0.1754839643836021,0,0.0935733467340469,4,1,0,0,0,0.1754839643836021,0.239641283173114,0.019026271533221
14397,7477,Maksim Glushenkov,"Krylya Sovetov Samara,Spartak Moscow",F M S,11,651,3,1.9361672699451449,0,0.8908766098320484,21,5,2,0,3,1.9361672699451449,2.3832928501069546,0.3238673266023397
