,id,player_name,team_title,position,games,time,goals,xG,assists,xA,shots,key_passes,yellow_cards,red_cards,npg,npxG,xGChain,xGBuildup
14487,2433,Mamadou Sylla,FC Orenburg,M S,5,255,0,0.4044125899672508,0,0.0526711903512477,7,1,1,0,0,0.4044125899672508,0.4117758497595787,0.062720051035285
14488,2433,Mamadou Sylla,Espanyol,F S,14,318,0,0.9317663684487344,0,0.8505032882094383,8,3,3,0,0,0.9317663684487344,2.435354242101312,1.1477452125400305
14489,2433,Mamadou Sylla,Alaves,F S,10,277,0,0.1833375729620456,0,0.0178896393626928,2,1,1,0,0,0.1833375729620456,0.3151155766099691,0.1138883642852306
