,id,player_name,team_title,position,games,time,goals,xG,assists,xA,shots,key_passes,yellow_cards,red_cards,npg,npxG,xGChain,xGBuildup
14559,5292,Manuel Gulde,Freiburg,D,17,1530,1,1.1504094526171684,0,0.0329899340867996,9,1,1,0,1,1.1504094526171684,1.4626285396516323,1.2051320942118764
14560,5292,Manuel Gulde,Freiburg,D S,20,1688,0,0.154698459431529,0,0.0367469228804111,2,1,2,0,0,0.154698459431529,1.0048969266936183,1.0048969266936183
14561,5292,Manuel Gulde,Freiburg,D S,17,1378,1,1.128624682314694,0,0.1563299428671598,14,5,0,0,1,1.128624682314694,3.459108892828226,3.206811614334584
14562,5292,Manuel Gulde,Freiburg,D S,21,1714,1,0.6037575528025627,0,0.116415150463581,6,3,3,0,1,0.6037575528025627,2.042341087013483,1.94482259079814
14563,5292,Manuel Gulde,Freiburg,D S,27,1958,2,0.5927141681313515,0,0.0,9,0,3,0,2,0.5927141681313515,4.421703457832336,4.421703457832336
14564,5292,Manuel Gulde,Freiburg,D S,11,692,0,0.0,0,0.0488441623747348,0,1,1,0,0,0.0,0.5852538272738457,0.5852538272738457
