,id,player_name,team_title,position,games,time,goals,xG,assists,xA,shots,key_passes,yellow_cards,red_cards,npg,npxG,xGChain,xGBuildup
14620,7605,Manuel Sánchez,"Atletico Madrid,Osasuna",D S,17,1025,0,0.1476124599575996,5,1.989948313683272,3,15,4,0,0,0.1476124599575996,3.464732952415943,2.356902794912457
14621,7605,Manuel Sánchez,Atletico Madrid,D S,5,330,0,0.0,0,0.2291789054870605,0,4,1,0,0,0.0,1.5131079573184252,1.2839290369302034
14622,7605,Manuel Sánchez,Osasuna,D M S,15,1062,1,0.3863876685500145,2,1.252507098019123,2,7,4,0,1,0.3863876685500145,3.0857571959495544,1.79203737154603
