,id,player_name,team_title,position,games,time,goals,xG,assists,xA,shots,key_passes,yellow_cards,red_cards,npg,npxG,xGChain,xGBuildup
14521,5045,Manu García,Alaves,M S,25,2017,3,2.753023807890713,1,0.4162071626633405,24,9,6,0,2,2.0097462059929967,4.722965637221932,3.1227093040943146
14522,906,Manu García,Manchester City,S,1,9,0,0.0,0,0.0,0,0,0,0,0,0.0,0.0,0.0
14523,5045,Manu García,Alaves,M S,25,1092,0,0.4699548175558448,0,0.2805683054029941,11,5,6,1,0,0.4699548175558448,1.160284612327814,0.5733505338430405
14524,906,Manu García,Alaves,M S,15,549,0,0.1461439356207847,0,0.7337171523831785,4,12,1,0,0,0.1461439356207847,0.63188137114048,0.3289179690182209
14525,5045,Manu García,Alaves,M S,34,2318,1,2.4977845698595047,1,0.7247751969844103,28,12,6,0,1,2.4977845698595047,4.071863358840346,2.4609032198786736
14526,5045,Manu García,Alaves,M S,30,2439,3,2.888022987172008,0,0.8546556103974581,26,16,9,0,3,1.401467768475413,5.573170352727175,4.055622963234782
14527,906,Manu García,Toulouse,M S,31,1858,0,0.6803551530465484,4,1.8337063286453483,18,22,1,1,0,0.6803551530465484,5.617507392540574,4.128116813488305
14528,5045,Manu García,Alaves,M S,30,1963,0,2.03016824927181,0,0.2109378147870302,19,3,9,1,0,2.03016824927181,2.599632676690817,1.520192600786686
