,id,player_name,team_title,position,games,time,goals,xG,assists,xA,shots,key_passes,yellow_cards,red_cards,npg,npxG,xGChain,xGBuildup
14589,6592,Manuel Morlanes,Espanyol,M S,15,620,1,0.1814886629581451,0,0.4553556218743324,4,3,2,0,1,0.1814886629581451,2.3946714736521244,1.8006308376789093
14590,6592,Manuel Morlanes,Villarreal,M S,10,613,0,0.1020656516775488,3,1.639252886176109,3,9,2,0,0,0.1020656516775488,3.13077163696289,2.864531110972166
14591,6592,Manuel Morlanes,Villarreal,M S,9,247,0,0.0,1,0.5439529158174992,0,6,0,0,0,0.0,1.8169409707188608,1.3658069893717766
