,id,player_name,team_title,position,games,time,goals,xG,assists,xA,shots,key_passes,yellow_cards,red_cards,npg,npxG,xGChain,xGBuildup
14603,1309,Manuel Pasqual,Fiorentina,D S,20,1398,2,1.499604081735015,3,2.5264569697901607,15,32,2,0,2,1.499604081735015,5.670151919126511,3.059734620153904
14604,1309,Manuel Pasqual,Fiorentina,D M S,17,1032,0,0.1978868395090103,2,2.2515360675752163,4,22,5,0,0,0.1978868395090103,4.072397697716951,2.699967682361603
14605,1309,Manuel Pasqual,Empoli,D,32,2812,2,1.3428887091577053,3,3.786812848411501,13,48,7,0,1,0.5815898738801479,4.942810764536262,4.413576108403504
14606,1309,Manuel Pasqual,Empoli,D S,22,1340,1,0.991845389828086,2,2.2490535136312246,8,21,2,0,0,0.2305465713143348,2.8390319319441915,2.356297857128084
