,id,player_name,team_title,position,games,time,goals,xG,assists,xA,shots,key_passes,yellow_cards,red_cards,npg,npxG,xGChain,xGBuildup
14544,6490,Manuel Akanji,Borussia Dortmund,D S,11,903,0,0.147371394559741,0,0.1232140287756919,5,1,2,0,0,0.147371394559741,5.034060835838318,4.866021424531937
14545,6490,Manuel Akanji,Borussia Dortmund,D,14,1260,0,0.9268673937767744,0,0.014234410598874,9,1,2,0,0,0.9268673937767744,4.717226549983025,4.685873091220856
14546,6490,Manuel Akanji,Borussia Dortmund,D S,28,2350,2,1.976339181885124,0,0.2079225946217775,19,3,4,0,2,1.976339181885124,10.612564351409674,10.379092287272217
14547,6490,Manuel Akanji,Borussia Dortmund,D S,29,2309,0,0.8052017940208316,1,0.468336172401905,8,3,2,0,0,0.8052017940208316,11.96059913560748,11.793054539710283
14548,6490,Manuel Akanji,Borussia Dortmund,D,25,2206,1,0.37639120221138,0,0.6179141979664564,8,6,1,0,1,0.37639120221138,10.854750908911228,10.30782026797533
