,id,player_name,team_title,position,games,time,goals,xG,assists,xA,shots,key_passes,yellow_cards,red_cards,npg,npxG,xGChain,xGBuildup
14542,2171,Manucho,Rayo Vallecano,F S,28,914,4,5.421846440061927,1,0.5405204496346414,25,10,3,0,4,5.421846440061927,5.272398879285902,0.507382364012301
14543,2171,Manucho,Rayo Vallecano,F S,37,1596,5,6.828239690512419,1,1.7725390261039138,61,15,5,0,5,6.828239690512419,8.958506487309933,1.1964344158768654
