,id,player_name,team_title,position,games,time,goals,xG,assists,xA,shots,key_passes,yellow_cards,red_cards,npg,npxG,xGChain,xGBuildup
14577,6180,Manuel Lazzari,Lazio,D S,32,2627,2,2.2203277284279466,5,3.4361851047724485,24,28,2,1,2,2.2203277284279466,12.539710402488708,7.61822671815753
14578,6180,Manuel Lazzari,SPAL 2013,D M,33,2851,0,1.4309014286845922,8,6.029499301686883,34,54,7,0,0,1.4309014286845922,10.511001020669935,5.256408674642444
14579,6180,Manuel Lazzari,SPAL 2013,D,36,3128,2,1.0511795114725828,1,2.2491219425573945,22,28,4,0,2,1.0511795114725828,7.009606787003577,4.656278100796044
14580,6180,Manuel Lazzari,Lazio,D M S,32,2567,0,1.272270034998655,3,3.351106668822468,15,35,6,0,0,1.272270034998655,8.14099056366831,4.414639121852815
14581,6180,Manuel Lazzari,Lazio,D S,14,671,1,0.4353609457612037,0,0.5474353209137917,6,3,1,0,1,0.4353609457612037,1.7107754163444042,1.268860999494791
