,id,player_name,team_title,position,games,time,goals,xG,assists,xA,shots,key_passes,yellow_cards,red_cards,npg,npxG,xGChain,xGBuildup
14628,6324,Marash Kumbulla,Roma,D S,5,219,0,0.07289769500494,0,0.0483102761209011,1,1,1,0,0,0.07289769500494,0.3755362890660763,0.3272260129451751
14629,6324,Marash Kumbulla,Roma,D S,21,1368,1,0.8511868631467223,0,0.4616057686507702,6,4,8,0,1,0.8511868631467223,5.459870772436261,5.023548753932118
14630,6324,Marash Kumbulla,Verona,D,25,1965,1,1.4404247514903543,0,0.0672841258347034,9,2,5,1,1,1.4404247514903543,2.780436262488365,2.7131521366536617
