,id,player_name,team_title,position,games,time,goals,xG,assists,xA,shots,key_passes,yellow_cards,red_cards,npg,npxG,xGChain,xGBuildup
14946,8939,Marcos Acuña,Sevilla,D S,30,2329,1,0.8082054229453206,2,2.8514400301501155,18,32,5,0,1,0.8082054229453206,9.326570991426706,7.216338807716966
14947,8939,Marcos Acuña,Sevilla,D S,14,963,1,0.6015747059136629,3,2.043139409273863,7,24,3,0,1,0.6015747059136629,6.856606226414442,5.785358190536499
