,id,player_name,team_title,position,games,time,goals,xG,assists,xA,shots,key_passes,yellow_cards,red_cards,npg,npxG,xGChain,xGBuildup
14874,9108,Marco John,Hoffenheim,D M S,14,1001,0,0.1479575419798493,0,1.588413756340742,5,10,1,0,0,0.1479575419798493,4.947337735444307,3.3565413411706686
14875,9108,Marco John,Hoffenheim,S,1,37,0,0.0,0,0.0,0,0,0,0,0,0.0,1.0680358409881592,1.0680358409881592
