,id,player_name,team_title,position,games,time,goals,xG,assists,xA,shots,key_passes,yellow_cards,red_cards,npg,npxG,xGChain,xGBuildup
14654,5159,Marc Cardona,Osasuna,F S,19,701,1,1.8765461929142475,2,1.0688431961461902,12,10,1,0,1,1.8765461929142475,3.108416206203401,0.2401784099638462
14655,5159,Marc Cardona,Eibar,F M S,17,600,3,3.202003860846162,1,0.6709005311131477,17,5,1,0,3,3.202003860846162,4.598438395187259,0.951893137767911
14656,5159,Marc Cardona,Osasuna,S,3,46,0,0.2578476667404175,0,0.0,1,0,0,0,0,0.2578476667404175,0.2578476667404175,0.0
