,id,player_name,team_title,position,games,time,goals,xG,assists,xA,shots,key_passes,yellow_cards,red_cards,npg,npxG,xGChain,xGBuildup
15000,5992,Marcus Thuram,Borussia M.Gladbach,F M S,29,1756,8,7.58228586986661,3,1.913644740357995,57,17,3,1,8,7.58228586986661,11.206853967159986,3.494161741808057
15001,5992,Marcus Thuram,Guingamp,F M S,32,1922,3,4.848065190017223,1,2.5482586435973644,53,23,2,0,3,4.848065190017223,10.44533149059862,4.095687472261488
15002,5992,Marcus Thuram,Borussia M.Gladbach,F M S,31,2225,10,11.053861070424318,8,7.944684397429228,57,31,3,0,10,11.053861070424318,19.86042218655348,4.331073518842459
15003,5992,Marcus Thuram,Guingamp,F M,32,2597,9,10.62479058932513,1,2.562681856565177,63,35,4,2,5,6.824314902536571,9.40058558434248,3.485837934538722
15004,5992,Marcus Thuram,Borussia M.Gladbach,F S,8,323,0,1.0721612982451916,0,0.3387666828930378,7,6,1,0,0,1.0721612982451916,1.3322929441928864,0.1049699261784553
