,id,player_name,team_title,position,games,time,goals,xG,assists,xA,shots,key_passes,yellow_cards,red_cards,npg,npxG,xGChain,xGBuildup
14683,289,Marc Stendera,Eintracht Frankfurt,M S,7,376,0,0.4191552754491567,0,0.0142425876110792,7,1,1,0,0,0.4191552754491567,1.3621403500437737,0.9429850876331328
14684,289,Marc Stendera,Eintracht Frankfurt,M S,26,2053,2,2.1122773410752416,1,1.8604660518467424,39,27,9,0,2,2.1122773410752416,6.889722093939781,4.319386018440127
14685,289,Marc Stendera,Eintracht Frankfurt,S,7,98,0,0.0,0,0.2063974887132644,0,1,0,0,0,0.0,1.514391578733921,1.514391578733921
14686,289,Marc Stendera,Eintracht Frankfurt,F M S,26,1855,3,1.2421202408149838,5,3.057875107973814,24,31,6,0,3,1.2421202408149838,7.387054316699505,4.957601182162762
14687,289,Marc Stendera,Eintracht Frankfurt,M,2,133,0,0.0,0,0.0,0,0,0,0,0,0.0,0.0,0.0
