,id,player_name,team_title,position,games,time,goals,xG,assists,xA,shots,key_passes,yellow_cards,red_cards,npg,npxG,xGChain,xGBuildup
14763,1369,Marcello Trotta,Crotone,F S,29,1904,3,5.709308808669448,5,2.7641727179288864,58,19,2,0,2,4.948010018095374,8.303350898437202,2.056305853649974
14764,1369,Marcello Trotta,Crotone,F S,34,2277,7,7.254197013564408,4,1.928044214844704,65,26,2,0,5,4.970340487547219,8.420629671774805,3.019960839301348
14765,1369,Marcello Trotta,Sassuolo,F S,8,189,1,1.3790152743458748,0,0.0562804099172353,12,2,0,0,1,1.3790152743458748,1.5677417553961277,0.1324460860341787
14766,1369,Marcello Trotta,"Frosinone,Sassuolo",F S,13,393,0,0.7404731763526797,0,0.4780218526721,8,3,0,0,0,0.7404731763526797,2.9432256622239947,1.7247306369245052
