,id,player_name,team_title,position,games,time,goals,xG,assists,xA,shots,key_passes,yellow_cards,red_cards,npg,npxG,xGChain,xGBuildup
14657,7134,Marc Cucurella,Eibar,D M S,31,2351,1,2.3227217122912407,2,4.253991536796093,22,31,6,0,1,2.3227217122912407,11.477329075336456,5.957841973751783
14658,7134,Marc Cucurella,Getafe,S,1,18,0,0.1445540338754654,0,0.0662049725651741,1,1,0,0,0,0.1445540338754654,0.2464520037174224,0.101897969841957
14659,7134,Marc Cucurella,Getafe,D M,37,3255,3,2.204235205426812,2,3.601431804243475,25,40,8,0,3,2.204235205426812,9.517050175461918,5.000347355846316
14660,7134,Marc Cucurella,Brighton,D M,12,1032,0,0.1488072415813803,0,1.3064654059708118,5,18,3,0,0,0.1488072415813803,3.893883135169745,2.990232093259692
14661,7134,Marc Cucurella,Getafe,D M,37,3279,1,2.184982033446431,5,4.696626363322139,30,52,9,0,1,2.184982033446431,12.069089016877117,7.761201351881027
