,id,player_name,team_title,position,games,time,goals,xG,assists,xA,shots,key_passes,yellow_cards,red_cards,npg,npxG,xGChain,xGBuildup
14636,753,Marc Albrighton,Leicester,D M S,33,2449,2,1.28253738489002,6,4.63804021012038,21,47,5,0,2,1.28253738489002,6.397222135215998,2.8114816937595606
14637,753,Marc Albrighton,Leicester,D M S,6,308,1,0.0595482662320137,0,0.1368185235187411,1,3,1,0,1,0.0595482662320137,1.3784391731023788,1.2208279445767405
14638,753,Marc Albrighton,Leicester,D M S,31,1731,1,1.2467308714985847,5,4.0363764539361,21,38,2,0,1,1.2467308714985847,8.017677169293165,5.142710544168949
14639,753,Marc Albrighton,Leicester,F M S,27,1625,2,1.063951438292861,2,2.988251672126353,19,29,3,0,2,1.063951438292861,5.236807061359286,2.293505692854524
14640,753,Marc Albrighton,Leicester,D F M S,34,2551,2,1.6331819389015436,7,5.699214871972799,20,47,5,1,2,1.6331819389015436,10.115597452037036,5.132042799144983
14641,753,Marc Albrighton,Leicester,D M S,20,860,0,0.4460918772965669,3,2.2903374694287777,10,20,2,0,0,0.4460918772965669,4.420472512021661,2.3780244290828705
14642,753,Marc Albrighton,Leicester,D M S,18,1011,2,1.3866995386779308,3,3.893735403195024,14,31,3,0,2,1.3866995386779308,6.1032954165712,3.256589272990823
14643,753,Marc Albrighton,Leicester,M S,38,2796,2,2.549339983612299,6,8.095412362366915,42,62,4,0,2,2.549339983612299,11.863627549260856,4.015348978340626
