,id,player_name,team_title,position,games,time,goals,xG,assists,xA,shots,key_passes,yellow_cards,red_cards,npg,npxG,xGChain,xGBuildup
14694,2090,Marc-André ter Stegen,Barcelona,GK,14,1260,0,0.0,0,0.0,0,0,3,0,0,0.0,3.5003259629011154,3.5003259629011154
14695,2090,Marc-André ter Stegen,Barcelona,GK,31,2790,0,0.0562769509851932,0,0.0473353192210197,1,1,1,0,0,0.0562769509851932,7.561901956796646,7.561901956796646
14696,2090,Marc-André ter Stegen,Barcelona,GK,35,3150,0,0.0,0,0.0,0,0,0,0,0,0.0,10.625351648777723,10.625351648777723
14697,2090,Marc-André ter Stegen,Barcelona,GK S,7,541,0,0.0,0,0.3110051453113556,0,1,0,0,0,0.0,1.8093271702528,1.8093271702528
14698,2090,Marc-André ter Stegen,Barcelona,GK,37,3330,0,0.0,0,0.0,0,0,0,0,0,0.0,11.08982851356268,11.08982851356268
14699,2090,Marc-André ter Stegen,Barcelona,GK,36,3240,0,0.0,0,0.0,0,0,1,0,0,0.0,7.5991763882339,7.5991763882339
14700,2090,Marc-André ter Stegen,Barcelona,GK,36,3240,0,0.0,2,0.5856583118438721,0,2,1,0,0,0.0,8.562430083751678,7.976771771907806
