,id,player_name,team_title,position,games,time,goals,xG,assists,xA,shots,key_passes,yellow_cards,red_cards,npg,npxG,xGChain,xGBuildup
14808,2905,Marcinho,FC Ufa,M S,11,185,0,0.2625664230436086,0,0.0,7,0,1,0,0,0.2625664230436086,0.6989391352981329,0.4363727308809757
14809,2905,Marcinho,FC Ufa,F M S,17,1051,1,0.914956469554454,1,0.8049709089100361,12,14,4,0,1,0.914956469554454,2.695369392633438,1.7353656683117151
14810,2905,Marcinho,FC Ufa,M,1,90,0,0.1178483217954635,0,0.3362967073917389,2,4,0,0,0,0.1178483217954635,0.3058927059173584,0.0
