,id,player_name,team_title,position,games,time,goals,xG,assists,xA,shots,key_passes,yellow_cards,red_cards,npg,npxG,xGChain,xGBuildup
14957,2556,Marcos Angeleri,Malaga,D S,22,1880,0,0.8177553862333298,0,0.1108854059129953,2,2,3,2,0,0.8177553862333298,1.436112504452467,1.2434880025684834
14958,2556,Marcos Angeleri,Malaga,D,13,1111,0,0.2088591791689396,0,0.0592350121587514,3,2,3,0,0,0.2088591791689396,1.2444974780082705,1.1852624639868736
