,id,player_name,team_title,position,games,time,goals,xG,assists,xA,shots,key_passes,yellow_cards,red_cards,npg,npxG,xGChain,xGBuildup
14738,313,Marcel Schmelzer,Borussia Dortmund,D S,18,1494,0,0.1776558123528957,0,0.4731644261628389,5,12,3,0,0,0.1776558123528957,7.79000773653388,7.446728155016899
14739,313,Marcel Schmelzer,Borussia Dortmund,S,7,55,1,0.6607011705636978,1,0.1908071935176849,2,2,0,0,1,0.6607011705636978,0.3145878463983536,0.0191704984754323
14740,313,Marcel Schmelzer,Borussia Dortmund,D M S,26,2056,0,0.8816962111741304,4,3.3952395487576723,22,26,2,0,0,0.8816962111741304,14.715719491243362,11.864847339689732
14741,313,Marcel Schmelzer,Borussia Dortmund,D S,9,558,0,0.1789523549377918,1,0.3570879567414522,4,3,0,0,0,0.1789523549377918,1.778069701977074,1.317018219269812
14742,313,Marcel Schmelzer,Borussia Dortmund,D,22,1921,0,0.8214583974331617,2,2.391752226278186,27,34,4,0,0,0.8214583974331617,8.0266976300627,6.774325702339411
14743,313,Marcel Schmelzer,Borussia Dortmund,D M S,26,2196,0,1.180884306319058,1,1.945423074066639,27,21,3,0,0,1.180884306319058,10.86838247999549,8.335798420011997
