,id,player_name,team_title,position,games,time,goals,xG,assists,xA,shots,key_passes,yellow_cards,red_cards,npg,npxG,xGChain,xGBuildup
14988,7883,Marcus Ingvartsen,Union Berlin,F M S,28,1728,5,3.8138742884621024,2,1.2972752321511507,45,10,4,0,4,3.056178032420576,4.890205637551844,1.340267727151513
14989,7883,Marcus Ingvartsen,"Mainz 05,Union Berlin",F M S,13,396,2,0.9464320903643966,0,0.3407179787755012,9,4,1,0,2,0.9464320903643966,2.3849875442683697,1.4176121335476637
14990,7883,Marcus Ingvartsen,Union Berlin,F M S,30,1989,3,3.9401655439287424,5,2.5287785921245813,38,24,4,0,3,3.182469258084893,8.522311855107546,4.476011479273439
