,id,player_name,team_title,position,games,time,goals,xG,assists,xA,shots,key_passes,yellow_cards,red_cards,npg,npxG,xGChain,xGBuildup
14797,7079,Marcelo Saracchi,RasenBallsport Leipzig,D S,9,648,0,0.0256329122930765,1,1.1029533771798017,1,10,2,0,0,0.0256329122930765,3.2436093306168914,2.7336822133511305
14798,7079,Marcelo Saracchi,RasenBallsport Leipzig,D S,4,173,1,0.3544228263199329,0,0.5043646842241287,4,4,1,0,1,0.3544228263199329,1.4328080713748932,0.6309446021914482
