,id,player_name,team_title,position,games,time,goals,xG,assists,xA,shots,key_passes,yellow_cards,red_cards,npg,npxG,xGChain,xGBuildup
14727,134,Marcel Risse,FC Cologne,D M S,16,1166,1,0.6372218616306782,3,2.736345922574401,18,21,1,0,1,0.6372218616306782,3.4318994525820017,1.915093572810292
14728,134,Marcel Risse,FC Cologne,M S,29,2266,5,2.711915954947472,3,3.918101328425109,60,31,3,0,5,2.711915954947472,8.11404915805906,2.2339656548574567
14729,134,Marcel Risse,FC Cologne,S,6,122,0,0.0480298586189746,2,1.0265251249074936,1,6,1,0,0,0.0480298586189746,0.3777181431651115,0.3130296766757965
14730,134,Marcel Risse,FC Cologne,D F M,33,2963,3,2.0112688168883324,5,8.184883318841457,47,65,5,0,3,2.0112688168883324,12.715057356283069,6.357587464153767
14731,134,Marcel Risse,FC Cologne,M,13,1103,2,1.44509987719357,4,3.0172889083623886,22,21,1,0,2,1.44509987719357,8.492039993405342,5.716333866119385
