,id,player_name,team_title,position,games,time,goals,xG,assists,xA,shots,key_passes,yellow_cards,red_cards,npg,npxG,xGChain,xGBuildup
15101,576,Mario Suárez,Atletico Madrid,M S,20,1126,1,1.539217408746481,0,0.3447612756863236,13,8,9,0,1,1.539217408746481,1.6737857013940811,1.2201489061117172
15102,576,Mario Suárez,Valencia,D M S,21,1501,3,1.5023878011852505,0,0.2762918397784233,11,5,3,0,3,1.5023878011852505,3.8836884284392,3.5440426180139184
15103,576,Mario Suárez,Rayo Vallecano,M S,14,1022,2,0.9075855780392884,0,0.6961077749729156,18,10,5,0,2,0.9075855780392884,3.030401263386011,2.465695071965456
15104,576,Mario Suárez,Watford,M S,15,736,0,0.2208740226924419,0,0.3330912180244922,8,7,2,0,0,0.2208740226924419,1.9377541355788708,1.4637702088803053
15105,576,Mario Suárez,Fiorentina,M S,9,451,1,0.4100091829895973,0,0.0129989618435502,7,1,3,0,1,0.4100091829895973,1.725933887064457,1.4124497342854738
15106,576,Mario Suárez,Rayo Vallecano,D S,3,92,0,0.0,0,0.0253139659762382,0,1,0,0,0,0.0,0.3823697790503502,0.3570558130741119
