,id,player_name,team_title,position,games,time,goals,xG,assists,xA,shots,key_passes,yellow_cards,red_cards,npg,npxG,xGChain,xGBuildup
15043,1817,Mario Balotelli,Nice,F S,28,2289,18,14.911132690496745,1,3.0626913756132126,108,32,11,1,12,9.59046679455787,11.901697468012571,3.644095297902824
15044,1817,Mario Balotelli,Nice,F S,23,1748,15,11.925682320259511,1,0.9889696314930916,75,10,5,3,12,8.885367549024522,8.885693547315896,2.2789254896342754
15045,1817,Mario Balotelli,Liverpool,F S,16,936,1,5.24107401818037,0,0.4303748067468405,56,9,5,0,1,5.24107401818037,5.485242994502187,0.6375156487338245
15046,1817,Mario Balotelli,AC Milan,F S,20,818,1,3.3212298341095448,1,2.8062576428055763,43,24,6,0,1,2.5599310286343098,2.6547347996383905,0.888276444748044
15047,1817,Mario Balotelli,Brescia,F S,19,1417,5,7.284744000993669,0,0.4469613060355186,72,9,6,1,5,7.284744000993669,7.320006415247917,2.621516093611717
15048,1817,Mario Balotelli,"Marseille,Nice",F S,25,1717,8,7.958512160927057,1,2.021671943366528,76,16,10,1,8,7.958512160927057,9.493281312286854,1.7032030075788498
