,id,player_name,team_title,position,games,time,goals,xG,assists,xA,shots,key_passes,yellow_cards,red_cards,npg,npxG,xGChain,xGBuildup
15202,1577,Marko Pjaca,Juventus,M S,14,440,0,1.817369908094406,0,0.3751393631100654,13,4,1,0,0,1.817369908094406,2.2219753321260214,0.4580360557883978
15203,1577,Marko Pjaca,Genoa,F M S,35,1409,3,2.8198548052459955,2,2.1108859162777662,29,14,0,0,3,2.8198548052459955,6.316302241757512,2.0901232855394483
15204,1577,Marko Pjaca,Schalke 04,F S,7,257,2,0.3994699791073799,0,0.0,6,0,0,0,2,0.3994699791073799,0.5369796082377434,0.2724153120070696
15205,1577,Marko Pjaca,Torino,F M S,11,452,3,0.9863059967756272,0,0.349001482129097,10,7,0,0,3,0.9863059967756272,2.648078396916389,1.639924257993698
15206,1577,Marko Pjaca,Fiorentina,F M S,19,737,1,1.5895879305899143,1,1.0079435436055064,19,16,1,0,1,1.5895879305899143,3.231496437452733,1.0598124442622066
