,id,player_name,team_title,position,games,time,goals,xG,assists,xA,shots,key_passes,yellow_cards,red_cards,npg,npxG,xGChain,xGBuildup
15175,2972,Marko Devic,Rubin Kazan,F M S,19,1071,7,7.401595089584589,1,1.8356680534780023,28,25,1,0,5,4.384503221139312,6.183125142008066,0.6882789637893438
15176,2972,Marko Devic,"FC Rostov,Rubin Kazan",F S,14,356,2,1.0644421335309744,0,0.3544593853875994,10,7,1,0,2,1.0644421335309744,1.477980813011527,0.4093233197927475
15177,2972,Marko Devic,Rubin Kazan,S,3,57,0,0.1565437726676464,0,0.3542905151844024,3,2,0,0,0,0.1565437726676464,0.2639006301760673,0.1201222687959671
