,id,player_name,team_title,position,games,time,goals,xG,assists,xA,shots,key_passes,yellow_cards,red_cards,npg,npxG,xGChain,xGBuildup
15178,6224,Marko Dmitrovic,Eibar,GK,24,2160,0,0.0,0,0.0,0,0,3,0,0,0.0,0.6973883528262377,0.6973883528262377
15179,6224,Marko Dmitrovic,Sevilla,GK,2,180,0,0.0,0,0.0,0,0,0,0,0,0.0,0.6840680837631226,0.6840680837631226
15180,6224,Marko Dmitrovic,Eibar,GK,35,3150,0,0.271300345659256,0,0.0243503861129283,1,1,3,0,0,0.271300345659256,1.59198197722435,1.2963312454521656
15181,6224,Marko Dmitrovic,Eibar,GK,36,3240,0,0.0,0,0.0189346130937337,0,1,1,0,0,0.0,1.9218613393604755,1.9029267262667413
15182,6224,Marko Dmitrovic,Eibar,GK,35,3124,1,1.5588946118950844,0,0.3012704309076071,3,4,0,0,0,0.0724673047661781,1.2378122005611658,0.9365417771041392
