,id,player_name,team_title,position,games,time,goals,xG,assists,xA,shots,key_passes,yellow_cards,red_cards,npg,npxG,xGChain,xGBuildup
15147,88,Mark Uth,Schalke 04,F M S,20,1407,2,4.775467772036791,1,1.64211839530617,39,13,3,0,2,4.775467772036791,6.346374187618494,0.5594973750412464
15148,88,Mark Uth,Hoffenheim,D F M S,31,2171,14,9.936885599046946,8,4.7034618165344,56,29,5,0,14,9.936885599046946,16.576855247840285,4.064813103526831
15149,88,Mark Uth,"FC Cologne,Schalke 04",F M S,23,1534,5,7.829698741436005,5,4.841096686199307,51,33,5,0,4,5.556449078023434,10.108666226267816,4.251544073224068
15150,88,Mark Uth,Hoffenheim,F M S,25,1400,8,6.232720334082842,1,1.399365982040763,35,15,2,0,8,6.232720334082842,8.22502721939236,2.2614574851468205
15151,88,Mark Uth,FC Cologne,F M S,12,804,2,2.44708888605237,1,2.119818918406964,32,23,1,0,2,2.44708888605237,4.926359232515097,2.250965617597103
15152,88,Mark Uth,Hoffenheim,F M S,22,1146,7,4.159343380481005,3,2.228369271382689,39,21,4,0,7,4.159343380481005,6.442318215966225,1.0243130549788475
15153,88,Mark Uth,Schalke 04,F M S,20,1499,3,2.9279882702976465,1,1.440770306624472,35,21,5,0,3,2.9279882702976465,5.1600745022296906,2.2455962412059307
