,id,player_name,team_title,position,games,time,goals,xG,assists,xA,shots,key_passes,yellow_cards,red_cards,npg,npxG,xGChain,xGBuildup
15161,2405,Markel Susaeta,Athletic Club,M S,26,1100,1,2.05816047359258,2,2.440274868160486,16,28,4,0,1,2.05816047359258,4.383209261111915,1.3977538822218776
15162,2405,Markel Susaeta,Athletic Club,F M S,22,1376,1,0.8941382868215442,2,3.3130487566813827,15,36,2,1,1,0.8941382868215442,3.6736486237496138,1.834444059059024
15163,2405,Markel Susaeta,Athletic Club,M S,28,1925,3,1.9254167843610048,8,5.553717212751508,26,42,3,0,3,1.9254167843610048,9.737193286418917,3.935471024364233
15164,2405,Markel Susaeta,Athletic Club,M S,34,2274,3,2.0775141371414065,2,5.24782445281744,27,54,2,0,3,2.0775141371414065,6.842871645465493,4.274529689922929
15165,2405,Markel Susaeta,Athletic Club,M S,31,1807,1,2.5271284878253937,7,4.936477960087359,31,53,2,0,1,2.5271284878253937,7.290100394748151,3.5151793276891112
