,id,player_name,team_title,position,games,time,goals,xG,assists,xA,shots,key_passes,yellow_cards,red_cards,npg,npxG,xGChain,xGBuildup
15354,1950,Martín Montoya,Brighton,D S,25,2165,0,0.1871218672022223,1,1.184768061153591,8,18,4,0,0,0.1871218672022223,4.343376721255481,3.640393676236272
15355,1950,Martín Montoya,Barcelona,D S,8,588,0,0.1703841313719749,0,0.2753318510949611,3,3,0,0,0,0.1703841313719749,5.079285491257906,4.776763174682856
15356,1950,Martín Montoya,Brighton,D S,27,1912,0,1.434309933334589,1,1.942305794917047,8,21,5,0,0,1.434309933334589,6.852791702374816,4.159861935302615
15357,1950,Martín Montoya,Real Betis,D,6,524,0,0.2150626853108406,1,0.9892570674419404,5,3,2,0,0,0.2150626853108406,2.0912261232733727,0.9665102418512106
15358,1950,Martín Montoya,Valencia,D S,25,2152,0,0.2494496894069016,4,1.9880914948880672,8,13,7,0,0,0.2494496894069016,7.337741032242775,6.129465339705348
15359,1950,Martín Montoya,Real Betis,D,13,1169,0,0.0298676341772079,1,0.9166662618517876,1,4,4,0,0,0.0298676341772079,2.083918875083328,2.021037196740508
15360,1950,Martín Montoya,Real Betis,D S,5,233,0,0.082638151012361,0,0.470637671649456,2,4,0,1,0,0.082638151012361,1.01858663931489,0.4733443073928356
15361,1950,Martín Montoya,Valencia,D S,29,2229,2,1.1824584351852536,1,0.9765873216092588,11,13,8,0,2,1.1824584351852536,6.784428060054779,6.07672119140625
15362,1950,Martín Montoya,Inter,D,3,257,0,0.0,0,0.0402764249593019,0,3,0,0,0,0.0,0.8710483089089394,0.8463674560189247
