,id,player_name,team_title,position,games,time,goals,xG,assists,xA,shots,key_passes,yellow_cards,red_cards,npg,npxG,xGChain,xGBuildup
15314,798,Martin Olsson,Swansea,D M,36,3159,0,0.8586828280240297,1,0.6865649800747633,17,13,7,0,0,0.8586828280240297,4.866446162573993,3.767029686830938
15315,798,Martin Olsson,Swansea,D S,15,1252,2,0.7015488259494305,0,0.3955675177276134,9,7,2,0,2,0.7015488259494305,3.1216075494885445,2.28603589348495
15316,798,Martin Olsson,Norwich,D S,24,1767,1,0.1644793888553977,2,0.9000752009451389,7,7,2,0,1,0.1644793888553977,3.3536361753940582,2.4406931921839714
