,id,player_name,team_title,position,games,time,goals,xG,assists,xA,shots,key_passes,yellow_cards,red_cards,npg,npxG,xGChain,xGBuildup
15269,3211,Martin Braithwaite,Toulouse,F M S,34,2948,11,14.011505503207443,3,3.1576493494212627,98,23,7,0,7,9.451132167130709,10.97918551415205,1.6323264744132755
15270,3211,Martin Braithwaite,Barcelona,F,3,232,2,1.6452632173895836,1,1.5402731895446775,7,2,0,0,2,1.6452632173895836,2.6809005960822105,0.4299000706523657
15271,3211,Martin Braithwaite,Toulouse,F M S,36,2942,11,15.924121912568808,0,3.10829309374094,108,25,1,0,9,13.643836494535208,17.417292587459087,2.988259853795171
15272,3211,Martin Braithwaite,Toulouse,F M S,34,2105,6,8.263934943825006,2,2.011900559067726,72,15,0,0,6,8.263934943825006,11.37923870421946,1.6236843578517437
15273,3211,Martin Braithwaite,Barcelona,F M S,29,1142,2,5.995564077980816,2,2.5114806070923805,23,12,3,0,2,5.252286438830197,10.104662904515862,3.1924087526276708
15274,3211,Martin Braithwaite,Leganes,F S,19,1414,4,5.37516138330102,5,1.7639280296862123,29,15,5,0,4,5.37516138330102,6.625636886805296,0.627817302942276
15275,3211,Martin Braithwaite,Bordeaux,F S,14,914,4,4.665437683463097,3,2.1360222743824124,23,7,3,0,4,4.665437683463097,7.895821779966354,2.1761293997988105
15276,3211,Martin Braithwaite,"Barcelona,Leganes",F M S,35,2340,7,9.670963495969772,2,2.8578462041914463,55,17,4,0,7,8.927813794463873,12.631042383611202,3.825137125328183
