,id,player_name,team_title,position,games,time,goals,xG,assists,xA,shots,key_passes,yellow_cards,red_cards,npg,npxG,xGChain,xGBuildup
15301,525,Martin Kelly,Crystal Palace,D S,31,2503,0,0.1874169250950217,1,0.8051105663180351,10,10,2,0,0,0.1874169250950217,2.44453695230186,1.7485504932701588
15302,525,Martin Kelly,Crystal Palace,D S,15,1199,0,0.3498197384178638,0,0.0872204806655645,5,2,1,0,0,0.3498197384178638,0.7294613076373935,0.7162113534286618
15303,525,Martin Kelly,Crystal Palace,D S,19,1554,0,0.0609724055975675,1,0.8339540883898735,2,6,0,0,0,0.0609724055975675,2.381859911605716,2.184050213545561
15304,525,Martin Kelly,Crystal Palace,S,1,1,0,0.0,0,0.0,0,0,0,0,0,0.0,0.0,0.0
15305,525,Martin Kelly,Crystal Palace,D S,29,2145,0,0.2385208867490291,2,0.5268529392778873,3,8,4,0,0,0.2385208867490291,2.8168021757155657,2.51048275269568
15306,525,Martin Kelly,Crystal Palace,D S,13,1039,0,0.0146245751529932,0,0.1302273105829954,1,4,3,0,0,0.0146245751529932,0.5918860621750355,0.5525648817420006
15307,525,Martin Kelly,Crystal Palace,D S,13,1109,0,0.766651201993227,0,0.0234110038727521,3,1,2,0,0,0.766651201993227,0.7035444704815745,0.6801334666088223
