,id,player_name,team_title,position,games,time,goals,xG,assists,xA,shots,key_passes,yellow_cards,red_cards,npg,npxG,xGChain,xGBuildup
15291,2668,Martin Hinteregger,Borussia M.Gladbach,D M S,10,660,0,0.2099957820028066,0,0.3619838133454323,4,4,0,0,0,0.2099957820028066,2.418544922024012,2.08517063036561
15292,2668,Martin Hinteregger,Eintracht Frankfurt,D,12,1080,1,0.9852255433797836,0,0.0603737793862819,11,1,2,0,1,0.9852255433797836,1.6592272389680147,1.6182032320648432
15293,2668,Martin Hinteregger,Augsburg,D S,30,2650,0,1.4926973953843117,0,0.3973501957952976,26,8,3,0,0,1.4926973953843117,4.446914359927177,3.938376318663359
15294,2668,Martin Hinteregger,Eintracht Frankfurt,D S,31,2721,8,4.82720017246902,1,1.4694780698046088,45,7,8,0,8,4.82720017246902,8.395308813545853,7.302128130570054
15295,2668,Martin Hinteregger,"Augsburg,Eintracht Frankfurt",D,32,2722,3,2.019313304685056,0,0.7462029606103897,28,10,3,0,3,2.019313304685056,7.466366406530142,6.268805705010891
15296,2668,Martin Hinteregger,Augsburg,D,31,2775,3,2.286285688169301,0,0.0379322255030274,26,3,5,0,3,2.286285688169301,6.011319651268423,4.530198026448488
15297,2668,Martin Hinteregger,Eintracht Frankfurt,D,29,2531,2,2.0228329887613654,1,0.9886689092963934,24,9,4,0,2,2.0228329887613654,8.277137319557369,7.400658372789621
