,id,player_name,team_title,position,games,time,goals,xG,assists,xA,shots,key_passes,yellow_cards,red_cards,npg,npxG,xGChain,xGBuildup
15345,623,Martín Demichelis,Manchester City,D S,31,2554,1,0.381497242487967,0,0.2628270555287599,8,5,6,0,1,0.381497242487967,10.527683470398188,10.460409078747034
15346,623,Martín Demichelis,"Espanyol,Malaga",D S,12,771,0,0.2838350236415863,0,0.0746380239725112,4,1,3,0,0,0.2838350236415863,0.8920994279906154,0.8920994279906154
15347,623,Martín Demichelis,Manchester City,D S,20,999,0,0.2987080309540033,0,0.3832593113183975,5,4,3,0,0,0.2987080309540033,3.0463084019720554,2.6630490720272064
