,id,player_name,team_title,position,games,time,goals,xG,assists,xA,shots,key_passes,yellow_cards,red_cards,npg,npxG,xGChain,xGBuildup
15286,407,Martin Harnik,Werder Bremen,F M S,18,829,4,6.108229109086096,2,1.4193726051598787,28,13,2,0,4,6.108229109086096,7.418509176000953,1.670839974656701
15287,407,Martin Harnik,Werder Bremen,S,2,2,0,0.0,0,0.0,0,0,1,0,0,0.0,0.0,0.0
15288,407,Martin Harnik,Hannover 96,F M S,30,1892,9,7.442933835089207,2,1.194212176837027,49,18,2,0,9,7.442933835089207,9.097863975912333,1.9594202246516943
15289,407,Martin Harnik,VfB Stuttgart,F M S,19,995,2,5.84822304174304,0,1.3971912427805364,32,10,2,0,2,5.84822304174304,8.563276281580329,2.8103131279349327
15290,407,Martin Harnik,VfB Stuttgart,F M S,28,2247,9,9.13876572623849,2,2.7014923244714737,52,18,1,2,9,9.13876572623849,11.594803616404532,2.3804224468767643
