,id,player_name,team_title,position,games,time,goals,xG,assists,xA,shots,key_passes,yellow_cards,red_cards,npg,npxG,xGChain,xGBuildup
15371,4266,Marvin Bakalorz,Hannover 96,M S,25,1465,1,0.5002587269991636,0,0.5037527047097683,11,8,5,0,1,0.5002587269991636,2.8253684025257826,2.4136281814426184
15372,4266,Marvin Bakalorz,Paderborn,M S,29,2180,1,1.3701185043901205,2,1.7916551642119884,31,13,2,1,1,1.3701185043901205,3.5679267942905426,1.1828537629917264
15373,4266,Marvin Bakalorz,Hannover 96,M S,28,2062,0,1.5435172254219651,1,2.121029604226351,21,13,4,0,0,1.5435172254219651,6.852321550250053,4.079806556925178
