,id,player_name,team_title,position,games,time,goals,xG,assists,xA,shots,key_passes,yellow_cards,red_cards,npg,npxG,xGChain,xGBuildup
15392,236,Marvin Matip,Ingolstadt,D S,33,2923,2,2.5026239519938827,1,0.7422668030485511,25,9,5,0,2,2.5026239519938827,3.524148561991751,3.158769571222365
15393,236,Marvin Matip,Ingolstadt,D,33,2970,0,1.6140016447752714,0,0.4610802046954632,25,6,5,0,0,1.6140016447752714,3.703062776476145,3.601046100258827
