,id,player_name,team_title,position,games,time,goals,xG,assists,xA,shots,key_passes,yellow_cards,red_cards,npg,npxG,xGChain,xGBuildup
15380,370,Marvin Friedrich,Union Berlin,D,34,3060,5,1.3430958855897188,1,1.3265125583857298,25,14,1,0,5,1.3430958855897188,8.58821667265147,7.896769569255412
15381,370,Marvin Friedrich,Union Berlin,D,11,990,0,1.052977753803134,0,1.820573627948761,12,4,1,1,0,1.052977753803134,3.55405405908823,2.8475873097777367
15382,370,Marvin Friedrich,Schalke 04,S,2,3,0,0.0,0,0.0,0,0,0,0,0,0.0,0.0,0.0
15383,370,Marvin Friedrich,Schalke 04,D S,5,242,0,0.1802152581512928,0,0.0,3,0,0,0,0,0.1802152581512928,0.0235441904515028,0.0235441904515028
15384,370,Marvin Friedrich,Union Berlin,D,31,2790,2,1.881706332787872,0,0.0492770634591579,28,2,9,1,2,1.881706332787872,2.4613863732665777,2.4167100451886654
