,id,player_name,team_title,position,games,time,goals,xG,assists,xA,shots,key_passes,yellow_cards,red_cards,npg,npxG,xGChain,xGBuildup
15376,4329,Marvin Ducksch,Fortuna Duesseldorf,F S,16,813,1,1.7365713324397802,1,1.9553807340562344,18,19,1,0,1,1.7365713324397802,3.5923424474895,1.1278412323445082
15377,4329,Marvin Ducksch,Paderborn,F S,9,202,1,0.5576214548200369,0,1.0783481858670712,6,5,0,0,1,0.5576214548200369,1.0927594937384129,0.097103152424097
