,id,player_name,team_title,position,games,time,goals,xG,assists,xA,shots,key_passes,yellow_cards,red_cards,npg,npxG,xGChain,xGBuildup
15452,1315,Massimo Maccarone,Empoli,F S,37,2779,13,9.98206184618175,5,3.928731011226773,81,38,4,0,12,9.220763025805354,13.472644191235304,3.2140862504020333
15453,1315,Massimo Maccarone,Empoli,F S,34,2507,10,8.975992960855365,7,7.552496573887765,87,50,4,0,9,8.214694125577807,14.702128004282711,3.10627653170377
15454,1315,Massimo Maccarone,Empoli,F S,28,1507,5,5.733397522941232,2,1.3252169080078602,49,8,3,1,3,4.210880311205983,5.863669726066291,0.814534155651927
