,id,player_name,team_title,position,games,time,goals,xG,assists,xA,shots,key_passes,yellow_cards,red_cards,npg,npxG,xGChain,xGBuildup
15437,943,Massadio Haidara,Newcastle United,S,1,1,0,0.0,0,0.0,0,0,0,0,0,0.0,0.0,0.0
15438,943,Massadio Haidara,Lens,D S,9,276,0,0.1623279750347137,0,0.0,2,0,2,0,0,0.1623279750347137,1.4544077217578888,1.4202909022569656
15439,943,Massadio Haidara,Newcastle United,D S,15,1092,0,0.1060660257935524,1,0.3449204340577125,7,8,0,0,0,0.1060660257935524,2.395614467561245,2.098641589283943
15440,943,Massadio Haidara,Lens,D M S,25,2141,2,2.193574979901314,1,1.6948868483304975,12,17,6,0,2,2.193574979901314,6.4266413152217865,4.733375130221248
15441,943,Massadio Haidara,Newcastle United,D S,7,554,0,0.0466081723570823,0,0.074697533622384,3,2,1,0,0,0.0466081723570823,0.551704278215766,0.4461158663034439
