,id,player_name,team_title,position,games,time,goals,xG,assists,xA,shots,key_passes,yellow_cards,red_cards,npg,npxG,xGChain,xGBuildup
15457,2385,Mat Ryan,Valencia,GK,8,720,0,0.0,0,0.0,0,0,0,0,0,0.0,0.8481716848909855,0.8481716848909855
15458,2385,Mat Ryan,Brighton,GK,34,3060,0,0.0,0,0.0,0,0,2,0,0,0.0,0.9535476239398122,0.9535476239398122
15459,2385,Mat Ryan,Brighton,GK,38,3420,0,0.0,0,0.0,0,0,0,0,0,0.0,4.3156088422983885,4.3156088422983885
15460,2385,Mat Ryan,Valencia,GK,2,180,0,0.0,0,0.0,0,0,0,0,0,0.0,0.0520288571715354,0.0520288571715354
15461,2385,Mat Ryan,"Arsenal,Brighton",GK,14,1260,0,0.0,0,0.0603272691369056,0,1,1,0,0,0.0,1.6561843641102314,1.6561843641102314
15462,2385,Mat Ryan,Real Sociedad,GK,2,180,0,0.0,0,0.0,0,0,0,0,0,0.0,0.0360802896320819,0.0360802896320819
15463,2385,Mat Ryan,Brighton,GK,38,3420,0,0.0,0,0.0,0,0,0,0,0,0.0,0.6440805979073048,0.6440805979073048
