,id,player_name,team_title,position,games,time,goals,xG,assists,xA,shots,key_passes,yellow_cards,red_cards,npg,npxG,xGChain,xGBuildup
15568,3320,Mathieu Peybernes,SC Bastia,D S,25,2041,0,0.0,0,0.3519183602184057,0,3,3,0,0,0.0,1.6343567576259377,1.2955164592713118
15569,3320,Mathieu Peybernes,SC Bastia,D S,30,2327,0,0.0620734728872776,2,0.6531429030001163,1,6,3,0,0,0.0620734728872776,1.961643049493432,1.7147905584424734
15570,3320,Mathieu Peybernes,"Lorient,SC Bastia",D,37,3173,0,0.159441627562046,0,0.141675591468811,3,1,5,0,0,0.159441627562046,5.283803530037403,5.142127934843302
