,id,player_name,team_title,position,games,time,goals,xG,assists,xA,shots,key_passes,yellow_cards,red_cards,npg,npxG,xGChain,xGBuildup
15575,8094,Mathis Cherki,Lyon,F M S,27,663,1,1.2114488016813991,3,1.944522147998213,18,13,1,1,1,1.2114488016813991,5.334746766835451,3.099569894373417
15576,8094,Mathis Cherki,Lyon,M S,6,135,0,0.2466441392898559,0,0.0955616757273674,3,1,0,0,0,0.2466441392898559,0.3878975585103035,0.0617398712784051
15577,8094,Mathis Cherki,Lyon,F S,11,209,0,0.4214808568358421,0,0.1693537849932909,7,4,1,0,0,0.4214808568358421,0.80612937733531,0.3386735077947378
