,id,player_name,team_title,position,games,time,goals,xG,assists,xA,shots,key_passes,yellow_cards,red_cards,npg,npxG,xGChain,xGBuildup
15556,895,Mathieu Flamini,Getafe,M S,8,484,0,0.0682477131485939,0,0.087768517434597,1,1,1,1,0,0.0682477131485939,0.308153685182333,0.1521374508738517
15557,895,Mathieu Flamini,Getafe,M S,10,436,0,0.0,0,0.0343167856335639,0,1,5,0,0,0.0,1.2823844272643328,1.2480676416307688
15558,895,Mathieu Flamini,Arsenal,M S,16,1084,0,1.1149375680834055,0,0.1270071025937795,7,3,3,0,0,1.1149375680834055,4.503541711717844,3.279499549418688
15559,895,Mathieu Flamini,Arsenal,M S,23,1455,1,1.0083513157442212,1,0.188205880112946,7,5,3,0,1,1.0083513157442212,4.853084901347756,3.863503756001592
15560,895,Mathieu Flamini,Crystal Palace,M S,10,272,0,0.03301802277565,0,0.0785485357046127,1,1,0,0,0,0.03301802277565,0.1115665584802627,0.0
