,id,player_name,team_title,position,games,time,goals,xG,assists,xA,shots,key_passes,yellow_cards,red_cards,npg,npxG,xGChain,xGBuildup
15590,451,Matija Nastasic,Schalke 04,D S,24,1989,0,0.9804239384829998,0,0.1616666000336408,8,3,5,1,0,0.9804239384829998,2.00060691870749,1.868846569210291
15591,451,Matija Nastasic,Schalke 04,D S,22,1921,0,0.0428173067048192,0,0.1862314045429229,3,3,6,0,0,0.0428173067048192,3.428645418956876,3.383712539449334
15592,451,Matija Nastasic,Schalke 04,D,28,2453,1,2.2996650859713554,0,0.1670427285134792,21,5,6,1,1,2.2996650859713554,3.952553065493703,3.78136334195733
15593,451,Matija Nastasic,Schalke 04,D S,15,1223,0,0.3401712346822023,0,0.0501984134316444,7,1,2,0,0,0.3401712346822023,1.4538398534059525,1.4538398534059525
15594,451,Matija Nastasic,Fiorentina,D S,3,118,0,0.0,0,0.0330897271633148,0,1,1,0,0,0.0,0.0523503459990024,0.0192606225609779
15595,451,Matija Nastasic,Schalke 04,D S,16,1363,0,1.1693000104278326,0,0.1723426282405853,12,1,2,0,0,1.1693000104278326,2.36515392921865,2.151889940723777
15596,451,Matija Nastasic,Schalke 04,D,1,16,0,0.0,0,0.0,0,0,0,0,0,0.0,0.0217314958572387,0.0217314958572387
15597,451,Matija Nastasic,Schalke 04,D,16,1440,0,0.8923840131610632,0,0.4716955702751875,6,7,3,0,0,0.8923840131610632,1.5179977091029286,1.4010221930220723
