,id,player_name,team_title,position,games,time,goals,xG,assists,xA,shots,key_passes,yellow_cards,red_cards,npg,npxG,xGChain,xGBuildup
15599,1273,Mato Jajalo,Palermo,M S,28,2040,0,1.3178793648257852,1,1.6047138012945652,20,19,8,0,0,1.3178793648257852,5.630554366856813,4.208917965181172
15600,1273,Mato Jajalo,Udinese,M S,7,198,0,0.2643123604357242,1,0.2642044071108103,3,2,0,0,0,0.2643123604357242,0.975367981940508,0.6848484762012959
15601,1273,Mato Jajalo,Palermo,M S,26,1870,1,0.901592506095767,1,0.6860351087525487,24,20,5,0,1,0.901592506095767,3.0591432312503457,2.235432030633092
15602,1273,Mato Jajalo,Udinese,S,1,29,0,0.0,0,0.0,0,0,0,0,0,0.0,0.0,0.0
15603,1273,Mato Jajalo,Udinese,M S,26,1658,0,0.344012058340013,0,0.4595282981172204,16,12,6,1,0,0.344012058340013,4.8019127286970615,4.339520700275898
15604,1273,Mato Jajalo,Palermo,M S,16,1131,1,0.3751018708571791,1,0.4462729198858142,13,10,5,0,1,0.3751018708571791,4.296482339501381,3.900518271140754
