,id,player_name,team_title,position,games,time,goals,xG,assists,xA,shots,key_passes,yellow_cards,red_cards,npg,npxG,xGChain,xGBuildup
15734,2629,Matthias Zimmermann,Fortuna Duesseldorf,D M,34,3051,1,0.4121084413491189,3,2.9412795174866915,15,20,4,0,1,0.4121084413491189,9.320723427459598,6.705253263935447
15735,2629,Matthias Zimmermann,VfB Stuttgart,D S,3,75,0,0.0803587436676025,0,0.0,1,0,0,0,0,0.0803587436676025,0.1473046243190765,0.066945880651474
15736,2629,Matthias Zimmermann,VfB Stuttgart,D,2,167,0,0.0096154864877462,0,0.2956155240535736,1,1,0,0,0,0.0096154864877462,0.3827329333871603,0.0775019004940986
15737,2629,Matthias Zimmermann,Fortuna Duesseldorf,D M S,34,2931,1,0.4840454636141658,2,2.3488542465493083,16,25,4,0,1,0.4840454636141658,6.346126226708293,5.052494013682008
