,id,player_name,team_title,position,games,time,goals,xG,assists,xA,shots,key_passes,yellow_cards,red_cards,npg,npxG,xGChain,xGBuildup
15741,3609,Matthieu Saunier,Granada,D,16,1309,0,0.0,1,0.3427882865071296,0,2,4,0,0,0.0,0.8827022677287459,0.8626389494165778
15742,3609,Matthieu Saunier,Troyes,D,28,2419,0,1.4096636436879637,0,0.3703067433089018,8,5,3,0,0,1.4096636436879637,2.1554130613803864,1.9201287552714348
