,id,player_name,team_title,position,games,time,goals,xG,assists,xA,shots,key_passes,yellow_cards,red_cards,npg,npxG,xGChain,xGBuildup
15748,7902,Matthijs de Ligt,Juventus,D S,13,1113,1,1.5301111293956635,0,0.6057299375534058,12,4,0,0,1,1.5301111293956635,4.765909254550934,4.264506883919239
15749,7902,Matthijs de Ligt,Juventus,D S,27,2220,1,0.9373444924131036,1,1.0053016962483523,19,9,4,0,1,0.9373444924131036,10.94204924441874,10.896855214610696
15750,7902,Matthijs de Ligt,Juventus,D S,29,2454,4,3.013757617212832,0,0.2069002985954284,18,3,5,0,4,3.013757617212832,9.59053668845445,9.460283008404076
