,id,player_name,team_title,position,games,time,goals,xG,assists,xA,shots,key_passes,yellow_cards,red_cards,npg,npxG,xGChain,xGBuildup
15629,461,Matt Ritchie,Bournemouth,M S,37,2985,4,4.234731961973012,6,3.577278535813093,77,41,5,0,4,4.234731961973012,9.965599801391363,5.387164267711341
15630,461,Matt Ritchie,Newcastle United,D M S,35,2822,3,3.193385612219572,5,6.588133158162236,58,53,6,0,3,3.193385612219572,10.309624302200971,5.674191934987903
15631,461,Matt Ritchie,Newcastle United,D M S,18,1360,0,0.3301006630063057,2,2.4923457093536854,11,24,2,0,0,0.3301006630063057,5.130529761314392,4.38347963988781
15632,461,Matt Ritchie,Newcastle United,D S,14,1154,0,0.3662856444716453,2,1.9647234054282308,10,29,5,0,0,0.3662856444716453,2.881363060325384,2.332208838313818
15633,461,Matt Ritchie,Newcastle United,D M S,36,2965,2,4.438608217053115,8,5.1125958655029535,41,60,9,0,1,2.916270522400737,10.178970442153512,4.691090313717723
15634,461,Matt Ritchie,Newcastle United,D M S,18,1321,2,1.5107395369559526,1,2.3453650511801243,26,32,4,0,2,0.7495706640183926,2.739802846685052,1.4184193424880505
