,id,player_name,team_title,position,games,time,goals,xG,assists,xA,shots,key_passes,yellow_cards,red_cards,npg,npxG,xGChain,xGBuildup
15646,1843,Matteo Bianchetti,Empoli,S,1,3,0,0.0,0,0.0,0,0,0,0,0,0.0,0.0,0.0
15647,1843,Matteo Bianchetti,Verona,D S,23,1576,1,1.148694726638496,0,0.1336988843977451,7,4,4,0,1,1.148694726638496,1.850845473818481,1.7261266624554992
15648,1843,Matteo Bianchetti,Verona,D S,2,121,0,0.0,0,0.0,0,0,1,0,0,0.0,0.1097233965992927,0.1097233965992927
