,id,player_name,team_title,position,games,time,goals,xG,assists,xA,shots,key_passes,yellow_cards,red_cards,npg,npxG,xGChain,xGBuildup
15689,7227,Matteo Scozzarella,Parma Calcio 1913,M,3,156,0,0.0,0,0.2747203037142753,0,6,1,0,0,0.0,0.5415629055351019,0.516309117898345
15690,7227,Matteo Scozzarella,Parma Calcio 1913,M S,22,1479,0,0.1819614917039871,3,2.266539534553885,8,19,8,0,0,0.1819614917039871,1.99537568166852,1.084720516577363
15691,7227,Matteo Scozzarella,Parma Calcio 1913,M S,16,944,0,0.1075224298983812,3,0.7535359691828489,4,14,2,0,0,0.1075224298983812,1.59254652261734,1.4025218933820724
