,id,player_name,team_title,position,games,time,goals,xG,assists,xA,shots,key_passes,yellow_cards,red_cards,npg,npxG,xGChain,xGBuildup
15757,6212,Mattia Bani,Genoa,D S,5,288,0,0.0765056312084198,0,0.0,1,0,0,0,0,0.0765056312084198,0.1112141534686088,0.1112141534686088
15758,6212,Mattia Bani,Chievo,D S,16,1317,0,0.4064114764332771,0,0.0,3,0,5,1,0,0.4064114764332771,0.8205715119838715,0.8205715119838715
15759,6212,Mattia Bani,Chievo,D S,30,2613,0,1.1097779599949718,0,0.9413776695728302,13,4,7,1,0,1.1097779599949718,3.6411728826351455,3.5208809464238584
15760,6212,Mattia Bani,"Genoa,Parma Calcio 1913",D S,26,2077,0,0.9494237788021564,0,0.2942239269614219,11,4,10,0,0,0.9494237788021564,3.6445024106651545,3.327989287674427
15761,6212,Mattia Bani,Bologna,D S,27,2219,4,3.58260993193835,0,0.0775513239204883,16,2,11,1,4,3.58260993193835,4.672775596380234,4.582985816523433
