,id,player_name,team_title,position,games,time,goals,xG,assists,xA,shots,key_passes,yellow_cards,red_cards,npg,npxG,xGChain,xGBuildup
15666,5759,Matteo Guendouzi,Arsenal,M S,33,2132,0,0.4822910744696855,0,1.5040014944970608,16,17,9,0,0,0.4822910744696855,13.771110136061909,12.147169291973114
15667,5759,Matteo Guendouzi,Arsenal,M S,24,1744,0,0.5298995524644852,1,1.0633032843470571,11,12,6,0,0,0.5298995524644852,6.531605005264282,5.212480574846268
15668,5759,Matteo Guendouzi,Lorient,M S,8,414,0,0.1771115753799677,0,0.0,6,0,2,0,0,0.1771115753799677,2.2902424670755863,2.137279700487852
15669,5759,Matteo Guendouzi,Hertha Berlin,M S,24,1809,2,0.7871313542127609,1,1.8100113458931448,17,18,5,0,2,0.7871313542127609,5.146926138550043,3.264002362266183
15670,5759,Matteo Guendouzi,Marseille,M S,17,1340,3,1.887045431882143,3,1.324083155952394,20,14,3,0,3,1.887045431882143,8.928307108581066,6.806313715875149
