,id,player_name,team_title,position,games,time,goals,xG,assists,xA,shots,key_passes,yellow_cards,red_cards,npg,npxG,xGChain,xGBuildup
15823,6903,Matz Sels,Strasbourg,GK,18,1620,0,0.0773665085434913,0,0.0224318038672208,2,1,0,0,0,0.0773665085434913,1.7403362840414047,1.7403362840414047
15824,6903,Matz Sels,Strasbourg,GK,37,3330,0,0.0,0,0.0,0,0,2,0,0,0.0,2.3782571479678154,2.3782571479678154
15825,6903,Matz Sels,Strasbourg,GK,6,540,0,0.0,0,0.0,0,0,0,0,0,0.0,0.1393161714076995,0.1393161714076995
15826,6903,Matz Sels,Strasbourg,GK,27,2430,0,0.0,0,0.0,0,0,0,0,0,0.0,2.8204266894608736,2.8204266894608736
