,id,player_name,team_title,position,games,time,goals,xG,assists,xA,shots,key_passes,yellow_cards,red_cards,npg,npxG,xGChain,xGBuildup
15878,1494,Mauricio Pinilla,"Atalanta,Genoa",F S,26,1648,9,8.122705548070371,2,1.7165909251198173,65,13,8,1,8,6.600107877515256,7.158051632344723,1.951383087784052
15879,1494,Mauricio Pinilla,"Atalanta,Genoa",F S,16,705,1,4.450468732044101,1,1.502453618682921,29,10,5,1,0,3.689169881865382,4.350771345198154,0.0842171665281057
15880,1494,Mauricio Pinilla,Atalanta,F S,20,1342,5,5.439933902584016,2,3.573226036503911,42,21,8,1,5,3.917376107536256,8.09273026138544,1.662754936143756
