,id,player_name,team_title,position,games,time,goals,xG,assists,xA,shots,key_passes,yellow_cards,red_cards,npg,npxG,xGChain,xGBuildup
15896,3217,Mauro Goicoechea,Toulouse,GK,2,180,0,0.0,0,0.0,0,0,0,0,0,0.0,0.056621003895998,0.056621003895998
15897,3217,Mauro Goicoechea,Toulouse,GK S,8,713,0,0.0,0,0.0,0,0,0,0,0,0.0,0.5421980395913124,0.5421980395913124
15898,3217,Mauro Goicoechea,Toulouse,GK S,9,734,0,0.0,0,0.0,0,0,1,0,0,0.0,0.2842409256845712,0.2842409256845712
15899,3217,Mauro Goicoechea,Toulouse,GK,2,180,0,0.0,0,0.0,0,0,0,0,0,0.0,0.0483631752431392,0.0483631752431392
