,id,player_name,team_title,position,games,time,goals,xG,assists,xA,shots,key_passes,yellow_cards,red_cards,npg,npxG,xGChain,xGBuildup
15960,1188,Maxi L贸pez,"Chievo,Torino",F S,31,1573,9,9.392880426719785,2,1.8227788414806128,52,20,3,0,9,9.392880426719785,10.834513742476702,1.967516493052244
15961,1188,Maxi L贸pez,Udinese,F S,28,1686,2,3.4759414242580533,2,1.6829145550727844,28,19,1,0,1,2.7146426485851407,6.332209371030331,2.492738876491785
15962,1188,Maxi L贸pez,Torino,F S,26,1054,4,4.795054703950882,2,0.7446106569841504,26,11,2,0,2,2.511158213019371,3.3571737809106708,0.7274536285549402
15963,1188,Maxi L贸pez,Torino,F S,16,416,2,1.4599692802876234,0,0.3173986710608005,13,7,2,0,2,1.4599692802876234,1.6159451883286238,0.1567357815802097
