,id,player_name,team_title,position,games,time,goals,xG,assists,xA,shots,key_passes,yellow_cards,red_cards,npg,npxG,xGChain,xGBuildup
16057,2029,Maximiliano Moralez,Atalanta,F S,17,1369,1,4.737575739622116,4,3.7928335973992944,26,39,2,0,1,3.976276904344559,7.896690941415727,1.6512821689248085
16058,2029,Maximiliano Moralez,Atalanta,F M S,30,2255,5,5.082917433232069,4,5.162681730464101,53,59,3,0,5,5.082917433232069,10.94061641022563,2.370030777528882
