,id,player_name,team_title,position,games,time,goals,xG,assists,xA,shots,key_passes,yellow_cards,red_cards,npg,npxG,xGChain,xGBuildup
16047,4247,Maximilian Philipp,Borussia Dortmund,F M S,18,764,1,0.8928650161251426,1,0.1720552779734134,13,5,0,0,1,0.8928650161251426,1.858853351324797,1.1387719120830295
16048,4247,Maximilian Philipp,Freiburg,F S,24,1153,1,2.01174551807344,2,1.619176964275539,19,11,4,0,1,2.01174551807344,3.919122716411948,1.7098099403083324
16049,4247,Maximilian Philipp,Borussia Dortmund,F M S,20,1212,9,4.919506423175335,1,2.19315617531538,44,15,0,0,9,4.919506423175335,9.881750244647264,3.7884496226906776
16050,4247,Maximilian Philipp,Freiburg,F M S,25,1944,9,5.965804253704846,2,2.933576488867402,53,26,5,0,9,5.208027516491711,6.284458667971194,1.6769975647330284
16051,4247,Maximilian Philipp,Dinamo Moscow,F M S,7,394,1,1.8679810613393784,0,0.2086643371731043,9,6,2,0,0,1.1137057468295095,1.934719488024712,0.7964024320244789
16052,4247,Maximilian Philipp,Dinamo Moscow,F M S,20,1259,8,6.082521460950375,1,1.8234232384711504,40,23,3,0,3,2.311144821345806,6.292869307100773,3.639166973531246
16053,4247,Maximilian Philipp,Wolfsburg,F M S,12,587,0,0.3452941635623574,2,0.5785412527620792,8,12,0,0,0,0.3452941635623574,1.8683437397703528,1.3147881738841534
16054,4247,Maximilian Philipp,Wolfsburg,M S,24,1129,6,3.5855435971170664,2,0.8755118940025568,30,14,3,0,6,3.5855435971170664,5.242055084556341,1.383285365998745
