,id,player_name,team_title,position,games,time,goals,xG,assists,xA,shots,key_passes,yellow_cards,red_cards,npg,npxG,xGChain,xGBuildup
15979,3414,Maxime Dupé,Nantes,GK,16,1440,0,0.0,0,0.0,0,0,1,0,0,0.0,0.3516633603721857,0.3516633603721857
15980,3414,Maxime Dupé,Nantes,GK S,11,938,0,0.0,0,0.0,0,0,1,0,0,0.0,1.129670413210988,1.129670413210988
15981,3414,Maxime Dupé,Nantes,GK,6,540,0,0.0,0,0.0,0,0,0,0,0,0.0,0.873681852594018,0.873681852594018
15982,3414,Maxime Dupé,Nantes,GK,7,630,0,0.0,0,0.0,0,0,0,0,0,0.0,0.3869493417441845,0.3869493417441845
15983,3414,Maxime Dupé,Nantes,GK,1,90,0,0.0,0,0.0,0,0,0,0,0,0.0,0.0,0.0
