,id,player_name,team_title,position,games,time,goals,xG,assists,xA,shots,key_passes,yellow_cards,red_cards,npg,npxG,xGChain,xGBuildup
16090,328,Medhi Benatia,Bayern Munich,D S,15,1150,1,1.0868592523038387,0,0.3922503665089607,10,3,4,0,1,1.0868592523038387,3.680890079587698,3.5197036229074
16091,328,Medhi Benatia,Juventus,D,5,450,0,0.1095870435237884,0,0.0,3,0,2,0,0,0.1095870435237884,0.6927554905414581,0.636357419192791
16092,328,Medhi Benatia,Bayern Munich,D S,14,975,1,0.9919701740145684,2,0.6311345975846052,8,3,2,0,1,0.9919701740145684,5.465753547847271,5.453693475574255
16093,328,Medhi Benatia,Juventus,D S,15,1185,1,1.0858214423060415,0,0.4036880135536194,9,1,3,0,1,1.0858214423060415,4.8873459585011005,3.8617041148245335
16094,328,Medhi Benatia,Juventus,D S,20,1753,2,2.721200218424201,0,0.0253242347389459,13,1,8,0,2,2.721200218424201,4.318404868245125,3.746314212679863
