,id,player_name,team_title,position,games,time,goals,xG,assists,xA,shots,key_passes,yellow_cards,red_cards,npg,npxG,xGChain,xGBuildup
16106,8655,Mehdi Chahiri,Strasbourg,M S,23,788,2,1.570545484311879,0,1.1279830280691383,21,8,0,0,2,1.570545484311879,2.867377422749996,0.3399536684155464
16107,8655,Mehdi Chahiri,Strasbourg,S,1,13,0,0.0,0,0.0,0,0,0,0,0,0.0,0.0736176818609237,0.0736176818609237
