,id,player_name,team_title,position,games,time,goals,xG,assists,xA,shots,key_passes,yellow_cards,red_cards,npg,npxG,xGChain,xGBuildup
16138,8190,Melvin Bard,Nice,D S,16,1334,1,0.6146402573212981,1,1.045222282409668,3,6,2,0,1,0.6146402573212981,5.875151637941599,4.264941055327654
16139,8190,Melvin Bard,Lyon,D S,14,415,0,0.0805699937045574,0,0.4168979600071907,2,4,0,1,0,0.0805699937045574,1.3873907569795847,1.2689884956926107
16140,8190,Melvin Bard,Lyon,S,1,42,0,0.0,0,0.0405545681715011,0,2,0,0,0,0.0,0.1676004379987716,0.1442998796701431
