,id,player_name,team_title,position,games,time,goals,xG,assists,xA,shots,key_passes,yellow_cards,red_cards,npg,npxG,xGChain,xGBuildup
16159,7416,Merih Demiral,Juventus,D S,6,415,1,0.1238283663988113,1,0.4193297326564789,2,1,1,0,1,0.1238283663988113,1.2649234235286713,1.2649234235286713
16160,7416,Merih Demiral,Sassuolo,D,14,1260,2,1.047387845814228,0,0.4815272502601146,7,2,3,0,2,1.047387845814228,2.1443694941699505,2.0578580014407635
16161,7416,Merih Demiral,Atalanta,D,12,974,1,0.7217392707243562,1,0.1031389981508255,10,2,4,0,1,0.7217392707243562,2.32564078271389,1.7795596793293953
16162,7416,Merih Demiral,Juventus,D S,15,931,0,0.7949280776083469,1,0.7834012806415558,6,4,1,0,0,0.7949280776083469,4.235521972179413,4.235521972179413
