,id,player_name,team_title,position,games,time,goals,xG,assists,xA,shots,key_passes,yellow_cards,red_cards,npg,npxG,xGChain,xGBuildup
16190,665,Micah Richards,Fiorentina,D S,10,564,0,0.1170741273090243,0,0.1064606849104166,2,3,1,0,0,0.1170741273090243,1.5394830126315355,1.3725669458508492
16191,665,Micah Richards,Aston Villa,D S,24,2049,1,1.0121648730710149,1,0.4195181960240006,11,8,3,0,1,1.0121648730710149,2.939192415215075,2.629615142941475
