,id,player_name,team_title,position,games,time,goals,xG,assists,xA,shots,key_passes,yellow_cards,red_cards,npg,npxG,xGChain,xGBuildup
16251,5145,Michael Santos,Leganes,F M S,16,546,1,2.391808681190014,3,0.6539543308317661,18,6,4,0,1,2.391808681190014,3.500399474054575,0.6985728107392788
16252,5145,Michael Santos,Malaga,F M S,14,741,3,3.2121969386935234,0,0.6529013812541962,20,9,3,0,2,1.7257695868611336,2.8925173301249743,0.6314776912331581
