,id,player_name,team_title,position,games,time,goals,xG,assists,xA,shots,key_passes,yellow_cards,red_cards,npg,npxG,xGChain,xGBuildup
16254,531,Michail Antonio,West Ham,F M S,24,1767,10,13.249549170956016,3,3.921495376154781,68,26,3,0,9,12.488380333408712,13.959707390516996,2.270155580714345
16255,531,Michail Antonio,West Ham,D F M,29,2451,9,9.790298977866769,3,3.389843594282865,77,31,4,1,9,9.790298977866769,13.22930390201509,3.0400038193911314
16256,531,Michail Antonio,West Ham,F S,26,1993,10,14.138838540762665,5,3.1944228131324053,63,27,3,0,10,14.138838540762665,19.273825880140063,2.7705206014215946
16257,531,Michail Antonio,West Ham,F,15,1350,6,6.794746160507202,4,4.114366374909878,44,30,3,1,6,6.033577263355255,11.2865122705698,3.7558727860450745
16258,531,Michail Antonio,West Ham,D F M S,26,2074,8,5.896231018938124,3,2.8487461023032665,54,24,3,0,8,5.896231018938124,10.222167086787522,4.37821155693382
16259,531,Michail Antonio,West Ham,D F M S,33,2084,6,6.066020864993334,4,4.029214847832918,65,23,3,0,6,6.066020864993334,11.179384602233768,3.387628575786948
16260,531,Michail Antonio,West Ham,D F M S,21,1347,3,2.0091192554682493,1,0.920720816589892,34,14,1,0,3,2.0091192554682493,3.456526911817491,1.1478512324392796
