,id,player_name,team_title,position,games,time,goals,xG,assists,xA,shots,key_passes,yellow_cards,red_cards,npg,npxG,xGChain,xGBuildup
16226,1653,Michael Keane,Everton,D S,30,2563,0,1.2515030782669785,1,0.9502720665186644,15,4,3,0,0,1.2515030782669785,1.887412573210895,1.8523749513551595
16227,1653,Michael Keane,Everton,D,33,2970,1,2.00349584966898,2,1.242416828870773,31,8,2,0,1,2.00349584966898,7.383238755166531,6.829519972205162
16228,1653,Michael Keane,"Burnley,Manchester United",D S,22,1632,0,1.3335254061967134,1,0.211373820900917,12,6,1,0,0,1.3335254061967134,1.2806250099092722,1.046955440193415
16229,1653,Michael Keane,Everton,D S,31,2550,2,2.021645652130246,0,0.6693382374942303,14,6,3,0,2,2.021645652130246,5.468895569443703,4.870126873254776
16230,1653,Michael Keane,Everton,D,16,1440,1,0.8960568448528647,2,1.3396282345056534,12,8,0,0,1,0.8960568448528647,2.3129472760483623,1.7249563420191407
16231,1653,Michael Keane,Burnley,D,35,3150,2,1.4584979489445686,1,0.9949255492538214,23,8,4,0,2,1.4584979489445686,1.3617720138281584,1.161399777978659
16232,1653,Michael Keane,Everton,D S,35,2986,3,1.5046916585415602,1,1.0852528270334003,16,7,4,0,3,1.5046916585415602,6.951784314587712,6.675621526315808
