,id,player_name,team_title,position,games,time,goals,xG,assists,xA,shots,key_passes,yellow_cards,red_cards,npg,npxG,xGChain,xGBuildup
16303,8907,Mickaël Malsa,Levante,M S,12,663,0,0.1251047383993864,1,0.7640290092676878,5,4,5,0,0,0.1251047383993864,2.7217560317367315,2.285016424953937
16304,8907,Mickaël Malsa,Levante,M S,35,2349,1,1.166995038278401,0,0.4851325238123536,24,12,5,0,1,1.166995038278401,9.602625872008502,8.450555874034762
