,id,player_name,team_title,position,games,time,goals,xG,assists,xA,shots,key_passes,yellow_cards,red_cards,npg,npxG,xGChain,xGBuildup
16343,1098,Miguel Veloso,Verona,M S,21,1312,2,1.782979005947709,2,0.6269579427316785,12,11,1,0,0,0.2603813745081424,5.07194546982646,4.508933229371905
16344,1098,Miguel Veloso,Genoa,M S,21,1267,0,0.9014210756868124,1,1.63004635181278,30,24,7,0,0,0.9014210756868124,3.6199179170653215,3.1404337529093027
16345,1098,Miguel Veloso,Genoa,M S,22,1748,1,0.8304574275389314,0,2.167411297559738,28,19,4,0,1,0.8304574275389314,5.2372832633554935,4.363623017445207
16346,1098,Miguel Veloso,Genoa,M S,23,1786,0,1.0927966171875596,4,3.033095633611083,31,33,8,1,0,1.0927966171875596,7.37463759817183,5.563167557120323
16347,1098,Miguel Veloso,Verona,D M S,34,2824,3,2.098230527713895,4,5.468173789791763,36,58,6,0,3,2.098230527713895,10.974556228145955,9.225040540099144
16348,1098,Miguel Veloso,Verona,M S,11,716,0,0.3446061564609408,2,0.9465350778773428,11,12,3,1,0,0.3446061564609408,3.964510053396225,3.371238771826029
