,id,player_name,team_title,position,games,time,goals,xG,assists,xA,shots,key_passes,yellow_cards,red_cards,npg,npxG,xGChain,xGBuildup
16340,7751,Miguel Trauco,Saint-Etienne,D S,9,703,1,0.2077842308208346,0,0.0795388175174593,7,4,2,0,1,0.2077842308208346,1.9189588073641064,1.731295139528811
16341,7751,Miguel Trauco,Saint-Etienne,D M S,19,1483,1,0.7085140096023679,2,0.8664952702820301,11,9,6,0,1,0.7085140096023679,2.2820682246238,0.8918785192072392
16342,7751,Miguel Trauco,Saint-Etienne,D M S,26,2032,0,0.1154638482257723,2,3.352635177783668,6,30,1,0,0,0.1154638482257723,5.971866273321211,4.070857299491763
