,id,player_name,team_title,position,games,time,goals,xG,assists,xA,shots,key_passes,yellow_cards,red_cards,npg,npxG,xGChain,xGBuildup
16336,2334,Miguel Torres,Malaga,D S,23,1960,0,0.0115956244990229,2,0.390649770386517,1,7,9,0,0,0.0115956244990229,2.29980499111116,1.9545396883040669
16337,2334,Miguel Torres,Malaga,D S,16,1173,0,0.0729301795363426,1,0.955494461581111,1,3,4,0,0,0.0729301795363426,1.0106025952845812,0.9903363902121782
16338,2334,Miguel Torres,Malaga,D S,22,1562,0,0.2168532628566026,0,0.2696152133867144,4,5,4,0,0,0.2168532628566026,2.0595671399496496,1.975998244713992
16339,2334,Miguel Torres,Malaga,D,8,679,0,0.0573718249797821,0,0.0360315442085266,2,2,3,0,0,0.0573718249797821,1.2930542938411236,1.257022749632597
