,id,player_name,team_title,position,games,time,goals,xG,assists,xA,shots,key_passes,yellow_cards,red_cards,npg,npxG,xGChain,xGBuildup
16356,5452,Miha Mevlja,"FC Rostov,Zenit St. Petersburg",D S,26,2094,1,0.4627318866550922,0,0.3027146626263857,3,5,4,0,1,0.4627318866550922,2.913067126646638,2.7287699207663536
16357,5452,Miha Mevlja,FC Rostov,D,21,1794,0,0.1231264760717749,2,0.5544148050248623,4,3,1,0,0,0.1231264760717749,1.5987016381695869,1.4961603255942464
16358,5452,Miha Mevlja,PFC Sochi,D,29,2580,3,0.7974112574011087,0,0.0827501900494098,6,2,4,0,3,0.7974112574011087,5.072702014818788,4.970847183838487
16359,5452,Miha Mevlja,PFC Sochi,D,19,1630,1,0.5428564641624689,0,0.0108524058014154,4,1,2,0,1,0.5428564641624689,2.308969065546989,2.298116659745574
16360,5452,Miha Mevlja,"FC Rostov,Zenit St. Petersburg",D,13,1129,0,0.3586461842060089,0,0.3540837103500962,1,3,1,0,0,0.3586461842060089,2.2390745133161545,2.21002871543169
