,id,player_name,team_title,position,games,time,goals,xG,assists,xA,shots,key_passes,yellow_cards,red_cards,npg,npxG,xGChain,xGBuildup
16376,5947,Mihailo Ristic,Montpellier,D M S,18,793,0,0.2784807784482837,2,0.550320953130722,8,12,1,0,0,0.2784807784482837,1.4774271119385958,0.7197963949292898
16377,5947,Mihailo Ristic,Montpellier,D M S,10,315,1,0.9531696187332273,0,0.1204577051103115,5,2,0,0,1,0.9531696187332273,1.5778216971084476,0.6047924645245075
16378,5947,Mihailo Ristic,FC Krasnodar,D M S,4,193,0,0.0809425078332424,0,0.1595117580145597,4,2,0,0,0,0.0809425078332424,0.458690432831645,0.274394117295742
16379,5947,Mihailo Ristic,Montpellier,D S,17,900,0,0.1533979438245296,1,0.7594277709722519,9,7,2,0,0,0.1533979438245296,2.183607406914234,1.4661169964820149
16380,5947,Mihailo Ristic,Montpellier,D M S,34,2241,0,0.5852309316396713,2,2.0531751848757267,20,19,4,0,0,0.5852309316396713,8.197133008390665,6.212639139965177
