,id,player_name,team_title,position,games,time,goals,xG,assists,xA,shots,key_passes,yellow_cards,red_cards,npg,npxG,xGChain,xGBuildup
16438,2406,Mikel Rico,Athletic Club,M S,17,696,1,0.4800932146608829,1,0.7871743468567729,12,5,2,1,1,0.4800932146608829,3.0023714350536466,1.81250402610749
16439,2406,Mikel Rico,Athletic Club,M S,17,1169,0,0.593866378068924,0,1.2032321020960808,13,11,2,0,0,0.593866378068924,3.934800125658512,2.9420637488365173
16440,2406,Mikel Rico,Athletic Club,M S,18,461,1,0.3821185380220413,0,0.6242529526352882,10,4,4,0,1,0.3821185380220413,1.6879780534654856,0.7555436305701733
16441,2406,Mikel Rico,Athletic Club,M S,36,2801,3,2.296623036265373,2,0.6947250505909324,33,19,3,0,3,2.296623036265373,6.987981837242842,4.564609980210662
16442,2406,Mikel Rico,SD Huesca,D M S,32,2228,1,2.7331541031599045,4,1.4266619868576529,19,20,2,0,1,2.7331541031599045,7.041696165222675,3.7382427537813774
16443,2406,Mikel Rico,Athletic Club,M S,4,245,0,0.2720933891832828,0,0.009795494377613,3,1,0,0,0,0.2720933891832828,0.7795062251389027,0.5074128471314907
