,id,player_name,team_title,position,games,time,goals,xG,assists,xA,shots,key_passes,yellow_cards,red_cards,npg,npxG,xGChain,xGBuildup
16422,2227,Mikel González,Real Sociedad,D S,19,1550,0,0.239925080910325,0,0.101376473903656,5,1,1,0,0,0.239925080910325,2.102760570123792,2.001384096220136
16423,2227,Mikel González,Real Sociedad,D S,9,668,0,0.0299620069563388,0,0.0,1,0,2,0,0,0.0299620069563388,0.2965109040960669,0.2965109040960669
16424,2227,Mikel González,Real Sociedad,D S,16,1238,0,0.038885697722435,0,0.1126602962613105,1,1,5,1,0,0.038885697722435,1.344325078651309,1.2316647823899984
