,id,player_name,team_title,position,games,time,goals,xG,assists,xA,shots,key_passes,yellow_cards,red_cards,npg,npxG,xGChain,xGBuildup
16487,5424,Mikhail Sivakov,FC Orenburg,D S,22,1834,1,0.7087083775550127,0,0.1470935828983783,11,4,5,1,1,0.7087083775550127,1.9411652255803349,1.7983385846018791
16488,5424,Mikhail Sivakov,FC Orenburg,D,12,1080,0,0.3825961798429489,0,0.1374696418642997,6,2,2,0,0,0.3825961798429489,0.8095972146838903,0.8095972146838903
16489,5424,Mikhail Sivakov,FC Orenburg,D S,19,1553,0,0.9641389092430472,0,0.1137124178931117,9,4,3,0,0,0.9641389092430472,3.5713732559233904,3.455710267648101
16490,5424,Mikhail Sivakov,Amkar,D S,25,2117,1,1.963786831125617,0,0.3259404320269823,16,8,3,0,0,0.455236179754138,1.8051906041800976,1.4336484093219042
