,id,player_name,team_title,position,games,time,goals,xG,assists,xA,shots,key_passes,yellow_cards,red_cards,npg,npxG,xGChain,xGBuildup
16497,2866,Milad Mohammadi,FK Akhmat,D,28,2501,1,1.937453517690301,0,2.544832521118224,33,29,5,0,1,1.937453517690301,7.047751131467521,3.9050292018800974
16498,2866,Milad Mohammadi,FK Akhmat,D S,24,2077,2,0.9068415034562348,4,1.9574433527886868,19,25,3,0,2,0.9068415034562348,4.575867000967264,2.4187230337411165
16499,2866,Milad Mohammadi,FK Akhmat,D S,3,107,0,0.0162063762545585,0,0.0,1,0,0,0,0,0.0162063762545585,0.2065469287335872,0.1903405524790287
16500,2866,Milad Mohammadi,FK Akhmat,D S,23,1920,0,1.1839110674336553,2,1.0880618346855044,24,13,1,0,0,1.1839110674336553,4.849124994128943,3.066944690421224
