,id,player_name,team_title,position,games,time,goals,xG,assists,xA,shots,key_passes,yellow_cards,red_cards,npg,npxG,xGChain,xGBuildup
16515,3856,Milan Djuric,Salernitana,F M S,15,730,1,2.253246136009693,0,0.5349161643534899,15,8,2,0,1,2.253246136009693,2.597506493330002,0.5219960324466228
16516,3856,Milan Djuric,Cesena,F S,28,1590,2,2.8508054725825787,2,0.937552809715271,30,13,2,0,2,2.8508054725825787,5.452534932643175,2.139163346029818
