,id,player_name,team_title,position,games,time,goals,xG,assists,xA,shots,key_passes,yellow_cards,red_cards,npg,npxG,xGChain,xGBuildup
16537,144,Milos Jojic,Borussia Dortmund,M S,10,512,0,0.4732703790068626,0,0.3324179714545607,14,5,3,0,0,0.4732703790068626,2.63830809853971,1.933046102523804
16538,144,Milos Jojic,FC Cologne,M S,15,470,2,1.4828121159225702,0,1.5235321298241615,17,15,2,0,2,1.4828121159225702,3.0039592646062374,1.458638984709978
16539,144,Milos Jojic,FC Cologne,M S,25,1461,2,2.364035833626985,5,5.962946346029639,40,32,3,0,2,2.364035833626985,6.218794133514166,2.027436938136816
16540,144,Milos Jojic,FC Cologne,M S,19,1091,4,1.475648538209498,4,2.136735776439309,18,21,2,0,4,1.475648538209498,5.188433706760407,2.742893593385816
