,id,player_name,team_title,position,games,time,goals,xG,assists,xA,shots,key_passes,yellow_cards,red_cards,npg,npxG,xGChain,xGBuildup
16558,6268,Miral Samardzic,Anzhi Makhachkala,D,19,1668,1,0.7626343751326203,0,0.0165130603127181,10,2,7,0,1,0.7626343751326203,1.4641424203291535,1.3286602292209864
16559,6268,Miral Samardzic,Krylya Sovetov Samara,D S,22,1849,1,1.1238561728969216,0,0.049968727864325,12,3,8,0,1,1.1238561728969216,2.0964846881106496,2.033717318437993
