,id,player_name,team_title,position,games,time,goals,xG,assists,xA,shots,key_passes,yellow_cards,red_cards,npg,npxG,xGChain,xGBuildup
16560,1290,Miralem Pjanic,Juventus,M S,31,2297,2,1.1716361222788692,6,5.361309017986059,29,72,5,1,2,1.1716361222788692,14.334638897329569,12.29405689612031
16561,1290,Miralem Pjanic,Juventus,M S,31,2502,5,2.4483583867549896,8,6.091512478888035,52,61,5,0,5,2.4483583867549896,15.576031621545551,11.632777467370031
16562,1290,Miralem Pjanic,Juventus,M S,30,2312,3,0.8936703726649284,6,3.371401778422296,21,56,10,0,3,0.8936703726649284,13.517626375891268,12.05568116530776
16563,1290,Miralem Pjanic,Barcelona,M S,19,610,0,1.4271200224757197,0,0.901518763974309,16,12,1,0,0,1.4271200224757197,6.62740845605731,5.133982803672552
16564,1290,Miralem Pjanic,Juventus,M S,30,2179,5,5.833482035435736,9,7.522014746442437,52,60,5,0,5,5.833482035435736,16.91639870777726,9.61202379502356
16565,1290,Miralem Pjanic,Roma,M S,33,2656,10,7.167181259021163,12,9.318703572265804,68,80,10,1,9,6.405882423743606,18.25228280760348,9.655850673094392
16566,1290,Miralem Pjanic,Roma,M S,34,2533,5,4.483262414112687,10,3.877213751897216,44,69,9,0,5,4.483262414112687,16.911299880594015,12.606492333114147
