,id,player_name,team_title,position,games,time,goals,xG,assists,xA,shots,key_passes,yellow_cards,red_cards,npg,npxG,xGChain,xGBuildup
16626,720,Modou Barrow,Swansea,F M S,18,1165,0,0.8852937538176775,2,2.249115865677595,15,21,1,0,0,0.8852937538176775,4.22825962305069,2.0982955880463123
16627,720,Modou Barrow,Swansea,F M S,22,762,1,0.4563115173950791,2,1.1819541100412607,11,13,0,0,1,0.4563115173950791,2.616061476990581,1.5302883200347424
16628,720,Modou Barrow,Swansea,M S,11,266,0,0.0445171110332012,1,0.804711589589715,2,5,1,0,0,0.0445171110332012,1.1880940105766058,1.0278952419757843
