,id,player_name,team_title,position,games,time,goals,xG,assists,xA,shots,key_passes,yellow_cards,red_cards,npg,npxG,xGChain,xGBuildup
16665,1250,Mohamed Salah,Liverpool,F,16,1440,14,11.863871447741984,9,5.713835973292589,65,32,1,0,12,10.341533787548542,19.84109917283058,7.528411254286766
16666,1250,Mohamed Salah,Fiorentina,F M S,16,909,6,3.814865604043007,3,1.935620561242104,29,30,0,0,6,3.814865604043007,7.404609017074108,2.628024946898222
16667,1250,Mohamed Salah,Liverpool,F S,38,3274,22,21.79245018400252,8,10.468589510768652,137,68,1,0,19,19.508943611755967,31.780298396945,7.865945274010301
16668,1250,Mohamed Salah,Chelsea,S,3,23,0,0.502302423119545,0,0.0263744816184043,2,1,0,0,0,0.502302423119545,0.5454844385385513,0.0168075338006019
16669,1250,Mohamed Salah,Roma,F M S,34,2753,14,9.377116854302583,6,7.068870378658176,72,63,1,1,14,9.377116854302583,23.043303050100803,10.797392231412232
16670,1250,Mohamed Salah,Liverpool,F M S,37,3085,22,20.250846637412906,5,6.528526101261377,126,55,0,0,16,15.683833638206124,28.968233548104763,9.800235655158758
16671,1250,Mohamed Salah,Liverpool,F S,34,2904,19,20.66331870108843,10,8.72604252398014,132,60,1,0,16,18.37981212884188,31.37419793009758,8.42502685263753
16672,1250,Mohamed Salah,Roma,F M S,31,2498,15,13.411626555025578,11,9.63362380117178,80,71,2,0,15,13.411626555025578,29.46748649328947,9.299841643311083
16673,1250,Mohamed Salah,Liverpool,F M S,36,2954,32,25.13650297001004,10,8.344477602280676,143,62,1,0,31,23.6141653098166,35.301465447992086,5.898578152060509
