,id,player_name,team_title,position,games,time,goals,xG,assists,xA,shots,key_passes,yellow_cards,red_cards,npg,npxG,xGChain,xGBuildup
16680,3498,Mohamed Yattara,Angers,F S,19,934,2,1.5285355504602194,2,1.5027382783591747,19,6,2,0,2,1.5285355504602194,2.5980407539755106,0.6573572549968958
16681,3498,Mohamed Yattara,Lyon,F S,20,490,1,2.480576259084046,1,1.2736138934269547,22,5,0,0,1,2.480576259084046,5.174130553379655,2.345233691856265
