,id,player_name,team_title,position,games,time,goals,xG,assists,xA,shots,key_passes,yellow_cards,red_cards,npg,npxG,xGChain,xGBuildup
16658,5417,Mohamed Konate,Ural,S,4,53,0,0.087770314887166,0,0.0,2,0,0,0,0,0.087770314887166,0.087770314887166,0.0193706322461366
16659,5417,Mohamed Konate,FK Akhmat,F S,17,1052,6,7.004488289356232,0,1.2816527662798762,48,7,3,0,5,6.25021293759346,7.347082889638841,1.1209587063640356
16660,5417,Mohamed Konate,Khimki,F S,26,1511,3,4.6377821527421474,2,0.9029284538701176,47,12,5,0,3,4.6377821527421474,4.960809249430895,0.9090846944600344
16661,5417,Mohamed Konate,FC Tambov,F S,2,90,0,0.1535390615463256,0,0.2224339246749878,2,2,0,0,0,0.1535390615463256,0.5471528470516205,0.171179860830307
