,id,player_name,team_title,position,games,time,goals,xG,assists,xA,shots,key_passes,yellow_cards,red_cards,npg,npxG,xGChain,xGBuildup
16634,4471,Mohamed Diamé,"Hull,West Ham",M S,15,937,4,1.2090785708278418,0,0.1744058113545179,17,3,2,0,4,1.2090785708278418,2.138137092813849,0.9010879304260015
16635,4471,Mohamed Diamé,Newcastle United,M S,29,2172,0,1.0539298122748733,0,0.1333967112004757,20,2,3,0,0,1.0539298122748733,5.132169581949711,4.388233642093837
16636,4471,Mohamed Diamé,Newcastle United,M S,31,2042,2,1.6824487391859293,0,1.0055400244891644,20,14,3,0,2,1.6824487391859293,3.089516546577215,2.0187497567385435
