,id,player_name,team_title,position,games,time,goals,xG,assists,xA,shots,key_passes,yellow_cards,red_cards,npg,npxG,xGChain,xGBuildup
16647,1956,Mohamed Fares,Verona,D F M S,30,2606,0,1.4239894328638911,1,1.761526227928698,32,18,12,0,0,1.4239894328638911,3.811852464452386,2.0382880438119173
16648,1956,Mohamed Fares,SPAL 2013,D M S,35,2946,3,2.3131328667514026,0,2.2974806893616915,57,38,12,0,3,2.3131328667514026,7.59944417886436,4.094435626640916
16649,1956,Mohamed Fares,Verona,S,1,1,0,0.1143312156200409,0,0.0,1,0,0,0,0,0.1143312156200409,0.1143312156200409,0.0
16650,1956,Mohamed Fares,Genoa,D M S,7,470,2,1.2060296311974523,1,0.4880989119410515,13,4,2,0,2,1.2060296311974523,1.5984593629837036,0.8767534382641315
16651,1956,Mohamed Fares,Lazio,D S,21,1151,0,0.9711918700486422,1,2.00864577293396,14,14,5,0,0,0.9711918700486422,4.59827970713377,2.507047966122628
16652,1956,Mohamed Fares,SPAL 2013,D M S,8,426,0,0.2105710878968238,0,0.9408053420484066,7,3,2,0,0,0.2105710878968238,1.690337024629116,0.7393631264567375
16653,1956,Mohamed Fares,Verona,D M S,11,541,0,0.1039217012003064,1,0.7798004262149334,4,7,2,0,0,0.1039217012003064,1.6550112767145038,0.9327758504077792
