,id,player_name,team_title,position,games,time,goals,xG,assists,xA,shots,key_passes,yellow_cards,red_cards,npg,npxG,xGChain,xGBuildup
16739,6857,Morgan Gibbs-White,Wolverhampton Wanderers,M S,7,119,0,0.0718549955636262,0,0.0708760917186737,2,3,0,0,0,0.0718549955636262,0.3064293079078197,0.1927992776036262
16740,6857,Morgan Gibbs-White,Wolverhampton Wanderers,S,2,4,0,0.0989102274179458,0,0.0,2,0,1,0,0,0.0989102274179458,0.1372500881552696,0.0383398532867431
16741,6857,Morgan Gibbs-White,Wolverhampton Wanderers,F M S,11,395,1,0.8142988905310631,0,0.4069437906146049,10,8,1,0,1,0.8142988905310631,1.7168077994138002,0.8314622566103935
16742,6857,Morgan Gibbs-White,Wolverhampton Wanderers,F M S,26,628,0,0.9925081226974726,1,1.3041689451783895,8,11,1,0,0,0.9925081226974726,3.631220370531082,1.9587363209575408
