,id,player_name,team_title,position,games,time,goals,xG,assists,xA,shots,key_passes,yellow_cards,red_cards,npg,npxG,xGChain,xGBuildup
16769,362,Moritz Hartmann,Ingolstadt,F S,30,2015,12,12.40049559623003,1,0.929941900074482,53,20,4,0,4,6.33836255222559,6.718814278021455,2.3736644331365824
16770,362,Moritz Hartmann,Ingolstadt,F M S,14,954,1,3.186123445630073,0,0.9648392461240292,19,10,0,0,1,2.4283468276262283,4.036333590745926,1.2856780625879765
