,id,player_name,team_title,position,games,time,goals,xG,assists,xA,shots,key_passes,yellow_cards,red_cards,npg,npxG,xGChain,xGBuildup
16820,6556,Moussa Diaby,Paris Saint Germain,D M S,25,1123,2,2.481281178072095,6,4.24495710618794,23,20,1,0,2,2.481281178072095,9.993964940309525,5.381010318174958
16821,6556,Moussa Diaby,Bayer Leverkusen,F M S,28,1761,5,4.790141206700355,5,6.149265520274639,41,35,3,0,5,4.790141206700355,14.220618357416242,4.192383485846221
16822,6556,Moussa Diaby,Bayer Leverkusen,D F M S,32,2400,4,4.859261142089963,10,7.467330585233867,50,45,5,0,4,4.859261142089963,14.78584147337824,3.3318036515265703
16823,6556,Moussa Diaby,Crotone,F S,2,68,0,0.0,0,0.0,0,0,0,0,0,0.0,0.0887784659862518,0.0887784659862518
16824,6556,Moussa Diaby,Bayer Leverkusen,M,14,1187,5,1.9564531557261944,5,3.2400910053402185,23,20,7,0,5,1.9564531557261944,8.13469072431326,3.5806303983554244
