,id,player_name,team_title,position,games,time,goals,xG,assists,xA,shots,key_passes,yellow_cards,red_cards,npg,npxG,xGChain,xGBuildup
16929,1792,Mário Rui,Napoli,D S,24,1976,0,0.9603290474042296,2,4.040526330471039,31,34,9,0,0,0.9603290474042296,12.074289936572312,9.6974394954741
16930,1792,Mário Rui,Napoli,D S,20,1414,1,0.6294492706656456,1,2.1598004903644323,21,26,4,1,1,0.6294492706656456,8.6100481338799,6.726368863135576
16931,1792,Mário Rui,Roma,D M S,5,345,0,0.0959626752883195,0,0.2107524648308754,2,4,1,0,0,0.0959626752883195,2.46745166182518,2.238701522350312
16932,1792,Mário Rui,Empoli,D,36,3240,0,0.7919535073451698,2,1.9962000362575048,29,33,6,1,0,0.7919535073451698,8.150784121826291,6.80703685618937
16933,1792,Mário Rui,Napoli,D S,27,1655,0,0.6307686967775226,2,2.6032109428197145,19,31,4,0,0,0.6307686967775226,10.393887382932007,8.887267888523638
16934,1792,Mário Rui,Empoli,D S,34,2591,0,0.6352748265489936,4,2.838716040365398,26,26,9,0,0,0.6352748265489936,7.461614845320582,6.828256046399474
16935,1792,Mário Rui,Napoli,D S,25,2093,2,0.2189830099232494,4,2.7512412071228027,7,28,8,1,2,0.2189830099232494,10.246499240864068,9.615208592265844
16936,1792,Mário Rui,Napoli,D,17,1521,0,1.1065788753330708,2,1.592703452333808,18,24,4,0,0,1.1065788753330708,6.843589082360268,5.22820015065372
