,id,player_name,team_title,position,games,time,goals,xG,assists,xA,shots,key_passes,yellow_cards,red_cards,npg,npxG,xGChain,xGBuildup
16983,2542,Nabil Ghilas,Cordoba,F M S,27,2099,7,5.419193124398589,0,1.346470926888287,44,22,1,0,5,3.932637879624963,6.187743182294071,1.7474747616797686
16984,2542,Nabil Ghilas,Levante,F S,20,1002,0,2.27687556296587,1,0.4288213783875108,20,10,1,0,0,2.27687556296587,2.675900265574456,0.0638524247333407
