,id,player_name,team_title,position,games,time,goals,xG,assists,xA,shots,key_passes,yellow_cards,red_cards,npg,npxG,xGChain,xGBuildup
16958,2657,Nabil Bahoui,Hamburger SV,M,1,67,0,0.0979425013065338,0,0.0,1,0,0,0,0,0.0979425013065338,0.1180321052670478,0.0200896020978689
16959,2657,Nabil Bahoui,Hamburger SV,M S,6,209,0,0.1386096775531768,0,0.1374101564288139,3,2,1,0,0,0.1386096775531768,0.1569436835125088,0.0
