,id,player_name,team_title,position,games,time,goals,xG,assists,xA,shots,key_passes,yellow_cards,red_cards,npg,npxG,xGChain,xGBuildup
16985,5247,Naby Keita,Liverpool,M S,18,812,2,1.7233739104121923,3,3.215543868020177,12,15,1,0,2,1.7233739104121923,9.588453019037845,5.729767521843314
16986,5247,Naby Keita,Liverpool,M S,25,1407,2,2.54563388042152,1,1.0696090441197157,27,9,0,0,2,2.54563388042152,12.775823663920164,9.896367625333369
16987,5247,Naby Keita,RasenBallsport Leipzig,M S,27,1970,6,3.3211794402450323,5,4.164139160886407,42,40,7,2,6,3.3211794402450323,10.61025220155716,5.057676564902067
16988,5247,Naby Keita,Liverpool,M S,7,373,2,0.5687986500561237,1,1.0281442552804947,8,5,0,0,2,0.5687986500561237,4.221977103501558,2.969190120697021
16989,5247,Naby Keita,RasenBallsport Leipzig,M S,31,2418,8,4.81089835613966,7,5.058186713606119,43,40,8,0,8,4.81089835613966,15.840577136725187,8.005771182477474
16990,5247,Naby Keita,Liverpool,M S,10,525,0,0.3932588808238506,0,0.9129509925842284,9,6,1,0,0,0.3932588808238506,3.590221043676138,2.329714197665453
