,id,player_name,team_title,position,games,time,goals,xG,assists,xA,shots,key_passes,yellow_cards,red_cards,npg,npxG,xGChain,xGBuildup
16991,648,Nacer Chadli,Monaco,D M S,16,690,0,0.1112045645713806,0,0.4629531614482403,2,8,1,0,0,0.1112045645713806,1.0689077144488692,0.995765863917768
16992,648,Nacer Chadli,Tottenham,M S,35,2423,11,6.865526346489787,5,3.935559866018593,54,41,3,0,11,6.865526346489787,15.642377668060362,8.626995285972953
16993,648,Nacer Chadli,Tottenham,M S,29,922,3,2.929527094587684,2,2.7604427840560675,25,24,1,0,3,2.929527094587684,6.457757256925106,3.0467007346451283
16994,648,Nacer Chadli,West Bromwich Albion,F M S,5,216,1,0.1247537247836589,0,0.0998228304088115,4,2,1,0,1,0.1247537247836589,0.2300677374005317,0.1113594528287649
16995,648,Nacer Chadli,West Bromwich Albion,F M S,31,2169,5,5.8100772481411695,5,4.269453098997474,47,33,2,0,4,5.048908380791545,9.243253882974386,3.2578427344560623
