,id,player_name,team_title,position,games,time,goals,xG,assists,xA,shots,key_passes,yellow_cards,red_cards,npg,npxG,xGChain,xGBuildup
17035,2991,Nadson,Krylya Sovetov Samara,D,7,547,0,0.011137394234538,0,0.0319828204810619,1,2,0,0,0,0.011137394234538,0.3295391891151666,0.3212523851543665
17036,2991,Nadson,Krylya Sovetov Samara,D S,28,2290,0,0.9444231912493706,0,0.0403526602312922,7,2,2,0,0,0.9444231912493706,2.469415480270982,2.363757522776723
17037,2991,Nadson,Krylya Sovetov Samara,D S,25,2161,0,0.234069462865591,0,0.0863904245197773,4,3,2,0,0,0.234069462865591,0.4707382256165147,0.3934247745200991
