,id,player_name,team_title,position,games,time,goals,xG,assists,xA,shots,key_passes,yellow_cards,red_cards,npg,npxG,xGChain,xGBuildup
17052,7476,Nail Umiarov,Spartak Moscow,M S,11,823,1,0.2406595586799085,0,0.2590118767693639,10,8,4,0,1,0.2406595586799085,1.6402764692902565,1.3944548219442368
17053,7476,Nail Umiarov,Spartak Moscow,M S,5,168,0,0.0499591743573546,0,0.0154003528878092,2,1,0,0,0,0.0499591743573546,0.3749689906835556,0.3096094727516174
17054,7476,Nail Umiarov,Spartak Moscow,M S,17,1044,0,0.3599795866757631,0,1.7574556935578585,13,20,5,0,0,0.3599795866757631,2.6487334221601486,1.695446248166263
17055,7476,Nail Umiarov,Spartak Moscow,M S,26,1496,0,0.4343090448528528,4,1.847329230979085,15,17,6,0,0,0.4343090448528528,7.560183313675225,6.312900547869504
