,id,player_name,team_title,position,games,time,goals,xG,assists,xA,shots,key_passes,yellow_cards,red_cards,npg,npxG,xGChain,xGBuildup
17079,4536,Nani,Manchester United,S,1,41,0,0.0,0,0.0,0,0,0,0,0,0.0,0.0731491595506668,0.0731491595506668
17080,4536,Nani,Valencia,F M S,25,1868,5,5.386300019919872,7,6.069596564397216,68,39,6,0,4,4.643022403120995,10.342329550534489,3.4747674092650414
17081,4536,Nani,Lazio,F S,18,351,3,1.4931520633399489,3,0.8129731621593237,14,8,2,0,3,1.4931520633399489,3.749665768817067,1.908929298631847
