,id,player_name,team_title,position,games,time,goals,xG,assists,xA,shots,key_passes,yellow_cards,red_cards,npg,npxG,xGChain,xGBuildup
17106,783,Nathan Dyer,"Leicester,Swansea",S,13,209,1,0.2630394995212555,1,0.5702421516180038,5,5,1,0,1,0.2630394995212555,1.3413804471492767,0.6236486323177814
17107,783,Nathan Dyer,Swansea,F M S,24,1307,0,0.8463069796562195,0,0.6981971058994532,10,10,2,0,0,0.8463069796562195,2.734948234632612,1.8049521036446088
17108,783,Nathan Dyer,Swansea,F M S,8,203,0,0.0866807382553815,1,0.1286593051627278,3,3,0,0,0,0.0866807382553815,0.29191804677248,0.1746834889054298
17109,783,Nathan Dyer,Swansea,F M S,32,1879,3,2.0165312504395843,2,2.235175338573754,17,22,2,0,3,2.0165312504395843,8.583797143772244,5.942771966569126
