,id,player_name,team_title,position,games,time,goals,xG,assists,xA,shots,key_passes,yellow_cards,red_cards,npg,npxG,xGChain,xGBuildup
17178,6076,Nemanja Maksimovic,Getafe,M S,35,2761,1,1.9210074357688427,0,0.8090479811653495,17,18,5,0,1,1.9210074357688427,4.816257259808481,2.293503610417247
17179,6076,Nemanja Maksimovic,Getafe,F M S,35,2903,2,3.2390424823388457,0,0.6474996423348784,34,14,5,0,2,3.2390424823388457,7.379510222002864,4.491599950939417
17180,6076,Nemanja Maksimovic,Valencia,M S,15,551,0,0.3358849287033081,0,0.4679948650300503,7,10,1,0,0,0.3358849287033081,3.308628425002098,2.8251173347234726
17181,6076,Nemanja Maksimovic,Getafe,M,36,3213,1,2.542503735050559,0,0.5632422342896461,33,12,5,0,1,2.542503735050559,6.384876097552478,4.124493167735636
17182,6076,Nemanja Maksimovic,Getafe,M,17,1456,0,0.6507574217393994,1,0.5526243038475513,14,14,3,0,0,0.6507574217393994,2.722810484468937,2.1261396668851376
