,id,player_name,team_title,position,games,time,goals,xG,assists,xA,shots,key_passes,yellow_cards,red_cards,npg,npxG,xGChain,xGBuildup
17192,9375,Nemanja Miletic,FC Ufa,D S,8,401,0,0.0290374015457928,0,0.2148566730320453,2,4,1,0,0,0.0290374015457928,0.8572114696726203,0.7827681070193648
17193,9375,Nemanja Miletic,FC Ufa,D F S,9,745,1,0.2507153544574976,0,0.6779391001909971,6,8,1,0,1,0.2507153544574976,1.2256386205554008,0.7673391550779343
