,id,player_name,team_title,position,games,time,goals,xG,assists,xA,shots,key_passes,yellow_cards,red_cards,npg,npxG,xGChain,xGBuildup
17213,1808,Nenad Krsticic,Sampdoria,M S,12,266,0,0.3379871025681495,0,0.1119688609614968,5,5,0,0,0,0.3379871025681495,1.1751431478187442,0.7876501800492406
17214,1808,Nenad Krsticic,Alaves,F M S,14,752,2,0.4833411406725645,0,0.5671681109815836,3,7,3,0,2,0.4833411406725645,1.0086012743413448,0.6207516044378281
17215,1808,Nenad Krsticic,Sampdoria,M S,10,539,0,0.1306285094469785,1,0.4431106671690941,4,5,5,0,0,0.1306285094469785,1.028357308357954,0.6086410786956549
