,id,player_name,team_title,position,games,time,goals,xG,assists,xA,shots,key_passes,yellow_cards,red_cards,npg,npxG,xGChain,xGBuildup
17249,7998,Ngonda Muzinga,Dijon,D,6,540,0,0.0,0,0.0327683398500084,0,2,1,0,0,0.0,0.5387484040111303,0.5059800576418638
17250,7998,Ngonda Muzinga,Dijon,D M S,30,2309,2,0.2554958974942565,0,0.8968753814697266,11,18,5,0,2,0.2554958974942565,4.498680265620351,3.688929226249456
