,id,player_name,team_title,position,games,time,goals,xG,assists,xA,shots,key_passes,yellow_cards,red_cards,npg,npxG,xGChain,xGBuildup
17255,1414,Niccolò Giannetti,Cagliari,F S,11,231,0,1.992855031043291,0,0.0354795828461647,12,1,0,0,0,1.992855031043291,1.872877147048712,0.0
17256,1414,Niccolò Giannetti,Cagliari,F M S,8,294,0,1.016154870390892,0,0.0733568668365478,5,1,3,0,0,1.016154870390892,1.241881363093853,0.3832952678203583
