,id,player_name,team_title,position,games,time,goals,xG,assists,xA,shots,key_passes,yellow_cards,red_cards,npg,npxG,xGChain,xGBuildup
17261,7001,Nicholas Opoku,Amiens,D,7,630,0,0.0231220815330743,0,0.0,1,0,1,0,0,0.0231220815330743,0.3933246992528438,0.3933246992528438
17262,7001,Nicholas Opoku,Udinese,D S,7,483,0,0.0765345301479101,0,0.14764788094908,3,4,1,1,0,0.0765345301479101,0.6884428644552827,0.6129381293430924
17263,7001,Nicholas Opoku,Udinese,D S,12,913,0,0.2460937481373548,0,0.024030989035964,5,1,5,0,0,0.2460937481373548,1.3112137969583273,1.1937727369368076
