,id,player_name,team_title,position,games,time,goals,xG,assists,xA,shots,key_passes,yellow_cards,red_cards,npg,npxG,xGChain,xGBuildup
17275,160,Nicklas Bendtner,Wolfsburg,F S,13,412,2,1.941760768182576,0,0.4163372814655304,9,2,2,0,2,1.941760768182576,2.3820833833888173,0.1117782182991504
17276,160,Nicklas Bendtner,Wolfsburg,F S,18,559,1,0.632787462323904,0,0.2584426505491137,9,8,0,0,1,0.632787462323904,1.5022002384066582,0.7074808161705732
