,id,player_name,team_title,position,games,time,goals,xG,assists,xA,shots,key_passes,yellow_cards,red_cards,npg,npxG,xGChain,xGBuildup
17422,3244,Nicolas de Preville,Reims,F M S,25,1266,3,3.54287361074239,3,2.525057211518288,34,32,2,0,3,3.54287361074239,4.799101295880973,0.7045373460277915
17423,3244,Nicolas de Preville,Bordeaux,F M S,23,1259,3,2.095209674909711,2,4.087542317807674,32,24,5,0,3,2.095209674909711,5.642996840178967,1.436765894293785
17424,3244,Nicolas de Preville,Metz,F M S,13,931,4,1.4260867331176996,1,0.7459403946995735,19,8,2,0,4,1.4260867331176996,2.467948507517576,0.4568845555186271
17425,3244,Nicolas de Preville,Bordeaux,F M S,33,1595,1,3.7293822523206472,2,3.779908767901361,38,32,3,0,1,3.7293822523206472,8.873145247809589,4.4055996257811785
17426,3244,Nicolas de Preville,"Bordeaux,Lille",F M S,33,2235,6,6.045254789292812,4,3.5329162888228893,68,27,6,0,5,4.5250644609332085,8.736121067777276,2.7538008261471987
17427,3244,Nicolas de Preville,Bordeaux,F M S,24,2013,6,5.163525269366801,4,4.760375568643212,46,45,4,0,5,4.403430149890482,7.622672698460519,3.2122232923284173
17428,3244,Nicolas de Preville,Lille,F M S,30,2077,14,9.620092824101448,1,3.2830596324056387,63,37,2,0,9,5.819617157801986,10.808664852753282,3.8914640713483095
17429,3244,Nicolas de Preville,Reims,F M S,36,2926,6,9.04980087839067,9,9.737111527472734,90,77,4,0,6,9.04980087839067,16.05443622265011,3.1965209059417248
