,id,player_name,team_title,position,games,time,goals,xG,assists,xA,shots,key_passes,yellow_cards,red_cards,npg,npxG,xGChain,xGBuildup
17388,3057,Nicolas Lombaerts,Zenit St. Petersburg,D S,24,1871,0,0.8994290912523866,1,0.1510730003938079,11,4,3,0,0,0.8994290912523866,3.2292687939479947,3.131436270661652
17389,3057,Nicolas Lombaerts,Zenit St. Petersburg,D S,8,503,0,0.1912991255521774,0,0.0469896048307418,3,1,1,1,0,0.1912991255521774,0.4800778087228536,0.4800778087228536
17390,3057,Nicolas Lombaerts,Zenit St. Petersburg,D,18,1620,0,0.0388722158968448,1,1.647553574293852,3,5,1,0,0,0.0388722158968448,3.486629563383758,3.4436947321519256
