,id,player_name,team_title,position,games,time,goals,xG,assists,xA,shots,key_passes,yellow_cards,red_cards,npg,npxG,xGChain,xGBuildup
17325,1103,Nicola Ninkovic,Genoa,F M S,17,640,2,1.7689739353954792,1,1.183562807738781,29,12,3,0,2,1.7689739353954792,3.567443422973156,1.9038961688056588
17326,1103,Nicola Ninkovic,Chievo,S,1,4,0,0.0,0,0.0,0,0,0,0,0,0.0,0.0095182443037629,0.0095182443037629
