,id,player_name,team_title,position,games,time,goals,xG,assists,xA,shots,key_passes,yellow_cards,red_cards,npg,npxG,xGChain,xGBuildup
17351,3574,Nicolas Benezet,Guingamp,F M S,25,1669,3,3.208346102386713,1,4.5422012116760015,28,43,1,0,3,3.208346102386713,8.011696886271238,2.634723838418722
17352,3574,Nicolas Benezet,Guingamp,F M S,19,1246,4,2.1157019631937146,4,3.864943340420723,23,36,2,1,4,2.1157019631937146,5.261730965226889,1.992943650111556
17353,3574,Nicolas Benezet,Guingamp,F M S,29,1654,3,2.355441359803081,3,3.140517214313149,28,34,2,0,3,2.355441359803081,7.620747905224562,3.682494629174471
17354,3574,Nicolas Benezet,Guingamp,F S,5,169,1,0.5333782136440277,1,0.4630345702171325,3,3,0,0,1,0.5333782136440277,0.9417552053928376,0.0
17355,3574,Nicolas Benezet,"Caen,Evian Thonon Gaillard",F M S,23,1115,4,2.0106034725904465,1,0.9800906870514154,24,14,0,0,4,2.0106034725904465,4.244337528944016,2.0866297986358404
