,id,player_name,team_title,position,games,time,goals,xG,assists,xA,shots,key_passes,yellow_cards,red_cards,npg,npxG,xGChain,xGBuildup
17496,2986,Nikita Burmistrov,Ural,F M S,12,630,0,1.1872150525450706,1,0.5571663863956928,13,11,0,0,0,1.1872150525450706,2.2638785764575005,0.7767832074314356
17497,2986,Nikita Burmistrov,PFC Sochi,F S,15,848,0,1.7987660802900791,3,2.0691230976954103,21,14,2,0,0,1.7987660802900791,5.1568036284297705,2.6222135815769434
17498,2986,Nikita Burmistrov,Arsenal Tula,F M S,20,1599,2,1.828731719404459,2,1.641226127743721,35,25,3,0,2,1.828731719404459,4.184673575684428,1.636152089573443
17499,2986,Nikita Burmistrov,PFC Sochi,D M S,23,1589,1,2.0530155086889863,2,3.9710619105026126,44,38,6,0,1,2.0530155086889863,8.285202331840992,3.825896636582911
17500,2986,Nikita Burmistrov,FC Krasnodar,D M S,5,216,0,0.0739449858665466,0,0.0218370761722326,3,1,0,0,0,0.0739449858665466,0.4947924949228763,0.3990104347467422
17501,2986,Nikita Burmistrov,PFC Sochi,F M S,21,1491,6,4.678557453677058,1,1.4965870026499033,43,24,3,1,6,4.678557453677058,8.036973215639591,3.9955241717398167
