,id,player_name,team_title,position,games,time,goals,xG,assists,xA,shots,key_passes,yellow_cards,red_cards,npg,npxG,xGChain,xGBuildup
17553,75,Niklas Süle,Bayern Munich,D S,14,868,0,0.6460172077640891,1,0.9103508964180946,11,5,2,0,0,0.6460172077640891,4.880235994234681,4.617790682241321
17554,75,Niklas Süle,Hoffenheim,D,33,2970,0,0.9007641989737748,1,0.5027414374053478,8,6,4,0,0,0.9007641989737748,4.821068048477173,4.778167977929115
17555,75,Niklas Süle,Bayern Munich,D M S,27,1917,2,0.9680983554571868,1,0.7179123591631651,17,5,1,0,2,0.9680983554571868,12.816521225497128,12.407180277630689
17556,75,Niklas Süle,Bayern Munich,D S,20,1502,1,0.6912894137203693,0,0.2975891409441829,20,7,1,0,1,0.6912894137203693,9.372895769774914,8.96995835006237
17557,75,Niklas Süle,Bayern Munich,D,8,641,0,0.5809368826448917,1,0.5250385999679565,6,2,1,0,0,0.5809368826448917,3.622496539726853,3.5202953163534403
17558,75,Niklas Süle,Bayern Munich,D S,31,2649,2,1.0995369860902429,0,0.2951461356133222,20,6,2,0,2,1.0995369860902429,16.421250991523266,15.84038693457842
17559,75,Niklas Süle,Hoffenheim,D,15,1269,1,1.2263513831421733,0,0.1539024114608764,9,6,1,0,1,1.2263513831421733,2.037803288549185,1.6180719006806612
17560,75,Niklas Süle,Hoffenheim,D,33,2886,2,1.698987073265016,2,0.3799560870975256,25,8,4,0,2,1.698987073265016,9.522350961342454,8.925335033796728
