,id,player_name,team_title,position,games,time,goals,xG,assists,xA,shots,key_passes,yellow_cards,red_cards,npg,npxG,xGChain,xGBuildup
17563,39,Niko Bungert,Mainz 05,D S,26,2122,1,1.750021245330572,1,0.907468730583787,17,5,4,0,1,1.750021245330572,3.800209153443575,2.7321650944650173
17564,39,Niko Bungert,Mainz 05,D S,21,1750,0,0.2711153924465179,0,0.0687863081693649,4,1,2,0,0,0.2711153924465179,5.756856260821223,5.648048458620906
17565,39,Niko Bungert,Mainz 05,D S,10,762,1,1.2587367370724678,0,0.0,3,0,1,0,1,1.2587367370724678,1.0181084536015987,0.2437533773481845
17566,39,Niko Bungert,Mainz 05,D S,7,286,0,0.135696679353714,0,0.0,1,1,0,0,0,0.135696679353714,0.5101284235715866,0.5101284235715866
