,id,player_name,team_title,position,games,time,goals,xG,assists,xA,shots,key_passes,yellow_cards,red_cards,npg,npxG,xGChain,xGBuildup
17644,2788,Nikolay Zabolotny,Ural,GK,10,900,0,0.0,0,0.0530611909925937,0,1,0,0,0,0.0,0.0827707275748252,0.0297095365822315
17645,2788,Nikolay Zabolotny,Ural,GK,29,2545,0,0.0,0,0.0390778817236423,0,1,0,1,0,0.0,0.3352390443906188,0.2961611626669764
17646,2788,Nikolay Zabolotny,PFC Sochi,GK,5,450,0,0.0,0,0.0,0,0,0,0,0,0.0,0.0960532668977975,0.0960532668977975
17647,2788,Nikolay Zabolotny,PFC Sochi,GK,9,810,0,0.0,0,0.0,0,0,1,0,0,0.0,0.5063860230147839,0.5063860230147839
17648,2788,Nikolay Zabolotny,PFC Sochi,GK S,7,582,0,0.0,0,0.0,0,0,0,0,0,0.0,0.756367708556354,0.756367708556354
17649,2788,Nikolay Zabolotny,Ural,GK,22,1980,0,0.0,0,0.0657876282930374,0,1,1,0,0,0.0,1.6549716256558895,1.5891839899122715
