,id,player_name,team_title,position,games,time,goals,xG,assists,xA,shots,key_passes,yellow_cards,red_cards,npg,npxG,xGChain,xGBuildup
17573,1425,Nikola Kalinic,Atletico Madrid,F S,17,633,2,1.8507882431149485,0,0.2144926972687244,9,3,3,0,2,1.8507882431149485,3.6698383167386055,1.670528132468462
17574,1425,Nikola Kalinic,Roma,F S,15,551,5,4.823120713233948,1,0.610810324549675,19,7,1,0,5,4.823120713233948,5.971165210008621,0.8637737184762955
17575,1425,Nikola Kalinic,Fiorentina,F M S,36,2559,12,17.177180893719196,3,1.4238727390766144,72,18,5,0,12,16.415882118046284,18.0999565301463,1.998677403666079
17576,1425,Nikola Kalinic,Verona,F S,9,317,3,3.04532353579998,0,0.5929073020815849,8,3,2,1,3,3.04532353579998,3.881310277618468,0.3347978899255395
17577,1425,Nikola Kalinic,Fiorentina,F S,32,2481,15,15.723526073619723,2,3.334717996418476,91,37,5,1,14,14.200928432866933,15.919191401451826,2.437295414507389
17578,1425,Nikola Kalinic,Verona,F S,19,1077,2,4.222124427556992,0,0.4376770835369825,24,9,2,0,2,4.222124427556992,6.133594676852226,1.945760503411293
17579,1425,Nikola Kalinic,AC Milan,F S,31,1814,6,7.73227927647531,3,2.540844104252756,49,36,3,0,6,7.73227927647531,10.255893501453102,1.6017050370573995
