,id,player_name,team_title,position,games,time,goals,xG,assists,xA,shots,key_passes,yellow_cards,red_cards,npg,npxG,xGChain,xGBuildup
17580,1377,Nikola Maksimovic,Torino,D,16,1440,0,0.1603855937719345,1,1.2058120677247643,2,17,3,0,0,0.1603855937719345,5.2373215183615685,4.4522595833987
17581,1377,Nikola Maksimovic,Torino,D,27,2404,0,0.1419002916663885,3,2.793942033313215,3,27,4,0,0,0.1419002916663885,8.451949771493673,7.217243667691946
17582,1377,Nikola Maksimovic,Genoa,D,5,415,0,0.0124879507347941,0,0.0,1,0,2,0,0,0.0124879507347941,0.3091683248057961,0.3091683248057961
17583,1377,Nikola Maksimovic,Napoli,D S,8,678,1,0.5346434116363525,0,0.0440459102392196,1,1,1,0,1,0.5346434116363525,2.035086914896965,2.035086914896965
17584,1377,Nikola Maksimovic,Napoli,D S,22,1800,1,0.6006799526512623,1,0.5509952493011951,4,9,2,0,1,0.6006799526512623,5.381033360958099,5.3470177464187145
17585,1377,Nikola Maksimovic,Napoli,D S,17,1375,0,0.075199045240879,0,0.1417031721211969,2,4,4,0,0,0.075199045240879,8.010364945977926,7.98744734749198
17586,1377,Nikola Maksimovic,Napoli,D S,17,1206,0,0.584624882787466,0,0.1762735918164253,5,3,1,0,0,0.584624882787466,7.012152651324868,6.984626324847341
17587,1377,Nikola Maksimovic,Napoli,D S,2,93,0,0.0,0,0.0,0,0,0,0,0,0.0,0.2411701381206512,0.2411701381206512
17588,1377,Nikola Maksimovic,Spartak Moscow,D S,9,700,0,0.0441661961376667,0,0.0106892324984073,1,1,2,0,0,0.0441661961376667,1.083328127861023,1.083328127861023
