,id,player_name,team_title,position,games,time,goals,xG,assists,xA,shots,key_passes,yellow_cards,red_cards,npg,npxG,xGChain,xGBuildup
17627,7636,Nikolay Giorgobiani,FC Ufa,F M S,14,426,1,0.8004100155085325,0,0.2194902617484331,7,5,0,0,1,0.8004100155085325,1.11264505982399,0.2775602918118238
17628,7636,Nikolay Giorgobiani,FC Ufa,S,4,102,0,0.0145663125440478,0,0.0303845070302486,1,3,0,0,0,0.0145663125440478,0.1800888665020465,0.1497043557465076
