,id,player_name,team_title,position,games,time,goals,xG,assists,xA,shots,key_passes,yellow_cards,red_cards,npg,npxG,xGChain,xGBuildup
17658,3702,Nill de Pauw,Guingamp,M S,13,345,0,0.7951490730047226,0,0.3558673402294516,10,2,2,0,0,0.7951490730047226,0.5584611129015684,0.0912294229492545
17659,3702,Nill de Pauw,Guingamp,F M S,28,714,4,2.4505449095740914,2,1.5657352302223444,23,16,1,0,4,2.4505449095740914,5.027460784651339,1.8627801332622769
