,id,player_name,team_title,position,games,time,goals,xG,assists,xA,shots,key_passes,yellow_cards,red_cards,npg,npxG,xGChain,xGBuildup
17672,2659,Noah Joel Sarenren Bazee,Hannover 96,M,5,386,0,1.4064364284276962,3,1.4757390320301056,18,6,1,0,0,1.4064364284276962,2.948084861040116,0.1009964272379875
17673,2659,Noah Joel Sarenren Bazee,Hannover 96,F M,3,161,0,0.3464789390563965,0,0.0,5,0,0,0,0,0.3464789390563965,0.2120442390441894,0.0
17674,2659,Noah Joel Sarenren Bazee,Augsburg,S,6,43,0,0.0,0,0.0,0,0,0,0,0,0.0,0.0,0.0
17675,2659,Noah Joel Sarenren Bazee,Hannover 96,S,7,103,0,0.0,0,0.0,0,0,1,0,0,0.0,0.0,0.0
17676,2659,Noah Joel Sarenren Bazee,Augsburg,S,5,30,0,0.0,1,0.788698673248291,0,1,1,0,0,0.0,0.8924375772476196,0.103738896548748
17677,2659,Noah Joel Sarenren Bazee,Augsburg,M S,10,383,1,1.0720965266227722,0,0.3563461825251579,4,5,1,0,1,1.0720965266227722,1.3528003729879856,0.3394782319664955
