,id,player_name,team_title,position,games,time,goals,xG,assists,xA,shots,key_passes,yellow_cards,red_cards,npg,npxG,xGChain,xGBuildup
17687,3512,Nolan Roux,Nimes,F,7,603,2,1.2234892547130585,0,0.4364978121593594,18,9,0,0,2,1.2234892547130585,1.6334050446748734,0.1730949161574244
17688,3512,Nolan Roux,Guingamp,F S,26,1529,2,4.699994184076786,0,0.8163901548832655,38,14,2,0,2,4.699994184076786,6.04943236336112,1.3672685725614429
17689,3512,Nolan Roux,Saint-Etienne,F S,21,1216,4,5.487044928595424,1,1.0549534261226654,33,10,2,0,1,3.20689075998962,3.862895021215081,0.8328133085742593
17690,3512,Nolan Roux,Nimes,F S,19,646,0,0.3729001814499497,0,0.567125616595149,10,4,2,0,0,0.3729001814499497,1.2211842266842723,0.3858955334872007
17691,3512,Nolan Roux,Saint-Etienne,F M S,29,1969,9,9.92551912739873,2,2.768848011270165,57,22,4,0,8,9.165423966944218,12.675672676414251,3.040897823870182
17692,3512,Nolan Roux,Metz,F M S,35,2854,15,8.950709921307862,1,1.6828648205846548,82,26,8,0,15,8.19061474967748,12.090384474024177,4.194664218463004
17693,3512,Nolan Roux,Lille,F S,33,2387,9,7.157474617473781,3,3.4913216596469283,68,24,2,0,8,6.397379497997463,11.30566073115915,2.717138627544045
