,id,player_name,team_title,position,games,time,goals,xG,assists,xA,shots,key_passes,yellow_cards,red_cards,npg,npxG,xGChain,xGBuildup
17702,1536,Norbert Balogh,Palermo,F M S,16,525,0,0.815748693421483,0,0.0967987654730677,9,4,1,1,0,0.815748693421483,1.4092895789071918,0.5680910348892212
17703,1536,Norbert Balogh,Palermo,S,4,46,0,0.1355768889188766,0,0.0170290544629097,2,1,0,0,0,0.1355768889188766,0.190347671508789,0.1415801346302032
