,id,player_name,team_title,position,games,time,goals,xG,assists,xA,shots,key_passes,yellow_cards,red_cards,npg,npxG,xGChain,xGBuildup
17777,6538,Oghenekaro Etebo,Getafe,M S,10,578,1,0.8001736048609018,0,0.5202506817877293,9,3,4,0,1,0.8001736048609018,2.3601864613592625,1.1109817922115326
17778,6538,Oghenekaro Etebo,Las Palmas,M,14,1216,0,0.5197474248707294,1,0.2389669343829155,20,7,3,0,0,0.5197474248707294,1.368415353819728,0.9702570289373398
17779,6538,Oghenekaro Etebo,Watford,M S,6,365,0,0.037510578520596,0,0.1159275881946086,3,2,3,0,0,0.037510578520596,0.5564567781984806,0.4183486979454756
