,id,player_name,team_title,position,games,time,goals,xG,assists,xA,shots,key_passes,yellow_cards,red_cards,npg,npxG,xGChain,xGBuildup
17857,2958,Oleksandr Zinchenko,FC Ufa,F M S,7,234,0,0.0235319077037274,0,1.0490402579307556,2,7,0,0,0,0.0235319077037274,1.7730681467801332,1.0169002413749697
17858,2958,Oleksandr Zinchenko,Manchester City,D S,19,1265,0,0.4770020022988319,0,2.09300703369081,16,20,0,1,0,0.4770020022988319,10.34460017643869,9.809206280857325
17859,2958,Oleksandr Zinchenko,FC Ufa,D F M S,24,1697,2,1.3138076392933726,4,3.026857675518841,22,33,3,0,2,1.3138076392933726,3.575390410609544,1.2347379308193922
17860,2958,Oleksandr Zinchenko,Manchester City,D M S,20,1473,0,0.6606592806056142,0,1.0854990985244513,16,15,0,0,0,0.6606592806056142,9.49437602981925,8.718509811908007
17861,2958,Oleksandr Zinchenko,Manchester City,D S,4,231,0,0.0998061019927263,0,0.2038004361093044,4,3,0,0,0,0.0998061019927263,2.375576265156269,2.291957564651966
17862,2958,Oleksandr Zinchenko,Manchester City,D S,8,534,0,0.0907929725944995,0,0.3524197600781917,5,8,1,0,0,0.0907929725944995,3.202583596110344,3.0983919873833656
17863,2958,Oleksandr Zinchenko,Manchester City,D M,14,1153,0,0.2092204382643103,3,1.7170525109395385,7,12,1,0,0,0.2092204382643103,9.430887788534164,8.520952329039574
