,id,player_name,team_title,position,games,time,goals,xG,assists,xA,shots,key_passes,yellow_cards,red_cards,npg,npxG,xGChain,xGBuildup
17855,8354,Oleksandr Kaplienko,FC Tambov,D S,16,1271,0,0.1225020326673984,1,0.5833004731684923,5,8,5,0,0,0.1225020326673984,2.0305232740938663,1.877715537324548
17856,8354,Oleksandr Kaplienko,FC Tambov,D M S,9,490,0,0.101504310965538,1,0.3433535434305668,2,5,0,0,0,0.101504310965538,0.2844367027282715,0.08877544850111
