,id,player_name,team_title,position,games,time,goals,xG,assists,xA,shots,key_passes,yellow_cards,red_cards,npg,npxG,xGChain,xGBuildup
17923,3804,Olivier Veigneau,Nantes,D,24,2049,0,0.0660814624279737,0,0.8768464233726263,3,16,2,0,0,0.0660814624279737,3.508284411393106,2.72928268648684
17924,3804,Olivier Veigneau,Nantes,D,2,169,0,0.0,0,0.0728784054517746,0,2,0,0,0,0.0,0.1667182743549347,0.1364335566759109
