,id,player_name,team_title,position,games,time,goals,xG,assists,xA,shots,key_passes,yellow_cards,red_cards,npg,npxG,xGChain,xGBuildup
17864,8359,Oliver Abildgaard,Rubin Kazan,M S,11,821,0,0.7161832563579082,0,0.2186882440000772,7,5,2,0,0,0.7161832563579082,2.099596275016665,1.9130223151296373
17865,8359,Oliver Abildgaard,Rubin Kazan,D M,15,1322,2,0.4625770477578044,0,0.4874854460358619,17,9,5,1,2,0.4625770477578044,2.598748579621315,2.079738827422261
17866,8359,Oliver Abildgaard,Rubin Kazan,M,28,2505,0,1.5966689195483923,1,2.722607161849737,35,21,9,1,0,1.5966689195483923,9.25982730090618,7.07879189774394
