,id,player_name,team_title,position,games,time,goals,xG,assists,xA,shots,key_passes,yellow_cards,red_cards,npg,npxG,xGChain,xGBuildup
17916,1111,Olivier Ntcham,Genoa,F M S,20,965,3,0.6102073602378368,1,1.24352415651083,22,9,3,0,3,0.6102073602378368,4.368449037894607,2.8927500545978546
17917,1111,Olivier Ntcham,Genoa,F M S,17,998,0,0.7542247027158737,1,1.4775997623801231,23,19,2,0,0,0.7542247027158737,3.1797103248536587,1.8053231704980133
17918,1111,Olivier Ntcham,Marseille,M S,4,120,0,0.0640658140182495,0,0.0,1,0,0,0,0,0.0640658140182495,0.2058904506266117,0.2058904506266117
