,id,player_name,team_title,position,games,time,goals,xG,assists,xA,shots,key_passes,yellow_cards,red_cards,npg,npxG,xGChain,xGBuildup
17928,8986,Omar Alderete,Valencia,D S,15,1224,1,0.3762787906453013,0,0.0816399939358234,9,3,9,0,1,0.3762787906453013,1.6373508088290691,1.5459487698972223
17929,8986,Omar Alderete,Hertha Berlin,D S,17,1295,0,0.1984921582043171,0,0.078439905308187,6,3,2,0,0,0.1984921582043171,2.286112467758357,2.219472191296518
