,id,player_name,team_title,position,games,time,goals,xG,assists,xA,shots,key_passes,yellow_cards,red_cards,npg,npxG,xGChain,xGBuildup
17957,5240,Ondrej Duda,Hertha Berlin,M S,17,750,1,0.9567121118307114,0,0.3503311788663268,8,3,3,0,1,0.9567121118307114,2.644091815687716,1.358087619766593
17958,5240,Ondrej Duda,Hertha Berlin,S,3,67,0,0.0,0,0.0648991987109184,0,1,0,0,0,0.0,0.3402122482657432,0.3402122482657432
17959,5240,Ondrej Duda,Norwich,M S,10,737,0,0.5319720692932606,0,1.5336673818528652,10,16,0,0,0,0.5319720692932606,1.9886046685278416,1.073986617848277
17960,5240,Ondrej Duda,FC Cologne,F M,32,2574,7,6.291642124764621,4,3.376416741870344,49,42,6,1,4,3.2605353994295,9.246826382353902,5.57103041280061
17961,5240,Ondrej Duda,Hertha Berlin,M S,7,459,0,0.5045025423169136,1,0.2471492663025856,7,5,2,0,0,0.5045025423169136,0.9226926863193512,0.6527077779173851
17962,5240,Ondrej Duda,FC Cologne,M S,15,969,1,2.32187032327056,0,0.9515099748969078,27,8,4,0,1,2.32187032327056,6.1660822331905365,3.1763100549578667
17963,5240,Ondrej Duda,Hertha Berlin,M S,32,2590,11,6.746959904208779,5,5.985960928723216,54,41,7,0,11,6.746959904208779,17.58169650286436,8.362128216773272
