,id,player_name,team_title,position,games,time,goals,xG,assists,xA,shots,key_passes,yellow_cards,red_cards,npg,npxG,xGChain,xGBuildup
17969,5267,Onur Bulut,Freiburg,S,1,36,0,0.0,0,0.0679506585001945,0,1,0,0,0,0.0,0.0679506585001945,0.0
17970,5267,Onur Bulut,Freiburg,F M S,21,1000,0,0.4313545757904649,1,0.9392027109861374,9,12,3,0,0,0.4313545757904649,1.864676464349032,0.6784582324326038
