,id,player_name,team_title,position,games,time,goals,xG,assists,xA,shots,key_passes,yellow_cards,red_cards,npg,npxG,xGChain,xGBuildup
17971,5676,Opa Nguette,Metz,F M S,16,1144,3,3.25686408393085,1,0.6279225721955299,18,13,0,0,3,2.496768964454532,3.991204973310232,1.0529804453253746
17972,5676,Opa Nguette,Metz,D F M S,17,1020,0,3.564593605697155,0,0.6862814342603087,28,10,3,0,0,3.564593605697155,5.704920317977667,1.9503204002976413
17973,5676,Opa Nguette,Metz,F M S,11,468,2,1.590046413242817,2,0.1514865150675177,14,6,0,0,2,1.590046413242817,1.6582984626293182,0.7912794053554535
17974,5676,Opa Nguette,Metz,F M S,33,2238,2,2.6496925596147776,2,1.0918319830670953,20,21,4,0,2,2.6496925596147776,3.374459942802787,0.8157214811071754
17975,5676,Opa Nguette,Metz,F M S,26,1875,5,2.5072566606104374,2,1.1820031059905889,27,20,1,0,5,2.5072566606104374,6.049624607898295,2.6039409395307302
