,id,player_name,team_title,position,games,time,goals,xG,assists,xA,shots,key_passes,yellow_cards,red_cards,npg,npxG,xGChain,xGBuildup
17979,1138,Orestis Karnezis,Watford,GK S,15,1290,0,0.0,0,0.0,0,0,0,0,0,0.0,0.1666897665709257,0.1666897665709257
17980,1138,Orestis Karnezis,Napoli,GK,9,810,0,0.0,0,0.0,0,0,0,0,0,0.0,1.3868108540773392,1.3868108540773392
17981,1138,Orestis Karnezis,Udinese,GK,38,3420,0,0.0,0,0.0,0,0,0,0,0,0.0,2.4009807277470827,2.4009807277470827
17982,1138,Orestis Karnezis,Udinese,GK,33,2961,0,0.0,0,0.0310856979340314,0,1,3,0,0,0.0,1.1380594205111263,1.10697372071445
17983,1138,Orestis Karnezis,Udinese,GK,37,3268,0,0.0,0,0.0,0,0,2,0,0,0.0,2.5994803719222546,2.5994803719222546
