,id,player_name,team_title,position,games,time,goals,xG,assists,xA,shots,key_passes,yellow_cards,red_cards,npg,npxG,xGChain,xGBuildup
17997,4929,Orji Okwonkwo,Bologna,F S,8,245,0,0.4336692485958338,0,0.1021866854280233,5,2,2,0,0,0.4336692485958338,0.5788293853402138,0.0429734550416469
17998,4929,Orji Okwonkwo,Bologna,M S,9,236,0,0.052615855820477,2,0.3822657074779272,3,3,1,0,0,0.052615855820477,0.4624137477949261,0.0439416039735078
17999,4929,Orji Okwonkwo,Bologna,M S,10,194,3,1.2813000213354826,0,0.0,5,0,2,0,3,1.2813000213354826,1.328593296930194,0.0472932960838079
