,id,player_name,team_title,position,games,time,goals,xG,assists,xA,shots,key_passes,yellow_cards,red_cards,npg,npxG,xGChain,xGBuildup
18017,8365,Oston Urunov,FC Ufa,F M S,7,387,0,0.1839953390881419,0,0.5913897519931197,4,6,2,0,0,0.1839953390881419,1.0484123267233372,0.7066783979535103
18018,8365,Oston Urunov,FC Ufa,F M S,10,806,0,0.8747699707746506,0,0.608348187059164,16,14,2,0,0,0.8747699707746506,1.4949339292943478,0.4372885059565305
18019,8365,Oston Urunov,"FC Ufa,Spartak Moscow",M S,16,455,0,0.2592271827161312,0,0.2590177226811647,6,6,3,0,0,0.2592271827161312,0.999523038044572,0.6792693063616753
