,id,player_name,team_title,position,games,time,goals,xG,assists,xA,shots,key_passes,yellow_cards,red_cards,npg,npxG,xGChain,xGBuildup
18038,599,Oumar Niasse,Everton,S,3,17,0,0.0,0,0.0,0,0,0,0,0,0.0,0.0323720350861549,0.0323720350861549
18039,599,Oumar Niasse,Hull,F S,17,1083,4,3.604678399860859,1,0.807891234755516,26,10,3,1,4,3.604678399860859,4.442886218428612,0.2427152749150991
18040,599,Oumar Niasse,"Cardiff,Everton",F S,18,1014,0,3.3880744446069,0,0.7695335391908884,20,6,0,0,0,3.3880744446069,4.596771819517016,0.8395498171448708
18041,599,Oumar Niasse,Lokomotiv Moscow,F S,15,1173,8,8.702882243320346,6,3.017828855663538,54,20,2,0,7,7.948606921359897,9.828494153916836,1.554351443424821
18042,599,Oumar Niasse,Everton,F S,22,1075,8,7.417298145592213,2,1.54713324457407,37,11,2,0,8,7.417298145592213,9.197526078671215,1.3837399259209633
18043,599,Oumar Niasse,Everton,F S,5,139,0,0.1348116882145404,0,0.458635151386261,2,3,0,0,0,0.1348116882145404,0.3382775336503982,0.153170108795166
