,id,player_name,team_title,position,games,time,goals,xG,assists,xA,shots,key_passes,yellow_cards,red_cards,npg,npxG,xGChain,xGBuildup
18061,3510,Oussama Tannane,Las Palmas,F M S,10,576,0,0.5298788174986839,0,0.8606603443622589,13,8,1,0,0,0.5298788174986839,1.774419023655355,1.4585122456774116
18062,3510,Oussama Tannane,Saint-Etienne,F S,6,201,0,1.187486920505762,1,0.6635235138237476,7,2,1,0,0,1.187486920505762,1.908154459670186,0.0693969558924436
18063,3510,Oussama Tannane,Saint-Etienne,F M S,17,1290,1,1.481506023555994,1,1.7884287647902966,30,20,2,1,1,1.481506023555994,2.677891042083502,1.4014881365001202
18064,3510,Oussama Tannane,Saint-Etienne,F M S,10,613,2,2.065925041213632,1,1.5822274181991816,20,11,2,0,2,2.065925041213632,2.764975547790528,0.8748750742524862
