,id,player_name,team_title,position,games,time,goals,xG,assists,xA,shots,key_passes,yellow_cards,red_cards,npg,npxG,xGChain,xGBuildup
18067,7376,Ozan Kabak,VfB Stuttgart,D M,15,1350,3,1.310434617102146,0,0.0386312771588563,11,2,4,0,3,1.310434617102146,2.5339414831250906,2.008290098980069
18068,7376,Ozan Kabak,Schalke 04,D S,26,1769,3,1.6838476043194532,1,0.3034066632390022,11,3,4,0,3,1.6838476043194532,1.5340201128274202,1.4437375832349062
18069,7376,Ozan Kabak,Schalke 04,D,14,1251,0,0.9714209977537394,0,0.321943923830986,12,4,4,1,0,0.9714209977537394,1.770848324522376,1.5819489005953074
18070,7376,Ozan Kabak,Norwich,D,7,611,0,0.5807486493140459,0,0.011970798484981,5,1,2,0,0,0.5807486493140459,0.303223286755383,0.2238440737128257
18071,7376,Ozan Kabak,Liverpool,D,9,807,0,0.0860281661152839,0,0.0293869115412235,1,1,3,0,0,0.0860281661152839,1.8639117367565632,1.8639117367565632
