,id,player_name,team_title,position,games,time,goals,xG,assists,xA,shots,key_passes,yellow_cards,red_cards,npg,npxG,xGChain,xGBuildup
18098,2335,Pablo Fornals,Villarreal,F M S,35,2486,2,3.9165129773318768,3,5.405418707057834,57,46,4,0,2,3.9165129773318768,12.120758851990104,4.7079747607931495
18099,2335,Pablo Fornals,West Ham,M S,36,2190,2,2.643427435308695,5,2.299053126946092,36,19,3,0,2,2.643427435308695,7.556359050795436,4.669503619894385
18100,2335,Pablo Fornals,West Ham,F M S,33,2603,5,6.74941030330956,4,2.532995485700667,50,31,3,0,5,6.74941030330956,16.320041246712208,8.427109042182565
18101,2335,Pablo Fornals,Malaga,M S,27,1276,1,1.4436050606891513,0,0.4825504552572965,22,13,1,0,1,1.4436050606891513,5.111337361857295,3.652267904952169
18102,2335,Pablo Fornals,Malaga,M S,32,2677,6,2.397841616068036,2,2.603642163798213,41,37,6,0,6,2.397841616068036,9.688944516703486,6.670516623184085
18103,2335,Pablo Fornals,Villarreal,F M S,35,2625,3,3.14203320723027,12,9.285455196164548,51,52,4,0,3,3.14203320723027,19.162935465574265,9.312597583979368
18104,2335,Pablo Fornals,West Ham,M S,16,1232,4,2.938969187438488,2,2.7677291482687,23,21,3,0,4,2.938969187438488,8.8994230479002,4.28913520462811
