,id,player_name,team_title,position,games,time,goals,xG,assists,xA,shots,key_passes,yellow_cards,red_cards,npg,npxG,xGChain,xGBuildup
18133,8380,Pablo Marí,Arsenal,D,2,113,0,0.0,0,0.0,0,0,0,0,0,0.0,0.5135994404554367,0.5135994404554367
18134,8380,Pablo Marí,Arsenal,D,10,900,0,0.0405227430164814,0,0.0542439483106136,2,1,2,0,0,0.0405227430164814,3.604974582791328,3.590738072991371
18135,8380,Pablo Marí,Arsenal,D,2,180,0,0.0315681435167789,0,0.4264914393424988,1,1,1,0,0,0.0315681435167789,0.3758748471736908,0.3758748471736908
