,id,player_name,team_title,position,games,time,goals,xG,assists,xA,shots,key_passes,yellow_cards,red_cards,npg,npxG,xGChain,xGBuildup
18155,610,Pablo Zabaleta,Manchester City,D S,13,1061,0,0.1776997856795787,1,0.6336397752165794,3,2,3,0,0,0.1776997856795787,5.072049994021654,4.85144991055131
18156,610,Pablo Zabaleta,West Ham,D S,10,585,0,0.0,0,0.6028396636247635,0,3,2,0,0,0.0,2.176807105541229,2.176807105541229
18157,610,Pablo Zabaleta,Manchester City,D M S,20,1055,1,0.695342443883419,1,0.4551860149949789,7,11,2,0,1,0.695342443883419,6.211661484092474,5.194827776402235
18158,610,Pablo Zabaleta,West Ham,D S,26,2099,0,0.1561645232141018,1,1.02720876224339,7,7,4,0,0,0.1561645232141018,4.339205725118518,4.110601957887411
18159,610,Pablo Zabaleta,West Ham,D M,37,3299,0,0.332096423022449,1,0.927547967992723,6,18,9,0,0,0.332096423022449,6.207601853646338,5.599332802928984
18160,610,Pablo Zabaleta,Manchester City,D,29,2590,1,1.3584486171603205,4,3.755092047154904,12,26,6,1,1,1.3584486171603205,16.997089342214167,14.82117458153516
