,id,player_name,team_title,position,games,time,goals,xG,assists,xA,shots,key_passes,yellow_cards,red_cards,npg,npxG,xGChain,xGBuildup
18136,2382,Pablo Piatti,Espanyol,F M S,20,710,1,1.5261712707579136,0,1.8941747918725007,15,13,0,0,1,1.5261712707579136,3.7236653491854654,2.302352573722601
18137,2382,Pablo Piatti,Espanyol,S,3,47,0,0.1215268820524215,0,0.0,3,0,0,0,0,0.1215268820524215,0.1215268820524215,0.0
18138,2382,Pablo Piatti,Espanyol,M S,30,1759,2,2.9362463569268584,3,3.932148970663548,30,41,0,0,1,2.1929686879739165,6.61533241160214,2.890466565266252
18139,2382,Pablo Piatti,Espanyol,F M,30,2360,10,5.008410781621933,10,4.689954846166074,41,41,8,0,9,4.265133127570152,8.65211976133287,3.9817847227677694
18140,2382,Pablo Piatti,Valencia,F M S,28,1920,7,4.295260164886713,6,6.909362135455012,30,53,2,0,7,4.295260164886713,11.326302962377667,4.529571427498013
18141,2382,Pablo Piatti,Elche,M S,3,177,0,0.0248546078801155,0,0.2229211777448654,2,2,0,0,0,0.0248546078801155,0.7862455248832703,0.5384697318077087
18142,2382,Pablo Piatti,Valencia,F M S,21,787,0,1.6938292728736997,0,0.5714667364954948,10,10,3,0,0,1.6938292728736997,3.362572966143489,1.562413789331913
18143,2382,Pablo Piatti,Elche,F M S,9,347,0,0.4409577865153551,0,0.2051701210439205,4,3,1,0,0,0.4409577865153551,1.5405809972435236,1.047123160213232
