,id,player_name,team_title,position,games,time,goals,xG,assists,xA,shots,key_passes,yellow_cards,red_cards,npg,npxG,xGChain,xGBuildup
18116,4037,Pablo Insúa,SD Huesca,D S,20,1601,0,0.1671280283480882,0,0.0101323956623673,3,1,9,0,0,0.1671280283480882,1.9924394441768527,1.9823070485144847
18117,4037,Pablo Insúa,Schalke 04,S,1,26,0,0.0,0,0.0,0,0,1,0,0,0.0,0.0,0.0
18118,4037,Pablo Insúa,Leganes,D S,29,1899,1,0.4007924105972051,0,0.0783210452646017,7,2,3,0,1,0.4007924105972051,0.985803042538464,0.8886554492637515
18119,4037,Pablo Insúa,Deportivo La Coruna,D S,17,1227,0,0.3439306002110243,0,0.0,5,0,5,0,0,0.3439306002110243,1.299475895240903,1.2382579129189253
18120,4037,Pablo Insúa,SD Huesca,D,10,777,0,0.0530317388474941,0,0.0662463754415512,2,1,4,0,0,0.0530317388474941,0.6227000039070845,0.5878702383488417
