,id,player_name,team_title,position,games,time,goals,xG,assists,xA,shots,key_passes,yellow_cards,red_cards,npg,npxG,xGChain,xGBuildup
18147,2199,Pablo Sarabia,Sevilla,D F M S,34,2407,6,7.197424443438649,5,6.324158810079098,58,47,7,1,5,6.454146774485707,15.506397619843485,5.869823539629579
18148,2199,Pablo Sarabia,Sevilla,F M S,33,2731,12,11.995943296700716,13,11.321500762365758,74,67,9,0,11,11.252665627747774,27.67233020812273,10.431681127287447
18149,2199,Pablo Sarabia,Paris Saint Germain,S,2,19,1,0.7712407112121582,0,0.0,1,0,1,0,1,0.7712407112121582,0.7712407112121582,0.0
18150,2199,Pablo Sarabia,Getafe,F M S,35,2607,2,3.68358594737947,5,7.429161850363016,45,69,10,0,2,3.68358594737947,10.125453067943454,3.739415602758527
18151,2199,Pablo Sarabia,Getafe,F M S,31,2539,7,5.058923593722284,6,8.259258951060474,62,76,9,0,7,5.058923593722284,12.097538327798247,4.027020793408155
18152,2199,Pablo Sarabia,Sevilla,D M S,34,2128,8,4.87618294917047,8,4.995842330157757,43,48,10,0,7,4.133033229038119,13.12999234162271,8.15405579842627
18153,2199,Pablo Sarabia,Paris Saint Germain,F M S,27,1301,6,6.447020374238491,4,6.228980239480734,37,25,2,0,6,6.447020374238491,15.727400217205286,5.168178029358387
18154,2199,Pablo Sarabia,Paris Saint Germain,F M S,21,1159,4,3.90999910607934,3,4.027435157448053,33,19,1,0,4,3.90999910607934,11.39735621958971,4.980142079293728
