,id,player_name,team_title,position,games,time,goals,xG,assists,xA,shots,key_passes,yellow_cards,red_cards,npg,npxG,xGChain,xGBuildup
18170,2118,Paco Montañés,Espanyol,M S,25,1060,1,1.1795402681455016,1,1.3809747733175757,19,8,2,0,1,1.1795402681455016,4.016013205051422,2.040683874860406
18171,2118,Paco Montañés,Espanyol,M S,7,269,0,0.3803857490420341,0,0.4159005265682935,4,3,1,0,0,0.3803857490420341,0.8360264748334885,0.1269114166498184
