,id,player_name,team_title,position,games,time,goals,xG,assists,xA,shots,key_passes,yellow_cards,red_cards,npg,npxG,xGChain,xGBuildup
18178,1561,Panagiotis Kone,Granada,S,2,41,0,0.0,0,0.0,0,0,0,0,0,0.0,0.0359190814197063,0.0359190814197063
18179,1561,Panagiotis Kone,Udinese,M S,5,297,0,0.1667562127113342,0,0.5241346657276154,6,2,1,0,0,0.1667562127113342,0.8311642110347748,0.2967460826039314
18180,1561,Panagiotis Kone,Udinese,M S,28,1671,1,2.55817330814898,3,1.7069494761526585,40,21,8,1,1,2.55817330814898,5.670747064985335,2.761992005631328
18181,1561,Panagiotis Kone,"Fiorentina,Udinese",M S,6,240,0,0.3750632740557194,1,0.9192696567624808,11,5,0,1,0,0.3750632740557194,1.453273244202137,0.3598273396492004
