,id,player_name,team_title,position,games,time,goals,xG,assists,xA,shots,key_passes,yellow_cards,red_cards,npg,npxG,xGChain,xGBuildup
18195,1462,Paolo Cannavaro,Sassuolo,D S,19,1443,0,0.3979000281542539,0,0.0613778159022331,5,3,3,0,0,0.3979000281542539,1.6039516758173704,1.5313336923718452
18196,1462,Paolo Cannavaro,Sassuolo,D S,31,2644,0,0.0800233390182256,1,0.1081361742690205,4,5,8,0,0,0.0800233390182256,3.5650022234767675,3.467262370511889
18197,1462,Paolo Cannavaro,Sassuolo,D S,18,1426,1,0.545689182356,0,0.2111102323979139,5,2,2,0,1,0.545689182356,1.8707028105854988,1.4718507677316666
18198,1462,Paolo Cannavaro,Sassuolo,D,25,2101,0,0.6879257084801793,0,0.5360169801861048,11,7,8,1,0,0.6879257084801793,2.8738869028165936,1.945874688215553
