,id,player_name,team_title,position,games,time,goals,xG,assists,xA,shots,key_passes,yellow_cards,red_cards,npg,npxG,xGChain,xGBuildup
18206,2040,Paolo Ghiglione,Genoa,D M S,23,1355,0,0.5510835824534297,4,2.1782826222479343,10,18,4,0,0,0.5510835824534297,3.951109217479825,1.8882404770702124
18207,2040,Paolo Ghiglione,Genoa,D S,11,506,0,0.3559935335069895,1,0.9425592124462128,8,7,2,0,0,0.3559935335069895,1.752282526344061,0.5376159846782684
18208,2040,Paolo Ghiglione,Frosinone,D S,9,513,1,0.52211026661098,0,0.541821738705039,8,6,4,0,1,0.52211026661098,1.1217969506978989,0.2214351911097765
18209,2040,Paolo Ghiglione,Genoa,D M S,25,1715,0,1.872268844395876,5,2.503406589850784,23,23,4,0,0,1.872268844395876,5.672379252500832,2.738282209262252
