,id,player_name,team_title,position,games,time,goals,xG,assists,xA,shots,key_passes,yellow_cards,red_cards,npg,npxG,xGChain,xGBuildup
18199,3396,Paolo De Ceglie,Marseille,D S,7,301,0,0.22223761677742,0,0.2580995131283998,3,4,1,0,0,0.22223761677742,1.0992609579116106,0.7974800691008568
18200,3396,Paolo De Ceglie,"Juventus,Parma",D F M S,13,872,3,1.7365923840552568,0,0.5852350946515799,8,5,3,0,3,1.7365923840552568,2.7761873956769705,0.6530677508562803
