,id,player_name,team_title,position,games,time,goals,xG,assists,xA,shots,key_passes,yellow_cards,red_cards,npg,npxG,xGChain,xGBuildup
18235,9021,Pape Sarr,Metz,M S,22,1588,3,0.7922851145267487,0,0.4092840366065502,31,16,5,0,3,0.7922851145267487,4.021568072494119,3.2592274299822748
18236,9021,Pape Sarr,Metz,F M S,18,1254,1,0.8936792593449354,1,0.7438195757567883,18,12,5,0,1,0.8936792593449354,2.62031652033329,1.6683213412761688
