,id,player_name,team_title,position,games,time,goals,xG,assists,xA,shots,key_passes,yellow_cards,red_cards,npg,npxG,xGChain,xGBuildup
18252,239,Pascal Groß,Brighton,D M S,11,856,0,0.6350917667150497,2,2.197025965899229,9,25,0,0,0,0.6350917667150497,3.8313326686620712,2.3515784963965416
18253,239,Pascal Groß,Ingolstadt,M,32,2834,1,3.085080315824598,4,8.37899069674313,70,95,8,1,1,3.085080315824598,9.8176582865417,4.856140343472362
18254,239,Pascal Groß,Brighton,F M S,29,1812,2,1.456096992827952,4,5.954704690724611,29,59,4,0,2,1.456096992827952,8.312001302838326,6.019404185935855
18255,239,Pascal Groß,Ingolstadt,F M S,33,2734,5,5.676124671474099,4,7.707254184409976,51,98,5,0,2,3.402794634923339,10.090600177645683,5.545467104762793
18256,239,Pascal Groß,Brighton,D M S,34,2469,3,5.010525770485401,8,5.368290125392377,32,69,3,0,0,1.9658871926367285,10.404419407248495,6.732295144349337
18257,239,Pascal Groß,Brighton,F M S,38,2979,7,3.335027128458023,8,8.656005831435323,43,81,2,0,6,2.573858298361301,12.21007040143013,5.4259272236377
18258,239,Pascal Groß,Brighton,M S,25,1896,3,4.143626760691404,3,5.608689467422664,24,54,1,0,2,2.6212890855968,6.614904932677746,2.3560394374653697
