,id,player_name,team_title,position,games,time,goals,xG,assists,xA,shots,key_passes,yellow_cards,red_cards,npg,npxG,xGChain,xGBuildup
18384,3741,Paul Lasne,Brest,M S,19,1226,2,0.7384189777076244,1,1.85140235349536,13,16,1,0,2,0.7384189777076244,4.216469869017601,2.0636224523186684
18385,3741,Paul Lasne,Montpellier,D M S,37,3064,1,1.0895914360880852,2,2.2049488639459014,45,37,10,0,1,1.0895914360880852,8.625566644594073,6.196176397614181
18386,3741,Paul Lasne,Montpellier,F M S,31,1762,1,1.4483070084825158,1,0.7234878204762936,22,10,1,0,1,1.4483070084825158,4.909539934247732,2.942000387236476
18387,3741,Paul Lasne,Montpellier,D M S,35,1758,2,1.3655542936176062,0,1.799909008666873,23,23,5,0,2,1.3655542936176062,6.195978803560138,3.2780695129185915
18388,3741,Paul Lasne,Brest,M S,22,1686,0,0.8155698860064149,0,0.2898578215390444,5,7,4,1,0,0.8155698860064149,4.645810542628169,4.521849138662219
18389,3741,Paul Lasne,Brest,S,1,10,0,0.0,0,0.0,0,0,0,0,0,0.0,0.0563709214329719,0.0563709214329719
18390,3741,Paul Lasne,Montpellier,D F M S,24,1484,3,2.168143577873707,2,1.6088409088551998,31,28,1,0,3,2.168143577873707,4.720518834888935,2.210490878671408
18391,3741,Paul Lasne,Montpellier,M S,9,519,0,0.187729824334383,0,0.0262680705636739,3,2,1,0,0,0.187729824334383,0.3702301234006881,0.3136983886361122
