,id,player_name,team_title,position,games,time,goals,xG,assists,xA,shots,key_passes,yellow_cards,red_cards,npg,npxG,xGChain,xGBuildup
18443,973,Paulo Gazzaniga,Elche,GK,8,720,0,0.0,0,0.0,0,0,3,0,0,0.0,0.8994062673300505,0.8994062673300505
18444,973,Paulo Gazzaniga,Southampton,GK,2,180,0,0.0,0,0.0,0,0,0,0,0,0.0,0.4042690694332123,0.4042690694332123
18445,973,Paulo Gazzaniga,Tottenham,GK,3,270,0,0.0,0,0.0,0,0,0,0,0,0.0,0.4387647286057472,0.4387647286057472
18446,973,Paulo Gazzaniga,Southampton,GK,2,180,0,0.0,0,0.0,0,0,0,0,0,0.0,0.0208726357668638,0.0208726357668638
18447,973,Paulo Gazzaniga,Tottenham,GK S,18,1612,0,0.0,0,0.4000612497329712,0,1,1,0,0,0.0,2.299613006412983,1.8995517455041409
18448,973,Paulo Gazzaniga,Tottenham,GK,1,90,0,0.0,0,0.0,0,0,0,0,0,0.0,0.0,0.0
