,id,player_name,team_title,position,games,time,goals,xG,assists,xA,shots,key_passes,yellow_cards,red_cards,npg,npxG,xGChain,xGBuildup
18453,8213,Paulo Otávio,Wolfsburg,D S,23,1734,0,0.4570381743833422,2,1.3716844758018851,14,13,7,1,0,0.4570381743833422,5.089524606242776,3.379222249612212
18454,8213,Paulo Otávio,Wolfsburg,D S,7,367,0,0.4544473998248577,1,0.5309794312343001,4,3,0,0,0,0.4544473998248577,1.6880402751266956,1.1359387189149857
18455,8213,Paulo Otávio,Wolfsburg,D S,5,378,0,0.0845605228096246,1,0.7658964954316616,3,9,3,0,0,0.0845605228096246,1.0537478737533092,0.4521960988640785
