,id,player_name,team_title,position,games,time,goals,xG,assists,xA,shots,key_passes,yellow_cards,red_cards,npg,npxG,xGChain,xGBuildup
18375,853,Paul Dummett,Newcastle United,D S,26,1976,0,0.2830162970349192,0,0.3509780988097191,9,4,1,0,0,0.2830162970349192,3.78213270008564,3.4623353676870465
18376,853,Paul Dummett,Newcastle United,D S,15,1254,1,0.444092333316803,0,0.2291448945179581,3,4,2,0,1,0.444092333316803,3.159807924181223,2.978621404618025
18377,853,Paul Dummett,Newcastle United,D S,25,2111,0,1.639332942198962,0,1.2245057877153158,18,15,4,0,0,1.639332942198962,3.816588224843144,3.2422568053007126
18378,853,Paul Dummett,Newcastle United,D S,20,1603,0,0.2257620748132467,0,0.7111773602664471,4,6,1,0,0,0.2257620748132467,2.527177844196558,1.8076568841934204
18379,853,Paul Dummett,Newcastle United,D,23,1907,1,0.2723963381722569,0,0.1616813279688358,5,4,3,0,1,0.2723963381722569,2.4196805227547884,2.126522555947304
18380,853,Paul Dummett,Newcastle United,D S,16,1229,0,0.0241639092564582,0,0.1980863632634282,2,4,2,0,0,0.0241639092564582,1.6953273145481944,1.5707177920266986
