,id,player_name,team_title,position,games,time,goals,xG,assists,xA,shots,key_passes,yellow_cards,red_cards,npg,npxG,xGChain,xGBuildup
18427,7067,Paulinho,Bayer Leverkusen,S,15,150,0,0.2020235219970345,0,0.0782040730118751,6,2,0,0,0,0.2020235219970345,0.471228078007698,0.302472879178822
18428,7067,Paulinho,Bayer Leverkusen,F,1,66,0,0.2058934569358825,0,0.0,3,0,0,0,0,0.2058934569358825,0.2058934569358825,0.0
18429,7067,Paulinho,Bayer Leverkusen,M S,10,421,0,0.980628258548677,1,0.2437686035409569,6,6,1,0,0,0.980628258548677,2.083802037872374,0.97456718608737
18430,7067,Paulinho,Bayer Leverkusen,M S,13,280,3,2.2562496289610863,2,1.2294711619615557,9,7,1,0,3,2.2562496289610863,4.513619489967823,2.2202571760863066
18431,4442,Paulinho,Barcelona,M S,34,1932,9,11.174664422869682,2,2.7728099916130304,45,13,2,0,9,11.174664422869682,22.326483787968755,11.327873017638922
18432,4442,Paulinho,Tottenham,M S,15,461,0,0.4308958388864994,1,0.978612344712019,7,4,3,0,0,0.4308958388864994,2.241101515479386,1.4849737966433167
