,id,player_name,team_title,position,games,time,goals,xG,assists,xA,shots,key_passes,yellow_cards,red_cards,npg,npxG,xGChain,xGBuildup
18460,2902,Pavel Alikin,FC Ufa,D S,10,650,1,0.0974820535629987,0,0.3706766963005066,3,1,5,0,1,0.0974820535629987,0.2605171538889408,0.2605171538889408
18461,2902,Pavel Alikin,FC Ufa,D S,28,2106,1,0.5716318599879742,0,0.0,5,0,3,0,1,0.5716318599879742,2.168400000780821,2.072045594453812
18462,2902,Pavel Alikin,FC Ufa,D S,27,2369,0,0.1791613940149545,1,0.2100511360913515,5,5,6,1,0,0.1791613940149545,2.1089800149202347,2.097235405817628
18463,2902,Pavel Alikin,FC Ufa,D S,9,647,0,0.2533526178449392,0,0.0,6,0,2,0,0,0.2533526178449392,0.3006042260676622,0.243096400052309
18464,2902,Pavel Alikin,FC Ufa,D S,21,1737,1,0.6419225502759218,1,0.8558577508665621,10,3,3,1,1,0.6419225502759218,3.073619512841105,2.2722302433103323
18465,2902,Pavel Alikin,FC Ufa,D S,17,1464,1,0.8470230996608734,0,0.0,3,0,2,0,1,0.8470230996608734,0.2136807506904006,0.2136807506904006
18466,2902,Pavel Alikin,FC Ufa,D,21,1830,3,1.2860874254256487,0,0.0936336442828178,11,2,5,0,3,1.2860874254256487,1.2363309394568205,0.7904627323150635
