,id,player_name,team_title,position,games,time,goals,xG,assists,xA,shots,key_passes,yellow_cards,red_cards,npg,npxG,xGChain,xGBuildup
18475,74,Pavel Kaderábek,Hoffenheim,D M S,30,2477,2,3.0404308158904314,7,4.747434744611383,27,39,2,0,2,3.0404308158904314,9.32081020437181,5.046487608924508
18476,74,Pavel Kaderábek,Hoffenheim,D M S,29,2508,3,4.77828679420054,4,6.744113767519593,28,42,7,0,3,4.77828679420054,19.119046233594418,11.38840281777084
18477,74,Pavel Kaderábek,Hoffenheim,D M S,28,2225,0,0.2606024406850338,1,1.257504773326218,6,12,2,0,0,0.2606024406850338,3.8694893941283226,2.800634663552046
18478,74,Pavel Kaderábek,Hoffenheim,D M S,23,1975,0,0.2902442058548331,3,3.7511475011706352,8,24,2,0,0,0.2902442058548331,7.436286108568311,4.025590351782739
18479,74,Pavel Kaderábek,Hoffenheim,D M S,6,333,1,0.9403951689600945,0,0.4436026141047477,4,8,2,0,1,0.9403951689600945,1.8764249347150328,1.3899403885006905
18480,74,Pavel Kaderábek,Hoffenheim,D M S,20,1589,0,0.9385982947424054,3,2.426881767809391,10,21,3,0,0,0.9385982947424054,6.2188509330153465,3.873964078724384
18481,74,Pavel Kaderábek,Hoffenheim,D M S,28,2192,2,2.518769096583128,3,3.2110158195719123,23,22,5,0,2,2.518769096583128,12.848917556926608,7.887971559539437
