,id,player_name,team_title,position,games,time,goals,xG,assists,xA,shots,key_passes,yellow_cards,red_cards,npg,npxG,xGChain,xGBuildup
18467,3069,Pavel Dolgov,Anzhi Makhachkala,F S,5,216,0,0.0726813897490501,0,0.0,2,0,0,0,0,0.0726813897490501,0.0393782407045364,0.01475765183568
18468,3069,Pavel Dolgov,Zenit St. Petersburg,S,8,39,0,0.0,0,0.0,0,0,0,0,0,0.0,0.0,0.0
18469,3069,Pavel Dolgov,Anzhi Makhachkala,M S,5,144,0,0.0294524505734443,0,0.0,1,0,0,0,0,0.0294524505734443,0.0429691448807716,0.0135166943073272
18470,3069,Pavel Dolgov,Anzhi Makhachkala,F M S,23,1190,2,2.22027906216681,0,0.1261325161904096,21,4,3,0,2,2.22027906216681,2.4808313585817814,0.865718006156385
