,id,player_name,team_title,position,games,time,goals,xG,assists,xA,shots,key_passes,yellow_cards,red_cards,npg,npxG,xGChain,xGBuildup
18566,1022,Pedro Chirivella,Liverpool,M,1,47,0,0.0,0,0.0,0,0,0,0,0,0.0,0.0523693077266216,0.0523693077266216
18567,1022,Pedro Chirivella,Nantes,M S,32,2279,0,0.4220547936856746,2,1.035417160950601,9,17,4,0,0,0.4220547936856746,8.342090517282486,7.510494897142053
18568,1022,Pedro Chirivella,Nantes,M,16,1409,2,0.3710274184122681,1,0.3841531202197075,9,10,4,0,2,0.3710274184122681,4.349472694098949,3.954849880188704
