,id,player_name,team_title,position,games,time,goals,xG,assists,xA,shots,key_passes,yellow_cards,red_cards,npg,npxG,xGChain,xGBuildup
18574,2197,Pedro León,Eibar,M S,9,425,1,0.7896995879709721,0,0.193947535008192,7,3,0,0,1,0.7896995879709721,0.9916777964681388,0.0986348092555999
18575,2197,Pedro León,Eibar,F M S,12,928,0,0.8042114628478885,3,2.3757244488224387,24,29,1,0,0,0.8042114628478885,1.7305995747447014,0.2944270353764295
18576,2197,Pedro León,Getafe,F M S,31,1855,2,3.804033938795328,4,2.6241434160619974,47,34,5,0,2,3.060756329447031,6.727914894931018,2.7821607189252973
18577,2197,Pedro León,Eibar,M S,37,3010,10,8.719743069261312,5,8.076682392507792,85,85,6,0,9,6.489910181611776,14.919438779354095,5.857856396585703
18578,2197,Pedro León,Eibar,F M S,31,1925,1,3.054144198074937,2,3.160612612962723,37,40,4,0,1,3.054144198074937,5.693726291880012,2.041303036734462
18579,2197,Pedro León,Getafe,M S,25,1468,2,3.8521548230201006,5,2.913927337154746,45,28,1,0,2,3.8521548230201006,5.822472129948437,1.8321492578834293
18580,2197,Pedro León,Eibar,F M S,24,932,1,1.0759017458185554,2,2.4054211787879467,18,19,2,0,1,1.0759017458185554,2.686982799321413,0.5578183438628912
