,id,player_name,team_title,position,games,time,goals,xG,assists,xA,shots,key_passes,yellow_cards,red_cards,npg,npxG,xGChain,xGBuildup
18569,3225,Pedro Henrique,Rennes,F M S,23,1227,3,3.741681784391403,1,0.6825438197702169,37,12,9,0,3,2.981586664915085,5.188812091946602,1.7642302066087725
18570,3225,Pedro Henrique,Rennes,F M S,34,1799,2,2.166903737001121,4,3.228645316325128,39,20,7,0,2,2.166903737001121,5.742213326506317,2.2436136277392507
18571,3225,Pedro Henrique,Rennes,M S,13,331,0,0.6131570506840944,1,0.4858107715845108,8,2,3,0,0,0.6131570506840944,1.0391165036708117,0.1200968995690345
