,id,player_name,team_title,position,games,time,goals,xG,assists,xA,shots,key_passes,yellow_cards,red_cards,npg,npxG,xGChain,xGBuildup
18581,2189,Pedro López,Levante,D S,8,464,0,0.1034928169101476,1,0.4333132468163967,2,5,0,0,0,0.1034928169101476,1.2184061892330649,0.846002884209156
18582,2449,Pedro López,Real Betis,GK S,5,412,0,0.0,0,0.0,0,0,0,0,0,0.0,0.6083223205059767,0.6083223205059767
18583,2189,Pedro López,Levante,D,10,865,0,0.0,0,0.2082950798794627,0,5,3,0,0,0.0,0.4255456700921058,0.2172505818307399
18584,2189,Pedro López,Levante,D S,21,1604,0,0.0662538334727287,0,0.3549153655767441,3,7,3,0,0,0.0662538334727287,2.811582367867232,2.4354665838181973
18585,2189,Pedro López,SD Huesca,D M S,22,1048,0,0.1427169926464557,1,1.2266500815749168,3,7,2,0,0,0.1427169926464557,2.649247646331787,1.5805901139974594
18586,2189,Pedro López,Levante,D S,17,1295,1,0.2279931437224149,0,0.1346297832205891,6,4,8,0,1,0.2279931437224149,2.563299764879048,2.2566656172275543
