,id,player_name,team_title,position,games,time,goals,xG,assists,xA,shots,key_passes,yellow_cards,red_cards,npg,npxG,xGChain,xGBuildup
18622,2258,Pepe,Real Madrid,D,13,1080,2,0.4188789650797844,1,1.1961218565702438,5,5,1,0,2,0.4188789650797844,7.228429444134235,6.939997546374798
18623,2258,Pepe,Real Madrid,D S,27,2223,2,0.5333888055756688,2,1.9452775828540323,12,12,4,0,2,0.5333888055756688,10.607822624966502,9.744137726724148
18624,2258,Pepe,Real Madrid,D,21,1887,1,0.935387372970581,1,1.3272007256746292,12,7,5,0,1,0.935387372970581,12.046333288773894,11.933980053290725
