,id,player_name,team_title,position,games,time,goals,xG,assists,xA,shots,key_passes,yellow_cards,red_cards,npg,npxG,xGChain,xGBuildup
18628,507,Per Mertesacker,Arsenal,D S,6,360,1,0.0877455025911331,0,0.0,2,0,0,0,1,0.0877455025911331,1.833798740059137,1.833798740059137
18629,507,Per Mertesacker,Arsenal,D,24,2050,0,1.3489632904529572,0,0.3447167314589023,8,2,1,1,0,1.3489632904529572,6.381494993343949,6.381494993343949
18630,507,Per Mertesacker,Arsenal,S,1,35,0,0.0,0,0.0,0,0,0,0,0,0.0,0.0,0.0
18631,507,Per Mertesacker,Arsenal,D,35,3150,0,0.8197583304718137,1,0.2377467602491378,13,3,2,0,0,0.8197583304718137,7.745289290323853,7.591858083382249
