,id,player_name,team_title,position,games,time,goals,xG,assists,xA,shots,key_passes,yellow_cards,red_cards,npg,npxG,xGChain,xGBuildup
18643,6117,Pere Pons,Alaves,F M S,22,1168,2,0.4654024830088019,0,1.1441905461251736,9,9,0,0,2,0.4654024830088019,2.458033404313028,1.0857323044911027
18644,6117,Pere Pons,Girona,M S,31,2565,0,1.1492897402495146,2,1.0306778345257044,14,11,8,0,0,1.1492897402495146,5.85881248023361,4.667491722851992
18645,6117,Pere Pons,Alaves,M S,30,1031,1,0.2579540684819221,1,0.8955237939953804,4,6,3,0,1,0.2579540684819221,1.3918931894004345,0.2835654690861702
18646,6117,Pere Pons,Girona,M S,34,2807,1,1.9172686403617265,2,1.979525680653751,19,17,4,0,1,1.9172686403617265,8.731776124797761,5.563552476465702
18647,6117,Pere Pons,Alaves,M S,11,735,0,0.6235988866537809,0,0.4048953540623188,7,6,0,0,0,0.6235988866537809,1.7681203056126833,0.8782823672518134
