,id,player_name,team_title,position,games,time,goals,xG,assists,xA,shots,key_passes,yellow_cards,red_cards,npg,npxG,xGChain,xGBuildup
18702,2145,Petros,Real Betis,M S,32,2147,1,0.6478360518813133,2,1.355157619342208,12,23,8,1,1,0.6478360518813133,6.128169037401676,5.096656711772084
18703,2145,Petros,Real Betis,M S,30,2328,1,0.7901555374264717,1,2.4434006437659264,9,15,7,1,1,0.7901555374264717,7.480503743514419,6.149714656174183
