,id,player_name,team_title,position,games,time,goals,xG,assists,xA,shots,key_passes,yellow_cards,red_cards,npg,npxG,xGChain,xGBuildup
18704,6237,Petrus Boumal,Ural,M S,19,1551,0,0.1152699310332536,1,1.26460940297693,7,14,8,0,0,0.1152699310332536,4.388904965482652,3.719643693417311
18705,6237,Petrus Boumal,Nizhny Novgorod,M,3,160,0,0.0,0,0.0,0,0,0,1,0,0.0,0.3433661460876465,0.3433661460876465
18706,6237,Petrus Boumal,Ural,M S,16,1190,0,0.3032130505889654,1,0.2730862908065319,10,7,8,0,0,0.3032130505889654,3.970767365768552,3.747598273679614
18707,6237,Petrus Boumal,Ural,M S,23,1886,0,0.9756027990952134,0,0.8550595631822944,12,15,11,0,0,0.2213274771347642,4.347336810082197,3.716939900070429
