,id,player_name,team_title,position,games,time,goals,xG,assists,xA,shots,key_passes,yellow_cards,red_cards,npg,npxG,xGChain,xGBuildup
18746,9076,Philipp Förster,VfB Stuttgart,F M S,10,610,2,1.993799613788724,1,0.7335370779037476,16,6,3,0,2,1.993799613788724,5.1767063066363335,3.208024084568024
18747,9076,Philipp Förster,VfB Stuttgart,F M S,25,1522,3,4.180545501410961,1,2.863367580808699,20,28,4,0,3,3.422768823802471,9.67057948373258,4.845603924244642
