,id,player_name,team_title,position,games,time,goals,xG,assists,xA,shots,key_passes,yellow_cards,red_cards,npg,npxG,xGChain,xGBuildup
18792,1816,Philippe Mexes,AC Milan,D S,5,398,1,0.5556837543845177,0,0.011652959510684,5,1,4,0,1,0.5556837543845177,0.5793153177946806,0.5558446999639273
18793,1816,Philippe Mexes,AC Milan,D S,20,1666,2,1.037003742065281,0,0.0421788524836301,17,2,9,1,2,1.037003742065281,4.667786575853825,4.5419014766812325
