,id,player_name,team_title,position,games,time,goals,xG,assists,xA,shots,key_passes,yellow_cards,red_cards,npg,npxG,xGChain,xGBuildup
18783,488,Philippe Coutinho,Barcelona,F M S,12,501,2,3.228455826640129,0,0.5882536768913269,24,1,1,0,1,2.4851782023906708,4.592341743409634,2.3207040019333363
18784,488,Philippe Coutinho,Barcelona,M S,12,667,2,4.289968743920326,2,0.6798079796135426,28,6,0,0,2,4.289968743920326,6.786099050194025,2.1879827231168747
18785,488,Philippe Coutinho,Liverpool,F M S,35,2810,5,4.376544035039842,5,5.527065984904766,103,59,3,0,5,4.376544035039842,13.680517992004752,7.004489665850997
18786,488,Philippe Coutinho,Barcelona,F M S,34,2026,5,7.843802811577916,2,4.11986799351871,69,31,2,0,5,7.843802811577916,21.019003113731745,11.806866269558668
18787,488,Philippe Coutinho,Liverpool,F M S,31,2265,13,8.867860797792673,7,6.25872527807951,106,65,2,0,13,8.867860797792673,18.205970101058483,8.191241776570678
18788,488,Philippe Coutinho,Barcelona,F M S,18,1311,8,3.846865268424153,5,3.971064817160368,37,29,1,0,8,3.846865268424153,11.748283334076405,6.260368337854743
18789,488,Philippe Coutinho,Liverpool,F M S,26,2019,8,6.496308712288737,5,5.286337033845484,111,50,2,1,8,6.496308712288737,16.146169386804104,6.78550577070564
18790,488,Philippe Coutinho,Bayern Munich,M S,23,1420,8,9.068953488022087,6,4.277329549193382,58,30,0,0,7,8.311176840215921,19.347122699022293,8.967301046475768
18791,488,Philippe Coutinho,Liverpool,F M S,14,1132,7,3.6399389542639256,6,4.951587982475758,54,40,0,0,7,3.6399389542639256,9.052257478237152,3.709002366289496
