,id,player_name,team_title,position,games,time,goals,xG,assists,xA,shots,key_passes,yellow_cards,red_cards,npg,npxG,xGChain,xGBuildup
18748,141,Philipp Hosiner,Rennes,F M S,12,276,0,0.7677807062864304,1,1.2551454976201055,5,6,1,0,0,0.7677807062864304,2.070434831082821,0.2183332368731498
18749,141,Philipp Hosiner,FC Cologne,F S,15,554,1,2.14282806776464,0,0.2322345254942774,13,5,2,0,1,2.14282806776464,2.8835904505103827,0.8079117201268673
