,id,player_name,team_title,position,games,time,goals,xG,assists,xA,shots,key_passes,yellow_cards,red_cards,npg,npxG,xGChain,xGBuildup
18777,858,Philipp Wollscheid,Stoke,D,2,180,0,0.0142284044995903,0,0.0,1,0,1,0,0,0.0142284044995903,0.1255799531936645,0.1255799531936645
18778,858,Philipp Wollscheid,Stoke,D,12,1006,0,0.2240687534213066,0,0.1324881725013256,3,5,4,0,0,0.2240687534213066,0.7216655611991882,0.6515559460967779
18779,858,Philipp Wollscheid,Mainz 05,D S,5,207,0,0.0147686535492539,0,0.0115578100085258,1,1,0,0,0,0.0147686535492539,0.1108627393841743,0.0993049293756485
18780,858,Philipp Wollscheid,Stoke,D S,31,2681,0,0.0756397079676389,0,0.3243428766727447,2,5,2,0,0,0.0756397079676389,5.346387938596308,5.27528475318104
18781,858,Philipp Wollscheid,Wolfsburg,D S,7,541,0,0.3223313242197037,0,0.5259179947897792,6,3,0,0,0,0.3223313242197037,2.7824598513543606,2.27177669480443
