,id,player_name,team_title,position,games,time,goals,xG,assists,xA,shots,key_passes,yellow_cards,red_cards,npg,npxG,xGChain,xGBuildup
18756,2611,Philipp Lienhart,Freiburg,D S,22,1818,0,0.748743936419487,1,0.580601193010807,7,2,3,0,0,0.748743936419487,3.51369583979249,2.356500633060932
18757,2611,Philipp Lienhart,Freiburg,D,11,869,0,0.0609731497243046,0,0.0804916769266128,2,1,2,0,0,0.0609731497243046,0.4105467274785042,0.4105467274785042
18758,2611,Philipp Lienhart,Freiburg,D S,14,607,0,0.5632908418774605,0,0.1046681329607963,4,2,0,0,0,0.5632908418774605,1.198372634127736,1.0937045086175203
18759,2611,Philipp Lienhart,Freiburg,D M,34,2997,4,2.298111837357282,0,0.1154660247266292,9,4,4,0,4,2.298111837357282,6.563693192787468,6.418881895951927
18760,2611,Philipp Lienhart,Freiburg,D,15,1342,4,3.0638910150155425,0,0.0703808516263961,12,1,1,0,4,3.0638910150155425,2.409877339378,2.376420112326741
