,id,player_name,team_title,position,games,time,goals,xG,assists,xA,shots,key_passes,yellow_cards,red_cards,npg,npxG,xGChain,xGBuildup
18819,318,Pierre-Emerick Aubameyang,Arsenal,F S,14,1047,4,6.893220115453005,1,0.8014161214232445,34,9,3,0,4,5.370882365852594,5.4393598940223455,0.963660548441112
18820,318,Pierre-Emerick Aubameyang,Arsenal,F S,13,1056,10,9.17437779903412,4,1.2641484700143335,31,13,0,0,9,7.652040150016546,10.671040249988437,2.366455566138029
18821,318,Pierre-Emerick Aubameyang,Arsenal,F M S,29,2333,10,10.450051955878736,3,2.4313493398949504,57,22,2,0,8,8.927714295685291,15.113904064521194,3.955129318870604
18822,318,Pierre-Emerick Aubameyang,Borussia Dortmund,F M S,33,2724,16,15.39676003716886,6,6.378020296804607,102,46,4,0,14,13.881206726655364,20.85272805951536,2.5126496041193604
18823,318,Pierre-Emerick Aubameyang,Borussia Dortmund,F M S,31,2476,25,28.189756080508232,5,6.562238052487373,118,28,4,0,22,25.158649295568463,33.50267868489027,4.430834349244833
18824,318,Pierre-Emerick Aubameyang,Arsenal,F M S,36,2740,22,23.549966726452112,5,4.989846890792251,94,33,0,0,18,19.74412243440748,26.582426249980927,6.483642949722707
18825,318,Pierre-Emerick Aubameyang,Arsenal,F M S,36,3143,22,16.352623080834746,3,4.492486916482449,93,26,3,1,20,14.830358987674115,19.96428203582764,5.339657470583916
18826,318,Pierre-Emerick Aubameyang,Borussia Dortmund,F S,32,2785,31,31.144996110349894,2,4.50156007707119,116,26,3,0,29,28.11388934031129,32.58653540536761,3.351819842122495
18827,318,Pierre-Emerick Aubameyang,Borussia Dortmund,F,16,1421,13,16.653736653737724,3,2.558148507028818,59,16,0,1,10,13.622629853896797,16.92688262462616,2.5583305675536394
