,id,player_name,team_title,position,games,time,goals,xG,assists,xA,shots,key_passes,yellow_cards,red_cards,npg,npxG,xGChain,xGBuildup
18845,3495,Pierrick Capelle,Angers,M S,14,544,0,0.1673649884760379,1,1.6537152286618948,6,8,1,0,0,0.1673649884760379,1.6085700280964377,1.1193889006972313
18846,3495,Pierrick Capelle,Angers,D F M S,32,1748,2,2.036874990910292,1,1.6290621934458611,32,22,4,0,2,2.036874990910292,5.669700255617499,2.5106175700202584
18847,3495,Pierrick Capelle,Angers,F M S,28,1249,4,2.099789099767804,0,0.9358097603544592,27,19,4,1,4,2.099789099767804,2.5575427282601595,0.947380531579256
18848,3495,Pierrick Capelle,Angers,D M S,35,2059,3,3.2642663717269897,3,1.8974101524800064,29,23,2,0,3,3.2642663717269897,7.772303842008114,4.4044195376336575
18849,3495,Pierrick Capelle,Angers,D M S,28,1910,2,2.52220918610692,1,1.901814277283848,40,30,3,0,2,2.52220918610692,7.22045161575079,3.704573989845812
18850,3495,Pierrick Capelle,Angers,D F M S,24,1746,1,2.295720774680376,2,2.44609278999269,36,26,7,0,1,2.295720774680376,6.24749643355608,2.2324724569916725
18851,3495,Pierrick Capelle,Angers,D M S,26,1846,3,3.076718750409782,3,3.7253611078485847,28,26,2,0,3,3.076718750409782,6.719036898575723,3.549504570662976
