,id,player_name,team_title,position,games,time,goals,xG,assists,xA,shots,key_passes,yellow_cards,red_cards,npg,npxG,xGChain,xGBuildup
18859,4932,Pietro Pellegri,Monaco,S,3,20,0,0.0,0,0.0,0,0,0,0,0,0.0,0.0,0.0
18860,4932,Pietro Pellegri,Genoa,F S,6,279,2,1.0617914833128452,0,0.0409573074430227,8,3,2,0,2,1.0617914833128452,1.1142818685621023,0.0333537217229604
18861,4932,Pietro Pellegri,Genoa,F S,3,75,1,0.3440876603126526,0,0.0,2,0,0,0,1,0.3440876603126526,0.3440876603126526,0.0
18862,4932,Pietro Pellegri,Monaco,S,3,77,1,0.0535813868045806,0,0.0825740620493888,1,1,1,0,1,0.0535813868045806,0.1629686951637268,0.1093873083591461
18863,4932,Pietro Pellegri,AC Milan,F S,6,122,0,0.1397754438221454,0,0.1769361495971679,3,3,0,0,0,0.1397754438221454,0.4132948964834213,0.1450198460370302
18864,4932,Pietro Pellegri,Monaco,S,16,198,1,1.2292408235371113,0,0.5083421468734741,9,1,2,1,1,1.2292408235371113,1.2429577112197876,0.0871684476733207
