,id,player_name,team_title,position,games,time,goals,xG,assists,xA,shots,key_passes,yellow_cards,red_cards,npg,npxG,xGChain,xGBuildup
18896,1461,Pol Lirola,Marseille,D M S,14,832,1,0.5997167620807886,1,2.1689063906669617,6,11,0,0,1,0.5997167620807886,4.206452708691359,1.6200794465839865
18897,1461,Pol Lirola,Sassuolo,D M S,22,1540,0,0.2118062609806656,3,2.6292866757139564,7,11,3,0,0,0.2118062609806656,5.306388932280242,3.3096550051122904
18898,1461,Pol Lirola,Marseille,D M S,19,1555,2,1.324624665081501,2,2.433898854069412,10,19,3,0,2,1.324624665081501,7.1039918549358845,4.329018233343959
18899,1461,Pol Lirola,Sassuolo,D M S,35,2973,2,1.3453512359410524,6,6.521178212948144,17,40,2,0,2,1.3453512359410524,14.83222215808928,9.985732758417726
18900,1461,Pol Lirola,Fiorentina,D S,35,2663,0,1.2459140717983246,2,3.423276863060892,24,35,4,0,0,1.2459140717983246,9.757740842178464,6.596608279272914
18901,1461,Pol Lirola,Sassuolo,D M S,24,2022,0,0.1464702477678656,1,1.450771128758788,7,18,2,0,0,0.1464702477678656,3.3176484517753124,2.201206192374229
18902,1461,Pol Lirola,Fiorentina,D M S,12,481,0,0.1243888745084405,1,0.7172346320003271,2,7,3,0,0,0.1243888745084405,1.5445720395073297,0.879697703756392
