,id,player_name,team_title,position,games,time,goals,xG,assists,xA,shots,key_passes,yellow_cards,red_cards,npg,npxG,xGChain,xGBuildup
18923,3599,Presnel Kimpembe,Paris Saint Germain,D,19,1710,0,0.0843543745577335,0,0.1808548886328935,4,3,7,0,0,0.0843543745577335,11.344920337200165,11.2180608920753
18924,3599,Presnel Kimpembe,Paris Saint Germain,D S,24,2004,0,0.1955817155539989,1,0.6923405900597572,4,4,4,1,0,0.1955817155539989,9.431296281516552,8.855918563902378
18925,3599,Presnel Kimpembe,Paris Saint Germain,D S,28,2424,0,1.1392527781426909,0,0.1665146611630916,12,4,6,2,0,1.1392527781426909,16.434264008887112,16.375917796976864
18926,3599,Presnel Kimpembe,Paris Saint Germain,D S,14,1163,0,0.5344667099416256,0,0.0233614202588796,3,1,2,0,0,0.5344667099416256,7.003107495605946,7.003107495605946
18927,3599,Presnel Kimpembe,Paris Saint Germain,D S,16,1219,0,0.3487087721005082,0,0.0360625572502613,6,1,6,0,0,0.3487087721005082,12.747886752709746,12.732573008164763
18928,3599,Presnel Kimpembe,Paris Saint Germain,D S,6,427,0,0.0,0,0.06399767100811,0,1,1,0,0,0.0,3.535156041383744,3.471158415079117
18929,3599,Presnel Kimpembe,Paris Saint Germain,S,1,13,0,0.0,0,0.0,0,0,0,0,0,0.0,0.0,0.0
18930,3599,Presnel Kimpembe,Paris Saint Germain,D S,28,2315,0,0.1376273054629564,0,0.2654191879555583,4,4,6,1,0,0.1376273054629564,9.965327039361,9.85547822713852
