,id,player_name,team_title,position,games,time,goals,xG,assists,xA,shots,key_passes,yellow_cards,red_cards,npg,npxG,xGChain,xGBuildup
18955,6061,Quentin Boisgard,Lorient,F M S,24,1327,2,1.757457436993718,2,1.3750890716910362,24,21,5,0,2,1.757457436993718,4.232637046836317,2.3335146885365248
18956,6061,Quentin Boisgard,Toulouse,M S,6,172,0,0.0853522308170795,0,0.071150567382574,2,2,1,0,0,0.0853522308170795,0.1427245028316974,0.1093002595007419
18957,6061,Quentin Boisgard,Lorient,M S,11,330,0,0.2407143181189894,0,0.5044029587879777,6,6,2,0,0,0.2407143181189894,1.1511643836274743,0.5065902173519135
18958,6061,Quentin Boisgard,Toulouse,D F M S,20,1163,1,0.768362077884376,1,1.7002445850521326,17,17,1,0,1,0.768362077884376,1.932899645529688,0.812179765664041
