,id,player_name,team_title,position,games,time,goals,xG,assists,xA,shots,key_passes,yellow_cards,red_cards,npg,npxG,xGChain,xGBuildup
18959,3770,Quentin Cornette,Amiens,M S,12,444,1,0.764521986246109,2,0.8719563409686089,7,6,1,0,1,0.764521986246109,1.6225023567676544,0.0524928234517574
18960,3770,Quentin Cornette,Montpellier,M S,5,142,0,0.212063979357481,0,0.0391604490578174,4,1,1,0,0,0.212063979357481,0.1049520773813128,0.0146660385653376
18961,3770,Quentin Cornette,Amiens,F M S,5,209,0,0.1679051499813795,0,0.0,5,0,0,0,0,0.1679051499813795,0.1497933994978666,0.0612780097872018
18962,3770,Quentin Cornette,Amiens,M S,13,327,0,0.0980489440262317,2,1.0912274420261383,3,3,0,0,0,0.0980489440262317,1.1921462239697576,0.0289587974548339
