,id,player_name,team_title,position,games,time,goals,xG,assists,xA,shots,key_passes,yellow_cards,red_cards,npg,npxG,xGChain,xGBuildup
19010,5897,Rade Dugalic,Tosno,D,28,2520,0,0.7582393493503332,4,2.086579008027911,27,14,7,0,0,0.7582393493503332,4.6500786151736975,3.5228072004392743
19011,5897,Rade Dugalic,FC Yenisey Krasnoyarsk,D,14,1175,1,1.7431747373193502,0,0.149467721581459,11,2,4,0,1,1.7431747373193502,1.1310960240662098,0.8994097746908665
