,id,player_name,team_title,position,games,time,goals,xG,assists,xA,shots,key_passes,yellow_cards,red_cards,npg,npxG,xGChain,xGBuildup
19069,1484,Rafael Toloi,Atalanta,D S,32,2722,0,1.1373750073835254,0,0.6720375027507544,19,9,7,0,0,1.1373750073835254,9.061155615374446,8.853529641404748
19070,1484,Rafael Toloi,Atalanta,D S,24,1892,1,0.7050871793180704,0,0.0682695154100656,9,2,6,1,1,0.7050871793180704,2.2799017317593098,2.2252655625343323
19071,1484,Rafael Toloi,Atalanta,D S,21,1751,1,1.668572135269642,3,2.447100341320038,26,13,1,1,1,1.668572135269642,8.991609536111355,7.016092225909233
19072,1484,Rafael Toloi,Atalanta,D S,33,2604,2,3.0000422969460487,6,2.578856992535293,27,17,11,0,2,3.0000422969460487,14.912522722035646,12.555730603635311
19073,1484,Rafael Toloi,Atalanta,D S,11,849,1,0.601811408996582,1,0.4648915473371744,4,5,2,0,1,0.601811408996582,3.589482938870788,2.6528339833021164
19074,1484,Rafael Toloi,Atalanta,D S,31,2542,2,3.292238790541888,0,0.8902786783874035,29,15,10,0,2,3.292238790541888,12.477382320910692,10.51220765337348
19075,1484,Rafael Toloi,Atalanta,D S,31,2454,1,1.361078692600131,4,1.053652562201023,19,15,6,1,1,1.361078692600131,9.340237691998482,8.962579563260078
