,id,player_name,team_title,position,games,time,goals,xG,assists,xA,shots,key_passes,yellow_cards,red_cards,npg,npxG,xGChain,xGBuildup
19078,7633,Rafal Augustyniak,Ural,D M S,14,1173,2,1.9657028038054705,1,0.2434238838031888,20,6,1,0,1,1.2114274594932797,3.559528285637498,2.283085618168116
19079,7633,Rafal Augustyniak,Ural,D M S,25,1930,4,1.2488783840090036,0,0.6583098135888577,35,11,4,1,4,1.2488783840090036,4.288164489902556,2.9378946032375097
19080,7633,Rafal Augustyniak,Ural,M S,29,2250,1,2.0350970085710287,2,1.330756288021803,45,21,4,0,1,2.0350970085710287,5.53069544583559,4.003096623811871
