,id,player_name,team_title,position,games,time,goals,xG,assists,xA,shots,key_passes,yellow_cards,red_cards,npg,npxG,xGChain,xGBuildup
19030,4231,Rafa,Paderborn,D,16,1392,0,0.2470657676458358,0,0.0323803015053272,5,2,2,0,0,0.2470657676458358,0.8837527697905898,0.8513724682852626
19031,4231,Rafa,Getafe,D,1,90,0,0.0,0,0.0186930932104587,0,1,0,0,0,0.0,0.1472046673297882,0.1285115778446197
