,id,player_name,team_title,position,games,time,goals,xG,assists,xA,shots,key_passes,yellow_cards,red_cards,npg,npxG,xGChain,xGBuildup
19066,2034,Rafael Márquez,Verona,D,9,763,0,0.3923271335661411,0,0.1681433133780956,5,4,3,0,0,0.3923271335661411,0.5146251246333122,0.4671864435076713
19067,2034,Rafael Márquez,Verona,D,26,2217,0,0.5856181737035513,1,0.5737230274826288,11,13,5,3,0,0.5856181737035513,4.646446760743856,4.195454663597047
