,id,player_name,team_title,position,games,time,goals,xG,assists,xA,shots,key_passes,yellow_cards,red_cards,npg,npxG,xGChain,xGBuildup
19119,265,Ragnar Klavan,Cagliari,D S,15,768,0,0.1802556570619344,0,0.0287017133086919,6,1,1,0,0,0.1802556570619344,1.3084322437644005,1.2925889417529106
19120,265,Ragnar Klavan,Cagliari,D,15,1234,0,0.0479329228401184,0,0.4199390113353729,2,1,2,0,0,0.0479329228401184,1.9714296469464896,1.5368911931291225
19121,265,Ragnar Klavan,Augsburg,D,34,3060,2,1.5781318163499236,0,0.2177866376005113,16,6,1,0,2,1.5781318163499236,4.764019534923136,4.514457442332059
19122,265,Ragnar Klavan,Liverpool,D S,20,1402,0,0.1919241454452276,0,0.1798553932458162,4,3,3,0,0,0.1919241454452276,3.925375580787658,3.904077518731356
19123,265,Ragnar Klavan,Augsburg,D,31,2787,0,0.6589372269809246,0,0.4157441090792417,9,7,2,0,0,0.6589372269809246,5.33164481446147,5.088210213929415
19124,265,Ragnar Klavan,Cagliari,D S,31,2350,0,0.1866420581936836,0,0.6552199125289917,4,5,4,0,0,0.1866420581936836,4.581309549510479,4.190248696133494
19125,265,Ragnar Klavan,Liverpool,D S,19,1448,1,0.9329167008399964,0,0.135406844317913,1,4,0,0,1,0.9329167008399964,4.131870977580547,4.1139890775084496
