,id,player_name,team_title,position,games,time,goals,xG,assists,xA,shots,key_passes,yellow_cards,red_cards,npg,npxG,xGChain,xGBuildup
19132,618,Raheem Sterling,Manchester City,F S,33,2594,18,18.82996733859181,11,8.844115875661373,87,55,3,1,17,18.06879848614335,33.65671702474356,12.149656612426044
19133,618,Raheem Sterling,Manchester City,F M S,34,2788,17,15.907645806670187,10,10.792034206911922,77,66,3,0,17,15.907645806670187,33.02193847298622,12.632533352822064
19134,618,Raheem Sterling,Manchester City,F M S,31,1943,6,7.149217206053436,2,3.2466240972280502,52,35,1,0,6,7.149217206053436,14.019068100489676,4.698833643458784
19135,618,Raheem Sterling,Manchester City,F M S,31,2539,10,12.050674013793468,7,6.628709886223078,70,39,4,0,10,11.289505157619717,25.88372514024377,12.17315935343504
19136,618,Raheem Sterling,Liverpool,D F M S,35,3059,7,8.785912293940783,7,6.0366210248321295,84,75,5,0,7,8.785912293940783,18.19585334509611,5.501672655344009
19137,618,Raheem Sterling,Manchester City,F S,14,810,4,4.909493062645197,1,2.739050067961216,27,22,0,0,3,4.1483242101967335,9.9192915558815,3.356059782207012
19138,618,Raheem Sterling,Manchester City,F M S,33,2532,7,8.106001383624971,6,5.496263796463609,64,46,7,0,7,8.106001383624971,18.462579221464694,6.755210315808654
19139,618,Raheem Sterling,Manchester City,F M S,33,2678,20,19.799906481057405,1,7.208586284890771,100,48,5,0,20,18.27756874635816,31.4420103430748,10.185997404158115
