,id,player_name,team_title,position,games,time,goals,xG,assists,xA,shots,key_passes,yellow_cards,red_cards,npg,npxG,xGChain,xGBuildup
19143,6036,Rajiv van La Parra,Huddersfield,F M,5,411,0,0.2370322756469249,0,0.0699041187763214,5,4,0,0,0,0.2370322756469249,0.3920035399496555,0.104132030159235
19144,6036,Rajiv van La Parra,Huddersfield,F M S,33,2165,3,3.088003760203719,0,0.8345381431281567,44,14,3,1,2,2.326871698722244,4.7588534746319056,2.0130404345691204
