,id,player_name,team_title,position,games,time,goals,xG,assists,xA,shots,key_passes,yellow_cards,red_cards,npg,npxG,xGChain,xGBuildup
19146,330,Ralf Fährmann,Schalke 04,GK S,17,1469,0,0.0,0,0.0,0,0,0,0,0,0.0,0.8812679778784513,0.8812679778784513
19147,330,Ralf Fährmann,Schalke 04,GK,34,3017,0,0.0,0,0.1254067569971084,0,1,1,0,0,0.0,1.6085721962153912,1.6085721962153912
19148,330,Ralf Fährmann,Schalke 04,GK,34,3060,0,0.0,0,0.0255464185029268,0,1,3,0,0,0.0,2.969860350713134,2.944313934072852
19149,330,Ralf Fährmann,Schalke 04,GK,25,2250,0,0.0,0,0.0219444558024406,0,1,0,0,0,0.0,1.257842380553484,1.257842380553484
19150,330,Ralf Fährmann,Norwich,GK,1,21,0,0.0,0,0.0,0,0,0,0,0,0.0,0.0,0.0
19151,330,Ralf Fährmann,Schalke 04,GK,34,3060,0,0.0,0,0.0,0,0,1,0,0,0.0,4.876153966411948,4.876153966411948
19152,330,Ralf Fährmann,Schalke 04,GK,22,1878,0,0.132695734500885,0,0.0495658330619335,1,2,2,0,0,0.132695734500885,1.980399938300252,1.9308341052383184
