,id,player_name,team_title,position,games,time,goals,xG,assists,xA,shots,key_passes,yellow_cards,red_cards,npg,npxG,xGChain,xGBuildup
19171,597,Ramiro Funes Mori,Villarreal,D S,7,452,0,0.0773316882550716,0,0.0689375773072242,3,2,1,0,0,0.0773316882550716,1.3281112127006054,1.2972528971731665
19172,597,Ramiro Funes Mori,Everton,D S,4,119,0,0.045141015201807,0,0.0,1,0,1,0,0,0.045141015201807,0.0235196202993392,0.0235196202993392
19173,597,Ramiro Funes Mori,Villarreal,D S,10,725,0,0.7776758167892694,0,0.0,4,0,1,0,0,0.7776758167892694,2.266714096069336,2.198094815015793
19174,597,Ramiro Funes Mori,Everton,D S,28,2189,4,2.9086849503219128,1,0.7586106024682522,24,6,4,1,4,2.9086849503219128,6.417692754417658,5.725435012951493
19175,597,Ramiro Funes Mori,Villarreal,D M S,31,2629,2,2.9455887279473245,1,0.5191203840076923,26,6,15,0,2,2.9455887279473245,7.143440964631736,5.8109023636206985
19176,597,Ramiro Funes Mori,Everton,D S,23,1530,0,0.7628414174541831,1,0.9811182860285044,12,4,0,0,0,0.7628414174541831,5.030917843803763,4.418680243194103
