,id,player_name,team_title,position,games,time,goals,xG,assists,xA,shots,key_passes,yellow_cards,red_cards,npg,npxG,xGChain,xGBuildup
19186,4051,Ramón Azeez,Almeria,M S,14,847,0,0.2971634902060032,1,0.3770737685263157,4,11,1,1,0,0.2971634902060032,1.1448269058018925,0.571691608056426
19187,4051,Ramón Azeez,Granada,M S,25,1348,2,2.0585690243169665,0,0.211085369810462,20,6,3,0,2,2.0585690243169665,4.887763700447977,3.1286655450239778
19188,4051,Ramón Azeez,Granada,M S,2,97,0,0.0808924809098243,0,0.0,2,0,0,0,0,0.0808924809098243,0.0808924809098243,0.0255500487983226
