,id,player_name,team_title,position,games,time,goals,xG,assists,xA,shots,key_passes,yellow_cards,red_cards,npg,npxG,xGChain,xGBuildup
19200,6412,Raoul Bellanova,Cagliari,D M S,11,749,0,0.5391972493380308,1,1.170219050720334,9,9,1,0,0,0.5391972493380308,2.941626840271056,1.553857601247728
19201,6412,Raoul Bellanova,Bordeaux,D,1,63,0,0.0,0,0.0,0,0,0,0,0,0.0,0.0209297370165586,0.0209297370165586
19202,6412,Raoul Bellanova,Atalanta,S,1,17,0,0.1318860799074173,0,0.0,2,0,0,0,0,0.1318860799074173,0.5467934608459473,0.512601912021637
