,id,player_name,team_title,position,games,time,goals,xG,assists,xA,shots,key_passes,yellow_cards,red_cards,npg,npxG,xGChain,xGBuildup
19220,2245,Raphael Varane,Real Madrid,D S,32,2761,2,1.4298222586512566,0,0.5311994478106499,19,4,0,1,2,1.4298222586512566,6.090303801000118,6.082181893289089
19221,2245,Raphael Varane,Real Madrid,D S,27,2030,0,1.0129155609756708,0,0.0478252954781055,16,1,1,0,0,1.0129155609756708,9.894011732190847,9.846186436712742
19222,2245,Raphael Varane,Real Madrid,D,23,1930,1,0.6918773967772722,2,1.4098815247416496,12,7,1,0,1,0.6918773967772722,6.4106552712619305,5.969404455274344
19223,2245,Raphael Varane,Real Madrid,D S,26,2182,0,0.67161107622087,0,0.0187594145536422,12,1,4,1,0,0.67161107622087,8.391678331419826,8.372918901965022
19224,2245,Raphael Varane,Real Madrid,D,27,2323,0,1.3220893684774635,1,0.5164449121803045,10,6,3,0,0,1.3220893684774635,9.128079738467932,9.092545043677092
19225,2245,Raphael Varane,Real Madrid,D,31,2718,2,2.7280360516160727,0,0.1703767008148133,18,4,2,0,2,2.7280360516160727,9.330381464213133,9.13758784160018
19226,2245,Raphael Varane,Manchester United,D,6,540,0,0.3636024482548237,1,0.1130264326930046,4,2,0,0,0,0.3636024482548237,0.9286659322679044,0.87152449041605
19227,2245,Raphael Varane,Real Madrid,D,32,2822,2,1.1810314022004604,1,0.3394593857228756,11,6,2,0,2,1.1810314022004604,10.079459117725492,9.584368215873836
