,id,player_name,team_title,position,games,time,goals,xG,assists,xA,shots,key_passes,yellow_cards,red_cards,npg,npxG,xGChain,xGBuildup
19244,6674,Rayan Ait Nouri,Wolverhampton Wanderers,D S,9,715,0,0.2212051376700401,1,0.7902646800503135,6,8,1,0,0,0.2212051376700401,1.879533402621746,1.5545983612537384
19245,6674,Rayan Ait Nouri,Wolverhampton Wanderers,D M S,21,1414,1,0.5121664954349399,1,0.7904387172311544,16,14,1,0,1,0.5121664954349399,2.7287227287888527,2.285053768195212
19246,6674,Rayan Ait Nouri,Angers,D S,3,190,0,0.0665006041526794,1,0.2097470462322235,1,5,0,0,0,0.0665006041526794,0.7989658117294312,0.6137166246771812
19247,6674,Rayan Ait Nouri,Angers,S,3,50,0,0.0,0,0.0,0,0,1,0,0,0.0,0.1433095745742321,0.1433095745742321
19248,6674,Rayan Ait Nouri,Angers,D S,17,1293,0,0.2377614304423332,2,0.6413344694301486,4,9,3,0,0,0.2377614304423332,3.648963631130755,3.35173771250993
