,id,player_name,team_title,position,games,time,goals,xG,assists,xA,shots,key_passes,yellow_cards,red_cards,npg,npxG,xGChain,xGBuildup
19249,7749,Rayan Philippe,Dijon,F S,4,89,0,0.3766381070017814,0,0.0,2,0,0,0,0,0.3766381070017814,0.3766381070017814,0.0
19250,7749,Rayan Philippe,Dijon,S,1,27,0,0.0453969165682792,0,0.0,1,0,0,0,0,0.0453969165682792,0.0453969165682792,0.0
