,id,player_name,team_title,position,games,time,goals,xG,assists,xA,shots,key_passes,yellow_cards,red_cards,npg,npxG,xGChain,xGBuildup
19253,8856,Razvan Marin,Cagliari,M S,17,1450,0,0.7012265864759684,3,2.730493349954486,19,32,2,0,0,0.7012265864759684,5.55574899725616,4.398372298106551
19254,8856,Razvan Marin,Cagliari,M S,37,2995,3,1.3309972770512104,6,3.8396787755191326,27,68,6,0,3,1.3309972770512104,9.81831580772996,7.314298069104552
