,id,player_name,team_title,position,games,time,goals,xG,assists,xA,shots,key_passes,yellow_cards,red_cards,npg,npxG,xGChain,xGBuildup
19271,2488,Raúl Baena,Rayo Vallecano,M,28,2347,2,1.4992845030501485,0,0.1808288814499974,16,5,13,1,2,1.4992845030501485,5.051989327184856,4.302656641229987
19272,2488,Raúl Baena,Rayo Vallecano,M S,24,1838,1,1.407056009396911,1,0.6569028962403536,10,11,10,1,1,1.407056009396911,2.389975734986365,0.9886241955682636
