,id,player_name,team_title,position,games,time,goals,xG,assists,xA,shots,key_passes,yellow_cards,red_cards,npg,npxG,xGChain,xGBuildup
19309,4229,Raúl de Tomás,Espanyol,F,16,1418,8,7.789524829015136,2,0.8549553472548723,57,12,2,1,6,6.302969535812736,6.5590085089206696,1.7705686166882515
19310,4229,Raúl de Tomás,Rayo Vallecano,F S,33,2822,14,15.146002831868827,1,1.725691075436771,115,19,5,0,14,15.146002831868827,16.361451391130686,2.3896262403577566
19311,4229,Raúl de Tomás,Espanyol,F S,14,1064,4,5.340533847920597,0,0.313531226478517,35,6,5,0,3,4.597256268374622,6.015075165778399,1.736487915739417
