,id,player_name,team_title,position,games,time,goals,xG,assists,xA,shots,key_passes,yellow_cards,red_cards,npg,npxG,xGChain,xGBuildup
19259,2333,Raúl Albentosa,Malaga,D S,29,2555,2,2.1056336928159,0,0.5024306550621986,17,10,11,0,2,2.1056336928159,3.4192734360694885,2.690024569630623
19260,2333,Raúl Albentosa,Eibar,D,17,1530,2,1.510936075821519,2,0.9489372074604034,9,4,5,0,2,1.510936075821519,0.8893724121153355,0.6702324487268925
19261,2333,Raúl Albentosa,Deportivo La Coruna,D S,20,1747,1,1.5812898110598326,0,0.1372046694159507,11,3,5,0,1,1.5812898110598326,3.2660244777798653,2.7532189711928368
19262,2333,Raúl Albentosa,Deportivo La Coruna,D S,27,2333,1,0.6379772573709488,1,1.1829104609787464,10,4,10,1,1,0.6379772573709488,2.3940928000956774,2.3577408622950315
