,id,player_name,team_title,position,games,time,goals,xG,assists,xA,shots,key_passes,yellow_cards,red_cards,npg,npxG,xGChain,xGBuildup
19312,2337,Recio,Leganes,M S,18,1290,0,0.2901957370340824,0,0.2278407523408532,10,7,9,0,0,0.2901957370340824,3.0621950831264257,2.7222057208418846
19313,2337,Recio,Eibar,M S,17,724,1,1.2952758660539985,0,0.7292542308568954,14,14,5,0,0,0.5519982567057014,2.65828918106854,2.3492439910769463
19314,2337,Recio,Malaga,M S,22,1841,1,1.8899841997772453,2,1.9569624923169613,26,24,9,1,0,1.1467065829783678,4.44630310498178,3.40643101464957
19315,2337,Recio,Malaga,M S,30,1471,1,0.972569706849754,2,0.7697807410731912,15,21,10,0,1,0.972569706849754,2.3121842769905925,1.6431777644902468
19316,2337,Recio,Malaga,M S,18,1361,3,2.23764053825289,2,0.9436298087239264,15,15,9,0,2,1.494362928904593,4.293925069272518,3.014119155704975
19317,2337,Recio,Leganes,M S,25,1576,0,0.9948579324409366,0,0.3740088492631912,24,10,11,0,0,0.9948579324409366,3.507482256740332,2.665103970095516
19318,2337,Recio,Malaga,M S,33,2757,0,2.361354127526284,4,3.624509676359594,36,36,16,0,0,2.361354127526284,10.27148325368762,8.53817038051784
