,id,player_name,team_title,position,games,time,goals,xG,assists,xA,shots,key_passes,yellow_cards,red_cards,npg,npxG,xGChain,xGBuildup
19348,6884,Remi Oudin,"Bordeaux,Reims",F M S,26,1980,4,5.081725345924497,3,3.842970313504338,49,26,1,0,4,5.081725345924497,8.787962337955832,1.935882292687893
19349,6884,Remi Oudin,Bordeaux,D F M S,38,2452,4,4.060888790525496,4,5.596011991612613,54,40,2,0,4,4.060888790525496,9.121310633607209,2.9570321552455425
19350,6884,Remi Oudin,Reims,F M S,37,2647,10,8.649784687906504,4,3.0967111326754093,78,26,4,0,10,8.649784687906504,10.400826869532466,2.235126381739974
19351,6884,Remi Oudin,Bordeaux,D F M S,16,926,3,1.8683608453720808,3,2.574192937463522,24,12,1,0,3,1.8683608453720808,5.136068820953369,1.105041055008769
