,id,player_name,team_title,position,games,time,goals,xG,assists,xA,shots,key_passes,yellow_cards,red_cards,npg,npxG,xGChain,xGBuildup
19374,3355,Renato Civelli,Lille,D,32,2763,0,2.5121555170044303,0,0.2606195155531168,17,7,6,2,0,2.5121555170044303,2.038593180477619,1.7722009234130385
19375,3355,Renato Civelli,Lille,D S,13,1096,1,0.604320801794529,0,0.5253085494041443,10,2,4,0,1,0.604320801794529,0.6993008423596621,0.6993008423596621
