,id,player_name,team_title,position,games,time,goals,xG,assists,xA,shots,key_passes,yellow_cards,red_cards,npg,npxG,xGChain,xGBuildup
19367,7891,Renan Lodi,Atletico Madrid,D S,32,2396,1,1.574412290006876,2,1.9537942055612805,18,21,4,1,1,1.574412290006876,7.629638239741325,5.453474961221218
19368,7891,Renan Lodi,Atletico Madrid,D M S,13,404,0,0.4416064117103815,0,0.2858819514513016,5,4,1,0,0,0.4416064117103815,2.2461697198450565,1.578629594296217
19369,7891,Renan Lodi,Atletico Madrid,D M S,23,1110,1,0.721710778772831,2,1.8819154798984528,11,12,3,0,1,0.721710778772831,10.125432321801782,8.008895486593246
