,id,player_name,team_title,position,games,time,goals,xG,assists,xA,shots,key_passes,yellow_cards,red_cards,npg,npxG,xGChain,xGBuildup
19395,8249,Renaud Emond,Nantes,F M S,4,178,0,0.0081751346588134,0,0.0,1,0,0,0,0,0.0081751346588134,0.4683907926082611,0.4602156579494476
19396,8249,Renaud Emond,Nantes,F S,22,307,2,1.6352640390396118,0,0.1209144406020641,8,2,1,0,2,1.6352640390396118,1.1198763363063335,0.7192775160074234
19397,8249,Renaud Emond,Nantes,F S,6,290,0,0.9791691042482852,0,0.0630723275244236,4,2,1,0,0,0.9791691042482852,1.01076016202569,0.5535518545657396
