,id,player_name,team_title,position,games,time,goals,xG,assists,xA,shots,key_passes,yellow_cards,red_cards,npg,npxG,xGChain,xGBuildup
19402,2083,Rene Krhin,Inter,S,3,28,0,0.0,0,0.0,0,0,0,0,0,0.0,0.1501608937978744,0.1501608937978744
19403,2083,Rene Krhin,Cordoba,D M,14,1203,0,1.4976109340786934,0,0.4535727184265852,9,4,4,0,0,1.4976109340786934,2.87158171646297,1.6261046957224607
19404,2083,Rene Krhin,Nantes,D M S,8,328,0,0.0144601501524448,0,0.0,1,0,0,0,0,0.0144601501524448,0.7152126729488373,0.7152126729488373
19405,2083,Rene Krhin,Nantes,M S,18,1312,1,2.0407068617641926,0,0.1026223599910736,11,2,5,0,1,2.0407068617641926,3.00534750521183,1.9342876318842173
19406,2083,Rene Krhin,Granada,M S,12,940,0,0.0923575162887573,0,0.1465942673385143,2,3,0,0,0,0.0923575162887573,0.5294498167932034,0.4051160681992769
19407,2083,Rene Krhin,Nantes,M S,16,1065,0,0.3286715243011713,0,0.0116512179374694,6,1,2,0,0,0.3286715243011713,1.4425202244892716,1.409552394412458
19408,2083,Rene Krhin,Granada,M S,24,1429,0,0.6352603146806359,0,0.1409301282837987,8,5,3,0,0,0.6352603146806359,2.217829504981637,2.0623339395970106
