,id,player_name,team_title,position,games,time,goals,xG,assists,xA,shots,key_passes,yellow_cards,red_cards,npg,npxG,xGChain,xGBuildup
19413,1570,Rey Manaj,Spezia,F S,10,411,1,2.1973575968295336,0,0.4013125896453857,13,8,2,0,1,2.1973575968295336,2.0850626789033413,0.3122557178139686
19414,1570,Rey Manaj,Pescara,F S,12,461,2,3.017467554658652,0,0.1728947460651397,14,4,2,0,2,3.017467554658652,3.145613044500351,0.0550442999228835
19415,1570,Rey Manaj,Inter,S,4,28,0,0.1807485409080982,0,0.0852686017751693,2,1,1,0,0,0.1807485409080982,0.2876842617988586,0.021667119115591
