,id,player_name,team_title,position,games,time,goals,xG,assists,xA,shots,key_passes,yellow_cards,red_cards,npg,npxG,xGChain,xGBuildup
19416,2441,Reyes,Sevilla,M S,19,1229,3,3.7372980900108814,4,4.34861995652318,30,36,5,0,3,3.7372980900108814,9.7720378190279,3.4361969605088234
19417,2441,Reyes,Sevilla,M S,24,1187,1,1.874334489926696,1,3.776809900999069,21,32,6,0,1,1.874334489926696,7.511037744581699,3.777336981147528
19418,2441,Reyes,Espanyol,F M S,21,868,3,1.4022266529500484,4,1.3521115742623806,14,18,1,0,2,0.6589490324258804,1.2923040091991425,0.6238159714266658
