,id,player_name,team_title,position,games,time,goals,xG,assists,xA,shots,key_passes,yellow_cards,red_cards,npg,npxG,xGChain,xGBuildup
19437,7150,Ricardo Alves,FC Orenburg,F M,21,1718,3,2.1050388952717185,3,4.435461321845651,50,44,1,0,3,2.1050388952717185,6.8314408315345645,3.133823892101645
19438,7150,Ricardo Alves,FC Orenburg,M S,10,355,3,0.9592064432799816,0,1.2017864249646664,14,8,1,0,3,0.9592064432799816,1.7401285097002983,1.0519832372665403
