,id,player_name,team_title,position,games,time,goals,xG,assists,xA,shots,key_passes,yellow_cards,red_cards,npg,npxG,xGChain,xGBuildup
19482,1896,Riccardo Gagliolo,Parma Calcio 1913,D S,32,2629,3,2.479811668395996,2,2.3510577296838164,30,21,7,0,3,2.479811668395996,8.157824493944645,5.265094701200724
19483,1896,Riccardo Gagliolo,Parma Calcio 1913,D S,28,1953,2,3.4122048392891884,2,0.923083622008562,19,17,6,0,2,3.4122048392891884,5.224197598174214,3.520141292363405
19484,1896,Riccardo Gagliolo,Parma Calcio 1913,D,34,3046,0,1.2741410387679937,2,2.387488096021116,21,17,7,0,0,1.2741410387679937,6.380531286820769,4.242849312722683
19485,1896,Riccardo Gagliolo,Salernitana,D S,11,792,0,0.3534886734560132,1,0.4678160520270467,8,2,2,0,0,0.3534886734560132,1.920604740269482,1.241464415565133
19486,1896,Riccardo Gagliolo,Carpi,D S,31,2633,1,0.97648987127468,0,0.4615539461374283,12,13,11,1,1,0.97648987127468,3.3296219017356634,2.9043937008827925
