,id,player_name,team_title,position,games,time,goals,xG,assists,xA,shots,key_passes,yellow_cards,red_cards,npg,npxG,xGChain,xGBuildup
19505,1313,Riccardo Saponara,"Genoa,Lecce",F M S,17,1130,2,1.946763277053833,4,2.924258703365922,31,35,3,0,2,1.946763277053833,6.8419922310858965,3.90452166646719
19506,1313,Riccardo Saponara,Sampdoria,M S,22,905,2,1.7827919237315657,4,2.361910991370678,24,25,3,0,2,1.7827919237315657,6.1023011496290565,2.992114336229861
19507,1313,Riccardo Saponara,"Fiorentina,Spezia",F M S,11,444,2,1.184926576912403,0,0.7230105996131897,10,5,0,1,2,1.184926576912403,2.570357158780098,0.842733733355999
19508,1313,Riccardo Saponara,Empoli,M S,33,2649,5,7.370626800693572,11,6.132142703980207,70,73,6,1,5,6.609327972866595,14.387180931866167,4.04603717289865
19509,1313,Riccardo Saponara,"AC Milan,Empoli",M,18,1329,7,5.481223972514272,3,2.4814653638750315,52,23,2,1,6,4.719925196841359,9.235049178823829,3.59297059290111
19510,1313,Riccardo Saponara,Fiorentina,F M S,18,902,0,0.9374717967584728,5,3.753985978662968,21,35,3,0,0,0.9374717967584728,3.617312662303448,1.6256021624431014
19511,1313,Riccardo Saponara,Fiorentina,F S,14,608,2,0.950883947312832,2,1.8725108690559864,18,10,0,0,2,0.950883947312832,5.474428713321686,3.1652251705527306
19512,1313,Riccardo Saponara,"Empoli,Fiorentina",M S,29,1952,4,4.969209521077573,3,2.0959368608891964,46,27,5,0,4,4.969209521077573,9.765573463402689,3.6653717793524265
