,id,player_name,team_title,position,games,time,goals,xG,assists,xA,shots,key_passes,yellow_cards,red_cards,npg,npxG,xGChain,xGBuildup
19527,6362,Rick Karsdorp,Roma,D S,34,2552,1,1.177090554498136,6,5.349185362458229,13,26,2,0,1,1.177090554498136,15.11866688169539,10.56031900458038
19528,6362,Rick Karsdorp,Roma,D,1,83,0,0.0,0,0.0,0,0,0,0,0,0.0,0.3116249442100525,0.3116249442100525
19529,6362,Rick Karsdorp,Roma,D M,15,1318,0,0.0293690860271453,1,2.2192438021302223,1,24,5,0,0,0.0293690860271453,6.736495113000274,5.824791412800551
19530,6362,Rick Karsdorp,Roma,D M S,11,596,0,0.0,1,0.2738602794706821,0,4,1,0,0,0.0,2.267589575611055,2.083890470676124
