,id,player_name,team_title,position,games,time,goals,xG,assists,xA,shots,key_passes,yellow_cards,red_cards,npg,npxG,xGChain,xGBuildup
19541,2712,Rifat Zhemaletdinov,Lokomotiv Moscow,D M S,23,1620,2,3.073276578448713,3,2.8128394298255444,35,32,6,1,2,3.073276578448713,8.16993226017803,3.517921838909388
19542,2712,Rifat Zhemaletdinov,Lokomotiv Moscow,M S,5,302,2,1.840244486927986,0,0.4182638823986053,15,6,0,0,2,1.840244486927986,2.57892082631588,0.4910802729427814
19543,2712,Rifat Zhemaletdinov,Lokomotiv Moscow,D M S,13,455,1,1.142118163406849,2,0.8159749358892441,17,6,1,0,1,1.142118163406849,2.17946770042181,1.156499176286161
19544,2712,Rifat Zhemaletdinov,Lokomotiv Moscow,M S,13,906,5,1.5653184801340103,4,2.406368002295494,18,19,2,0,5,1.5653184801340103,5.698089450597763,2.890447556972504
19545,2712,Rifat Zhemaletdinov,Rubin Kazan,F M S,23,1167,0,1.8443540520966053,0,0.6872046813368797,24,15,3,0,0,1.8443540520966053,2.9808522509410977,0.961743257008493
19546,2712,Rifat Zhemaletdinov,Lokomotiv Moscow,M S,22,1373,3,1.8711818512529133,5,1.715357679873705,21,23,8,0,3,1.8711818512529133,6.746358025819063,3.612178208306432
19547,2712,Rifat Zhemaletdinov,Rubin Kazan,F M S,21,935,2,3.2831294257193804,1,0.6815924476832151,29,8,0,0,1,2.528854103758931,3.4084822135046124,0.7229897519573569
