,id,player_name,team_title,position,games,time,goals,xG,assists,xA,shots,key_passes,yellow_cards,red_cards,npg,npxG,xGChain,xGBuildup
19560,955,Ritchie de Laet,Leicester,D S,26,1881,0,0.0461221309378743,1,1.1547538172453642,4,12,3,0,0,0.0461221309378743,3.5829266887158155,2.842075888067484
19561,955,Ritchie de Laet,Leicester,D S,12,655,1,0.1470789611339569,0,0.3315960094332695,2,6,1,0,1,0.1470789611339569,1.140821736305952,0.7576778158545494
