,id,player_name,team_title,position,games,time,goals,xG,assists,xA,shots,key_passes,yellow_cards,red_cards,npg,npxG,xGChain,xGBuildup
19715,1723,Roberto Pereyra,Udinese,F M,13,1015,2,1.7816423680633309,1,1.1129879150539637,10,14,3,1,1,1.0203435327857733,4.9070785492658615,3.177006708458066
19716,1723,Roberto Pereyra,Juventus,D M S,35,2282,4,3.5207453053444624,3,3.643728063441813,31,43,2,0,4,3.5207453053444624,12.153282443061473,6.745550418272615
19717,1723,Roberto Pereyra,Juventus,F M S,13,799,0,0.6136700995266438,1,2.316787594929337,10,25,0,0,0,0.6136700995266438,5.272463284432888,4.051542464643717
19718,1723,Roberto Pereyra,Watford,F M S,28,1656,3,3.1468859259039164,0,1.3600244047120214,21,20,4,0,2,2.385717058554292,4.776893117465079,1.6259918306022882
19719,1723,Roberto Pereyra,Watford,M,33,2837,6,5.378575686365366,1,3.538155732676387,57,34,3,0,6,5.378575686365366,12.57223891466856,6.263587720692158
19720,1723,Roberto Pereyra,Udinese,F M,34,2949,5,4.137737431563437,7,4.314292633906007,28,45,8,0,4,3.37643859628588,13.599072700366378,6.878924558870494
19721,1723,Roberto Pereyra,Watford,F M S,13,1044,2,1.3779947236180303,2,1.7001887019723654,9,15,2,1,2,1.3779947236180303,4.25155040808022,2.0729247890412807
19722,1723,Roberto Pereyra,Watford,F M S,32,1618,5,3.913917485624552,2,2.6691006161272526,33,23,3,0,5,3.913917485624552,7.717018766328692,2.8904048893600702
