,id,player_name,team_title,position,games,time,goals,xG,assists,xA,shots,key_passes,yellow_cards,red_cards,npg,npxG,xGChain,xGBuildup
19754,1279,Roberto Vitiello,Palermo,D,5,378,0,0.0,0,0.0,0,0,1,0,0,0.0,0.4064701441675424,0.4064701441675424
19755,1279,Roberto Vitiello,Palermo,D S,10,701,0,0.1189525909721851,0,0.0762935504317283,2,1,3,1,0,0.1189525909721851,0.996204510331154,0.996204510331154
19756,1279,Roberto Vitiello,Palermo,D S,19,1505,1,0.8709022179245949,0,0.0,3,0,3,0,1,0.8709022179245949,2.7446479480713606,2.6906474512070417
