,id,player_name,team_title,position,games,time,goals,xG,assists,xA,shots,key_passes,yellow_cards,red_cards,npg,npxG,xGChain,xGBuildup
19727,2331,Roberto Rosales,Leganes,D M S,25,1885,0,0.4273915095254779,1,2.850653411820531,9,25,7,0,0,0.4273915095254779,4.656378917396069,3.901300101540983
19728,2331,Roberto Rosales,Espanyol,D S,21,1750,3,0.8256827862933278,1,1.2024134527891874,19,12,2,0,3,0.8256827862933278,6.853435875847936,5.664427744224668
19729,2331,Roberto Rosales,Malaga,D M,32,2861,1,0.5175602119415998,2,2.3545892387628555,19,39,4,1,1,0.5175602119415998,6.77162660099566,5.306362332776189
19730,2331,Roberto Rosales,Malaga,D,35,3126,1,0.4954423606395721,0,2.766621682792902,18,53,10,0,1,0.4954423606395721,6.835416112095118,5.5715960105881095
19731,2331,Roberto Rosales,Malaga,D,35,3070,0,0.4432403435930609,5,3.263510369695723,18,21,5,0,0,0.4432403435930609,7.111630491912365,4.190198961645365
19732,2331,Roberto Rosales,Malaga,D,34,3042,0,0.6194026144221425,3,2.171452615410089,22,26,7,0,0,0.6194026144221425,6.717058083042502,5.113221373409033
