,id,player_name,team_title,position,games,time,goals,xG,assists,xA,shots,key_passes,yellow_cards,red_cards,npg,npxG,xGChain,xGBuildup
19657,7867,Robert Skov,Hoffenheim,D F M S,23,1179,1,1.798822294920683,0,1.830434418283403,33,18,0,1,1,1.798822294920683,4.511634811758995,2.1330942288041115
19658,7867,Robert Skov,Hoffenheim,D F M S,31,2620,4,5.243510892614722,7,7.450082700699568,62,55,4,0,4,5.243510892614722,11.26699709519744,4.361551932990551
19659,7867,Robert Skov,Hoffenheim,M S,6,234,0,0.4350112862884998,0,0.1473152888938784,8,4,0,0,0,0.4350112862884998,0.5874358713626862,0.1678971163928508
