,id,player_name,team_title,position,games,time,goals,xG,assists,xA,shots,key_passes,yellow_cards,red_cards,npg,npxG,xGChain,xGBuildup
19604,2119,Rober Correa,Eibar,D S,12,935,0,0.1566195785999298,0,0.3883212655782699,5,5,3,0,0,0.1566195785999298,0.938250033184886,0.4226403068751097
19605,2119,Rober Correa,Espanyol,D S,7,473,0,0.0,0,0.0,0,0,2,1,0,0.0,0.2479690089821815,0.2479690089821815
19606,2119,Rober Correa,Eibar,D S,15,1147,0,0.1770995557308197,2,1.6077242977917194,6,11,3,0,0,0.1770995557308197,2.653911297209561,1.1954632848501203
