,id,player_name,team_title,position,games,time,goals,xG,assists,xA,shots,key_passes,yellow_cards,red_cards,npg,npxG,xGChain,xGBuildup
19633,747,Robert Huth,Leicester,D,33,2932,2,2.030397217720747,2,1.554764736443758,26,6,9,0,2,2.030397217720747,3.8034503869712353,2.953204821795225
19634,747,Robert Huth,"Leicester,Stoke",D S,15,1186,1,1.1736516328528523,0,0.0,16,0,2,0,1,1.1736516328528523,0.9506206326186656,0.8520787507295609
19635,747,Robert Huth,Leicester,D,35,3150,3,3.4519019406288862,0,0.6899090074002743,28,2,8,0,3,3.4519019406288862,4.601796388626099,3.964780082926154
