,id,player_name,team_title,position,games,time,goals,xG,assists,xA,shots,key_passes,yellow_cards,red_cards,npg,npxG,xGChain,xGBuildup
19774,6273,Robin Koch,Freiburg,D M S,32,2708,1,4.19945605751127,0,1.287269297987223,35,12,3,0,1,4.19945605751127,5.810007283464074,3.903151219710708
19775,6273,Robin Koch,Freiburg,D M S,26,1916,2,0.8200306575745344,1,0.8962863022461534,13,6,3,0,2,0.8200306575745344,2.1994006261229515,2.105529833585024
19776,6273,Robin Koch,Freiburg,D M S,24,1898,1,1.08551171887666,0,0.4032458160072565,11,5,3,0,1,1.08551171887666,2.909556718543172,2.7143287379294634
19777,6273,Robin Koch,Leeds,D M S,17,1124,0,0.5145197957754135,0,0.1258082035928964,9,4,1,0,0,0.5145197957754135,4.6775881461799145,4.5231566950678825
19778,6273,Robin Koch,Leeds,M,1,90,0,0.0,0,0.0,0,0,0,0,0,0.0,0.2814135551452636,0.2814135551452636
