,id,player_name,team_title,position,games,time,goals,xG,assists,xA,shots,key_passes,yellow_cards,red_cards,npg,npxG,xGChain,xGBuildup
19779,7276,Robin Le Normand,Real Sociedad,D S,4,283,0,0.0681137666106224,1,0.7805836796760559,2,2,1,0,0,0.0681137666106224,0.6131800562143326,0.5961017273366451
19780,7276,Robin Le Normand,Real Sociedad,D S,33,2752,0,1.5821491107344627,1,0.6017296053469181,18,4,5,1,0,1.5821491107344627,6.284522701054812,6.237102281302214
19781,7276,Robin Le Normand,Real Sociedad,D,17,1530,0,0.7709763310849667,0,0.101333774626255,6,1,3,0,0,0.7709763310849667,2.50178954936564,2.50178954936564
19782,7276,Robin Le Normand,Real Sociedad,D S,31,2382,1,1.377653343603015,0,0.2201620154082775,13,5,6,0,1,1.377653343603015,5.342786507681012,5.251214737072587
