,id,player_name,team_title,position,games,time,goals,xG,assists,xA,shots,key_passes,yellow_cards,red_cards,npg,npxG,xGChain,xGBuildup
19868,8015,Rodrygo,Real Madrid,F M S,22,972,1,1.889400789514184,6,3.211044136434793,25,19,0,0,1,1.889400789514184,7.326452877372503,4.125225322321057
19869,8015,Rodrygo,Real Madrid,F S,15,496,0,0.9730475395917892,1,0.6834533363580704,9,5,3,0,0,0.9730475395917892,2.939806679263711,1.5269433837383986
19870,8015,Rodrygo,Real Madrid,F S,19,1027,2,3.1015818640589714,0,1.341927707195282,16,14,0,0,2,3.1015818640589714,6.609294023364782,4.278631761670113
