,id,player_name,team_title,position,games,time,goals,xG,assists,xA,shots,key_passes,yellow_cards,red_cards,npg,npxG,xGChain,xGBuildup
19858,1145,Rodrigo de Paul,Udinese,F M,36,3197,9,9.15363920852542,9,8.785433394368738,88,99,7,0,6,4.585926081985235,15.011438574641945,7.237865571863949
19859,1145,Rodrigo de Paul,Udinese,M,36,3206,9,6.263157410547137,9,11.695024912245572,82,81,3,2,6,3.979260929860175,18.21116973087192,9.883927524089811
19860,1145,Rodrigo de Paul,Atletico Madrid,M S,15,861,0,0.3435613103210926,1,1.6942883944138885,9,17,2,0,0,0.3435613103210926,4.033063990995288,3.5028491225093603
19861,1145,Rodrigo de Paul,Valencia,F M S,9,523,0,0.7224585227668285,0,1.048664029687643,10,16,3,0,0,0.7224585227668285,2.4577808678150177,0.9502922296524048
19862,1145,Rodrigo de Paul,Udinese,M S,34,2831,7,5.401641614735127,6,9.779398161917925,85,77,5,1,7,5.401641614735127,18.013211397454143,7.944959788583219
19863,1145,Rodrigo de Paul,Udinese,F M S,37,2310,4,6.220617637038231,7,7.982278377749026,53,65,4,0,0,3.175462283194065,12.347090756520627,5.890801205299795
19864,1145,Rodrigo de Paul,Valencia,F M S,25,711,1,1.6855946648865938,4,3.1780335707589984,23,17,3,1,1,1.6855946648865938,6.132797442376614,2.5259353145957
19865,1145,Rodrigo de Paul,Udinese,F M S,34,2381,4,3.5986782209947705,2,4.973190255463123,43,46,7,1,4,3.5986782209947705,10.68689564988017,4.111022018827498
