,id,player_name,team_title,position,games,time,goals,xG,assists,xA,shots,key_passes,yellow_cards,red_cards,npg,npxG,xGChain,xGBuildup
19856,7165,Rodrigo Tarín,Leganes,D S,14,953,0,0.1390917524695396,0,0.0,2,0,1,0,0,0.1390917524695396,0.959792971611023,0.959792971611023
19857,7165,Rodrigo Tarín,Leganes,D S,18,1426,0,0.217133030295372,0,0.0294440072029829,4,1,3,0,0,0.217133030295372,1.1722287135198712,1.1427847044542432
