,id,player_name,team_title,position,games,time,goals,xG,assists,xA,shots,key_passes,yellow_cards,red_cards,npg,npxG,xGChain,xGBuildup
19812,2496,Rodri,Villarreal,M S,37,3230,1,1.3473291089758277,3,1.698247591033578,32,23,8,0,1,1.3473291089758277,17.093294259160757,15.51605979166925
19813,2496,Rodri,Manchester City,M,14,1260,2,0.4629321917891502,0,0.4393392857164144,15,10,3,0,2,0.4629321917891502,11.89503002166748,11.51796442270279
19814,2496,Rodri,Manchester City,M S,34,2751,2,2.6599033242091537,2,2.3353825602680445,32,33,6,0,1,1.8987344661727548,20.85731951147318,18.965820886194702
19815,2496,Rodri,Villarreal,M S,23,825,0,0.1984622767195105,1,0.5319173336029053,8,2,1,0,0,0.1984622767195105,6.0270910151302814,5.492097467184067
19816,2496,Rodri,Manchester City,D M S,35,2488,3,0.7440791316330433,2,2.9102930314838886,24,33,8,0,3,0.7440791316330433,22.69725015386939,21.217174431309104
19817,2496,Rodri,Atletico Madrid,M S,34,2750,3,2.8055384308099747,1,1.4767019730061293,27,17,5,0,3,2.8055384308099747,11.48037722799927,10.115192200057209
19818,2496,Rodri,Villarreal,M S,3,96,0,0.1412872225046157,0,0.0756361410021781,2,1,1,0,0,0.1412872225046157,0.657049298286438,0.6230753064155579
