,id,player_name,team_title,position,games,time,goals,xG,assists,xA,shots,key_passes,yellow_cards,red_cards,npg,npxG,xGChain,xGBuildup
19881,8316,Roger Assalé,Leganes,F M S,14,488,2,1.3377065919339657,1,1.07443942502141,11,6,1,0,2,1.3377065919339657,3.4637901186943054,1.1987906955182552
19882,8316,Roger Assalé,Dijon,F M S,17,836,1,0.9483003467321396,0,0.1858994737267494,10,3,0,1,1,0.9483003467321396,2.022309832274914,1.0552664007991552
