,id,player_name,team_title,position,games,time,goals,xG,assists,xA,shots,key_passes,yellow_cards,red_cards,npg,npxG,xGChain,xGBuildup
19908,3821,Rolando Mandragora,Udinese,D M S,35,2922,3,1.4533164026215672,2,1.8968933625146749,46,28,8,1,3,1.4533164026215672,6.006677068769932,4.432467946782708
19909,3821,Rolando Mandragora,"Torino,Udinese",M S,27,1917,3,3.445586168207228,1,0.5977569790557027,35,19,3,1,3,3.445586168207228,7.988405993208289,4.565368033014238
19910,3821,Rolando Mandragora,Juventus,S,1,4,0,0.0181685239076614,0,0.0,1,0,0,0,0,0.0181685239076614,0.0181685239076614,0.0
19911,3821,Rolando Mandragora,Torino,M S,8,460,0,0.3480322081595659,1,0.4301574919372797,9,9,3,0,0,0.3480322081595659,2.009788990020752,1.5112431272864342
19912,3821,Rolando Mandragora,Udinese,M S,26,2059,0,3.421776119619608,2,3.92487181071192,55,34,2,0,0,3.421776119619608,9.123109768144786,4.526072270236909
19913,3821,Rolando Mandragora,Genoa,M S,5,127,0,0.0,0,0.088973768055439,0,1,0,0,0,0.0,0.088973768055439,0.0
19914,3821,Rolando Mandragora,Crotone,M,36,3240,2,1.560558382421732,0,1.3921170202083886,34,23,8,0,2,1.560558382421732,6.306302920915186,4.823311123996973
