,id,player_name,team_title,position,games,time,goals,xG,assists,xA,shots,key_passes,yellow_cards,red_cards,npg,npxG,xGChain,xGBuildup
19889,2835,Roland Gigolaev,Amkar,D F M S,20,1366,3,1.200829648412764,2,1.3323828168213367,19,20,3,0,3,1.200829648412764,3.289572950452566,2.0212657004594803
19890,2835,Roland Gigolaev,Amkar,D M S,8,521,0,0.2381401462480425,0,0.1355550214648246,7,2,3,0,0,0.2381401462480425,0.3402935918420553,0.1233548698946833
19891,2835,Roland Gigolaev,FK Akhmat,D,8,660,0,0.0511361928656697,0,0.1832349896430969,3,5,2,0,0,0.0511361928656697,1.201424177736044,1.0052681863307953
19892,2835,Roland Gigolaev,"Amkar,FK Akhmat",D S,4,246,0,0.0151813616976141,0,0.0739474818110466,1,2,1,0,0,0.0151813616976141,0.1157741211354732,0.0665422976016998
19893,2835,Roland Gigolaev,Anzhi Makhachkala,D M,25,2040,0,0.2466728282161057,0,0.7118346793577075,13,12,2,2,0,0.2466728282161057,1.6313776588067412,1.0658758850768209
