,id,player_name,team_title,position,games,time,goals,xG,assists,xA,shots,key_passes,yellow_cards,red_cards,npg,npxG,xGChain,xGBuildup
20020,346,Roman Neust채dter,Schalke 04,D S,30,2395,0,0.7135776560753584,1,0.1395719395950436,11,4,4,0,0,0.7135776560753584,6.693166759330779,6.676220741588622
20021,346,Roman Neust채dter,Dinamo Moscow,M S,20,1679,0,0.7960187941789627,1,1.2882104571908712,8,16,4,0,0,0.7960187941789627,5.750832613557577,4.392010878771544
20022,346,Roman Neust채dter,Schalke 04,D M S,29,2423,2,0.624049948528409,0,0.4414490666240453,14,9,6,0,2,0.624049948528409,5.736844847910106,5.34577280189842
20023,346,Roman Neust채dter,Dinamo Moscow,D M S,16,997,1,0.5137248691171408,0,0.2093602903187275,6,3,4,0,1,0.5137248691171408,2.1856594029814005,1.9234483744949105
