,id,player_name,team_title,position,games,time,goals,xG,assists,xA,shots,key_passes,yellow_cards,red_cards,npg,npxG,xGChain,xGBuildup
20031,2704,Roman Shishkin,Lokomotiv Moscow,D M S,23,1916,0,0.1643547210842371,1,0.6572890225797892,6,11,5,0,0,0.1643547210842371,3.674676281400025,3.3620430724695325
20032,2704,Roman Shishkin,FC Krasnodar,D M S,20,1311,0,0.1560536613687873,2,1.4065552670508623,8,10,3,0,0,0.1560536613687873,3.639986996538937,3.242282251827419
20033,2704,Roman Shishkin,Lokomotiv Moscow,D M,19,1710,0,0.3947373367846012,3,2.051160027273,10,21,2,0,0,0.3947373367846012,4.551499705761671,3.272015182301402
20034,2704,Roman Shishkin,"FC Krasnodar,Krylya Sovetov Samara",D M S,15,1144,0,0.1406812146306038,0,0.1833160426467657,7,5,3,0,0,0.1406812146306038,1.72095781378448,1.5959441717714071
20035,2704,Roman Shishkin,"FC Krasnodar,Lokomotiv Moscow",D M S,17,1285,0,0.1125276917591691,0,0.4888747800141573,4,11,1,0,0,0.1125276917591691,2.983911693096161,2.51893662661314
