,id,player_name,team_title,position,games,time,goals,xG,assists,xA,shots,key_passes,yellow_cards,red_cards,npg,npxG,xGChain,xGBuildup
19953,4732,Romain Métanire,Reims,D S,5,310,0,0.3003526628017425,0,0.0102582313120365,1,1,1,1,0,0.3003526628017425,0.7792027536779642,0.4788500946015119
19954,4732,Romain Métanire,Metz,D M S,34,2987,0,0.8842153437435627,0,1.513387399725616,9,24,6,0,0,0.8842153437435627,7.231878150254488,5.377626061439514
