,id,player_name,team_title,position,games,time,goals,xG,assists,xA,shots,key_passes,yellow_cards,red_cards,npg,npxG,xGChain,xGBuildup
19945,3561,Romain Hamouma,Saint-Etienne,F M S,14,650,0,1.351837519556284,0,0.4575480706989765,16,8,2,0,0,1.351837519556284,2.512836169451475,0.8789604026824236
19946,3561,Romain Hamouma,Saint-Etienne,F M S,26,1984,3,2.330369558185339,8,7.300439640879631,25,40,5,0,3,2.330369558185339,9.339061033912005,2.278948988765478
19947,3561,Romain Hamouma,Saint-Etienne,F M S,29,1768,6,5.314614589326084,1,2.833839395083487,33,33,5,0,6,5.314614589326084,7.933226944878697,1.925537538714707
19948,3561,Romain Hamouma,Saint-Etienne,F M S,14,870,6,3.4330848213285208,1,1.787958374246955,20,17,1,1,6,3.4330848213285208,4.389653544872999,1.106361836194992
19949,3561,Romain Hamouma,Saint-Etienne,F M S,24,1599,3,3.489547235891223,3,4.4724325984716415,35,37,4,0,3,3.489547235891223,8.934163505211473,3.015200462192297
19950,3561,Romain Hamouma,Saint-Etienne,F M S,27,1620,4,3.4064739253371954,4,4.352138216141611,34,31,2,1,4,3.4064739253371954,7.757573548704386,1.7278610318899157
19951,3561,Romain Hamouma,Saint-Etienne,F M S,29,1961,7,6.874156328849495,5,5.556457145139575,47,50,2,0,5,5.3539660749956965,10.638891534879804,1.8986863289028408
19952,3561,Romain Hamouma,Saint-Etienne,F M S,29,1857,5,6.994125034660101,4,5.054631205275655,43,35,4,0,5,6.994125034660101,14.814406029880049,5.191796477884054
