,id,player_name,team_title,position,games,time,goals,xG,assists,xA,shots,key_passes,yellow_cards,red_cards,npg,npxG,xGChain,xGBuildup
20069,91,Ron-Robert Zieler,Leicester,GK S,9,752,0,0.0,0,0.0,0,0,0,0,0,0.0,0.571289237588644,0.571289237588644
20070,91,Ron-Robert Zieler,Hannover 96,GK,34,3060,0,0.0,0,0.0362916365265846,0,1,3,0,0,0.0,1.7153695775195956,1.6790779391303658
20071,91,Ron-Robert Zieler,Hannover 96,GK,34,3060,0,0.0,0,0.0,0,0,3,0,0,0.0,2.560626933351159,2.560626933351159
20072,91,Ron-Robert Zieler,VfB Stuttgart,GK,34,3060,0,0.0,0,0.0397932976484298,0,1,3,0,0,0.0,0.7031178511679173,0.6633245535194874
20073,91,Ron-Robert Zieler,FC Cologne,S,1,51,0,0.0,0,0.0,0,0,0,0,0,0.0,0.1721647232770919,0.1721647232770919
20074,91,Ron-Robert Zieler,VfB Stuttgart,GK,34,3060,0,0.0,0,0.0150482356548309,0,1,3,0,0,0.0,2.924751291051507,2.909703055396676
