,id,player_name,team_title,position,games,time,goals,xG,assists,xA,shots,key_passes,yellow_cards,red_cards,npg,npxG,xGChain,xGBuildup
20107,2356,Roque Mesa,Swansea,M S,11,762,0,0.1345085492357611,0,0.1279143868014216,7,5,3,0,0,0.1345085492357611,0.6647790260612965,0.4822511598467827
20108,2356,Roque Mesa,Real Valladolid,M S,25,1777,1,1.5214585773646832,0,0.8255836889147758,26,16,4,1,0,0.778180968016386,5.473798766732216,4.473685346543789
20109,2356,Roque Mesa,Las Palmas,M S,35,3039,1,0.985988998785615,2,2.029444495216012,23,19,14,0,1,0.985988998785615,10.557384833693504,8.857594046741724
20110,2356,Roque Mesa,Las Palmas,M,34,2847,1,1.4041099967435002,2,1.437560391612351,34,16,12,0,1,1.4041099967435002,8.039183837361634,5.542576685547829
20111,2356,Roque Mesa,Leganes,M S,29,2017,1,1.4078227169811726,3,2.120032096281648,27,28,11,0,1,1.4078227169811726,6.647956967353821,3.81035334058106
20112,2356,Roque Mesa,Sevilla,M S,7,339,0,0.0278192684054374,0,0.5832464341074228,1,5,2,0,0,0.0278192684054374,1.7566946800798178,1.2668069154024124
20113,2356,Roque Mesa,Sevilla,M S,31,1742,2,1.388831339776516,2,1.6469635665416718,28,19,9,1,2,1.388831339776516,14.415980711579325,12.720380397513509
