,id,player_name,team_title,position,games,time,goals,xG,assists,xA,shots,key_passes,yellow_cards,red_cards,npg,npxG,xGChain,xGBuildup
20116,592,Ross Barkley,"Aston Villa,Chelsea",M S,26,1574,3,3.6999339712783694,1,4.31900261156261,39,40,0,0,3,3.6999339712783694,9.896902839653194,3.7172514870762825
20117,592,Ross Barkley,Chelsea,M S,21,1100,1,2.8449643328785896,4,2.860243557021022,40,24,0,0,1,2.8449643328785896,10.34183406084776,6.369961686432362
20118,592,Ross Barkley,Chelsea,M S,27,1228,3,3.652172390371561,5,2.515679383650422,40,22,1,0,3,3.652172390371561,10.35679528210312,5.419117795303464
20119,592,Ross Barkley,Everton,M S,38,3102,8,8.793573524802923,8,5.907710941508412,95,56,4,0,6,7.271235790103674,20.87610214017332,11.840944326482711
20120,592,Ross Barkley,Everton,F M S,36,2922,5,6.935660857707262,8,7.259017596021295,89,84,5,0,5,6.935660857707262,16.26195978745818,8.149083036929369
20121,592,Ross Barkley,Chelsea,M,2,134,0,0.6863799393177032,0,0.0756093394011259,2,2,0,0,0,0.6863799393177032,1.043895035982132,0.3280098885297775
20122,592,Ross Barkley,Chelsea,M S,4,121,0,0.7709845006465912,0,0.5422306694090366,6,6,0,0,0,0.7709845006465912,2.632440000772476,1.7272225469350817
20123,592,Ross Barkley,Everton,F M S,29,1967,2,3.76016119774431,2,2.569686012342572,51,33,1,0,2,2.998992360197008,8.09089026413858,4.672089371830225
