,id,player_name,team_title,position,games,time,goals,xG,assists,xA,shots,key_passes,yellow_cards,red_cards,npg,npxG,xGChain,xGBuildup
20260,3030,Ruslan Nakhushev,Mordovya,D,16,1380,0,0.5676386011764407,1,0.4516661576926708,17,9,7,0,0,0.5676386011764407,1.750792060047388,1.4628271525725722
20261,3030,Ruslan Nakhushev,Mordovya,D S,24,1632,0,0.4361023870296776,0,0.0856194868683815,15,3,7,0,0,0.4361023870296776,2.008381134364754,1.7959390319883823
