,id,player_name,team_title,position,games,time,goals,xG,assists,xA,shots,key_passes,yellow_cards,red_cards,npg,npxG,xGChain,xGBuildup
20254,7947,Ruslan Malinovskiy,Atalanta,F M S,36,1896,8,5.490408677607775,12,10.381316617131231,67,80,3,0,7,4.729109887033701,20.15699155628681,9.691358020529153
20255,7947,Ruslan Malinovskiy,Atalanta,F M S,34,1500,8,4.234774030745029,3,4.678753765299916,79,46,5,1,8,3.473475195467472,13.985551446676254,9.395591028034689
20256,7947,Ruslan Malinovskiy,Atalanta,F M S,15,890,4,1.6888677664101124,1,3.0665854439139366,32,26,5,0,4,1.6888677664101124,5.32307081669569,2.0341269448399544
