,id,player_name,team_title,position,games,time,goals,xG,assists,xA,shots,key_passes,yellow_cards,red_cards,npg,npxG,xGChain,xGBuildup
20257,3036,Ruslan Mukhametshin,Mordovya,F M S,28,2228,6,6.580320292618126,3,3.2660276535898447,34,36,7,0,6,5.8260449706576765,9.848072618246078,2.151097333058715
20258,3036,Ruslan Mukhametshin,Mordovya,F S,17,857,2,2.307563543319702,0,0.1429498400539159,8,5,1,0,2,2.307563543319702,2.733510008081794,0.5594442570582032
20259,3036,Ruslan Mukhametshin,Arsenal Tula,F S,10,472,0,0.5770082976669073,0,0.1003638925030827,6,3,0,0,0,0.5770082976669073,1.0191593766212463,0.4039503335952759
