,id,player_name,team_title,position,games,time,goals,xG,assists,xA,shots,key_passes,yellow_cards,red_cards,npg,npxG,xGChain,xGBuildup
20268,3343,Ryad Boudebouz,Saint-Etienne,F M S,13,896,0,0.4104598090052604,1,1.3876146003603935,13,22,1,0,0,0.4104598090052604,1.4857994858175516,0.8868487924337387
20269,3343,Ryad Boudebouz,Montpellier,F M S,38,3256,2,2.836078254505992,11,14.307085757143795,53,119,3,0,2,2.0759831350296736,15.580131502822042,8.804840787313879
20270,3343,Ryad Boudebouz,Saint-Etienne,F M S,24,1606,1,1.842393254861236,4,3.8775568204000592,26,42,0,0,0,1.0822980906814337,4.807761457748711,2.628331903368234
20271,3343,Ryad Boudebouz,SC Bastia,F M S,34,2831,5,5.019435889087617,3,3.0580133935436606,37,50,3,0,1,1.9790553478524089,8.125070994719863,5.476348124444485
20272,3343,Ryad Boudebouz,Montpellier,F M,33,2928,11,5.677816983312368,9,10.12030627578497,60,117,4,0,8,3.397531531751156,11.863990258425474,6.6574824415147305
20273,3343,Ryad Boudebouz,Real Betis,F M S,27,1362,2,0.6656600087881088,3,2.6063167629763484,19,28,2,0,2,0.6656600087881088,6.90967783331871,5.991243721917272
20274,3343,Ryad Boudebouz,Saint-Etienne,F M S,14,642,0,1.933144386857748,1,2.4579476402141154,13,22,2,0,0,0.4132201755419373,3.2521933298558,2.230459958314896
20275,3343,Ryad Boudebouz,"Celta Vigo,Real Betis",F M S,20,1268,1,1.901348777115345,2,3.8728212360292673,21,26,3,1,1,1.901348777115345,10.116448931396008,6.826735890470445
