,id,player_name,team_title,position,games,time,goals,xG,assists,xA,shots,key_passes,yellow_cards,red_cards,npg,npxG,xGChain,xGBuildup
20306,3791,Ryan Mendes,Lille,F M S,7,229,0,0.0873122289776802,0,0.0564751029014587,2,1,0,0,0,0.0873122289776802,0.8176959455013275,0.673908606171608
20307,3791,Ryan Mendes,Lille,S,3,84,0,0.0121531123295426,0,0.0724857300519943,1,1,0,0,0,0.0121531123295426,0.0846388423815369,0.0
20308,3791,Ryan Mendes,Lille,F M S,19,853,2,1.6603200668469071,2,0.9889127174392344,22,11,0,0,2,1.6603200668469071,3.996023752726616,1.8392902258783577
