,id,player_name,team_title,position,games,time,goals,xG,assists,xA,shots,key_passes,yellow_cards,red_cards,npg,npxG,xGChain,xGBuildup
20314,886,Ryan Shawcross,Stoke,D,27,2371,1,2.781676401384175,1,0.2153258249163627,24,2,2,0,1,2.781676401384175,3.688785932958126,2.022095277905464
20315,886,Ryan Shawcross,Stoke,D,32,2831,2,2.2761021964251995,1,1.250530906021595,19,14,7,0,2,2.2761021964251995,3.206403042189777,2.366593267768621
20316,886,Ryan Shawcross,Stoke,D,20,1698,0,0.7236678916960955,0,0.0386926382780075,8,1,2,1,0,0.7236678916960955,1.7998745441436768,1.7998745441436768
20317,886,Ryan Shawcross,Stoke,D,35,3150,1,1.2419526679441333,1,0.2228155322372913,20,5,6,0,1,1.2419526679441333,3.5476523842662573,3.426477352157235
