,id,player_name,team_title,position,games,time,goals,xG,assists,xA,shots,key_passes,yellow_cards,red_cards,npg,npxG,xGChain,xGBuildup
20331,3390,Rémy Cabella,Saint-Etienne,F M,34,3002,8,10.973666824400423,4,5.279940313659608,82,59,4,1,7,10.213571704924108,21.675188463181257,9.708254556171596
20332,3390,Rémy Cabella,Marseille,F M S,34,2574,5,4.6288625141605735,3,4.691429134458304,49,49,9,0,5,4.6288625141605735,11.612152107059956,5.512486153282225
20333,3390,Rémy Cabella,"Marseille,Saint-Etienne",F M S,29,2317,8,8.441137001849711,6,5.485012178309262,60,49,3,0,7,6.160917148925364,15.198274997994304,7.477315437048674
20334,3390,Rémy Cabella,FC Krasnodar,M S,16,1314,4,3.595774469897151,6,4.64851376786828,27,46,3,0,4,2.8414991553872824,10.859590489417316,5.187115555629134
20335,3390,Rémy Cabella,Newcastle United,F M S,31,1960,1,3.0883237160742283,2,2.1119893975555897,43,38,2,0,1,3.0883237160742283,6.813124563544989,2.6292648278176785
20336,3390,Rémy Cabella,FC Krasnodar,F M S,24,1573,8,4.320781169459224,1,2.962011491879821,38,34,2,1,7,3.5665058474987745,11.941628200933335,7.47193724475801
20337,3390,Rémy Cabella,FC Krasnodar,F M S,9,356,2,1.1998596861958504,1,1.92641980201006,8,10,2,0,1,0.4455843791365623,2.519164301455021,0.3026422373950481
20338,3390,Rémy Cabella,Marseille,F M S,29,1569,2,3.3285677060484886,4,3.608341159299016,27,26,4,0,2,3.3285677060484886,9.727974047884343,4.645931192673743
