,id,player_name,team_title,position,games,time,goals,xG,assists,xA,shots,key_passes,yellow_cards,red_cards,npg,npxG,xGChain,xGBuildup
20349,1849,Rômulo,"Brescia,Genoa",M S,23,1749,1,1.7909251851961017,3,1.3911911426112056,17,17,3,0,1,1.7909251851961017,6.933935915119946,4.271007373929024
20350,1849,Rômulo,Verona,S,9,255,0,0.7133156917989254,1,0.2654014267027378,11,5,0,0,0,0.7133156917989254,1.0301141329109669,0.1083698496222496
20351,1849,Rômulo,Verona,D F M S,37,3171,3,4.645750490948558,5,3.719268516637385,28,49,7,0,1,3.123152850195765,8.790680442005396,4.14484906475991
20352,1849,Rômulo,"Genoa,Lazio",D M S,27,2141,1,2.035411972552538,3,3.031920664012432,17,36,1,1,0,1.27415307238698,4.671408442780376,2.423569096252322
20353,1849,Rômulo,Juventus,D M S,4,274,0,0.0656050443649292,0,0.0815908797085285,3,2,0,0,0,0.0656050443649292,0.6466784439980984,0.5408600773662329
