,id,player_name,team_title,position,games,time,goals,xG,assists,xA,shots,key_passes,yellow_cards,red_cards,npg,npxG,xGChain,xGBuildup
20354,8961,Rúben Dias,Manchester City,D,32,2848,1,1.9530213214457035,0,0.105596100911498,14,3,4,0,1,1.9530213214457035,16.681801237165928,16.560106702148914
20355,8961,Rúben Dias,Manchester City,D S,15,1274,1,0.3275775052607059,1,1.134072229266167,6,10,3,0,1,0.3275775052607059,9.583433829247952,8.78808481246233
