,id,player_name,team_title,position,games,time,goals,xG,assists,xA,shots,key_passes,yellow_cards,red_cards,npg,npxG,xGChain,xGBuildup
20429,8691,Saidou Sow,Saint-Etienne,D S,15,996,0,0.4369935691356659,0,0.105628415942192,2,2,0,0,0,0.4369935691356659,0.8620297200977802,0.8620297200977802
20430,8691,Saidou Sow,Saint-Etienne,D S,11,837,2,0.6079206801950932,1,0.8501636479049921,3,3,2,0,2,0.6079206801950932,0.791509548202157,0.7369731348007917
