,id,player_name,team_title,position,games,time,goals,xG,assists,xA,shots,key_passes,yellow_cards,red_cards,npg,npxG,xGChain,xGBuildup
20420,3585,Said Benrahma,"Angers,Nice",F S,21,404,3,0.5235215509310365,0,0.2407350540161132,11,5,0,0,3,0.5235215509310365,1.312762311659753,0.5921532958745956
20421,3585,Said Benrahma,Nice,M,3,204,1,0.8252744562923908,2,1.2469672001898289,5,4,0,0,1,0.8252744562923908,1.5005382746458054,0.0
20422,3585,Said Benrahma,West Ham,M S,30,1381,1,2.455937602557242,6,5.114555899985135,35,27,0,0,1,2.455937602557242,10.364179045893252,3.7795806247740975
20423,3585,Said Benrahma,West Ham,F M S,16,1218,3,2.6419599130749702,3,2.3968213349580765,35,18,0,0,3,2.6419599130749702,7.417434234172106,2.786352388560772
