,id,player_name,team_title,position,games,time,goals,xG,assists,xA,shots,key_passes,yellow_cards,red_cards,npg,npxG,xGChain,xGBuildup
20449,5294,Salih Özcan,FC Cologne,M S,23,1676,0,0.7244064044207335,1,1.7184879891574385,15,18,5,0,0,0.7244064044207335,5.094797264784575,3.686438968405128
20450,5294,Salih Özcan,FC Cologne,M S,13,813,2,0.8963579460978508,0,0.9026435390114784,10,9,2,0,2,0.8963579460978508,3.728481613099575,2.460146296769381
20451,5294,Salih Özcan,FC Cologne,M S,28,1358,0,0.4437570413574576,1,1.2244419790804386,11,12,3,0,0,0.4437570413574576,3.4056339263916016,2.0210617519915104
20452,5294,Salih Özcan,FC Cologne,M S,13,359,0,0.1903244704008102,2,1.3559584021568298,4,3,0,1,0,0.1903244704008102,2.3507647961378098,0.8044819161295891
