,id,player_name,team_title,position,games,time,goals,xG,assists,xA,shots,key_passes,yellow_cards,red_cards,npg,npxG,xGChain,xGBuildup
20440,96,Salif Sané,Schalke 04,D M S,15,1123,2,0.7684321887791157,1,0.918484628200531,9,2,4,0,2,0.7684321887791157,2.4753842875361443,1.921080740168691
20441,96,Salif Sané,Schalke 04,D S,30,2612,2,0.9438875326886772,0,0.2146069156005978,19,6,4,0,2,0.9438875326886772,5.123078468255699,4.99471718352288
20442,96,Salif Sané,Hannover 96,D,32,2880,4,1.6740614734590054,1,0.7881131069734693,28,9,6,0,4,1.6740614734590054,5.1407333090901375,4.95300617069006
20443,96,Salif Sané,Hannover 96,D M S,18,1437,2,0.7950182384811342,0,0.4139521364122629,21,8,8,0,2,0.7950182384811342,2.95630703587085,2.631258575245738
20444,96,Salif Sané,Hannover 96,D M S,31,2753,2,1.4614977454766631,0,0.1645440515130758,37,8,8,0,2,1.4614977454766631,6.6655283169820905,6.195673790760338
20445,96,Salif Sané,Schalke 04,D S,14,1063,0,0.2876714952290058,0,0.9368171617388724,7,5,5,0,0,0.2876714952290058,2.168708812445402,1.5044751353561878
