,id,player_name,team_title,position,games,time,goals,xG,assists,xA,shots,key_passes,yellow_cards,red_cards,npg,npxG,xGChain,xGBuildup
20463,813,Salomón Rondón,Zenit St. Petersburg,S,1,8,0,0.0,0,0.0,0,0,0,0,0,0.0,0.0,0.0
20464,813,Salomón Rondón,Everton,F S,11,640,1,1.8329410823062064,0,0.4016567524522543,14,6,2,0,1,1.8329410823062064,2.6332255750894547,0.4386192876845598
20465,813,Salomón Rondón,West Bromwich Albion,F S,34,2581,9,9.896931395865977,2,1.9187825126573443,71,28,1,1,9,9.896931395865977,9.41314269322902,2.5629016431048512
20466,813,Salomón Rondón,West Bromwich Albion,F S,36,2781,7,6.871560767292976,3,2.6148639917373657,78,23,4,0,7,6.871560767292976,10.665166744962336,3.4010699428617954
20467,813,Salomón Rondón,Newcastle United,F S,32,2616,11,10.635379770770667,7,3.4131878558546305,89,32,1,0,11,10.635379770770667,15.463675782084463,4.21826634183526
20468,813,Salomón Rondón,Zenit St. Petersburg,F S,26,1523,13,10.609944485127926,2,2.2026373762637377,58,17,5,0,13,10.609944485127926,13.83963963855058,2.546386295929551
20469,813,Salomón Rondón,CSKA Moscow,F S,10,754,4,6.038814008235931,2,1.0273790210485458,28,8,0,0,2,4.53026476688683,6.2030896730721,0.8613635879009962
20470,813,Salomón Rondón,West Bromwich Albion,F S,38,2902,8,9.357964286580682,2,2.852167099714279,93,26,2,0,8,9.357964286580682,13.401623196899893,2.5777680734172463
