,id,player_name,team_title,position,games,time,goals,xG,assists,xA,shots,key_passes,yellow_cards,red_cards,npg,npxG,xGChain,xGBuildup
20500,8735,Salvi Sánchez,Cadiz,M S,14,982,1,1.7761272005736828,1,1.1321981400251389,15,8,0,0,1,1.0328495763242245,1.7792450040578842,0.1007477305829525
20501,8735,Salvi Sánchez,Cadiz,M S,28,1980,2,1.940427660010755,0,1.4382081553339958,17,18,5,0,2,1.940427660010755,4.166219254955649,1.7495736628770828
