,id,player_name,team_title,position,games,time,goals,xG,assists,xA,shots,key_passes,yellow_cards,red_cards,npg,npxG,xGChain,xGBuildup
20472,2121,Salva Sevilla,Espanyol,F M S,26,1453,0,2.3929066583514214,3,2.947188723832369,14,25,5,0,0,2.3929066583514214,5.170857454650104,2.198549802415073
20473,2121,Salva Sevilla,Espanyol,M S,6,268,0,0.019745422527194,0,0.0218957103788852,1,1,1,0,0,0.019745422527194,0.2842868100851774,0.2645413875579834
20474,2121,Salva Sevilla,Espanyol,M S,15,523,1,1.3230821304023266,0,1.113782349973917,7,13,3,0,1,1.3230821304023266,2.256032146513462,1.0607672855257988
20475,2121,Salva Sevilla,Mallorca,M S,9,511,1,1.0887416936457155,2,1.1331471763551235,9,9,0,0,0,0.3454640619456768,1.3323895633220673,1.033015220426023
20476,2121,Salva Sevilla,Mallorca,M S,35,2598,5,3.855840556323528,3,4.594570162706077,34,59,8,1,3,1.6260076463222504,7.422159375622867,5.831176755949855
