,id,player_name,team_title,position,games,time,goals,xG,assists,xA,shots,key_passes,yellow_cards,red_cards,npg,npxG,xGChain,xGBuildup
20522,1661,Sam Vokes,Burnley,F S,20,918,3,2.730117624625564,0,0.8985759355127811,22,8,0,0,3,2.730117624625564,1.6246700435876846,0.2980601489543915
20523,1661,Sam Vokes,Burnley,F S,29,953,4,3.006058517843485,1,1.1516352770850062,30,9,3,0,4,3.006058517843485,2.201550272293389,0.0762544088065624
20524,1661,Sam Vokes,Burnley,F S,15,557,0,1.4532246254384518,0,0.1524582710117101,17,5,0,0,0,1.4532246254384518,1.5718892477452755,0.5125540979206562
20525,1661,Sam Vokes,Burnley,F S,37,2030,10,8.347451165318489,3,1.529019863344729,57,15,0,0,8,6.825113475322723,7.930251639336348,1.6939680464565754
