,id,player_name,team_title,position,games,time,goals,xG,assists,xA,shots,key_passes,yellow_cards,red_cards,npg,npxG,xGChain,xGBuildup
20518,1733,Sam McQueen,Southampton,D S,13,599,0,0.0281805712729692,0,0.5292292833328247,1,2,0,0,0,0.0281805712729692,1.4076798222959042,1.3440465908497572
20519,1733,Sam McQueen,Southampton,D S,7,136,0,0.0268737245351076,0,0.1188499014824628,1,3,0,0,0,0.0268737245351076,0.2600270640105009,0.1304399874061346
