,id,player_name,team_title,position,games,time,goals,xG,assists,xA,shots,key_passes,yellow_cards,red_cards,npg,npxG,xGChain,xGBuildup
20529,5941,Samba Sow,Dinamo Moscow,M S,23,1839,0,0.7247659247368574,2,2.0482889227569103,14,18,8,0,0,0.7247659247368574,5.768991676159203,3.46338960621506
20530,5941,Samba Sow,Dinamo Moscow,S,1,9,0,0.0,0,0.0,0,0,0,0,0,0.0,0.0,0.0
20531,5941,Samba Sow,Dinamo Moscow,M S,17,1216,0,0.2242114171385765,1,0.314958649687469,7,8,8,0,0,0.2242114171385765,2.2888412922620773,1.8156004212796688
