,id,player_name,team_title,position,games,time,goals,xG,assists,xA,shots,key_passes,yellow_cards,red_cards,npg,npxG,xGChain,xGBuildup
20557,1505,Samir Handanovic,Inter,GK,37,3330,0,0.0,0,0.0,0,0,2,0,0,0.0,4.66923906095326,4.66923906095326
20558,1505,Samir Handanovic,Inter,GK,17,1530,0,0.0,0,0.0,0,0,1,0,0,0.0,3.824820894747973,3.824820894747973
20559,1505,Samir Handanovic,Inter,GK,38,3420,0,0.0,0,0.0,0,0,0,0,0,0.0,4.585602520033717,4.585602520033717
20560,1505,Samir Handanovic,Inter,GK,38,3420,0,0.0,0,0.0,0,0,0,0,0,0.0,4.684540206566453,4.684540206566453
20561,1505,Samir Handanovic,Inter,GK,37,3244,0,0.0,0,0.0,0,0,1,0,0,0.0,6.667668133974075,6.667668133974075
20562,1505,Samir Handanovic,Inter,GK,37,3330,0,0.0295604784041643,0,0.0,1,0,4,0,0,0.0295604784041643,5.504866199567914,5.504866199567914
20563,1505,Samir Handanovic,Inter,GK,36,3240,0,0.0,0,0.0,0,0,5,0,0,0.0,3.3571130111813545,3.3571130111813545
20564,1505,Samir Handanovic,Inter,GK,35,3150,0,0.0,0,0.1665812283754348,0,2,2,0,0,0.0,4.895845437422395,4.820582279935479
