,id,player_name,team_title,position,games,time,goals,xG,assists,xA,shots,key_passes,yellow_cards,red_cards,npg,npxG,xGChain,xGBuildup
20618,6018,Samuel Moutoussamy,Nantes,F,1,85,0,0.0506022199988365,0,0.0,2,0,0,0,0,0.0506022199988365,0.0506022199988365,0.0209986586123704
20619,6018,Samuel Moutoussamy,Nantes,M S,16,586,0,0.8661526255309582,0,0.0470967907458543,6,2,2,0,0,0.8661526255309582,1.4926064647734163,0.990996491163969
20620,6018,Samuel Moutoussamy,Nantes,M S,7,435,0,0.2204642528668046,0,0.2442390252836048,5,5,0,0,0,0.2204642528668046,1.6281731948256493,1.1634699329733849
20621,6018,Samuel Moutoussamy,Nantes,F M S,28,1650,2,2.4907095320522785,3,1.5220298059284687,26,20,0,0,2,2.4907095320522785,6.762945467606187,3.012692945078016
20622,6018,Samuel Moutoussamy,Nantes,D M S,17,506,0,0.3445640075951814,0,0.6353181879967451,5,7,0,0,0,0.3445640075951814,1.607361638918519,0.9965223018079996
