,id,player_name,team_title,position,games,time,goals,xG,assists,xA,shots,key_passes,yellow_cards,red_cards,npg,npxG,xGChain,xGBuildup
20576,2303,Samu Castillejo,Villarreal,M S,30,2094,6,4.137090999633074,5,4.681202832609415,56,43,4,0,6,4.137090999633074,14.90710606239736,9.315282864496112
20577,2303,Samu Castillejo,Villarreal,F M S,28,1695,1,1.815269238315523,1,1.1634517889469862,24,22,4,0,1,1.815269238315523,4.494228010997176,2.3017915710806847
20578,2303,Samu Castillejo,AC Milan,M S,28,1154,1,2.657690042629838,0,0.8965476676821709,25,10,5,0,1,2.657690042629838,5.590507708489895,2.6902940962463617
20579,2303,Samu Castillejo,AC Milan,F S,31,989,4,1.811482263728976,2,1.827717835083604,30,19,3,0,4,1.811482263728976,6.759755106642842,3.59643991291523
20580,2303,Samu Castillejo,AC Milan,F M S,22,1220,2,4.448642982169986,3,4.004100213758647,31,43,3,0,2,4.448642982169986,9.088803462684156,2.441902987658977
20581,2303,Samu Castillejo,AC Milan,M S,4,111,0,0.088480532169342,0,0.1841269209980964,1,2,1,0,0,0.088480532169342,0.5269023552536964,0.2542949002236128
20582,2303,Samu Castillejo,Malaga,M S,34,2357,1,2.9612574838101864,5,3.6875418312847614,31,27,5,0,1,2.9612574838101864,9.16610386222601,3.446603137999773
20583,2303,Samu Castillejo,Villarreal,M S,33,2047,2,2.570710698142648,3,4.509910164400935,32,36,2,0,2,2.570710698142648,9.698276545852424,4.974949473515153
