,id,player_name,team_title,position,games,time,goals,xG,assists,xA,shots,key_passes,yellow_cards,red_cards,npg,npxG,xGChain,xGBuildup
20717,2192,Santiago Vergini,Getafe,D S,26,2201,0,0.8190484195947647,0,0.1065033860504627,8,3,7,1,0,0.8190484195947647,2.420936612412333,2.199986334890127
20718,2192,Santiago Vergini,Sunderland,D S,31,2638,0,1.0927719892933965,0,0.1561557529494166,13,5,6,0,0,1.0927719892933965,3.385348066687584,2.7836810406297445
