,id,player_name,team_title,position,games,time,goals,xG,assists,xA,shots,key_passes,yellow_cards,red_cards,npg,npxG,xGChain,xGBuildup
20692,7113,Santiago Arias,Atletico Madrid,D M S,25,1771,1,0.4834986366331577,1,1.3670392781496048,9,14,4,0,1,0.4834986366331577,3.355323592200876,1.807650979608297
20693,7113,Santiago Arias,Bayer Leverkusen,D,1,90,0,0.0,0,0.0766545087099075,0,1,0,0,0,0.0,0.0766545087099075,0.0
20694,7113,Santiago Arias,Atletico Madrid,D S,14,1076,0,0.5251084510236979,1,1.9974199896678329,6,11,1,0,0,0.5251084510236979,4.245557031594217,3.009407407604158
20695,7113,Santiago Arias,Granada,D S,5,236,1,0.6476530861109495,0,0.0545243471860885,2,1,1,0,1,0.6476530861109495,0.6817467417567968,0.6272223796695471
