,id,player_name,team_title,position,games,time,goals,xG,assists,xA,shots,key_passes,yellow_cards,red_cards,npg,npxG,xGChain,xGBuildup
20734,7900,Sargis Adamyan,Hoffenheim,F M S,15,739,5,5.757604792714119,1,0.7083777282387018,21,6,1,0,5,5.757604792714119,5.66900672763586,0.5078851468861103
20735,7900,Sargis Adamyan,Hoffenheim,M S,18,450,2,2.107713911682368,3,2.1937889344990253,23,11,2,0,2,2.107713911682368,5.8887411169707775,1.6728637609630823
20736,7900,Sargis Adamyan,Hoffenheim,F M S,11,306,1,0.628622742369771,0,0.6774330995976925,3,4,0,0,1,0.628622742369771,2.0609340369701385,1.2331276163458824
