,id,player_name,team_title,position,games,time,goals,xG,assists,xA,shots,key_passes,yellow_cards,red_cards,npg,npxG,xGChain,xGBuildup
20740,1537,Sasa Lukic,Torino,M S,17,1399,1,1.806166073307395,2,1.9237029319629075,16,20,3,0,1,1.806166073307395,8.237025506794453,5.153041938319802
20741,1537,Sasa Lukic,Torino,M S,14,769,0,0.3364839600399136,0,0.4481218066066503,7,10,6,0,0,0.3364839600399136,1.2955083288252354,0.8308562152087688
20742,1537,Sasa Lukic,Torino,M S,24,971,2,1.5455367928370831,0,0.8319098176434636,9,12,7,0,2,1.5455367928370831,3.577216923236847,1.842551285400987
20743,1537,Sasa Lukic,Torino,M S,32,2116,3,1.948836291208864,0,1.2659294111654162,19,23,4,0,3,1.948836291208864,5.519555593840778,3.236969123594463
20744,1537,Sasa Lukic,Levante,M S,16,996,0,0.020443407818675,1,1.11721493024379,2,8,4,0,0,0.020443407818675,4.983835734426975,3.8637065440416336
20745,1537,Sasa Lukic,Torino,M S,30,1843,1,1.2716417107731104,0,0.4907581461593508,17,13,5,1,1,1.2716417107731104,5.052525683306158,3.531465904787183
