,id,player_name,team_title,position,games,time,goals,xG,assists,xA,shots,key_passes,yellow_cards,red_cards,npg,npxG,xGChain,xGBuildup
20748,398,Sascha Mölders,Augsburg,F S,12,343,1,0.5657903365790844,0,0.1369856502860784,11,4,1,0,1,0.5657903365790844,0.9644087441265584,0.2616327572613954
20749,398,Sascha Mölders,Augsburg,S,4,23,0,0.1388212293386459,0,0.0,2,0,0,0,0,0.1388212293386459,0.1388212293386459,0.0
