,id,player_name,team_title,position,games,time,goals,xG,assists,xA,shots,key_passes,yellow_cards,red_cards,npg,npxG,xGChain,xGBuildup
20802,585,Seamus Coleman,Everton,D,13,1170,0,0.1941307131201028,0,0.4619614705443382,4,6,2,0,0,0.1941307131201028,3.1014013439416885,2.722552537918091
20803,585,Seamus Coleman,Everton,D S,27,1847,0,0.8494164831936359,1,1.518801460042596,8,9,3,1,0,0.8494164831936359,6.014101095497608,4.155801462940872
20804,585,Seamus Coleman,Everton,D M,12,1038,0,1.361783616244793,1,0.7792866192758083,5,7,0,0,0,1.361783616244793,3.160395175218582,2.08037742972374
20805,585,Seamus Coleman,Everton,D M S,28,2392,1,2.323580978438258,3,1.4407275542616844,27,18,4,0,1,2.323580978438258,8.981179378926754,7.003576394170523
20806,585,Seamus Coleman,Everton,D M S,35,3062,3,2.0100420601665974,2,2.727002407424152,19,34,5,0,3,2.0100420601665974,8.555337810888886,5.938952649012208
20807,585,Seamus Coleman,Everton,D M,26,2317,4,1.3783674584701655,3,2.760131038725376,18,17,3,0,4,1.3783674584701655,10.482685551047323,8.167643882334232
20808,585,Seamus Coleman,Everton,D,29,2564,2,1.358369088731706,2,3.801614096388221,15,22,1,0,2,1.358369088731706,9.907463127747178,7.690771801397204
20809,585,Seamus Coleman,Everton,D M S,25,1612,0,0.8948433343321085,3,1.507626404054463,12,19,0,0,0,0.8948433343321085,5.504014186561108,4.07946090772748
