,id,player_name,team_title,position,games,time,goals,xG,assists,xA,shots,key_passes,yellow_cards,red_cards,npg,npxG,xGChain,xGBuildup
20836,4346,Sebastian Kerk,Nuernberg,D F M S,21,1184,0,1.01301009953022,1,2.546032380312681,18,24,0,0,0,1.01301009953022,2.328565115109086,1.0721304956823587
20837,4346,Sebastian Kerk,Freiburg,M S,9,269,1,0.4226493053138256,0,0.5967757180333138,6,5,1,0,1,0.4226493053138256,1.0194084085524082,0.5978188943117857
