,id,player_name,team_title,position,games,time,goals,xG,assists,xA,shots,key_passes,yellow_cards,red_cards,npg,npxG,xGChain,xGBuildup
20902,1436,Sebastián Cristóforo,Sevilla,M S,21,1456,0,0.1089405249804258,1,0.1495824176818132,3,6,5,0,0,0.1089405249804258,5.888072954490781,5.682660847902298
20903,1436,Sebastián Cristóforo,Getafe,M S,15,431,0,0.0347931198775768,2,0.4591602934524417,1,7,3,0,0,0.0347931198775768,0.903751860372722,0.5578248165547848
20904,1436,Sebastián Cristóforo,Fiorentina,M S,19,678,0,0.250176727771759,2,0.5983445839956403,6,16,1,0,0,0.250176727771759,1.6301779299974442,0.9312262600287796
20905,1436,Sebastián Cristóforo,Fiorentina,M S,7,263,0,0.0700447857379913,0,0.5440809577703476,2,2,1,0,0,0.0700447857379913,1.0360658392310145,0.4714238345623016
20906,1436,Sebastián Cristóforo,Eibar,M S,18,872,0,0.2720587700605392,0,0.4100024178624153,7,9,1,0,0,0.2720587700605392,0.83006726577878,0.4156098235398531
20907,1436,Sebastián Cristóforo,Fiorentina,M,1,90,0,0.0,0,0.1956882178783416,0,3,0,0,0,0.0,0.1884960383176803,0.1884960383176803
