,id,player_name,team_title,position,games,time,goals,xG,assists,xA,shots,key_passes,yellow_cards,red_cards,npg,npxG,xGChain,xGBuildup
20825,8801,Sebastian Griesbeck,"Greuther Fuerth,Union Berlin",D M S,13,917,0,0.2766389502212405,0,0.0548152439296245,4,1,3,0,0,0.2766389502212405,0.70143480040133,0.5580983478575945
20826,8801,Sebastian Griesbeck,Union Berlin,M S,24,864,0,0.4123527482151985,0,0.0,4,0,3,0,0,0.4123527482151985,1.0921337036415937,0.6797809479758143
