,id,player_name,team_title,position,games,time,goals,xG,assists,xA,shots,key_passes,yellow_cards,red_cards,npg,npxG,xGChain,xGBuildup
20838,21,Sebastian Langkamp,Hertha Berlin,D,22,1878,0,0.4265562556684017,1,0.222960134036839,2,3,8,0,0,0.4265562556684017,3.829489968717098,3.829489968717098
20839,21,Sebastian Langkamp,Hertha Berlin,D S,27,2308,0,0.3992435559630394,0,0.6409442033618689,7,3,5,0,0,0.3992435559630394,3.1595320999622345,3.141826767474413
20840,21,Sebastian Langkamp,Hertha Berlin,D S,16,1354,1,0.3572139255702495,0,0.0,5,0,3,1,1,0.3572139255702495,1.1085090842097998,1.1085090842097998
20841,21,Sebastian Langkamp,Werder Bremen,D S,21,1406,0,1.0780321089550853,0,0.688440591096878,10,5,4,0,0,1.0780321089550853,3.622165346518159,3.5838959105312824
20842,21,Sebastian Langkamp,Werder Bremen,D S,5,310,0,0.214392103254795,0,0.0,4,0,3,0,0,0.214392103254795,0.489150638692081,0.489150638692081
20843,21,Sebastian Langkamp,"Hertha Berlin,Werder Bremen",D S,21,1362,0,1.111479762941599,0,0.109593067318201,7,2,4,0,0,1.111479762941599,2.238129870966077,1.658694880083203
