,id,player_name,team_title,position,games,time,goals,xG,assists,xA,shots,key_passes,yellow_cards,red_cards,npg,npxG,xGChain,xGBuildup
20879,8030,Sebastian Walukiewicz,Cagliari,D S,19,1619,0,0.2326634339988231,1,0.7121649384498596,3,1,1,0,0,0.2326634339988231,2.0102968402206898,2.0102968402206898
20880,8030,Sebastian Walukiewicz,Cagliari,D S,5,284,0,0.5875319838523865,0,0.0189170781522989,1,1,1,0,0,0.5875319838523865,0.056631258688867,0.056631258688867
20881,8030,Sebastian Walukiewicz,Cagliari,D S,14,1172,0,0.0181780662387609,0,0.0579884136095643,1,3,1,0,0,0.0181780662387609,0.9751345505937934,0.9430385529994963
