,id,player_name,team_title,position,games,time,goals,xG,assists,xA,shots,key_passes,yellow_cards,red_cards,npg,npxG,xGChain,xGBuildup
20857,228,Sebastian Rode,Eintracht Frankfurt,S,5,101,1,0.390719685703516,0,0.0574461668729782,2,2,0,0,1,0.390719685703516,0.9031909182667732,0.4550250694155693
20858,228,Sebastian Rode,Borussia Dortmund,M S,14,572,1,0.8529390711337328,0,0.5680187903344631,5,8,0,0,1,0.8529390711337328,3.443551128730178,2.8653822038322687
20859,228,Sebastian Rode,Eintracht Frankfurt,M S,29,1970,3,0.9580101016908884,3,1.590735437348485,13,23,6,0,3,0.9580101016908884,7.127662995364517,5.727526122238487
20860,228,Sebastian Rode,Eintracht Frankfurt,M,12,945,0,0.5367702320218086,0,1.325422365218401,4,18,4,0,0,0.5367702320218086,2.342357199639082,1.5303259007632732
20861,228,Sebastian Rode,Bayern Munich,M S,15,397,1,1.3440111707895994,1,0.1762912981212139,7,3,1,0,1,1.3440111707895994,2.841822814196348,1.4481304921209812
20862,228,Sebastian Rode,Eintracht Frankfurt,M S,27,1634,1,0.0740685993805527,0,1.384777022525668,3,19,10,0,1,0.0740685993805527,6.772759906947613,5.902802109718323
20863,228,Sebastian Rode,Bayern Munich,D M S,22,951,2,1.0762819945812223,5,3.7373434640467167,13,24,2,0,2,1.0762819945812223,9.462079297751188,7.126473922282457
