,id,player_name,team_title,position,games,time,goals,xG,assists,xA,shots,key_passes,yellow_cards,red_cards,npg,npxG,xGChain,xGBuildup
20815,7791,Sebastiaan Bornauw,Wolfsburg,D S,10,606,0,0.4683862775564194,0,0.0838834717869758,6,1,2,0,0,0.4683862775564194,0.7460438972339034,0.3772332808002829
20816,7791,Sebastiaan Bornauw,FC Cologne,D S,24,2078,1,1.410760909318924,1,0.022635493427515,18,1,3,0,1,1.410760909318924,2.626871971413493,2.1989091243594885
20817,7791,Sebastiaan Bornauw,FC Cologne,D,28,2450,6,3.2004014886915684,0,0.544653095304966,18,6,5,1,6,3.2004014886915684,4.570567051880062,4.221158082596958
