,id,player_name,team_title,position,games,time,goals,xG,assists,xA,shots,key_passes,yellow_cards,red_cards,npg,npxG,xGChain,xGBuildup
20930,5380,Sekou Conde,Amkar,D S,20,1644,0,0.267839927226305,0,0.1246902197599411,3,1,5,0,0,0.267839927226305,2.153608636930585,1.9062741082161665
20931,5380,Sekou Conde,Amkar,D,16,1440,0,0.7298751510679722,0,0.0359850488603115,4,1,4,0,0,0.7298751510679722,0.6997203659266233,0.6637353170663118
