,id,player_name,team_title,position,games,time,goals,xG,assists,xA,shots,key_passes,yellow_cards,red_cards,npg,npxG,xGChain,xGBuildup
20954,2650,Serdar Tasci,Spartak Moscow,D S,18,1442,0,0.3484155796468258,0,0.0451441295444965,6,2,0,0,0,0.3484155796468258,3.2424859665334225,3.197341836988926
20955,2650,Serdar Tasci,Bayern Munich,D,3,222,0,0.0535439923405647,0,0.0,1,0,1,0,0,0.0535439923405647,0.2914307881146669,0.2914307881146669
20956,2650,Serdar Tasci,Spartak Moscow,D M,14,1082,0,0.2948481477797031,0,0.1197714172303676,5,2,1,0,0,0.2948481477797031,2.581193007528782,2.546220935881138
20957,2650,Serdar Tasci,Spartak Moscow,D S,22,1781,1,1.3334675468504429,1,0.3663500240072608,5,3,8,0,1,1.3334675468504429,3.050737179815769,3.006390699185431
20958,2650,Serdar Tasci,Spartak Moscow,D,16,1429,1,1.6303757764399052,0,0.5375318257138133,6,6,4,0,1,1.6303757764399052,3.08021763060242,2.9311929512768984
