,id,player_name,team_title,position,games,time,goals,xG,assists,xA,shots,key_passes,yellow_cards,red_cards,npg,npxG,xGChain,xGBuildup
21098,2135,Sergi Enrich,Eibar,F M S,38,2420,9,8.305101761594415,6,4.866399645805359,44,31,4,0,9,8.305101761594415,13.573911748826504,3.698496136814356
21099,2135,Sergi Enrich,Eibar,F S,19,1334,3,2.6242070589214563,1,1.5713594183325768,32,16,2,0,3,2.6242070589214563,4.808858178555965,1.1159187778830528
21100,2135,Sergi Enrich,Eibar,F S,30,1873,1,3.0365816419944167,4,2.2829120736569166,28,11,6,0,1,3.0365816419944167,4.6391177121549845,0.9439065651968122
21101,2135,Sergi Enrich,Eibar,F S,38,2826,11,8.227557562291622,7,4.600274278782308,64,36,5,0,11,8.227557562291622,13.362418089061975,3.4894666764885187
21102,2135,Sergi Enrich,Eibar,F S,35,2596,7,11.471798448823392,4,2.452523239888251,67,28,4,0,7,11.471798448823392,15.442344807088377,3.991399483755231
21103,2135,Sergi Enrich,Eibar,F S,27,1388,3,7.194984890520573,0,0.8290907265618443,45,16,1,0,3,6.451707281172276,9.142759907059371,3.76265175268054
