,id,player_name,team_title,position,games,time,goals,xG,assists,xA,shots,key_passes,yellow_cards,red_cards,npg,npxG,xGChain,xGBuildup
21001,3168,Sergei Makarov,FC Rotor Volgograd,D M,26,2256,0,0.2812547478824854,2,0.9221567027270794,8,12,9,0,0,0.2812547478824854,2.3794883638620377,1.8663505548611283
21002,3168,Sergei Makarov,SKA-Khabarovsk,D M,3,260,0,0.0,0,0.0,0,0,0,0,0,0.0,0.1987605392932891,0.1987605392932891
