,id,player_name,team_title,position,games,time,goals,xG,assists,xA,shots,key_passes,yellow_cards,red_cards,npg,npxG,xGChain,xGBuildup
21249,4077,Sergio S치nchez,Rubin Kazan,D S,20,1732,0,0.3239400591701269,0,0.0939626116305589,5,3,8,0,0,0.3239400591701269,2.298142373561859,2.083155795931816
21250,4077,Sergio S치nchez,Malaga,D S,21,1708,0,0.3758726213127374,0,0.4967535389587283,5,4,7,0,0,0.3758726213127374,1.8259882209822536,1.3142378255724907
21251,4077,Sergio S치nchez,Rubin Kazan,D,1,51,0,0.0,0,0.0,0,0,0,0,0,0.0,0.0146349500864744,0.0146349500864744
21252,4077,Sergio S치nchez,Espanyol,D S,2,101,0,0.0591030791401863,0,0.0,1,0,1,0,0,0.0591030791401863,0.4201511889696121,0.4201511889696121
