,id,player_name,team_title,position,games,time,goals,xG,assists,xA,shots,key_passes,yellow_cards,red_cards,npg,npxG,xGChain,xGBuildup
21155,2095,Sergio Busquets,Barcelona,M S,33,2493,1,0.7489580260589719,2,1.5559152904897928,7,17,7,0,1,0.7489580260589719,22.831651773303747,22.195015653967857
21156,2095,Sergio Busquets,Barcelona,M S,31,2604,1,0.7376670893281698,4,1.7641695272177458,5,24,8,0,1,0.7376670893281698,22.40265880897641,21.1885924115777
21157,2095,Sergio Busquets,Barcelona,M,16,1413,1,0.1499430350959301,0,0.5242414642125368,4,13,4,0,1,0.1499430350959301,7.888909004628658,7.510621786117554
21158,2095,Sergio Busquets,Barcelona,M S,35,2726,0,0.2723755477927625,1,1.620666354894638,8,15,10,0,0,0.2723755477927625,20.59283123537898,19.162223618477583
21159,2095,Sergio Busquets,Barcelona,M,33,2696,0,0.1360525172203779,3,0.6265254830941558,4,14,9,0,0,0.1360525172203779,20.818529594689608,20.24828283116221
21160,2095,Sergio Busquets,Barcelona,M S,33,2510,2,1.43750124797225,2,3.1640883926302195,10,22,10,0,2,1.43750124797225,22.74610253609717,20.191059049218893
21161,2095,Sergio Busquets,Barcelona,M S,36,2557,0,0.4975561872124672,5,3.6546784546226254,3,30,9,0,0,0.4975561872124672,22.458064317703247,19.78614052385092
21162,2095,Sergio Busquets,Barcelona,M S,35,2914,0,0.2142805512994527,4,3.509569525718689,6,19,6,0,0,0.2142805512994527,24.988797653466463,23.068859595805407
