,id,player_name,team_title,position,games,time,goals,xG,assists,xA,shots,key_passes,yellow_cards,red_cards,npg,npxG,xGChain,xGBuildup
21180,2064,Sergio Escudero,Sevilla,D S,27,2330,0,1.1754308054223657,2,0.9792448729276656,19,14,10,0,0,1.1754308054223657,8.41041985154152,7.127844041213393
21181,2064,Sergio Escudero,Sevilla,D M S,15,1170,1,0.7417073417454958,1,1.6676851864904163,12,14,2,0,1,0.7417073417454958,3.8577299546450377,2.260076258331537
21182,2064,Sergio Escudero,Granada,D M S,11,382,0,0.5060972645878792,1,0.9462747052311896,4,4,1,0,0,0.5060972645878792,1.3897620402276516,1.2164849452674389
21183,2064,Sergio Escudero,Sevilla,D M S,26,2283,0,1.5402776850387454,3,2.93201070278883,33,23,7,0,0,1.5402776850387454,11.057308878749607,8.030574399977922
21184,2064,Sergio Escudero,Getafe,D M S,30,2212,2,1.5662779635749755,2,1.4671832341700792,39,15,7,1,2,1.5662779635749755,5.357814255636185,2.886618977412581
21185,2064,Sergio Escudero,Sevilla,D S,11,771,1,0.3359011057764292,0,0.6461948063224554,8,6,2,0,1,0.3359011057764292,3.898719036951661,3.199218863621354
21186,2064,Sergio Escudero,Sevilla,D S,9,571,1,0.2115021981298923,0,0.2464118469506502,6,6,3,0,1,0.2115021981298923,1.3958037998527288,1.1688643097877502
21187,2064,Sergio Escudero,Sevilla,D M S,21,1553,0,1.3301729513332248,1,1.3156026042997837,27,12,6,1,0,1.3301729513332248,5.580904126167297,4.1303429352119565
