,id,player_name,team_title,position,games,time,goals,xG,assists,xA,shots,key_passes,yellow_cards,red_cards,npg,npxG,xGChain,xGBuildup
21035,3133,Sergey Bozhin,Krylya Sovetov Samara,D S,3,182,0,0.0797959761694073,0,0.0,2,0,1,0,0,0.0797959761694073,0.3831690177321434,0.3693981096148491
21036,3133,Sergey Bozhin,Krylya Sovetov Samara,D S,14,934,0,0.2505722604691982,0,0.0293795149773359,5,2,4,0,0,0.2505722604691982,1.9052387326955795,1.8644046038389208
