,id,player_name,team_title,position,games,time,goals,xG,assists,xA,shots,key_passes,yellow_cards,red_cards,npg,npxG,xGChain,xGBuildup
21269,776,Seydou Doumbia,Roma,F S,13,539,2,0.8845066111534834,0,0.1147700734436512,8,4,0,0,2,0.8845066111534834,1.1745004151016474,0.2633210979402065
21270,776,Seydou Doumbia,Newcastle United,S,3,25,0,0.0687409713864326,0,0.0,1,0,0,0,0,0.0687409713864326,0.1341237872838974,0.0653828233480453
21271,776,Seydou Doumbia,CSKA Moscow,F S,13,769,7,7.658323541283607,1,1.7118515148758888,26,11,2,0,5,6.149772956967354,9.357677632942796,1.5988241750746963
21272,776,Seydou Doumbia,CSKA Moscow,F S,13,983,5,3.768952611833811,5,3.472650055773556,13,24,0,0,4,3.014680806547404,7.275666035711765,1.448452981188893
21273,776,Seydou Doumbia,Girona,F S,17,525,2,2.9240260757505894,0,0.0,15,0,2,0,2,2.9240260757505894,3.303069967776537,0.4429981112480163
