,id,player_name,team_title,position,games,time,goals,xG,assists,xA,shots,key_passes,yellow_cards,red_cards,npg,npxG,xGChain,xGBuildup
21284,2950,Shamil Gasanov,FC Yenisey Krasnoyarsk,D,3,224,0,0.0,0,0.0,0,0,1,1,0,0.0,0.8808472454547882,0.8808472454547882
21285,2950,Shamil Gasanov,Anzhi Makhachkala,M S,11,405,0,0.1497048046439886,0,0.2101030573248863,3,5,1,0,0,0.1497048046439886,1.1845586448907852,0.9820657707750796
21286,2950,Shamil Gasanov,Anzhi Makhachkala,D M S,19,1535,0,0.2935715867206454,0,0.5166444703936577,10,10,3,0,0,0.2935715867206454,2.4789891308173537,2.149885145947337
