,id,player_name,team_title,position,games,time,goals,xG,assists,xA,shots,key_passes,yellow_cards,red_cards,npg,npxG,xGChain,xGBuildup
21292,839,Shane Long,Southampton,F S,32,1231,3,5.245459584519267,1,1.5687828520312903,41,14,2,0,3,4.484290750697255,7.210739334113896,1.5648728795349598
21293,839,Shane Long,Southampton,F S,11,184,0,0.0642247665673494,0,0.0,2,0,0,0,0,0.0642247665673494,0.08692492172122,0.0660683307796716
21294,839,Shane Long,Southampton,F M S,26,1262,5,5.4374797735363245,1,1.6013006325811148,30,13,3,0,5,5.4374797735363245,6.827495466917753,1.3454699460417032
21295,839,Shane Long,Southampton,F S,30,1566,2,3.991607194766402,1,1.3119913674890995,32,20,6,0,2,3.991607194766402,6.259098265320063,1.7624927712604403
21296,839,Shane Long,Southampton,F M S,28,2114,10,10.61738402955234,4,2.712640970014036,64,33,2,0,10,10.61738402955234,13.091040017083287,3.420834032818675
21297,839,Shane Long,Southampton,F M S,32,1522,5,4.035826779901981,5,2.735771756619215,37,21,2,0,5,4.035826779901981,9.551560491323473,3.2859599888324738
21298,839,Shane Long,Southampton,F S,26,1403,2,4.5295923594385386,2,2.581097550690174,33,20,0,0,2,4.5295923594385386,5.496159460395575,0.8397864047437906
21299,839,Shane Long,Southampton,S,1,15,0,0.1268120408058166,0,0.0,1,0,0,0,0,0.1268120408058166,0.1616820991039276,0.0348700545728206
