,id,player_name,team_title,position,games,time,goals,xG,assists,xA,shots,key_passes,yellow_cards,red_cards,npg,npxG,xGChain,xGBuildup
21350,2690,Sidney Sam,Schalke 04,F M S,11,525,0,0.2414103224873542,1,1.6044971160590649,9,11,1,0,0,0.2414103224873542,2.437430807389319,1.7688510762527585
21351,2690,Sidney Sam,Schalke 04,S,2,15,0,0.3018153011798858,0,0.0,3,0,0,0,0,0.3018153011798858,0.2776731848716736,0.0
21352,2690,Sidney Sam,Darmstadt,M S,13,884,2,2.816040739417076,1,0.9235377050936222,13,6,1,0,0,1.300487406551838,3.227314667776227,1.08783352188766
