,id,player_name,team_title,position,games,time,goals,xG,assists,xA,shots,key_passes,yellow_cards,red_cards,npg,npxG,xGChain,xGBuildup
21353,7852,Sidy Sarr,Nimes,M S,9,471,0,0.2337886244058609,0,0.4649260900914669,9,3,1,0,0,0.2337886244058609,2.0774051137268543,1.584666771814227
21354,7852,Sidy Sarr,Nimes,M S,22,1125,0,1.2347433269023895,2,1.7840149365365503,21,11,6,0,0,1.2347433269023895,3.501140009611845,1.921793868765235
