,id,player_name,team_title,position,games,time,goals,xG,assists,xA,shots,key_passes,yellow_cards,red_cards,npg,npxG,xGChain,xGBuildup
21361,1139,Silvan Widmer,Udinese,D M S,27,1899,0,2.268103066831827,2,2.2156025413423777,23,17,4,0,0,2.268103066831827,5.709237833507359,2.819146499969065
21362,1139,Silvan Widmer,Udinese,D S,24,1622,3,1.5508302748203278,2,2.994309472851455,11,16,2,0,3,1.5508302748203278,5.21591698564589,2.698520011268556
21363,1139,Silvan Widmer,Udinese,D M,28,2492,0,0.2312166439369321,4,1.668214512988925,5,19,2,0,0,0.2312166439369321,5.003539917990565,3.637516243383288
21364,1139,Silvan Widmer,Mainz 05,D M,15,1344,1,0.9537898143753408,2,1.3678096663206816,7,10,0,0,1,0.9537898143753408,4.204998038709164,2.4530187621712685
21365,1139,Silvan Widmer,Udinese,D M S,36,3004,2,1.4486489333212376,4,4.154398546554148,24,34,5,0,2,1.4486489333212376,8.806115129962564,4.957222515717149
