,id,player_name,team_title,position,games,time,goals,xG,assists,xA,shots,key_passes,yellow_cards,red_cards,npg,npxG,xGChain,xGBuildup
21389,5673,Simon Falette,Eintracht Frankfurt,D,1,90,0,0.0,0,0.019485181197524,0,1,0,0,0,0.0,0.3659169375896454,0.3464317619800567
21390,5673,Simon Falette,Metz,D,35,3089,3,1.872708391398192,1,0.445827760733664,23,9,7,0,3,1.872708391398192,2.268018293194473,1.99305029399693
21391,5673,Simon Falette,Eintracht Frankfurt,D,7,603,0,0.0590394092723727,0,0.0,3,0,0,0,0,0.0590394092723727,1.4849119633436203,1.4486319981515408
21392,5673,Simon Falette,Metz,D,1,90,0,0.0,0,0.0,0,0,0,0,0,0.0,0.020742880180478,0.020742880180478
21393,5673,Simon Falette,Eintracht Frankfurt,D S,27,2208,1,1.658868344500661,0,0.5975363161414862,15,8,10,1,1,1.658868344500661,3.715019987896085,3.4265059549361467
