,id,player_name,team_title,position,games,time,goals,xG,assists,xA,shots,key_passes,yellow_cards,red_cards,npg,npxG,xGChain,xGBuildup
21455,1171,Simone Pepe,Pescara,F M S,12,378,0,1.5613318234682083,0,0.4246113151311874,16,8,0,0,0,1.5613318234682083,2.882778506260365,1.4981073290109634
21456,1171,Simone Pepe,Juventus,F S,12,214,1,0.9671990498900414,1,0.3132628444582224,3,7,0,1,0,0.2059002146124839,0.8464801777154207,0.4401294607669115
21457,1171,Simone Pepe,Chievo,F M S,22,775,3,0.8507469687610865,3,2.629371722228825,20,20,2,1,3,0.8507469687610865,3.8283543344587088,1.5704563222825527
