,id,player_name,team_title,position,games,time,goals,xG,assists,xA,shots,key_passes,yellow_cards,red_cards,npg,npxG,xGChain,xGBuildup
21437,6989,Simone Iacoponi,Parma Calcio 1913,D S,16,1191,0,0.1124632712453603,0,0.0,3,0,3,1,0,0.1124632712453603,1.770348286256194,1.770348286256194
21438,6989,Simone Iacoponi,Parma Calcio 1913,D,38,3355,0,0.7895377222448587,0,0.6701288539916277,9,11,4,0,0,0.7895377222448587,5.681443471461535,5.153245866298676
21439,6989,Simone Iacoponi,Parma Calcio 1913,D S,36,3051,2,1.160003412514925,0,0.0654880963265895,9,2,7,0,2,1.160003412514925,4.798671694472432,4.103533579036593
