,id,player_name,team_title,position,games,time,goals,xG,assists,xA,shots,key_passes,yellow_cards,red_cards,npg,npxG,xGChain,xGBuildup
21432,2010,Simone Edera,Torino,F M S,14,299,1,0.3584373835474252,1,0.2072464786469936,8,3,0,0,1,0.3584373835474252,0.8216796182096004,0.2781441584229469
21433,2010,Simone Edera,Torino,F M S,13,385,1,1.307000083848834,1,0.8723617335781455,15,6,2,1,1,1.307000083848834,2.094645829871297,0.7079750765115023
21434,2010,Simone Edera,Torino,S,2,4,0,0.0,0,0.0,0,0,0,0,0,0.0,0.0,0.0
21435,2010,Simone Edera,Torino,S,2,49,0,0.1340262182056903,0,0.2509779036045074,3,3,0,0,0,0.1340262182056903,0.0204284414649009,0.0
21436,2010,Simone Edera,"Bologna,Torino",F M S,7,273,0,0.6774876210838556,0,0.2775229215621948,9,4,1,0,0,0.6774876210838556,0.9783100746572018,0.2633415106683969
