,id,player_name,team_title,position,games,time,goals,xG,assists,xA,shots,key_passes,yellow_cards,red_cards,npg,npxG,xGChain,xGBuildup
21387,8669,Simon Banza,Lens,F S,4,117,1,1.0720713641494513,1,0.4638235550373792,6,2,0,0,1,1.0720713641494513,1.5358949210494757,0.0
21388,8669,Simon Banza,Lens,F S,34,1341,5,5.899622159078717,2,2.109827369451523,35,12,4,1,4,5.139592664316297,7.9665227476507425,3.142239067703485
