,id,player_name,team_title,position,games,time,goals,xG,assists,xA,shots,key_passes,yellow_cards,red_cards,npg,npxG,xGChain,xGBuildup
21493,8703,Sinaly Diomande,Lyon,D M S,27,1108,0,0.8370096255093813,0,0.1461840588599443,16,4,3,0,0,0.8370096255093813,6.41957264393568,6.056684173643589
21494,8703,Sinaly Diomande,Lyon,D S,10,571,0,0.3232547976076603,0,0.0220079440623521,3,1,2,0,0,0.3232547976076603,1.8361802734434605,1.8141723312437528
