,id,player_name,team_title,position,games,time,goals,xG,assists,xA,shots,key_passes,yellow_cards,red_cards,npg,npxG,xGChain,xGBuildup
21508,3478,Sloan Privat,Guingamp,F S,27,1245,7,6.528251874260604,1,1.518238453194499,38,14,3,0,7,5.768156695179641,6.096274744719267,1.1019712015986445
21509,3478,Sloan Privat,Guingamp,F M S,20,901,3,4.534174149855971,1,1.403869941830635,28,6,1,0,3,4.534174149855971,3.355297302827239,0.1588810877874493
21510,3478,Sloan Privat,Guingamp,S,1,1,0,0.0,0,0.0,0,0,0,0,0,0.0,0.0,0.0
21511,3478,Sloan Privat,Caen,F S,20,980,6,5.915667792782188,1,0.9310684502124786,40,9,1,0,6,5.915667792782188,4.586871176958084,0.8935758210718632
