,id,player_name,team_title,position,games,time,goals,xG,assists,xA,shots,key_passes,yellow_cards,red_cards,npg,npxG,xGChain,xGBuildup
21519,2907,Sly,Dinamo Moscow,F M S,17,623,1,3.260972484946251,0,1.1014727763831615,23,5,1,0,1,3.260972484946251,3.7496104035526514,0.2090683653950691
21520,2907,Sly,FC Ufa,D F M S,27,2271,9,7.136179809924215,2,3.309893795289099,59,34,6,0,9,6.381905978079885,10.016644085757434,3.040332967415452
21521,2907,Sly,FC Ufa,F M S,24,2005,3,4.641491481103003,1,1.5907132076099515,50,25,4,0,2,3.132940814830363,4.985867228358984,1.8864656696096065
21522,2907,Sly,"Dinamo Moscow,FC Ufa",F M S,26,1997,4,4.443045344203711,2,2.56443951651454,59,29,6,0,4,4.443045344203711,8.125254850834608,2.650254148989916
21523,2907,Sly,FC Ufa,F M S,26,2190,7,5.819138218648732,4,4.337343682534993,52,25,6,0,7,5.819138218648732,12.586168289650232,4.020063226576895
21524,2907,Sly,Dinamo Moscow,S,10,83,0,0.2340970858931541,0,0.3821376035921275,4,2,1,0,0,0.2340970858931541,1.0677244733087718,0.458031244110316
21525,2907,Sly,FC Ufa,F M S,25,2069,4,4.062362807802856,1,1.0424056528136134,46,19,4,1,2,2.553815080784261,4.350426341407001,1.688357898965478
