,id,player_name,team_title,position,games,time,goals,xG,assists,xA,shots,key_passes,yellow_cards,red_cards,npg,npxG,xGChain,xGBuildup
21551,7927,Sofyan Amrabat,Fiorentina,M S,31,2458,0,0.4102079225704074,0,0.57578937523067,10,13,7,0,0,0.4102079225704074,7.496984682977199,6.776737845502794
21552,7927,Sofyan Amrabat,Fiorentina,M S,10,177,0,0.0,0,0.0627863965928554,0,2,3,0,0,0.0,0.3373760413378477,0.2745896428823471
21553,7927,Sofyan Amrabat,Verona,M S,34,2940,1,2.1420948915183544,1,2.2731085140258074,19,29,10,2,0,1.380796056240797,9.348437941633165,6.553111378103495
