,id,player_name,team_title,position,games,time,goals,xG,assists,xA,shots,key_passes,yellow_cards,red_cards,npg,npxG,xGChain,xGBuildup
21562,6049,Solly March,Brighton,D F M S,19,1132,0,1.466960359364748,1,1.1065799426287413,20,13,2,0,0,1.466960359364748,4.3761317525058985,2.265023034065962
21563,6049,Solly March,Brighton,D M S,21,1684,2,1.7836019955575466,1,1.67881984077394,22,27,0,0,2,1.7836019955575466,8.322110306471586,5.68054904974997
21564,6049,Solly March,Brighton,D M S,13,662,0,0.7532909251749516,1,1.1972270365804434,10,11,1,0,0,0.7532909251749516,4.061530988663435,2.6468691769987345
21565,6049,Solly March,Brighton,F M S,35,2480,1,2.198865436948836,5,5.207968847826123,43,41,1,0,1,2.198865436948836,7.274382197298109,2.9142616568133235
21566,6049,Solly March,Brighton,F M S,36,1817,1,1.2554555647075176,1,1.7325431928038597,28,19,3,0,1,1.2554555647075176,3.1889023911207914,1.2104113176465034
