,id,player_name,team_title,position,games,time,goals,xG,assists,xA,shots,key_passes,yellow_cards,red_cards,npg,npxG,xGChain,xGBuildup
21568,7678,Soltmurad Bakaev,Rubin Kazan,F M S,28,1279,2,0.9739187955856324,5,1.935924492776394,17,28,5,0,2,0.9739187955856324,4.644845052622259,2.704675319604576
21569,7678,Soltmurad Bakaev,"Rubin Kazan,Spartak Moscow",M S,12,336,1,0.9139209371060132,0,0.3292195536196232,6,8,2,0,1,0.9139209371060132,2.14183646440506,1.077843902632594
21570,7678,Soltmurad Bakaev,Rubin Kazan,F M S,17,829,2,1.1956528443843126,2,1.040856869891286,18,13,3,0,2,1.1956528443843126,3.255314745008945,1.623055424541235
