,id,player_name,team_title,position,games,time,goals,xG,assists,xA,shots,key_passes,yellow_cards,red_cards,npg,npxG,xGChain,xGBuildup
21587,2649,Sonny Kittel,Ingolstadt,F M S,20,782,2,2.3800769560039043,1,1.7283989265561104,22,10,2,0,2,2.3800769560039043,5.528372842818499,2.4825025610625744
21588,2649,Sonny Kittel,Eintracht Frankfurt,F M S,18,656,0,1.3332056365907192,1,0.8963527753949165,23,10,3,0,0,1.3332056365907192,1.7735689245164394,0.5707421721890569
21589,2649,Sonny Kittel,Eintracht Frankfurt,M S,8,271,0,0.6046484401449561,0,0.0999177172780036,7,1,0,0,0,0.6046484401449561,0.75218968372792,0.0849647410213947
