,id,player_name,team_title,position,games,time,goals,xG,assists,xA,shots,key_passes,yellow_cards,red_cards,npg,npxG,xGChain,xGBuildup
21598,4614,Soslan Takasov,FC Tambov,D S,7,585,0,0.6544073596596718,0,0.0657396875321865,3,2,0,0,0,0.6544073596596718,1.081830557435751,0.649191103875637
21599,4614,Soslan Takasov,Amkar,D S,10,829,1,0.3527661487460136,0,0.0281689362600445,10,2,0,0,1,0.3527661487460136,0.7658683713525534,0.6174997426569462
21600,4614,Soslan Takasov,FC Tambov,D S,18,1350,1,1.0791456094011664,0,0.0966177303344011,17,3,6,0,1,1.0791456094011664,1.8608812959864736,1.5393377728760242
