,id,player_name,team_title,position,games,time,goals,xG,assists,xA,shots,key_passes,yellow_cards,red_cards,npg,npxG,xGChain,xGBuildup
21601,3739,Soualiho Meité,Lille,S,3,44,0,0.1218772828578949,0,0.0,1,0,0,0,0,0.1218772828578949,0.0,0.0
21602,3739,Soualiho Meité,Lille,M S,8,120,0,0.0563090061768889,0,0.0068140588700771,3,1,0,0,0,0.0563090061768889,0.1014079255983233,0.0648407787084579
21603,3739,Soualiho Meité,"Bordeaux,Monaco",M S,20,1429,1,1.3308665491640568,2,1.2955845892429352,11,16,0,0,1,1.3308665491640568,5.010726263746619,2.9894716357812285
21604,3739,Soualiho Meité,Torino,M S,33,2182,0,1.0621471852064133,2,1.4627841375768185,23,22,5,0,0,1.0621471852064133,5.720164803788066,4.041879130527377
21605,3739,Soualiho Meité,Torino,M S,35,2666,2,1.0295748254284265,4,2.0499842390418053,30,33,7,1,2,1.0295748254284265,7.618532786145806,5.195951359346509
21606,3739,Soualiho Meité,"AC Milan,Torino",M S,30,1492,1,0.853772234171629,1,0.8431707359850407,15,13,2,0,1,0.853772234171629,7.5241876393556595,6.331331001594663
