,id,player_name,team_title,position,games,time,goals,xG,assists,xA,shots,key_passes,yellow_cards,red_cards,npg,npxG,xGChain,xGBuildup
21630,2916,Stanislav Kritsyuk,FC Krasnodar,GK,4,360,0,0.0,0,0.0,0,0,0,0,0,0.0,0.0860441997647285,0.0860441997647285
21631,2916,Stanislav Kritsyuk,FC Krasnodar,GK,12,1015,0,0.0176980104297399,0,0.0,1,0,0,0,0,0.0176980104297399,0.3755828319117427,0.3755828319117427
21632,2916,Stanislav Kritsyuk,FC Krasnodar,GK,20,1732,0,0.0,0,0.0200626049190759,0,1,0,0,0,0.0,1.0243654707446694,1.004302871413529
21633,2916,Stanislav Kritsyuk,FC Krasnodar,GK,12,1080,0,0.0,0,0.0445495247840881,0,1,0,0,0,0.0,0.4588269582018256,0.4142774334177375
21634,2916,Stanislav Kritsyuk,Zenit St. Petersburg,GK,7,630,0,0.0,0,0.0,0,0,0,0,0,0.0,0.9275502562522888,0.9275502562522888
21635,2916,Stanislav Kritsyuk,FC Krasnodar,GK,1,90,0,0.0,0,0.0,0,0,0,0,0,0.0,0.1550432294607162,0.1550432294607162
