,id,player_name,team_title,position,games,time,goals,xG,assists,xA,shots,key_passes,yellow_cards,red_cards,npg,npxG,xGChain,xGBuildup
21767,1328,Stefano Sorrentino,Chievo,GK,31,2790,0,0.0,0,0.0218373518437147,0,1,2,0,0,0.0,3.010709728114307,2.988872376270592
21768,1328,Stefano Sorrentino,Palermo,GK,35,3097,0,0.0,0,0.0342331863939762,0,1,1,0,0,0.0,0.8525504227727652,0.8183172345161438
21769,1328,Stefano Sorrentino,Chievo,GK,34,3060,0,0.0,0,0.0,0,0,1,0,0,0.0,3.1474720668047667,3.1474720668047667
21770,1328,Stefano Sorrentino,Chievo,GK,38,3420,0,0.0,0,0.0,0,0,2,0,0,0.0,1.347374703269452,1.347374703269452
21771,1328,Stefano Sorrentino,Palermo,GK,35,3150,0,0.0,0,0.0,0,0,1,0,0,0.0,1.3214323772117496,1.3214323772117496
