,id,player_name,team_title,position,games,time,goals,xG,assists,xA,shots,key_passes,yellow_cards,red_cards,npg,npxG,xGChain,xGBuildup
21743,7932,Stefano Denswil,Bologna,D S,26,2243,1,1.1923681180924175,1,0.4351209849119186,11,9,5,1,1,1.1923681180924175,5.303195373155177,5.0956124709919095
21744,7932,Stefano Denswil,Bologna,D S,5,107,0,0.0,0,0.0,0,0,0,0,0,0.0,0.3803215427324176,0.3803215427324176
