,id,player_name,team_title,position,games,time,goals,xG,assists,xA,shots,key_passes,yellow_cards,red_cards,npg,npxG,xGChain,xGBuildup
21663,6008,Stef Peeters,Caen,M S,7,415,0,0.1786521468311548,0,0.5199056081473827,5,3,0,0,0,0.1786521468311548,0.4859596192836761,0.3780692405998707
21664,6008,Stef Peeters,Caen,M S,20,1099,0,2.411849409341812,2,2.6569018410518765,17,29,4,0,0,1.6517542600631714,2.703417789191008,0.3955081859603524
