,id,player_name,team_title,position,games,time,goals,xG,assists,xA,shots,key_passes,yellow_cards,red_cards,npg,npxG,xGChain,xGBuildup
21665,288,Stefan Aigner,Eintracht Frankfurt,F M S,31,2403,3,3.521432153880596,3,1.608710034750402,42,25,7,0,3,3.521432153880596,8.270762680098414,4.292056567966938
21666,288,Stefan Aigner,Eintracht Frankfurt,M S,28,2094,9,7.044449065811932,0,1.952588954009116,43,28,8,0,9,7.044449065811932,10.180803447961807,3.5457278955727816
