,id,player_name,team_title,position,games,time,goals,xG,assists,xA,shots,key_passes,yellow_cards,red_cards,npg,npxG,xGChain,xGBuildup
21761,1465,Stefano Sensi,Sassuolo,F M S,28,1979,2,1.849083068780601,4,4.407778619322926,36,51,8,0,2,1.849083068780601,10.761503636837006,7.423397872596979
21762,1465,Stefano Sensi,Sassuolo,M S,16,1207,1,1.420145969837904,0,0.94664940610528,16,12,3,0,1,1.420145969837904,3.577967008575797,1.5622533578425646
21763,1465,Stefano Sensi,Inter,M S,18,580,0,1.3360758554190395,0,0.5460710041224957,18,11,1,1,0,1.3360758554190395,3.8430945444852114,2.874483447521925
21764,1465,Stefano Sensi,Inter,M S,8,148,0,0.4862056821584701,0,0.2071139477193355,2,3,0,0,0,0.4862056821584701,1.1664120852947235,0.4861349333077669
21765,1465,Stefano Sensi,Sassuolo,M S,17,1032,2,1.66307005379349,0,0.7624434535391629,21,22,2,0,2,1.66307005379349,2.5266282823868096,0.7837837934494019
21766,1465,Stefano Sensi,Inter,M S,12,737,3,1.6214773207902908,2,1.5091333836317062,29,14,2,0,3,1.6214773207902908,5.319523585960269,3.5831877756863832
