,id,player_name,team_title,position,games,time,goals,xG,assists,xA,shots,key_passes,yellow_cards,red_cards,npg,npxG,xGChain,xGBuildup
21799,1303,Stephan Lichtsteiner,Augsburg,D S,20,1357,0,0.0283365240320563,1,0.5401977747678757,2,8,3,1,0,0.0283365240320563,2.796890353783965,2.50812622718513
21800,1303,Stephan Lichtsteiner,Juventus,D S,32,2448,3,2.075416406616569,5,3.6611581705510616,21,24,8,1,3,2.075416406616569,10.487205788493156,7.652455508708954
21801,1303,Stephan Lichtsteiner,Arsenal,D S,14,953,0,0.0184108987450599,0,0.0864556413143873,1,3,3,0,0,0.0184108987450599,1.6605763994157314,1.5909198336303234
21802,1303,Stephan Lichtsteiner,Juventus,D S,26,1841,0,1.2069383319467306,1,2.789898559451103,16,18,5,0,0,1.2069383319467306,9.449091849848628,5.823845532722771
21803,1303,Stephan Lichtsteiner,Juventus,D M S,26,1874,1,1.4278506003320215,2,2.525600424036384,6,17,5,0,1,1.4278506003320215,11.406597940251231,9.10291264206171
21804,1303,Stephan Lichtsteiner,Juventus,D S,27,1730,0,0.8210549931973219,2,0.7813880778849125,4,8,6,0,0,0.0597561877220869,5.375354200601578,4.749550834298134
