,id,player_name,team_title,position,games,time,goals,xG,assists,xA,shots,key_passes,yellow_cards,red_cards,npg,npxG,xGChain,xGBuildup
21790,1252,Stephan El Shaarawy,Monaco,F M S,15,679,0,1.8752936962991955,0,1.620302497409284,27,9,1,0,0,1.8752936962991955,5.639477483928204,3.0475002862513065
21791,1252,Stephan El Shaarawy,Roma,F M S,33,2177,7,9.037973623722792,4,3.921549330465496,73,35,1,0,7,9.037973623722792,15.042537201195955,4.64676714502275
21792,1252,Stephan El Shaarawy,Roma,M S,15,615,2,1.0522648636251688,0,2.1943294322118163,23,16,1,0,2,1.0522648636251688,6.337238539010286,3.7832029536366463
21793,1252,Stephan El Shaarawy,AC Milan,F M S,18,1204,3,1.867897825315595,3,1.4042906174436212,25,15,3,0,3,1.867897825315595,4.928377287462354,2.0363431870937347
21794,1252,Stephan El Shaarawy,Roma,F M S,28,2115,11,8.618940285407007,3,5.502360939979553,70,37,2,0,11,8.618940285407007,17.380668761208653,5.880333700217307
21795,1252,Stephan El Shaarawy,Roma,M S,10,564,1,1.4402228649705648,1,1.202181026339531,16,17,1,0,1,1.4402228649705648,4.652149245142937,2.196976277977228
21796,1252,Stephan El Shaarawy,Roma,F M S,16,1214,8,6.186177458614111,2,1.128810577094555,46,12,0,0,8,6.186177458614111,9.401625249534844,3.0354225654155016
21797,1252,Stephan El Shaarawy,Roma,F M S,32,1630,8,6.022106239572167,4,2.217463424429297,65,20,0,0,8,6.022106239572167,12.573319599032402,5.454214623197913
