,id,player_name,team_title,position,games,time,goals,xG,assists,xA,shots,key_passes,yellow_cards,red_cards,npg,npxG,xGChain,xGBuildup
21813,892,Stephen Kingsley,Swansea,D,4,357,0,0.016241867095232,1,0.6693359632045031,1,2,0,0,0,0.016241867095232,0.920279648154974,0.2651874180883169
21814,892,Stephen Kingsley,Swansea,D S,13,1038,0,0.1032451447099447,0,0.144740805029869,4,4,0,0,0,0.1032451447099447,1.1831473521888256,1.0493587646633389
