,id,player_name,team_title,position,games,time,goals,xG,assists,xA,shots,key_passes,yellow_cards,red_cards,npg,npxG,xGChain,xGBuildup
21808,3649,Stephane Sparagna,Marseille,D S,8,228,0,0.1766594797372818,0,0.6115082502365112,2,1,3,0,0,0.1766594797372818,0.7812831103801727,0.7812831103801727
21809,3649,Stephane Sparagna,Marseille,D S,4,70,0,0.0,0,0.0,0,0,0,0,0,0.0,0.3372057378292084,0.3372057378292084
