,id,player_name,team_title,position,games,time,goals,xG,assists,xA,shots,key_passes,yellow_cards,red_cards,npg,npxG,xGChain,xGBuildup
21901,765,Steven Taylor,Newcastle United,D S,10,810,0,0.0839438363909721,0,0.111839473247528,1,2,1,0,0,0.0839438363909721,1.7559312107041478,1.560147893615067
21902,765,Steven Taylor,Newcastle United,D S,10,655,1,0.4236268103122711,0,0.0,5,0,2,1,1,0.4236268103122711,0.80787075124681,0.706619007512927
