,id,player_name,team_title,position,games,time,goals,xG,assists,xA,shots,key_passes,yellow_cards,red_cards,npg,npxG,xGChain,xGBuildup
21880,3592,Steven Moreira,Toulouse,D,10,868,0,0.530714163556695,0,0.1759113045409321,7,4,2,0,0,0.530714163556695,1.2634687684476376,0.6712857037782669
21881,3592,Steven Moreira,"Lorient,Rennes",D,29,2605,0,0.3631614400073886,3,3.16847400739789,9,21,6,0,0,0.3631614400073886,7.621963022276759,5.368687817826867
21882,3592,Steven Moreira,Rennes,D M S,23,1118,0,0.0790738016366958,0,0.6512287687510252,4,10,1,0,0,0.0790738016366958,3.1457561384886503,2.825001697987318
21883,3592,Steven Moreira,Toulouse,D S,17,1391,0,0.1854814570397138,0,1.0915785385295749,6,15,3,2,0,0.1854814570397138,2.717915673740208,1.79151888564229
21884,3592,Steven Moreira,Rennes,D M S,16,1226,0,0.0278978403657674,0,1.0555547066032889,2,10,2,0,0,0.0278978403657674,3.081645725294948,2.247421206906438
