,id,player_name,team_title,position,games,time,goals,xG,assists,xA,shots,key_passes,yellow_cards,red_cards,npg,npxG,xGChain,xGBuildup
21839,1670,Steve Mandanda,Marseille,GK,27,2370,0,0.0,0,0.0,0,0,1,0,0,0.0,0.8529804721474648,0.8529804721474648
21840,1670,Steve Mandanda,Marseille,GK,31,2685,0,0.0,0,0.0,0,0,0,1,0,0.0,3.278583595529198,3.278583595529198
21841,1670,Steve Mandanda,Marseille,GK,38,3420,0,0.0,0,0.0235657151788473,0,1,2,0,0,0.0,6.030890474095941,6.007324764505029
21842,1670,Steve Mandanda,Marseille,GK,4,360,0,0.0,0,0.0544294714927673,0,1,0,0,0,0.0,0.341107964515686,0.2866784930229187
21843,1670,Steve Mandanda,Crystal Palace,GK,9,810,0,0.0,0,0.0,0,0,0,0,0,0.0,0.5481630507856607,0.5481630507856607
21844,1670,Steve Mandanda,Marseille,GK,31,2739,0,0.0,0,0.0,0,0,1,1,0,0.0,2.276777747552842,2.276777747552842
21845,1670,Steve Mandanda,Marseille,GK,37,3330,0,0.0,0,0.0,0,0,1,0,0,0.0,4.489088430069387,4.489088430069387
21846,1670,Steve Mandanda,Marseille,GK,36,3240,0,0.0,0,0.0,0,0,5,0,0,0.0,3.037038872949779,3.037038872949779
