,id,player_name,team_title,position,games,time,goals,xG,assists,xA,shots,key_passes,yellow_cards,red_cards,npg,npxG,xGChain,xGBuildup
21872,930,Steven Fletcher,Sunderland,F M S,30,1782,5,6.642455920577049,2,2.0515788961201906,37,17,4,0,5,6.642455920577049,9.389526054263117,2.307069686241448
21873,930,Steven Fletcher,Marseille,F S,12,752,2,2.7272414583712816,2,1.733164431527257,19,16,1,0,2,1.967146338894964,3.588652767241001,0.7716019600629807
21874,930,Steven Fletcher,Sunderland,F S,16,1021,4,3.1093490589410067,0,0.8061621347442269,25,8,0,0,4,3.1093490589410067,3.5543333711102605,0.6958303805440664
