,id,player_name,team_title,position,games,time,goals,xG,assists,xA,shots,key_passes,yellow_cards,red_cards,npg,npxG,xGChain,xGBuildup
21875,6489,Steven Fortes,Lens,D,1,90,0,0.0,0,0.0,0,0,0,0,0,0.0,0.4764861166477203,0.4764861166477203
21876,6489,Steven Fortes,Toulouse,D S,3,133,0,0.0,0,0.0,0,0,0,0,0,0.0,0.0310060288757085,0.0310060288757085
21877,6489,Steven Fortes,Toulouse,D S,2,155,0,0.0,0,0.0,0,0,1,0,0,0.0,0.0465735848993063,0.0465735848993063
21878,6489,Steven Fortes,Lens,D S,18,1442,0,0.344132462516427,0,0.0962417218834161,5,2,5,1,0,0.344132462516427,2.273051452822984,2.1517746718600392
