,id,player_name,team_title,position,games,time,goals,xG,assists,xA,shots,key_passes,yellow_cards,red_cards,npg,npxG,xGChain,xGBuildup
21939,8718,Stuart Dallas,Leeds,D M,16,1430,0,0.7290105847641826,1,1.5490456949919462,16,19,1,0,0,0.7290105847641826,4.751431122422218,2.996832150965929
21940,8718,Stuart Dallas,Leeds,D M,38,3412,8,4.457073524594307,2,2.084683418273926,48,26,7,0,8,4.457073524594307,18.534343764185905,13.809802262112498
