,id,player_name,team_title,position,games,time,goals,xG,assists,xA,shots,key_passes,yellow_cards,red_cards,npg,npxG,xGChain,xGBuildup
21953,4096,Stéphane Mbia,Toulouse,D M,5,449,0,0.0488951168954372,0,0.0147260213270783,1,1,1,0,0,0.0488951168954372,0.9166039172559975,0.9018778959289192
21954,4096,Stéphane Mbia,Sevilla,M S,23,1461,4,3.105282929725945,0,0.252849917858839,23,6,9,0,4,3.105282929725945,6.482083423994482,5.002885531634092
