,id,player_name,team_title,position,games,time,goals,xG,assists,xA,shots,key_passes,yellow_cards,red_cards,npg,npxG,xGChain,xGBuildup
21944,5980,Stéphane Bahoken,Angers,F S,32,2527,11,9.270195240154862,1,1.829476094804704,66,23,3,0,9,6.989909829571843,8.748190080747008,0.9225906655192376
21945,5980,Stéphane Bahoken,Angers,F S,20,908,4,3.373106889426708,0,0.5088726952672005,19,11,3,0,3,2.61301176995039,4.092842273414135,1.086379673331976
21946,5980,Stéphane Bahoken,Angers,F S,16,450,2,2.2030159439891577,0,0.0527226012200117,10,2,0,0,2,2.2030159439891577,1.1945523750036957,0.0
21947,5980,Stéphane Bahoken,Strasbourg,F S,26,1678,7,6.24341319128871,1,1.918733226135373,37,13,5,0,7,6.24341319128871,9.749436382204294,2.405579409562052
21948,5980,Stéphane Bahoken,Angers,F S,30,1633,6,7.455899881199002,2,1.146196365356445,59,12,4,0,6,6.695804761722684,8.494698417838663,1.343833392020315
