,id,player_name,team_title,position,games,time,goals,xG,assists,xA,shots,key_passes,yellow_cards,red_cards,npg,npxG,xGChain,xGBuildup
21951,8652,Stéphane Diarra,Lorient,F M S,11,429,0,0.9739228636026382,0,1.0145843215286732,10,10,2,0,0,0.9739228636026382,2.081085989251733,0.4002634547650814
21952,8652,Stéphane Diarra,Lorient,F M S,13,181,0,0.0752811068668961,0,0.2479653852060437,2,6,1,0,0,0.0752811068668961,0.3816565424203872,0.2102403752505779
