,id,player_name,team_title,position,games,time,goals,xG,assists,xA,shots,key_passes,yellow_cards,red_cards,npg,npxG,xGChain,xGBuildup
21994,6210,Svante Ingelsson,Udinese,D S,3,91,0,0.0534999184310436,0,0.0,2,0,0,0,0,0.0534999184310436,0.1032603038474917,0.0497603854164481
21995,6210,Svante Ingelsson,Udinese,M S,7,323,1,0.4244030751287937,0,0.156248627230525,7,3,0,0,1,0.4244030751287937,1.323868777602911,0.8538548313081264
