,id,player_name,team_title,position,games,time,goals,xG,assists,xA,shots,key_passes,yellow_cards,red_cards,npg,npxG,xGChain,xGBuildup
22003,8635,Sven Botman,Lille,D,11,990,1,1.170176088809967,0,0.0226808339357376,4,1,1,0,1,1.170176088809967,2.8249059915542603,2.802225157618522
22004,8635,Sven Botman,Lille,D,37,3311,0,0.8064399380236864,0,0.2520405855029821,16,5,2,0,0,0.8064399380236864,7.073790052905679,6.944162337109447
