,id,player_name,team_title,position,games,time,goals,xG,assists,xA,shots,key_passes,yellow_cards,red_cards,npg,npxG,xGChain,xGBuildup
22033,1064,Sylvain Marveaux,Guingamp,F M S,24,1595,1,1.7329371571540833,2,2.600333973765373,17,27,0,0,1,1.7329371571540833,5.55731700360775,2.9817459704354405
22034,1064,Sylvain Marveaux,Lorient,M S,9,195,0,0.7169343754649162,0,0.0724751343950629,5,2,0,0,0,0.7169343754649162,0.7691514417529106,0.3676161468029022
22035,1064,Sylvain Marveaux,Lorient,F M,24,1926,5,3.2018289547413588,6,5.328633230179548,32,50,1,0,5,3.2018289547413588,10.5251896828413,5.89093191921711
