,id,player_name,team_title,position,games,time,goals,xG,assists,xA,shots,key_passes,yellow_cards,red_cards,npg,npxG,xGChain,xGBuildup
22027,3220,Sylvain Armand,Rennes,D,36,3240,1,0.467465759254992,0,0.4778074454516172,11,12,4,0,1,0.467465759254992,6.147429957985878,5.625907082110643
22028,3220,Sylvain Armand,Rennes,D S,34,2991,1,2.405330332927406,1,0.8069366477429867,14,13,5,0,1,1.6452352134510877,5.598970478400588,4.798697615042329
22029,3220,Sylvain Armand,Rennes,S,1,66,0,0.0,0,0.0,0,0,0,0,0,0.0,0.0208269972354173,0.0208269972354173
