,id,player_name,team_title,position,games,time,goals,xG,assists,xA,shots,key_passes,yellow_cards,red_cards,npg,npxG,xGChain,xGBuildup
22079,5291,Takashi Usami,Augsburg,M S,11,435,0,0.076678566634655,0,0.1340811345726251,2,4,0,0,0,0.076678566634655,0.2354709859937429,0.0479256212711334
22080,5291,Takashi Usami,Fortuna Duesseldorf,M S,19,862,1,2.1665390012785792,2,0.55155348777771,27,13,1,0,1,2.1665390012785792,3.765722122043371,1.476642582565546
