,id,player_name,team_title,position,games,time,goals,xG,assists,xA,shots,key_passes,yellow_cards,red_cards,npg,npxG,xGChain,xGBuildup
22105,2359,Tana,Las Palmas,F M S,24,1552,1,1.974574920721352,1,1.188420806080103,14,21,2,0,1,1.974574920721352,5.789989236742258,3.690796196460724
22106,2359,Tana,Las Palmas,F M S,32,2214,4,1.944623701274395,4,2.92189344810322,25,44,4,0,4,1.944623701274395,9.04134988039732,6.230397613719106
22107,2359,Tana,Las Palmas,F M S,27,2144,5,3.634661389514804,4,2.78590252622962,31,33,2,0,5,3.634661389514804,8.341565603390336,4.379223430529237
