,id,player_name,team_title,position,games,time,goals,xG,assists,xA,shots,key_passes,yellow_cards,red_cards,npg,npxG,xGChain,xGBuildup
22108,8813,Tanguy Coulibaly,VfB Stuttgart,D F M S,31,1511,2,2.746841549873352,1,2.7576279416680336,25,15,2,0,2,2.746841549873352,8.841933839023113,4.064557258039713
22109,8813,Tanguy Coulibaly,VfB Stuttgart,D F M S,10,698,0,0.6549304611980915,1,0.28868068754673,7,5,5,0,0,0.6549304611980915,1.1662869527935982,0.2698098383843899
