,id,player_name,team_title,position,games,time,goals,xG,assists,xA,shots,key_passes,yellow_cards,red_cards,npg,npxG,xGChain,xGBuildup
22126,2709,Taras Mykhalyk,Lokomotiv Moscow,D M S,21,1433,0,0.8681729733943939,1,0.1028764396905899,11,1,3,0,0,0.8681729733943939,2.050964657217264,1.8770611956715584
22127,2709,Taras Mykhalyk,Lokomotiv Moscow,D M S,24,1643,1,0.3226028708741069,0,0.3318249173462391,10,5,1,0,1,0.3226028708741069,2.302900090813637,1.9015491046011448
22128,2709,Taras Mykhalyk,Lokomotiv Moscow,D M S,10,669,0,0.3697354383766651,0,0.0,5,0,1,0,0,0.3697354383766651,0.1796003980562091,0.1590080605819821
22129,2709,Taras Mykhalyk,Lokomotiv Moscow,D M S,16,1018,0,0.2675861222669482,1,0.2929852129891515,12,3,6,1,0,0.2675861222669482,1.7798506617546082,1.6520818807184696
