,id,player_name,team_title,position,games,time,goals,xG,assists,xA,shots,key_passes,yellow_cards,red_cards,npg,npxG,xGChain,xGBuildup
22138,7696,Teemu Pukki,Norwich,F,16,1389,5,5.112131383270025,0,0.9103217627853156,31,9,2,0,3,3.589830469340086,4.461365394294262,0.196832581423223
22139,7696,Teemu Pukki,Norwich,F S,36,2908,11,11.524345129728315,3,3.6190154179930687,80,30,3,0,9,10.002007439732552,14.751465763896704,2.368442302569747
