,id,player_name,team_title,position,games,time,goals,xG,assists,xA,shots,key_passes,yellow_cards,red_cards,npg,npxG,xGChain,xGBuildup
22151,8895,Tete Morente,Elche,M S,30,2039,2,1.8166125593706963,5,2.0513297859579325,19,16,5,0,2,1.8166125593706963,3.7921138303354383,1.4498522318899632
22152,8895,Tete Morente,Elche,M S,11,455,1,0.774775980040431,1,0.8549108672887087,6,8,2,0,1,0.774775980040431,1.758773984387517,0.5538910776376724
