,id,player_name,team_title,position,games,time,goals,xG,assists,xA,shots,key_passes,yellow_cards,red_cards,npg,npxG,xGChain,xGBuildup
22174,503,Theo Walcott,Arsenal,F M S,14,427,5,5.347009994089603,0,0.4013859927654266,23,4,0,0,5,5.347009994089603,5.9333066791296005,0.6996185854077339
22175,503,Theo Walcott,Southampton,M S,6,290,0,0.8379516080021858,0,0.0219031609594821,5,1,0,0,0,0.8379516080021858,0.9024972096085548,0.0597252938896417
22176,503,Theo Walcott,Everton,D M S,25,1310,2,3.4808373413980007,3,3.973367288708687,31,19,1,0,2,3.4808373413980007,8.397085671313107,2.6071585807949305
22177,503,Theo Walcott,"Everton,Southampton",F M S,22,1660,3,2.280676642432809,3,1.2631027586758137,29,17,0,0,3,2.280676642432809,5.551979407668114,2.233550108969212
22178,503,Theo Walcott,Arsenal,F M S,28,1944,10,9.90147614851594,2,2.525607186369598,62,13,1,0,10,9.140307281166317,11.12321549281478,2.4239509468898177
22179,503,Theo Walcott,Everton,M S,37,2127,5,6.505236777476966,2,2.884311942383647,42,21,1,0,5,6.505236777476966,10.27176570892334,2.548821350559592
22180,503,Theo Walcott,Arsenal,F M S,28,1374,5,8.38653053343296,2,2.037456994876265,45,17,0,0,5,8.38653053343296,14.590719863772392,5.334492582827807
22181,503,Theo Walcott,"Arsenal,Everton",F M S,20,1207,3,3.152715053409338,3,3.027757111005485,19,13,2,0,3,3.152715053409338,6.348237079568207,2.443506656214595
