,id,player_name,team_title,position,games,time,goals,xG,assists,xA,shots,key_passes,yellow_cards,red_cards,npg,npxG,xGChain,xGBuildup
22182,110,Theodor Gebre Selassie,Werder Bremen,D S,26,2276,3,2.981102328747511,1,1.0419331658631563,18,19,0,0,3,2.981102328747511,3.510485094040632,2.8985945051535964
22183,110,Theodor Gebre Selassie,Werder Bremen,D M,34,3034,3,1.2961490424349904,1,1.220303145237267,19,18,3,0,3,1.2961490424349904,6.4369191005826,4.698419205844402
22184,110,Theodor Gebre Selassie,Werder Bremen,D M,33,2961,1,1.0068739457055926,2,1.83061783015728,18,25,5,0,1,1.0068739457055926,6.943557411432266,5.062312990427017
22185,110,Theodor Gebre Selassie,Werder Bremen,D M,32,2814,3,4.126434558071196,2,1.7766506057232618,28,21,2,0,3,4.126434558071196,12.44146553054452,8.89802679233253
22186,110,Theodor Gebre Selassie,Werder Bremen,D M S,32,2829,3,2.6627528769895434,0,1.3602599538862703,17,22,4,0,3,2.6627528769895434,7.1180633176118135,4.899860288947821
22187,110,Theodor Gebre Selassie,Werder Bremen,D M,28,2429,2,0.7418119702488184,2,1.1291310722008348,12,18,2,0,2,0.7418119702488184,6.0188018176704645,4.593587044626474
22188,110,Theodor Gebre Selassie,Werder Bremen,D M S,30,2340,5,3.540635113604367,2,1.5138418842107058,27,18,4,0,5,3.540635113604367,7.148745747283101,4.459555653855205
