,id,player_name,team_title,position,games,time,goals,xG,assists,xA,shots,key_passes,yellow_cards,red_cards,npg,npxG,xGChain,xGBuildup
22215,3288,Thiago Silva,Paris Saint Germain,D,26,2309,1,2.197588723152876,0,0.2440621256828308,11,3,1,0,1,2.197588723152876,10.790230598300695,10.546168450266125
22216,3288,Thiago Silva,Paris Saint Germain,D S,21,1586,0,0.2227809401229024,0,0.0,6,0,1,0,0,0.2227809401229024,14.536137502640486,14.536137502640486
22217,3288,Thiago Silva,Paris Saint Germain,D,27,2386,3,3.160794286988676,2,2.471491824835539,22,12,1,0,3,3.160794286988676,12.74720911309123,12.62630094215274
22218,3288,Thiago Silva,Chelsea,D S,13,1038,2,0.729335680603981,0,0.1812903899699449,9,4,1,0,2,0.729335680603981,8.42378304200247,8.280051649082452
22219,3288,Thiago Silva,Chelsea,D,23,1938,2,1.3205454014241695,0,0.2914941646158695,13,5,3,1,2,1.3205454014241695,7.84285775385797,7.636919112876058
22220,3288,Thiago Silva,Paris Saint Germain,D S,25,2115,1,0.5813683299347758,0,0.2376500852406025,11,4,5,0,1,0.5813683299347758,16.437147065997124,16.374115213751793
22221,3288,Thiago Silva,Paris Saint Germain,D S,25,2076,0,0.9879710115492344,1,0.6488245464861393,12,6,4,0,0,0.9879710115492344,14.341609293594956,13.947457188740373
22222,3288,Thiago Silva,Paris Saint Germain,D S,30,2623,1,1.4001623783260584,1,2.10328833386302,15,8,3,0,1,1.4001623783260584,18.03588778153062,17.602064687758684
