,id,player_name,team_title,position,games,time,goals,xG,assists,xA,shots,key_passes,yellow_cards,red_cards,npg,npxG,xGChain,xGBuildup
22242,8058,Thierry Correia,Valencia,D S,4,257,0,0.0167158115655183,0,0.1408310942351818,1,2,0,0,0,0.0167158115655183,1.4495999226346612,1.3509036609902978
22243,8058,Thierry Correia,Valencia,D S,29,2144,1,0.3595938961952925,1,1.1651446959003806,8,18,4,1,1,0.3595938961952925,5.049725823104382,3.9172155614942312
22244,8058,Thierry Correia,Valencia,D S,6,398,0,0.0,0,0.9014344811439514,0,2,1,0,0,0.0,2.759275242686272,1.8578407615423205
