,id,player_name,team_title,position,games,time,goals,xG,assists,xA,shots,key_passes,yellow_cards,red_cards,npg,npxG,xGChain,xGBuildup
22334,2328,Thomas Partey,Atletico Madrid,M S,35,2544,3,1.961776470765472,0,1.0441676350310445,32,20,13,0,3,1.961776470765472,11.529881723225117,9.071928163059056
22335,2328,Thomas Partey,Arsenal,M S,12,992,1,1.4771808572113514,0,0.3437892943620682,21,6,2,0,1,1.4771808572113514,4.687351819127798,4.343037646263838
22336,2328,Thomas Partey,Almeria,F M S,31,2372,4,2.941674089990556,0,0.4580261800438165,32,11,13,0,4,2.941674089990556,5.153401240706444,2.9702120209112763
22337,2328,Thomas Partey,Atletico Madrid,M S,13,410,2,2.5152075942605734,1,0.7706761779263616,9,7,3,0,2,2.5152075942605734,3.3961399514228106,1.7576653342694044
22338,2328,Thomas Partey,Atletico Madrid,D M S,16,628,1,1.9415426878258584,2,1.275439916178584,8,11,5,0,1,1.1982650374993682,4.955589414574206,3.263997605070472
22339,2328,Thomas Partey,Atletico Madrid,M S,3,196,0,0.0868042632937431,0,0.0,5,0,1,0,0,0.0868042632937431,1.0906701982021332,1.046799659729004
22340,2328,Thomas Partey,Arsenal,M S,24,1543,0,1.157276637852192,2,1.121044723317027,26,12,5,0,0,1.157276637852192,7.274703525006771,5.8366045989096165
22341,2328,Thomas Partey,Atletico Madrid,D M S,33,2386,3,1.6632764069363477,0,0.5010588150471449,22,12,6,0,3,1.6632764069363477,8.082059158012271,6.600868005305529
22342,2328,Thomas Partey,Atletico Madrid,M S,32,2071,3,1.6186930015683174,4,1.0440308079123497,36,20,7,1,3,1.6186930015683174,8.585972351953387,7.028006281703711
