,id,player_name,team_title,position,games,time,goals,xG,assists,xA,shots,key_passes,yellow_cards,red_cards,npg,npxG,xGChain,xGBuildup
22298,3425,Thomas Lemar,Atletico Madrid,M S,31,1829,2,3.347603573463857,3,3.103102510794997,26,37,4,0,2,3.347603573463857,9.496414251625538,5.646819796413183
22299,3425,Thomas Lemar,Monaco,M S,30,2384,2,3.695131067186594,8,6.105059880763292,47,55,1,0,2,3.695131067186594,13.45476733520627,7.943639112636447
22300,3425,Thomas Lemar,Atletico Madrid,M S,27,1396,1,1.7742906976491213,3,2.000503024086356,23,21,4,0,1,1.7742906976491213,9.176748940721154,7.357213135808706
22301,3425,Thomas Lemar,Atletico Madrid,M S,22,912,0,0.5245464472100139,0,0.2963011432439089,11,7,2,0,0,0.5245464472100139,2.956973304972053,2.55002691410482
22302,3425,Thomas Lemar,Monaco,F M S,26,1810,5,2.3990855868905783,3,3.559889561496675,36,29,1,0,5,2.3990855868905783,7.055881328880787,4.161744209006429
22303,3425,Thomas Lemar,Monaco,F M S,34,2611,9,6.241166643798351,10,8.695743115618825,59,74,1,0,9,6.241166643798351,19.081073021516204,10.245913345366716
22304,3425,Thomas Lemar,Atletico Madrid,M S,10,611,3,2.182897832244634,2,1.3774629309773443,14,17,2,0,3,2.182897832244634,4.713523220270872,2.219446651637554
22305,3425,Thomas Lemar,Caen,M S,25,706,1,0.6385822603479028,4,2.7979226373136044,15,23,1,0,1,0.6385822603479028,3.4674881249666214,2.049774793908
