,id,player_name,team_title,position,games,time,goals,xG,assists,xA,shots,key_passes,yellow_cards,red_cards,npg,npxG,xGChain,xGBuildup
22423,162,Timm Klose,Norwich,D,7,591,0,0.2384884431958198,0,0.0,3,0,0,0,0,0.2384884431958198,0.4654364287853241,0.4654364287853241
22424,162,Timm Klose,Wolfsburg,D S,12,959,1,0.2749710753560066,0,0.0589347183704376,3,1,0,0,1,0.2749710753560066,4.3306392300874,4.3306392300874
22425,162,Timm Klose,Wolfsburg,D S,8,633,1,0.2627787794917822,0,0.01917465031147,4,1,1,0,1,0.2627787794917822,1.4531936813145876,1.3405176624655724
22426,162,Timm Klose,Norwich,D,10,849,1,0.5434644930064678,0,0.0,3,0,3,0,1,0.5434644930064678,0.1904533430933952,0.1535042934119701
