,id,player_name,team_title,position,games,time,goals,xG,assists,xA,shots,key_passes,yellow_cards,red_cards,npg,npxG,xGChain,xGBuildup
22524,1885,Tino Costa,Genoa,M S,6,224,2,0.8889929205179214,1,0.1858655661344528,13,2,4,0,2,0.8889929205179214,1.1274302005767822,0.2607626281678676
22525,1885,Tino Costa,Spartak Moscow,M S,7,299,0,0.2237615929916501,2,1.019550733268261,7,7,1,0,0,0.2237615929916501,1.5519683137536049,0.4273046925663948
22526,1885,Tino Costa,"Fiorentina,Genoa",M S,19,1223,0,0.567318506538868,0,1.520830966066569,19,17,7,0,0,0.567318506538868,3.9795380011200905,3.16637066565454
