,id,player_name,team_title,position,games,time,goals,xG,assists,xA,shots,key_passes,yellow_cards,red_cards,npg,npxG,xGChain,xGBuildup
22552,639,Toby Alderweireld,Tottenham,D S,14,1177,0,0.3509892374277115,0,0.1814267318695783,10,3,3,0,0,0.3509892374277115,3.9065462723374367,3.777163553982973
22553,639,Toby Alderweireld,Tottenham,D,33,2959,2,0.4555981745943427,2,1.22739436943084,15,11,7,0,2,0.4555981745943427,8.160165440291166,7.05638075619936
22554,639,Toby Alderweireld,Tottenham,D,25,2243,1,0.6138193644583225,0,0.9680300909094512,10,8,2,0,1,0.6138193644583225,5.900500617921352,5.857218690216541
22555,639,Toby Alderweireld,Tottenham,D S,34,2926,0,0.9871182711794972,0,0.4885504152625799,19,7,3,0,0,0.9871182711794972,9.21540803089738,8.774717004969716
22556,639,Toby Alderweireld,Southampton,D M,26,2264,1,0.9311113730072976,0,0.6971472688019276,18,7,3,0,1,0.9311113730072976,5.908180624246597,5.187421562150121
22557,639,Toby Alderweireld,Tottenham,D,30,2610,1,1.99682092666626,0,0.326584730297327,28,6,1,0,1,1.99682092666626,8.036760732531548,7.413333617150783
22558,639,Toby Alderweireld,Tottenham,D,38,3420,4,3.025169899687171,2,0.8221090426668525,40,10,3,0,4,3.025169899687171,11.274835960008204,10.825913385488091
