,id,player_name,team_title,position,games,time,goals,xG,assists,xA,shots,key_passes,yellow_cards,red_cards,npg,npxG,xGChain,xGBuildup
22560,7695,Todd Cantwell,Norwich,M S,37,2528,6,5.67504897993058,2,2.318530723452568,42,36,6,0,6,5.67504897993058,11.005102287046611,3.805257322266698
22561,7695,Todd Cantwell,Norwich,F M S,7,378,0,0.0665192892774939,0,0.3090212047100067,4,1,2,0,0,0.0665192892774939,0.6448747403919697,0.2841970901936292
