,id,player_name,team_title,position,games,time,goals,xG,assists,xA,shots,key_passes,yellow_cards,red_cards,npg,npxG,xGChain,xGBuildup
22625,8288,Tomas Soucek,West Ham,M,16,1430,2,3.0212063752114773,1,0.540289368480444,26,8,2,0,2,3.0212063752114773,4.485112197697163,2.798355109989643
22626,8288,Tomas Soucek,West Ham,M,38,3420,10,8.982983335852623,1,2.4447560105472803,64,18,7,1,10,8.982983335852623,16.99843479692936,8.716958418488503
22627,8288,Tomas Soucek,West Ham,M S,13,1042,3,2.4183740243315697,0,0.3432552432641387,20,5,0,0,3,2.4183740243315697,3.873195863328874,2.18582923989743
