,id,player_name,team_title,position,games,time,goals,xG,assists,xA,shots,key_passes,yellow_cards,red_cards,npg,npxG,xGChain,xGBuildup
22631,7938,Tommaso Augello,Sampdoria,D S,17,1131,0,0.0,2,1.0888912687078118,0,18,2,0,0,0.0,3.208118636161089,2.701168622821569
22632,7938,Tommaso Augello,Sampdoria,D M,37,3225,1,0.3225634284317493,3,4.010365406051278,8,30,2,1,1,0.3225634284317493,7.994399705901742,5.77727796882391
22633,7938,Tommaso Augello,Sampdoria,D M S,16,1266,1,0.3698096815496683,0,1.019574552774429,3,7,0,0,1,0.3698096815496683,2.7205410972237587,2.271202502772212
