,id,player_name,team_title,position,games,time,goals,xG,assists,xA,shots,key_passes,yellow_cards,red_cards,npg,npxG,xGChain,xGBuildup
22649,1099,Tomás Rincón,Torino,M S,7,150,0,0.0,0,0.0326740108430385,0,2,2,0,0,0.0,0.0326740108430385,0.0
22650,1099,Tomás Rincón,Genoa,M,33,2934,3,1.3937773536890743,6,3.91156726423651,26,37,9,0,3,1.3937773536890743,13.781295321881773,10.47147229872644
22651,1099,Tomás Rincón,Torino,M S,36,2881,1,1.3623399417847395,1,1.7819491955451667,22,14,8,1,1,1.3623399417847395,10.57431039912626,8.185175070539117
22652,1099,Tomás Rincón,Torino,M S,34,2814,3,0.968911588191986,1,1.1566687868908048,34,28,15,0,3,0.968911588191986,5.624396039173007,4.51610391959548
22653,1099,Tomás Rincón,Torino,M S,32,2718,1,1.1440925123170018,3,1.217645924538374,16,28,10,0,1,1.1440925123170018,7.957169020548463,6.4259536806494
22654,1099,Tomás Rincón,"Genoa,Juventus",M S,29,1686,0,0.844821535050869,3,2.035240413621068,16,21,4,0,0,0.844821535050869,8.507433362305164,6.115329258143902
22655,1099,Tomás Rincón,Torino,M S,36,3031,1,0.6192846307530999,0,1.629010641016066,17,23,12,0,1,0.6192846307530999,7.809379925951362,6.473575800657272
22656,1099,Tomás Rincón,Genoa,M S,29,2423,0,0.8860576087608933,2,1.697510899975896,21,22,8,0,0,0.8860576087608933,10.1425308752805,8.497885458171368
