,id,player_name,team_title,position,games,time,goals,xG,assists,xA,shots,key_passes,yellow_cards,red_cards,npg,npxG,xGChain,xGBuildup
22687,6919,Toni Villa,Real Valladolid,F M S,21,961,2,0.7925060726702213,0,1.0350765697658062,15,13,2,0,2,0.7925060726702213,3.156308710575104,1.861105429008603
22688,6919,Toni Villa,Real Valladolid,F M S,26,1783,2,1.9413259411230683,2,2.693256693892181,35,24,3,0,2,1.9413259411230683,6.47671028599143,3.344133462756872
22689,6919,Toni Villa,Real Valladolid,M S,23,1381,0,1.0911896163597703,1,1.6831785682588816,19,11,4,0,0,1.0911896163597703,3.854263298213482,1.3053086902946234
