,id,player_name,team_title,position,games,time,goals,xG,assists,xA,shots,key_passes,yellow_cards,red_cards,npg,npxG,xGChain,xGBuildup
22720,1791,Trent Alexander-Arnold,Liverpool,D,14,1236,1,1.153289636597037,7,6.552460134960711,25,44,1,0,1,1.153289636597037,12.161997511982918,6.742957353591919
22721,1791,Trent Alexander-Arnold,Liverpool,D M S,19,1582,1,0.926313784904778,1,2.5219204239547253,12,25,3,0,1,0.926313784904778,9.207862701267004,7.057703331112862
22722,1791,Trent Alexander-Arnold,Liverpool,D S,29,2475,1,1.4922779146581888,12,7.21885472536087,29,48,3,0,1,1.4922779146581888,14.109513361006975,10.70944832637906
22723,1791,Trent Alexander-Arnold,Liverpool,D S,38,3183,4,3.0844607949256897,13,11.166966449469328,45,86,5,0,4,3.0844607949256897,20.63668834604323,13.597049359232187
22724,1791,Trent Alexander-Arnold,Liverpool,D S,36,3040,2,2.593059630133212,7,8.576367635279894,55,77,2,0,2,2.593059630133212,23.10788096860051,17.6489075710997
22725,1791,Trent Alexander-Arnold,Liverpool,D S,7,165,0,0.2043776847422123,0,0.0303824953734874,3,1,0,0,0,0.2043776847422123,0.2775170505046844,0.0427568703889846
