,id,player_name,team_title,position,games,time,goals,xG,assists,xA,shots,key_passes,yellow_cards,red_cards,npg,npxG,xGChain,xGBuildup
22738,574,Troy Deeney,Watford,F S,27,2253,10,11.589193798601627,2,3.7357030231505632,45,29,3,0,5,7.022180713713169,11.632463542744516,3.33459750469774
22739,574,Troy Deeney,Watford,F S,29,1832,5,7.1495265662670135,2,2.3760475926101208,36,26,1,1,2,3.343682344071567,7.171732102520764,2.765413555316627
22740,574,Troy Deeney,Watford,F S,32,2552,9,10.230638133361936,5,4.68837801553309,64,42,4,1,8,9.469469295814632,13.362730728462338,2.953571114689112
22741,574,Troy Deeney,Watford,F M S,38,3291,13,12.199144696816802,7,7.923331122845411,94,56,6,0,7,6.870962786488235,15.776730716228483,3.990332080051303
22742,574,Troy Deeney,Watford,F S,37,2940,10,8.593499574810266,4,3.109724134206772,42,40,7,0,7,6.309993013739586,9.318243147805331,2.082099471241236
22743,574,Troy Deeney,Watford,S,2,19,0,0.109416589140892,0,0.0331709645688533,2,1,0,0,0,0.109416589140892,0.1425875574350357,0.0
