,id,player_name,team_title,position,games,time,goals,xG,assists,xA,shots,key_passes,yellow_cards,red_cards,npg,npxG,xGChain,xGBuildup
22745,7722,Trézéguet,Aston Villa,F M S,34,1955,6,5.345049157738686,1,0.958256496116519,50,21,2,1,6,5.345049157738686,6.641214985400438,2.6114314906299114
22746,7722,Trézéguet,Aston Villa,F M S,21,1175,2,3.9790354687720537,1,2.147567750886082,35,13,0,0,2,3.9790354687720537,7.027209060266614,1.9039327781647444
