,id,player_name,team_title,position,games,time,goals,xG,assists,xA,shots,key_passes,yellow_cards,red_cards,npg,npxG,xGChain,xGBuildup
22748,7524,Tuta,Eintracht Frankfurt,D,8,715,2,0.9633668418973684,0,0.0927859432995319,4,2,1,0,2,0.9633668418973684,1.1176028698682785,1.0152669623494148
22749,7524,Tuta,Eintracht Frankfurt,D S,19,1458,0,0.1601959690451622,0,0.2054972862824797,4,4,5,0,0,0.1601959690451622,4.022963522933424,3.9651245679706335
