,id,player_name,team_title,position,games,time,goals,xG,assists,xA,shots,key_passes,yellow_cards,red_cards,npg,npxG,xGChain,xGBuildup
22760,1014,Tyler Roberts,West Bromwich Albion,S,1,15,0,0.1533481627702713,0,0.0,1,0,1,0,0,0.1533481627702713,0.0,0.0
22761,1014,Tyler Roberts,Leeds,F M S,27,1334,1,1.8854888584464788,2,2.529150106012821,26,15,3,0,1,1.8854888584464788,7.4620350524783134,3.5038931723684072
22762,1014,Tyler Roberts,Leeds,F M S,16,587,1,1.6875089053064585,1,1.2163863610476255,19,11,4,0,1,1.6875089053064585,3.172342101112008,0.4774967171251774
