,id,player_name,team_title,position,games,time,goals,xG,assists,xA,shots,key_passes,yellow_cards,red_cards,npg,npxG,xGChain,xGBuildup
22753,7352,Tyler Adams,RasenBallsport Leipzig,D M S,14,955,0,0.366747859865427,0,0.6637942809611559,7,7,0,0,0,0.366747859865427,4.395739451050758,3.720028191804886
22754,7352,Tyler Adams,RasenBallsport Leipzig,D M S,11,664,0,0.1105339378118515,0,0.1856934577226638,1,2,2,0,0,0.1105339378118515,3.700358398258686,3.404130943119526
22755,7352,Tyler Adams,RasenBallsport Leipzig,D M S,27,1852,1,1.385965924710035,1,0.8873324189335108,7,14,3,0,1,1.385965924710035,8.371887922286987,6.73710173740983
22756,7352,Tyler Adams,RasenBallsport Leipzig,M S,10,724,0,0.0632618311792612,2,1.0548767084255817,2,5,0,0,0,0.0632618311792612,3.9448589980602256,3.388503640890121
