,id,player_name,team_title,position,games,time,goals,xG,assists,xA,shots,key_passes,yellow_cards,red_cards,npg,npxG,xGChain,xGBuildup
22827,8329,Unai Vencedor,Athletic Club,M,1,75,0,0.0595752112567424,0,0.0149056054651737,1,1,1,0,0,0.0595752112567424,0.0334489755332469,0.0334489755332469
22828,8329,Unai Vencedor,Athletic Club,M S,16,1238,0,0.513637775555253,0,0.1589966341853141,14,5,2,0,0,0.513637775555253,3.855334786698222,3.5438572270795703
22829,8329,Unai Vencedor,Athletic Club,M S,28,1694,0,0.4291771613061428,0,0.214626133441925,9,7,6,0,0,0.4291771613061428,4.087258119136095,3.817769655957818
