,id,player_name,team_title,position,games,time,goals,xG,assists,xA,shots,key_passes,yellow_cards,red_cards,npg,npxG,xGChain,xGBuildup
22808,5141,Unai García,Osasuna,D S,22,1871,0,0.5391741208732128,0,0.0176509544253349,9,1,4,0,0,0.5391741208732128,0.8607998872175813,0.7807013401761651
22809,5141,Unai García,Osasuna,D S,17,1246,0,0.3543990347534418,0,0.4441735167056322,5,3,3,0,0,0.3543990347534418,2.546972300857305,2.139008461497724
22810,5141,Unai García,Osasuna,D S,12,1006,0,0.2703779991716146,0,0.0343759059906005,6,2,4,0,0,0.2703779991716146,0.1445872094482183,0.1102112997323274
22811,5141,Unai García,Osasuna,D S,8,534,1,0.1418415755033493,0,0.0619298480451107,2,1,0,0,1,0.1418415755033493,0.4575742706656456,0.4575742706656456
