,id,player_name,team_title,position,games,time,goals,xG,assists,xA,shots,key_passes,yellow_cards,red_cards,npg,npxG,xGChain,xGBuildup
22830,1844,Urby Emanuelson,Verona,D M S,11,615,0,0.5066535258665681,1,0.9637547321617604,14,10,0,0,0,0.5066535258665681,2.3171859942376614,1.803693771362305
22831,1844,Urby Emanuelson,"Atalanta,Roma",F M S,11,451,0,0.4347910732030868,2,0.8419223725795746,8,13,1,0,0,0.4347910732030868,1.888213787227869,1.075498721562326
