,id,player_name,team_title,position,games,time,goals,xG,assists,xA,shots,key_passes,yellow_cards,red_cards,npg,npxG,xGChain,xGBuildup
22840,3204,Uros Spajic,FC Krasnodar,D,15,1350,1,0.4141962081193924,0,0.0638000182807445,2,2,5,0,1,0.4141962081193924,3.566765485331416,3.136322809383273
22841,3204,Uros Spajic,Toulouse,D,17,1477,0,0.3356535956263542,0,0.0439660660922527,6,2,1,0,0,0.3356535956263542,0.5861584972590208,0.5421924311667681
22842,3204,Uros Spajic,FC Krasnodar,D S,10,541,1,0.5512980576604605,0,0.0,4,0,1,1,1,0.5512980576604605,1.30097926966846,1.2471346613019705
22843,3204,Uros Spajic,Toulouse,D S,14,1089,0,0.9026617407798768,0,0.0,6,0,1,1,0,0.9026617407798768,1.6432976629585028,1.6432976629585028
22844,3204,Uros Spajic,FC Krasnodar,D,28,2496,0,0.9072941038757564,0,0.235439047217369,14,4,9,0,0,0.9072941038757564,9.131605576723814,8.979964952915907
