,id,player_name,team_title,position,games,time,goals,xG,assists,xA,shots,key_passes,yellow_cards,red_cards,npg,npxG,xGChain,xGBuildup
22890,32,Valentin Stocker,Hertha Berlin,S,3,49,0,0.0681045576930046,0,0.0233161263167858,3,1,0,0,0,0.0681045576930046,0.0642015393823385,0.0
22891,32,Valentin Stocker,Hertha Berlin,M S,17,1173,4,3.730603555217385,1,1.322469623759389,24,15,1,1,4,3.730603555217385,4.7615519016981125,0.67913518846035
22892,32,Valentin Stocker,Hertha Berlin,F M S,26,1863,3,3.013324912637472,4,2.9926083739846945,35,28,6,0,3,3.013324912637472,6.678481644950807,2.245112214237452
22893,32,Valentin Stocker,Hertha Berlin,M S,22,837,1,0.9618055336177348,0,1.2962766252458096,15,11,2,0,1,0.9618055336177348,3.338736955076456,1.2824266254901886
