,id,player_name,team_title,position,games,time,goals,xG,assists,xA,shots,key_passes,yellow_cards,red_cards,npg,npxG,xGChain,xGBuildup
22866,3515,Valentin Eysseric,Nantes,F M S,5,213,1,1.8270052820444107,0,0.1945584546774625,6,5,1,0,0,0.3068149834871292,0.3029570206999779,0.1073961704969406
22867,3515,Valentin Eysseric,Fiorentina,F M S,21,684,1,0.7345928940922022,1,1.3060045838356018,15,23,2,0,1,0.7345928940922022,3.2139747887849808,1.6828412897884846
22868,3515,Valentin Eysseric,"Nice,Saint-Etienne",F M S,30,1742,6,3.755489730276168,4,3.6382673857733607,37,43,6,0,4,2.235299468971789,6.460738276131451,3.175143238157034
22869,3515,Valentin Eysseric,"Fiorentina,Verona",F M S,9,383,0,0.2662981357425451,0,0.5137143507599831,7,10,3,0,0,0.2662981357425451,1.823106151074171,1.3693035952746868
22870,3515,Valentin Eysseric,Fiorentina,M S,16,715,2,1.5534678176045418,0,0.868717766366899,13,8,2,0,2,1.5534678176045418,2.5021130023524165,1.0349078243598342
22871,3515,Valentin Eysseric,Nice,M,1,90,0,0.0520353987812995,0,0.0807743147015571,1,2,0,0,0,0.0520353987812995,0.4741504788398742,0.4221150875091553
22872,3515,Valentin Eysseric,Fiorentina,F S,8,353,0,0.1423867344856262,1,1.3412329480051994,4,12,1,0,0,0.1423867344856262,2.646901696920395,1.789944753050804
22873,3515,Valentin Eysseric,Nice,F M S,29,2088,4,2.637876208871603,7,4.546011658385396,41,35,4,0,4,2.637876208871603,11.418320830911398,7.983958147466183
22874,3515,Valentin Eysseric,Nice,M S,36,2290,2,3.2283681593835354,4,4.790926465764642,57,43,5,0,1,2.468273010104894,8.048553405329585,4.559395193122327
