,id,player_name,team_title,position,games,time,goals,xG,assists,xA,shots,key_passes,yellow_cards,red_cards,npg,npxG,xGChain,xGBuildup
22913,5394,Valeriu Ciuperca,FC Tambov,M S,23,1803,2,1.890414621680975,4,1.980332933366299,23,26,8,3,1,1.1361393053084612,4.799414160661399,2.583889480680228
22914,5394,Valeriu Ciuperca,Tom Tomsk,M,18,1620,0,0.4033824037760496,1,1.3771512638777494,12,26,4,1,0,0.4033824037760496,2.936638958752156,2.386755596846342
22915,5394,Valeriu Ciuperca,FC Tambov,M,16,1340,2,2.7352726915851235,0,1.3188497172668576,14,15,5,0,1,1.2267256239429116,3.821995259728282,1.7339216857217252
22916,5394,Valeriu Ciuperca,FC Rostov,M,1,47,0,0.0,0,0.0,0,0,0,0,0,0.0,0.6299573183059692,0.6299573183059692
