,id,player_name,team_title,position,games,time,goals,xG,assists,xA,shots,key_passes,yellow_cards,red_cards,npg,npxG,xGChain,xGBuildup
22904,8374,Valeri Gromyko,Arsenal Tula,D M S,16,563,0,0.5339947389438748,1,0.3390926225110888,9,7,3,1,0,0.5339947389438748,1.0726822512224317,0.3112448174506426
22905,8374,Valeri Gromyko,Arsenal Tula,S,3,26,0,0.0333008952438831,1,0.5460919626057148,1,2,1,0,0,0.0333008952438831,0.5793928392231464,0.0
