,id,player_name,team_title,position,games,time,goals,xG,assists,xA,shots,key_passes,yellow_cards,red_cards,npg,npxG,xGChain,xGBuildup
22992,2705,Vedran Corluka,Lokomotiv Moscow,D S,24,2082,3,1.7973380722105503,0,0.1165102235972881,7,5,4,1,3,1.7973380722105503,4.048634978942573,3.857710183598101
22993,2705,Vedran Corluka,Lokomotiv Moscow,D S,19,1514,0,0.4262701477855444,1,0.3143659746274352,6,10,2,0,0,0.4262701477855444,4.348991900682449,4.040914688259363
22994,2705,Vedran Corluka,Lokomotiv Moscow,D S,21,1816,0,0.5380396414548159,1,0.5956804407760501,4,5,4,0,0,0.5380396414548159,2.3725782986730337,1.831744259223342
22995,2705,Vedran Corluka,Lokomotiv Moscow,D,26,2323,2,2.8547404669225216,0,0.2107311822474002,13,5,6,1,2,2.8547404669225216,3.131511587649584,2.829406094737351
22996,2705,Vedran Corluka,Lokomotiv Moscow,D,27,2360,0,1.065083147957921,0,0.0199165716767311,11,1,7,0,0,1.065083147957921,5.4464410264045,5.4265244621783495
22997,2705,Vedran Corluka,Lokomotiv Moscow,D,22,1796,0,0.5345802195370197,2,0.9988806331530212,5,10,4,1,0,0.5345802195370197,6.843729890882969,6.577579630538821
22998,2705,Vedran Corluka,Lokomotiv Moscow,D,6,497,0,0.0410372950136661,0,0.029926074668765,1,1,2,0,0,0.0410372950136661,0.0709633696824312,0.0410372950136661
