,id,player_name,team_title,position,games,time,goals,xG,assists,xA,shots,key_passes,yellow_cards,red_cards,npg,npxG,xGChain,xGBuildup
23051,836,Victor Wanyama,Tottenham,S,2,21,0,0.0,0,0.0,0,0,1,0,0,0.0,0.1285706907510757,0.1285706907510757
23052,836,Victor Wanyama,Tottenham,M S,13,499,1,1.0802447833120823,0,0.0584311187267303,7,2,2,0,1,1.0802447833120823,2.871050499379635,2.7977288141846657
23053,836,Victor Wanyama,Tottenham,M S,18,830,1,0.3189947158098221,0,0.2630576472729444,11,5,2,0,1,0.3189947158098221,3.6584150474518538,3.3933289982378483
23054,836,Victor Wanyama,Southampton,M S,32,2367,3,1.723528876900673,1,0.9338348228484392,28,16,10,0,3,1.723528876900673,7.770369669422507,5.478044670075178
23055,836,Victor Wanyama,Southampton,M S,30,2507,1,1.5128121646121144,1,1.09025767352432,31,16,4,3,1,1.5128121646121144,7.417218901216984,6.315986998379231
23056,836,Victor Wanyama,Tottenham,M S,36,3021,4,4.787808591499925,1,2.0355495056137443,40,32,10,0,4,4.787808591499925,11.888981367461383,9.314753459766507
