,id,player_name,team_title,position,games,time,goals,xG,assists,xA,shots,key_passes,yellow_cards,red_cards,npg,npxG,xGChain,xGBuildup
23116,1306,Vincent Laurini,Parma Calcio 1913,D S,15,898,0,0.0167048443108797,2,0.4730143994092941,1,6,4,0,0,0.0167048443108797,3.363910920917988,2.8958949223160744
23117,1306,Vincent Laurini,Empoli,D S,15,1078,0,0.0499604940414428,0,0.0604217378422617,2,2,1,0,0,0.0499604940414428,1.1691309418529272,1.0587487081065774
23118,1306,Vincent Laurini,Empoli,D S,25,1955,1,0.558167202398181,0,0.3317006872966885,3,6,5,0,1,0.558167202398181,4.1127676563337445,3.9618378998711705
23119,1306,Vincent Laurini,Fiorentina,D S,22,1626,0,0.011077512986958,1,1.279770251363516,1,16,5,0,0,0.011077512986958,5.194163082167506,4.878603599965572
23120,1306,Vincent Laurini,Empoli,D,24,1925,0,0.1135454513132572,0,0.3667974760755896,2,7,2,1,0,0.1135454513132572,2.595498756505549,2.3571879733353853
23121,1306,Vincent Laurini,Parma Calcio 1913,D S,14,877,0,0.2992831645533442,0,0.0407537221908569,2,1,1,0,0,0.2992831645533442,2.442098737694323,2.142815573140979
23122,1306,Vincent Laurini,Fiorentina,D S,15,931,0,0.1011117696762085,0,0.4883628012612462,2,7,4,0,0,0.1011117696762085,2.7266022339463234,2.4645641185343266
