,id,player_name,team_title,position,games,time,goals,xG,assists,xA,shots,key_passes,yellow_cards,red_cards,npg,npxG,xGChain,xGBuildup
23106,612,Vincent Kompany,Manchester City,D S,25,2035,0,0.3286002967506647,0,0.8567277118563652,6,4,7,0,0,0.3286002967506647,8.87233460135758,8.623438382521272
23107,612,Vincent Kompany,Manchester City,D S,17,1221,1,0.2402343405410647,0,0.0719253048300743,5,1,6,0,1,0.2402343405410647,8.01426974684,7.911125384271145
23108,612,Vincent Kompany,Manchester City,D S,14,1179,2,0.417429456487298,0,0.0813498459756374,11,3,5,0,2,0.417429456487298,2.950763205066324,2.916855724528432
23109,612,Vincent Kompany,Manchester City,D S,11,826,3,0.6902353931218386,0,0.5746741145849228,9,2,5,0,3,0.6902353931218386,2.478244192898273,2.4341440573334694
23110,612,Vincent Kompany,Manchester City,D,17,1401,1,1.0201520342379808,1,0.4082299647852778,9,4,6,0,1,1.0201520342379808,10.810242547653615,10.643550111912193
