,id,player_name,team_title,position,games,time,goals,xG,assists,xA,shots,key_passes,yellow_cards,red_cards,npg,npxG,xGChain,xGBuildup
23164,7008,Vinícius Júnior,Real Madrid,F M S,35,1972,3,6.8224650882184505,3,5.29696206189692,40,33,3,0,3,6.8224650882184505,14.869074881076813,4.587909733410925
23165,7008,Vinícius Júnior,Real Madrid,F M S,18,858,2,3.641677478328347,0,1.5202148407697678,42,15,0,0,2,3.641677478328347,6.119294507429004,1.4470154158771038
23166,7008,Vinícius Júnior,Real Madrid,F M S,29,1334,3,4.506120081990957,1,2.922584792599082,38,22,4,0,3,4.506120081990957,9.705059867352247,3.7086258307099342
23167,7008,Vinícius Júnior,Real Madrid,F M S,17,1350,10,7.315395947545767,4,2.904747810214758,43,28,3,0,10,7.315395947545767,13.026773288846016,4.719637911766768
