,id,player_name,team_title,position,games,time,goals,xG,assists,xA,shots,key_passes,yellow_cards,red_cards,npg,npxG,xGChain,xGBuildup
23233,4183,Vitorino Antunes,Malaga,D,15,1323,1,1.355731881223619,2,1.5373908951878548,20,12,1,1,0,0.6124542718753219,2.5926381554454565,1.5265184361487627
23234,4183,Vitorino Antunes,Getafe,S,1,4,0,0.0,0,0.0,0,0,0,0,0,0.0,0.0,0.0
23235,4183,Vitorino Antunes,Getafe,D M S,28,2180,1,0.9225421780720352,3,3.050952166318893,29,31,5,0,1,0.9225421780720352,5.797812505625188,4.346961084753275
23236,4183,Vitorino Antunes,Getafe,D S,34,2796,0,1.6311228522099557,2,3.6425093524158,30,28,14,0,0,0.887845201883465,5.346748954616487,3.644702365621925
