,id,player_name,team_title,position,games,time,goals,xG,assists,xA,shots,key_passes,yellow_cards,red_cards,npg,npxG,xGChain,xGBuildup
23310,2904,Vladimir Zubarev,FC Ufa,M S,9,187,0,0.0106543758884072,0,0.1001222003251314,1,2,2,0,0,0.0106543758884072,0.4862966742366552,0.3861744683235883
23311,2904,Vladimir Zubarev,FC Ufa,M,11,870,1,0.1904934337362647,0,0.0348574258387088,4,2,2,0,1,0.1904934337362647,0.3238191353157162,0.1141237635165453
23312,2904,Vladimir Zubarev,FC Ufa,M S,2,60,0,0.0,0,0.0,0,0,0,0,0,0.0,0.0517703741788864,0.0517703741788864
