,id,player_name,team_title,position,games,time,goals,xG,assists,xA,shots,key_passes,yellow_cards,red_cards,npg,npxG,xGChain,xGBuildup
23241,1395,Vlad Chiriches,Sassuolo,D S,14,1065,0,0.1181006738916039,0,0.0119324335828423,4,1,3,0,0,0.1181006738916039,4.190011223778129,4.1628156350925565
23242,1395,Vlad Chiriches,Tottenham,D S,10,712,0,0.0137759028002619,0,0.3581444537267089,1,3,2,1,0,0.0137759028002619,1.589667810127139,1.2588227298110723
23243,1395,Vlad Chiriches,Sassuolo,D S,9,713,0,0.0592940682545304,0,0.0,2,0,0,0,0,0.0592940682545304,1.6398492716252804,1.6398492716252804
23244,1395,Vlad Chiriches,Napoli,D S,14,1123,2,1.972015406936407,0,0.714349489659071,5,3,0,0,2,1.972015406936407,6.53212183713913,5.690648943185806
23245,1395,Vlad Chiriches,Napoli,D,8,699,1,0.5930110476911068,0,0.0,4,0,2,0,1,0.5930110476911068,3.135739289224148,3.135739289224148
23246,1395,Vlad Chiriches,Napoli,D,7,582,0,0.4793984796851873,0,0.0126714799553155,3,1,1,0,0,0.4793984796851873,3.1443345323204994,3.119901455938816
23247,1395,Vlad Chiriches,Napoli,D,3,148,0,0.254192590713501,0,0.0,1,0,0,0,0,0.254192590713501,0.7010442446917295,0.7010442446917295
23248,1395,Vlad Chiriches,Sassuolo,D S,24,1859,2,0.9795921221375464,1,0.4406387424096465,12,8,6,0,2,0.9795921221375464,7.56403131224215,7.193957118317485
