,id,player_name,team_title,position,games,time,goals,xG,assists,xA,shots,key_passes,yellow_cards,red_cards,npg,npxG,xGChain,xGBuildup
23258,27,Vladimir Darida,Hertha Berlin,M S,21,1640,0,1.116246803663671,3,1.672602780163288,25,15,2,0,0,1.116246803663671,6.90568923112005,4.937642065808177
23259,27,Vladimir Darida,Freiburg,F M S,31,2422,6,6.005599203519523,1,2.047907426953316,49,24,3,1,1,1.4591005211696029,7.473123544827104,4.714333549141884
23260,27,Vladimir Darida,Hertha Berlin,M S,10,365,0,0.92093937844038,1,0.8326405435800552,9,7,1,0,0,0.92093937844038,3.288600876927376,1.72683472558856
23261,27,Vladimir Darida,Hertha Berlin,M S,25,1978,2,1.5039092153310776,2,2.6850352389737964,30,30,6,0,2,1.5039092153310776,6.119187191128731,3.802208676934242
23262,27,Vladimir Darida,Hertha Berlin,M S,28,2267,3,3.077017841860652,4,4.5100030563771725,43,49,6,1,3,3.077017841860652,12.354210041463377,6.04590866714716
23263,27,Vladimir Darida,Hertha Berlin,F M S,31,2601,5,2.922367885708809,2,3.316172413527965,41,35,6,0,5,2.922367885708809,12.757465781643988,8.566353917121887
23264,27,Vladimir Darida,Hertha Berlin,F M S,27,1930,1,1.7234654016792774,6,4.508815858513117,27,35,5,1,1,1.7234654016792774,8.710343284532428,4.041053620167077
23265,27,Vladimir Darida,Hertha Berlin,M S,9,603,0,0.2194270696491003,3,1.272098196670413,7,12,4,0,0,0.2194270696491003,2.6701720729470253,1.4408040270209312
