,id,player_name,team_title,position,games,time,goals,xG,assists,xA,shots,key_passes,yellow_cards,red_cards,npg,npxG,xGChain,xGBuildup
23352,768,Vurnon Anita,Newcastle United,D M S,28,2112,1,0.2250929959118366,3,0.6107358699664474,8,13,6,0,1,0.2250929959118366,4.641292719170451,4.246871633455157
23353,768,Vurnon Anita,Newcastle United,D M S,19,1291,0,0.1441147057339549,0,0.2418052610009908,8,6,3,0,0,0.1441147057339549,1.8163304338231685,1.5396096548065543
