,id,player_name,team_title,position,games,time,goals,xG,assists,xA,shots,key_passes,yellow_cards,red_cards,npg,npxG,xGChain,xGBuildup
23359,5538,Vyacheslav Karavayev,Zenit St. Petersburg,D,25,2178,3,1.6926489882171154,3,1.653648354113102,19,21,2,0,3,1.6926489882171154,8.98462425544858,6.658032119274139
23360,5538,Vyacheslav Karavayev,Zenit St. Petersburg,D M S,20,1500,1,0.797027999535203,4,1.844078505411744,11,14,3,0,1,0.797027999535203,6.561493844725192,5.440852073021233
23361,5538,Vyacheslav Karavayev,Zenit St. Petersburg,D M S,14,1088,0,0.739034928381443,2,2.917942583560944,8,12,1,0,0,0.739034928381443,7.948104500770569,6.470697835087776
