,id,player_name,team_title,position,games,time,goals,xG,assists,xA,shots,key_passes,yellow_cards,red_cards,npg,npxG,xGChain,xGBuildup
23416,2471,Víctor Rodríguez,Elche,M S,16,391,0,0.0,0,0.8929635286331177,0,4,1,0,0,0.0,1.576724810525775,1.2406875919550655
23417,2471,Víctor Rodríguez,Getafe,M S,33,2310,2,3.4944665879011154,2,4.381042810156941,45,25,1,0,2,3.4944665879011154,10.886609135195611,4.216107619926333
23418,2471,Víctor Rodríguez,Elche,F M S,36,2894,4,4.105443334206939,2,3.780782238580288,39,40,5,0,4,4.105443334206939,10.422275860793889,4.859391647391021
23419,2471,Víctor Rodríguez,Sporting Gijon,F M S,25,1377,2,2.017331572249532,1,1.062361616641283,27,23,1,0,2,2.017331572249532,2.956883419305086,0.8001571102067828
