,id,player_name,team_title,position,games,time,goals,xG,assists,xA,shots,key_passes,yellow_cards,red_cards,npg,npxG,xGChain,xGBuildup
23427,2113,Víctor Sánchez,Espanyol,M S,34,2576,3,2.3968172390013933,3,1.6413926435634494,23,18,16,0,3,2.3968172390013933,6.7223965637385845,4.669189063832164
23428,2113,Víctor Sánchez,Espanyol,M S,24,1241,0,0.466297548264265,2,0.7280125729739666,12,8,9,0,0,0.466297548264265,3.1892205998301506,2.402759024873376
23429,2113,Víctor Sánchez,Espanyol,D M S,30,2465,0,0.449796536937356,2,0.4891096781939268,13,5,13,0,0,0.449796536937356,6.089822689071298,5.602963572368026
23430,2113,Víctor Sánchez,Espanyol,D M S,26,2282,1,0.2575379945337772,1,1.0487983068451283,9,17,8,0,1,0.2575379945337772,4.049274968914688,3.681175383739173
23431,2113,Víctor Sánchez,Espanyol,M S,29,2321,1,2.7405051421374083,6,4.113178415223956,24,24,11,2,1,2.7405051421374083,11.452088106423616,5.708154436200857
23432,2113,Víctor Sánchez,Espanyol,D M S,25,1693,0,0.3371037375181913,1,0.985751012340188,10,23,8,1,0,0.3371037375181913,3.8399426266551018,3.3924956852570176
