,id,player_name,team_title,position,games,time,goals,xG,assists,xA,shots,key_passes,yellow_cards,red_cards,npg,npxG,xGChain,xGBuildup
23441,734,Wahbi Khazri,Sunderland,F M S,21,824,1,1.1389309419319034,0,1.9164739362895489,23,21,6,0,1,1.1389309419319034,2.0931113781407475,0.47617975063622
23442,734,Wahbi Khazri,Saint-Etienne,F M S,22,1209,7,5.212769657373428,1,1.375900766812265,32,20,5,1,4,2.9324842132627964,4.466799700632691,1.2037279345095158
23443,734,Wahbi Khazri,Rennes,F M S,24,1941,9,7.276468968950212,2,3.8607463650405407,65,33,7,1,6,4.236088364385068,8.308599442243576,2.4734625555574894
23444,734,Wahbi Khazri,Saint-Etienne,F M,32,2833,13,11.603880625218151,6,6.186063554137945,94,69,10,1,9,8.56350003555417,15.514622081071138,4.981865022331476
23445,734,Wahbi Khazri,Sunderland,M S,14,1087,2,0.8625684883445501,1,2.232906950637698,24,27,3,0,2,0.8625684883445501,2.4898461513221264,1.328261623159051
23446,734,Wahbi Khazri,Saint-Etienne,F M S,18,1450,7,3.9726702831685534,0,2.155205562710762,38,22,3,0,4,1.692384846508503,3.296638585627079,0.8257598867639899
23447,734,Wahbi Khazri,Bordeaux,F M,20,1609,5,5.326765742152929,7,4.849464658647776,40,54,7,0,5,4.566670563071966,7.437930000945926,1.6941334828734398
23448,734,Wahbi Khazri,Saint-Etienne,F M S,16,1168,3,3.612853752449155,2,1.4484888240695,45,19,4,0,2,2.8527586329728365,5.146008510142565,1.451825718395412
23449,734,Wahbi Khazri,Bordeaux,F M S,32,2395,9,7.465546438470483,5,4.7790833581238985,76,48,8,0,7,5.945356139913201,11.00428463332355,4.299083897843957
