,id,player_name,team_title,position,games,time,goals,xG,assists,xA,shots,key_passes,yellow_cards,red_cards,npg,npxG,xGChain,xGBuildup
23463,7525,Waldo Rubio,Real Valladolid,M S,8,493,1,1.0845440402626991,0,0.259982131421566,12,6,1,0,1,1.0845440402626991,1.7483171075582504,0.4857633784413337
23464,7525,Waldo Rubio,Real Valladolid,M S,10,381,1,1.017620585858822,0,0.112689658999443,9,1,1,0,0,0.274342942982912,0.4290777407586574,0.0871148481965065
23465,7525,Waldo Rubio,Real Valladolid,F M S,21,871,0,0.5034198127686977,2,1.2195708518847823,17,16,6,0,0,0.5034198127686977,2.3964669900015,0.8021506778895855
