,id,player_name,team_title,position,games,time,goals,xG,assists,xA,shots,key_passes,yellow_cards,red_cards,npg,npxG,xGChain,xGBuildup
23458,106,Waldemar Anton,Hannover 96,D M S,27,2276,1,1.9440555796027184,0,0.0366746559739112,23,2,1,0,1,1.9440555796027184,4.943986976519227,4.690014276653528
23459,106,Waldemar Anton,VfB Stuttgart,D S,31,2712,0,1.0146015658974648,1,0.7546118441969156,12,9,3,0,0,1.0146015658974648,7.868186962790787,7.215302278287709
23460,106,Waldemar Anton,VfB Stuttgart,D,12,1080,0,0.7136526657268405,1,1.036194309592247,8,6,2,0,0,0.7136526657268405,4.160668943077326,3.3205308690667152
23461,106,Waldemar Anton,Hannover 96,D M,34,3060,1,1.2190050287172198,0,0.1873998707160353,23,5,4,0,1,1.2190050287172198,5.1020452519878745,4.880140332505107
23462,106,Waldemar Anton,Hannover 96,D M S,8,583,1,0.5346691198647022,0,0.4638857040554285,6,2,2,0,1,0.5346691198647022,1.3297468721866608,1.2247218117117882
