,id,player_name,team_title,position,games,time,goals,xG,assists,xA,shots,key_passes,yellow_cards,red_cards,npg,npxG,xGChain,xGBuildup
23469,1202,Wallace,Monaco,D S,14,1006,0,0.2417474668473005,0,0.0152890915051102,5,1,1,1,0,0.2417474668473005,1.7448983881622553,1.7213803734630346
23470,1202,Wallace,Monaco,D S,26,2250,1,0.7392122289165854,0,0.1559715736657381,14,3,6,1,1,0.7392122289165854,1.2668753936886787,1.1556253395974636
23471,1202,Wallace,Lazio,D S,16,1234,0,1.1075600078329444,0,0.2055789455771446,10,3,3,0,0,1.1075600078329444,4.718600636348128,4.618618426844478
23472,1202,Wallace,Lazio,D S,13,996,0,0.2108978051692247,0,0.1324489414691925,9,2,5,0,0,0.2108978051692247,1.989131450653076,1.928943619132042
23473,1202,Wallace,Lazio,D S,25,1721,1,1.1903223674744368,0,0.0869516897946596,7,3,3,0,1,1.1903223674744368,5.449910715222359,4.748677387833595
