,id,player_name,team_title,position,games,time,goals,xG,assists,xA,shots,key_passes,yellow_cards,red_cards,npg,npxG,xGChain,xGBuildup
23484,5052,Walter Montoya,Sevilla,F,1,77,0,0.0439583249390125,0,0.3261863887310028,1,1,0,0,0,0.0439583249390125,0.3846910893917084,0.0145463701337575
23485,5052,Walter Montoya,Sevilla,F S,4,109,0,0.0572304651141166,0,0.021151416003704,2,1,0,0,0,0.0572304651141166,0.0780812185257673,0.0169744659215211
