,id,player_name,team_title,position,games,time,goals,xG,assists,xA,shots,key_passes,yellow_cards,red_cards,npg,npxG,xGChain,xGBuildup
23508,629,Wayne Rooney,Manchester United,F M,33,2887,12,8.902106503024697,5,3.983562218025327,79,45,5,1,11,7.379768742248416,15.435743432492018,7.295702989213169
23509,629,Wayne Rooney,Everton,F M S,31,2301,10,8.905443045310676,2,2.281340353190899,45,34,5,0,7,4.338429889641702,8.366078531369567,4.465429299511015
23510,629,Wayne Rooney,Manchester United,F M S,25,1538,5,7.070015042088926,5,3.005505595356226,52,36,8,0,4,6.308846204541624,11.363083482719958,3.486512189731002
23511,629,Wayne Rooney,Manchester United,F M S,28,2411,8,7.317090217024088,6,4.480130920186639,72,43,4,0,7,6.555921349674463,13.66494182869792,5.08139281347394
