,id,player_name,team_title,position,games,time,goals,xG,assists,xA,shots,key_passes,yellow_cards,red_cards,npg,npxG,xGChain,xGBuildup
23560,3799,Wesley Said,Rennes,F M S,25,1017,4,4.08903070166707,0,0.5010400637984276,33,7,1,0,4,4.08903070166707,5.328594036400318,1.466077077202499
23561,3799,Wesley Said,Rennes,S,1,8,0,0.0,0,0.0866658687591552,0,1,0,0,0,0.0,0.1044836565852165,0.0178177878260612
23562,3799,Wesley Said,Dijon,D F M S,34,2261,4,5.300150527618825,1,2.453086646273732,59,25,4,0,4,4.540055408142507,7.262549119070172,2.3744383957237005
23563,3799,Wesley Said,Dijon,F M S,29,1845,9,4.092509667389095,2,2.1244135517627,49,14,4,0,9,4.092509667389095,7.125701414421201,1.473487075418234
23564,3799,Wesley Said,Toulouse,F M S,23,1152,2,3.40701779909432,1,2.43116407468915,25,12,2,0,2,3.40701779909432,6.130542372353375,0.7024652464315295
23565,3799,Wesley Said,Lens,F M S,9,338,4,3.8885208666324615,0,0.9422226697206496,16,10,2,0,4,3.8885208666324615,5.998055458068848,1.7371622174978256
