,id,player_name,team_title,position,games,time,goals,xG,assists,xA,shots,key_passes,yellow_cards,red_cards,npg,npxG,xGChain,xGBuildup
23581,622,Wilfried Bony,Stoke,F S,10,702,2,2.4631328359246254,0,0.835675735026598,21,7,1,0,2,2.4631328359246254,3.3504218459129333,0.9201759435236454
23582,622,Wilfried Bony,Swansea,F S,15,699,2,1.4676997903734446,0,0.1828440129756927,19,4,2,0,2,1.4676997903734446,1.615532010793686,0.2549113165587187
23583,622,Wilfried Bony,Manchester City,F S,26,1203,4,6.749871265143156,3,2.988752417266369,60,13,1,0,4,5.988702427595854,8.198027778416872,1.1061069779098034
23584,622,Wilfried Bony,"Manchester City,Swansea",F S,30,1604,11,10.45473239198327,3,3.5082936231046915,89,26,3,1,10,9.693563554435968,14.2522145062685,4.412425408139825
