,id,player_name,team_title,position,games,time,goals,xG,assists,xA,shots,key_passes,yellow_cards,red_cards,npg,npxG,xGChain,xGBuildup
23594,522,Wilfried Zaha,Crystal Palace,F M S,15,1266,4,3.655433407053352,1,2.52037962898612,26,21,3,0,2,2.133095685392618,6.667567998170853,2.533943947404623
23595,522,Wilfried Zaha,Crystal Palace,F M S,38,3276,4,4.932660914957523,3,3.744230917654932,61,37,5,0,4,4.932660914957523,11.829811396077275,4.589509509503841
23596,522,Wilfried Zaha,Crystal Palace,F M S,31,1989,4,4.761631336063147,2,2.1885991133749485,40,14,1,0,4,4.761631336063147,6.59307062253356,2.300881713628769
23597,522,Wilfried Zaha,Crystal Palace,F M S,34,2507,2,2.624896079301834,1,4.47473059874028,32,41,5,0,2,2.624896079301834,9.616185177117586,3.5836749440059066
23598,522,Wilfried Zaha,Crystal Palace,F M S,30,2615,11,8.804439894855022,2,3.702821103855968,60,30,6,0,9,7.282102234661579,13.579472474753857,3.634436188265681
23599,522,Wilfried Zaha,Crystal Palace,F M S,29,2551,9,9.735278444364669,3,5.296256110072136,64,53,5,0,9,9.735278444364669,16.14480810239911,3.00129756052047
23600,522,Wilfried Zaha,Crystal Palace,F M S,35,3033,7,5.5702579310163856,9,4.54127433244139,49,38,8,0,7,5.5702579310163856,12.49816120043397,3.012104896828532
23601,522,Wilfried Zaha,Crystal Palace,F M,34,3046,10,6.490763653069735,5,5.404334913939238,73,54,8,1,10,6.490763653069735,16.558542707934976,7.036865543574095
