,id,player_name,team_title,position,games,time,goals,xG,assists,xA,shots,key_passes,yellow_cards,red_cards,npg,npxG,xGChain,xGBuildup
23573,5545,Wilfred Ndidi,Leicester,M S,32,2679,2,1.727271574549377,1,0.5916656078770757,26,15,6,0,2,1.727271574549377,10.079844191670418,9.054951645433905
23574,5545,Wilfred Ndidi,Leicester,M S,38,3305,2,3.119845917448401,0,1.6935295332223177,55,22,8,0,2,3.119845917448401,10.332123768981546,7.799391497392207
23575,5545,Wilfred Ndidi,Leicester,M,17,1523,2,1.8456832016818223,1,0.9799964549019932,31,6,0,0,2,1.8456832016818223,2.946336425840854,1.896819012239576
23576,5545,Wilfred Ndidi,Leicester,M,12,1080,0,0.4169575553387403,0,0.0464392937719821,10,1,3,0,0,0.4169575553387403,3.1083479588851333,2.8420003997161984
23577,5545,Wilfred Ndidi,Leicester,D M S,26,2181,1,0.5960319405421615,4,1.333498380146921,16,16,6,0,1,0.5960319405421615,10.23005054332316,8.72567112930119
23578,5545,Wilfred Ndidi,Leicester,M,33,2902,0,1.565881379880011,3,0.5101179201155901,41,11,6,2,0,1.565881379880011,7.971069587394595,6.808556751348078
