,id,player_name,team_title,position,games,time,goals,xG,assists,xA,shots,key_passes,yellow_cards,red_cards,npg,npxG,xGChain,xGBuildup
23609,6104,Will Hughes,Watford,M S,32,2454,2,2.969533249735832,4,3.663112990558147,31,29,5,0,2,2.969533249735832,8.060834351927042,4.083356935530901
23610,6104,Will Hughes,Watford,F M S,15,1004,2,0.6624464262276888,3,1.4841917753219604,12,18,0,0,2,0.6624464262276888,3.2792121060192585,1.8477536048740149
23611,6104,Will Hughes,Watford,M S,30,2300,1,2.3883110266178846,1,2.177314871922136,27,25,9,0,1,2.3883110266178846,6.430044917389751,3.3986194748431444
23612,6104,Will Hughes,Crystal Palace,M S,2,83,0,0.0,1,0.5569242238998413,0,1,0,0,0,0.0,0.2372958585619926,0.2372958585619926
