,id,player_name,team_title,position,games,time,goals,xG,assists,xA,shots,key_passes,yellow_cards,red_cards,npg,npxG,xGChain,xGBuildup
23633,6926,William Carvalho,Real Betis,M S,27,1215,2,1.4056670311838388,0,0.5925082806497812,15,9,4,1,2,1.4056670311838388,3.3033427577465773,2.281758455559612
23634,6926,William Carvalho,Real Betis,M S,15,668,0,0.92377695068717,1,0.8066603913903236,14,8,2,0,0,0.92377695068717,4.220946118235588,3.0194699689745903
23635,6926,William Carvalho,Real Betis,M S,13,896,0,0.3141925204545259,0,0.6059112530201674,6,9,6,1,0,0.3141925204545259,4.151930877938867,3.590752014890313
23636,6926,William Carvalho,Real Betis,M S,30,2391,0,0.6592580964788795,5,1.7385430876165628,10,18,7,0,0,0.6592580964788795,9.319948330521584,8.97514365427196
