,id,player_name,team_title,position,games,time,goals,xG,assists,xA,shots,key_passes,yellow_cards,red_cards,npg,npxG,xGChain,xGBuildup
23664,2361,Willian José,Real Sociedad,F S,31,2376,12,11.391882727853954,5,4.122103626839817,55,37,5,1,7,6.188939304091036,13.282845466397704,4.503001198172569
23665,2361,Willian José,Las Palmas,F S,30,1721,9,7.039444365538657,1,1.3957338389009235,54,22,6,0,9,7.039444365538657,8.701027967967093,2.1966920010745525
23666,2361,Willian José,Real Betis,F S,14,904,6,4.181137070059776,4,1.8138247840106487,20,14,1,0,4,2.694581836462021,4.958870880305767,1.3854711763560772
23667,2361,Willian José,Real Sociedad,F S,28,2081,12,7.885893329046667,4,2.385295510292053,69,20,4,0,9,5.656445941887796,9.129569853655994,3.774261813610792
23668,2361,Willian José,Wolverhampton Wanderers,F S,17,1123,1,1.429273258894682,0,1.2711053034290671,19,12,0,0,1,1.429273258894682,2.071214944124222,0.7192589566111565
23669,2361,Willian José,Real Sociedad,F S,37,2031,11,11.714213017374275,1,1.642551040276885,59,19,4,0,11,11.714213017374275,12.541560910642149,1.567418521270156
23670,2361,Willian José,Real Sociedad,F S,13,685,3,3.3955242298543453,1,1.1648859921842811,14,7,0,0,3,2.652246605604887,3.843892915174365,0.9439869411289692
23671,2361,Willian José,Real Sociedad,F S,34,2789,15,11.709621572867036,4,4.993509437888861,89,40,4,0,12,8.736639032140374,14.918085776269436,4.795237608253956
