,id,player_name,team_title,position,games,time,goals,xG,assists,xA,shots,key_passes,yellow_cards,red_cards,npg,npxG,xGChain,xGBuildup
23646,8224,William Smallbone,Southampton,M S,3,174,0,0.0460923835635185,0,0.0,1,0,0,0,0,0.0460923835635185,0.1866143904626369,0.1405219994485378
23647,8224,William Smallbone,Southampton,M S,9,401,0,0.2958708386868238,2,0.1721709854900837,6,3,0,0,0,0.2958708386868238,1.0596644468605518,0.6332465205341578
