,id,player_name,team_title,position,games,time,goals,xG,assists,xA,shots,key_passes,yellow_cards,red_cards,npg,npxG,xGChain,xGBuildup
23695,3210,Wissam Ben Yedder,Monaco,F S,26,2195,18,14.885072600096464,4,6.422800284810364,64,45,0,0,15,12.604852866381409,20.99812186229974,4.120826296508312
23696,3210,Wissam Ben Yedder,Monaco,F S,18,1078,9,6.735727738589048,2,2.5395599398761988,21,14,1,0,5,3.695347126573324,7.462690493091941,1.4274244345724585
23697,3210,Wissam Ben Yedder,Toulouse,F M S,35,2907,17,17.165929654613137,5,3.832809407263994,93,31,2,0,15,13.36545398272574,17.15355163998902,3.20486026071012
23698,3210,Wissam Ben Yedder,Monaco,F S,37,2658,20,20.224992409348488,7,6.69225193746388,81,41,3,0,10,11.103916339576244,21.63107965514064,7.890263848006725
23699,3210,Wissam Ben Yedder,Sevilla,F M S,31,1669,11,7.922187898308039,4,2.7875140514224768,44,26,0,0,10,7.178910281509161,12.621100906282663,3.5810458436608315
23700,3210,Wissam Ben Yedder,Sevilla,F S,25,1701,9,12.729278862476349,3,2.186676100827753,50,28,1,1,9,12.729278862476349,16.333657034672797,2.5258408840745687
23701,3210,Wissam Ben Yedder,Toulouse,F M S,36,2890,14,11.5973131461069,3,5.408472464419901,82,55,1,0,12,9.317027713172138,15.236949852667747,4.522265839390457
23702,3210,Wissam Ben Yedder,Sevilla,F S,35,2823,18,18.917882565408945,9,7.872443415224552,76,45,4,0,16,17.43132734671235,28.544353917241096,9.956073679029942
