,id,player_name,team_title,position,games,time,goals,xG,assists,xA,shots,key_passes,yellow_cards,red_cards,npg,npxG,xGChain,xGBuildup
23717,7052,Wout Weghorst,Wolfsburg,F S,32,2736,16,17.83846941590309,3,2.214334961026907,85,37,7,0,12,14.807362675666807,19.15777320973575,5.003612424246967
23718,7052,Wout Weghorst,Wolfsburg,F S,34,2954,20,18.31038965843618,8,5.427308417856693,93,45,3,0,18,16.03705950640142,24.294339487329125,5.954851500689983
23719,7052,Wout Weghorst,Wolfsburg,F S,34,2933,17,15.743419464677572,7,4.72768147289753,74,37,4,0,13,12.712312754243612,18.03469513170421,3.53567233402282
23720,7052,Wout Weghorst,Wolfsburg,F S,13,1101,5,6.610269621014595,1,1.3719813115894794,29,15,2,0,4,5.094716265797615,6.659670151770115,1.3423731327056885
