,id,player_name,team_title,position,games,time,goals,xG,assists,xA,shots,key_passes,yellow_cards,red_cards,npg,npxG,xGChain,xGBuildup
23715,8646,Wout Faes,Reims,D,33,2903,1,1.5466962326318026,0,0.0522152315825223,11,2,11,2,1,1.5466962326318026,4.515689183957875,4.367790554650128
23716,8646,Wout Faes,Reims,D,18,1620,2,0.4139239378273487,0,0.0848961621522903,8,1,2,0,2,0.4139239378273487,1.628560457378626,1.599741879850626
