,id,player_name,team_title,position,games,time,goals,xG,assists,xA,shots,key_passes,yellow_cards,red_cards,npg,npxG,xGChain,xGBuildup
23733,230,Xabi Alonso,Bayern Munich,M S,27,1908,3,0.90468285465613,2,3.1411307780072093,25,40,6,0,3,0.90468285465613,13.776179288513958,12.446382677182555
23734,230,Xabi Alonso,Bayern Munich,D M S,26,1977,2,0.8904345193877816,3,2.0211127419024706,20,35,6,0,2,0.8904345193877816,11.908174224197865,11.088522646576166
23735,230,Xabi Alonso,Bayern Munich,M S,26,1951,0,0.547730355989188,2,2.6436828076839447,13,41,5,1,0,0.547730355989188,17.044554747641087,16.023835346102715
