,id,player_name,team_title,position,games,time,goals,xG,assists,xA,shots,key_passes,yellow_cards,red_cards,npg,npxG,xGChain,xGBuildup
23782,6762,Yacine Adli,Bordeaux,F M S,18,1220,1,0.7168474663048983,5,3.2153348829597235,15,38,2,0,1,0.7168474663048983,7.436544254422188,4.543788854032755
23783,6762,Yacine Adli,Bordeaux,M S,35,2421,2,1.7812057975679636,5,4.396588132716715,24,53,6,0,2,1.7812057975679636,10.9969709739089,7.040546793490648
23784,6762,Yacine Adli,Bordeaux,M S,21,1008,3,0.7380586955696344,3,2.1096858624368906,17,19,3,0,3,0.7380586955696344,3.7896196404471993,1.7515177400782704
23785,6762,Yacine Adli,Bordeaux,M S,7,212,0,0.0092120952904224,0,0.7401715815067291,1,6,1,0,0,0.0092120952904224,0.4477248471230268,0.1936963498592376
23786,6762,Yacine Adli,Paris Saint Germain,S,1,7,0,0.0,0,0.0,0,0,0,0,0,0.0,0.0,0.0
