,id,player_name,team_title,position,games,time,goals,xG,assists,xA,shots,key_passes,yellow_cards,red_cards,npg,npxG,xGChain,xGBuildup
23798,7862,Yan Eteki,Granada,M S,28,1512,0,0.3240551799535751,0,0.1445857211947441,7,4,4,0,0,0.3240551799535751,2.6698438581079245,2.422188490629196
23799,7862,Yan Eteki,Granada,M S,5,105,0,0.0124827586114406,0,0.0,1,0,1,0,0,0.0124827586114406,0.1646827533841133,0.1646827533841133
23800,7862,Yan Eteki,Granada,M S,25,1327,0,0.2434171084314584,0,0.0924590276554226,7,4,4,1,0,0.2434171084314584,0.6907912846654654,0.3864514417946338
