,id,player_name,team_title,position,games,time,goals,xG,assists,xA,shots,key_passes,yellow_cards,red_cards,npg,npxG,xGChain,xGBuildup
23886,3473,Yannis Salibur,Guingamp,S,5,37,0,0.072062499821186,0,0.0,1,0,0,0,0,0.072062499821186,0.0,0.0
23887,3473,Yannis Salibur,Guingamp,F M S,30,2355,7,4.456537503749132,6,3.0121759325265884,78,28,3,1,7,4.456537503749132,8.112978238612413,2.926151964813471
23888,3473,Yannis Salibur,Guingamp,F M S,35,2838,8,7.0900799036026,4,6.752770625054836,91,55,2,0,7,6.329984724521637,13.787999782711267,5.227634023874998
23889,3473,Yannis Salibur,Mallorca,S,4,70,0,0.0368398465216159,0,0.0924890488386154,1,2,0,0,0,0.0368398465216159,0.1580247730016708,0.1198907494544982
23890,3473,Yannis Salibur,Guingamp,F M S,22,1533,3,3.380679462105036,3,3.0723878480494022,54,25,4,0,3,3.380679462105036,7.4023360731080174,2.8576461914926767
23891,3473,Yannis Salibur,"Guingamp,Saint-Etienne",F M S,22,891,1,1.9079845445230603,3,2.879048814997077,34,19,1,1,1,1.9079845445230603,5.275616435334086,2.3669926654547453
