,id,player_name,team_title,position,games,time,goals,xG,assists,xA,shots,key_passes,yellow_cards,red_cards,npg,npxG,xGChain,xGBuildup
23863,2272,Yannick Carrasco,Monaco,F M S,36,2817,6,7.213999643456191,10,8.080862309783697,77,57,6,0,6,7.213999643456191,15.832024972885849,5.931406465359032
23864,2272,Yannick Carrasco,Atletico Madrid,F M S,29,1486,4,5.049719025380909,1,2.88900925219059,54,21,5,0,4,5.049719025380909,9.372952844016254,4.459322828799486
23865,2272,Yannick Carrasco,Atletico Madrid,D F M S,15,1156,2,1.732779012992978,4,3.4872907269746065,21,22,3,0,2,1.732779012992978,6.405046485364437,2.914965398609638
23866,2272,Yannick Carrasco,Atletico Madrid,F M S,35,2270,10,7.76283698529005,4,3.405596550554037,85,34,5,0,10,7.019559405744076,12.5855024009943,4.025113659910858
23867,2272,Yannick Carrasco,Atletico Madrid,D M S,17,894,3,2.4963008668273687,4,2.722844799980521,25,17,3,0,3,2.4963008668273687,5.760898425243795,1.3277418399229646
23868,2272,Yannick Carrasco,Atletico Madrid,M S,15,620,1,1.3936801105737686,2,1.05489887483418,17,11,2,0,1,1.3936801105737686,2.1999403536319733,0.2895146515220403
23869,2272,Yannick Carrasco,Atletico Madrid,D F M S,30,2201,6,5.159877932630479,10,6.878621665760875,43,47,6,0,6,5.159877932630479,15.148709518834949,6.38334153778851
