,id,player_name,team_title,position,games,time,goals,xG,assists,xA,shots,key_passes,yellow_cards,red_cards,npg,npxG,xGChain,xGBuildup
23826,5700,Yann Karamoh,Inter,F M S,16,477,1,2.194524579681456,0,0.0947355851531028,19,1,0,0,1,2.194524579681456,4.8447936018928885,2.953126035630703
23827,5700,Yann Karamoh,Caen,F M S,35,2208,5,8.732906203716993,4,3.462427488528192,60,26,2,0,5,8.732906203716993,12.997061105445027,3.075229705311358
23828,5700,Yann Karamoh,Parma Calcio 1913,F M S,24,1313,2,4.817762490361929,1,1.686786402016878,22,15,3,0,2,4.817762490361929,8.143271066248417,2.209301974624396
23829,5700,Yann Karamoh,Parma Calcio 1913,F M S,14,568,1,0.4761014953255653,1,1.2241994179785252,11,11,0,0,1,0.4761014953255653,2.0690363496541977,0.5961647499352694
23830,5700,Yann Karamoh,Inter,S,1,4,0,0.0,0,0.0,0,0,0,0,0,0.0,0.0,0.0
23831,5700,Yann Karamoh,Bordeaux,F M S,22,1230,3,4.485784257762134,1,2.03770340513438,37,26,2,0,3,4.485784257762134,8.018028595484793,2.652797821909189
