,id,player_name,team_title,position,games,time,goals,xG,assists,xA,shots,key_passes,yellow_cards,red_cards,npg,npxG,xGChain,xGBuildup
23856,3325,Yannick Cahuzac,Toulouse,D M S,23,1426,1,0.1919142045080661,0,0.4419979751110077,3,6,8,1,1,0.1919142045080661,2.2140403874218464,2.0622790940105915
23857,3325,Yannick Cahuzac,SC Bastia,M,28,2346,1,1.2744458708912134,0,0.3120220256969332,22,11,5,4,1,1.2744458708912134,3.98522531054914,2.922351760789752
23858,3325,Yannick Cahuzac,Lens,M S,13,506,0,0.0545303523540496,0,0.0,1,0,0,0,0,0.0545303523540496,0.4822157118469476,0.4822157118469476
23859,3325,Yannick Cahuzac,Toulouse,M S,20,1523,0,0.1919806245714426,0,0.5610845200717449,4,4,5,0,0,0.1919806245714426,1.6719029694795609,1.5055993124842644
23860,3325,Yannick Cahuzac,Lens,M S,30,2268,1,1.5126436538994312,0,0.612400596961379,8,12,9,0,1,1.5126436538994312,5.563467219471932,4.0950843170285225
23861,3325,Yannick Cahuzac,SC Bastia,M,21,1751,1,0.3248907849192619,2,0.4598844088613987,11,10,6,2,1,0.3248907849192619,2.1299788020551205,1.6123262383043766
23862,3325,Yannick Cahuzac,SC Bastia,D M S,31,2545,2,1.0441010296344757,1,0.3869671700522303,11,11,13,2,2,1.0441010296344757,5.094429777935147,3.973726941272616
