,id,player_name,team_title,position,games,time,goals,xG,assists,xA,shots,key_passes,yellow_cards,red_cards,npg,npxG,xGChain,xGBuildup
23944,9024,Yeremi Pino,Villarreal,F M S,24,763,3,0.996430579572916,1,1.5216479878872633,13,10,4,0,3,0.996430579572916,3.9521272145211697,1.9021072760224345
23945,9024,Yeremi Pino,Villarreal,F M S,15,963,1,1.4970721788704395,3,1.460483217611909,8,15,2,0,1,1.4970721788704395,3.808629065752029,1.2159537263214588
