,id,player_name,team_title,position,games,time,goals,xG,assists,xA,shots,key_passes,yellow_cards,red_cards,npg,npxG,xGChain,xGBuildup
23966,916,Yoan Gouffran,Newcastle United,F M S,31,1991,2,1.5459726601839066,1,1.589275517500937,24,19,3,0,2,1.5459726601839066,4.416469539515674,2.5501325223594904
23967,916,Yoan Gouffran,Newcastle United,M S,8,220,0,0.3648425750434398,0,0.0193860083818435,3,1,0,0,0,0.3648425750434398,1.202888749539852,0.8644791319966316
