,id,player_name,team_title,position,games,time,goals,xG,assists,xA,shots,key_passes,yellow_cards,red_cards,npg,npxG,xGChain,xGBuildup
23985,4770,Yoann Touzghar,Lens,F M S,29,1901,8,6.716610104776919,1,1.6966861709952354,35,13,1,0,5,4.436324718408287,7.0051044803112745,1.0829671630635858
23986,4770,Yoann Touzghar,Troyes,F S,15,1007,2,3.3494142927229404,0,0.5443062856793404,19,14,0,0,2,3.3494142927229404,5.045995173975825,1.3348981561139226
