,id,player_name,team_title,position,games,time,goals,xG,assists,xA,shots,key_passes,yellow_cards,red_cards,npg,npxG,xGChain,xGBuildup
24014,3395,Yohann Pelé,Marseille,GK S,9,678,0,0.0,0,0.0,0,0,0,0,0,0.0,0.3271206393837929,0.3271206393837929
24015,3395,Yohann Pelé,Marseille,GK,1,90,0,0.0,0,0.0,0,0,0,0,0,0.0,0.0592032223939895,0.0592032223939895
24016,3395,Yohann Pelé,Marseille,GK,2,180,0,0.0,0,0.0,0,0,0,0,0,0.0,0.1558003351092338,0.1558003351092338
24017,3395,Yohann Pelé,Marseille,GK S,2,150,0,0.0,0,0.0,0,0,0,0,0,0.0,0.0261559281498193,0.0261559281498193
24018,3395,Yohann Pelé,Marseille,GK,38,3420,0,0.0,0,0.0,0,0,3,0,0,0.0,3.3645865451544523,3.3645865451544523
24019,3395,Yohann Pelé,Marseille,GK S,10,732,0,0.0,0,0.0,0,0,1,0,0,0.0,0.3054966423660517,0.3054966423660517
