,id,player_name,team_title,position,games,time,goals,xG,assists,xA,shots,key_passes,yellow_cards,red_cards,npg,npxG,xGChain,xGBuildup
24023,6272,Yoric Ravet,Freiburg,F M S,10,488,0,0.6352651864290237,2,1.7121396958827972,16,17,0,1,0,0.6352651864290237,1.7381824450567365,0.5357955293729901
24024,6272,Yoric Ravet,Freiburg,S,4,70,0,0.0593873187899589,0,0.0472560748457908,1,1,0,0,0,0.0593873187899589,0.0593873187899589,0.0
