,id,player_name,team_title,position,games,time,goals,xG,assists,xA,shots,key_passes,yellow_cards,red_cards,npg,npxG,xGChain,xGBuildup
24047,2637,Younès Belhanda,Schalke 04,F M S,15,809,2,0.9491419652476908,1,2.237530443817377,13,19,2,0,2,0.9491419652476908,4.867926836013794,2.458498546853661
24048,2637,Younès Belhanda,Nice,F M S,31,2544,3,2.4026793045923114,6,2.931076533161104,34,41,8,1,3,2.4026793045923114,13.3032671995461,8.590175736695528
