,id,player_name,team_title,position,games,time,goals,xG,assists,xA,shots,key_passes,yellow_cards,red_cards,npg,npxG,xGChain,xGBuildup
24063,5169,Youssef En-Nesyri,Malaga,S,13,309,1,1.2469728849828243,1,0.5677182003855705,15,3,2,0,1,1.2469728849828243,1.6564282551407814,0.0
24064,5169,Youssef En-Nesyri,Sevilla,F S,7,462,3,3.33976611495018,1,1.1050363034009931,14,5,0,0,2,2.5964884608984,4.941298894584179,1.7205926850438118
24065,5169,Youssef En-Nesyri,"Leganes,Sevilla",F S,36,2155,8,7.479582412168384,2,0.7203045152127743,61,11,3,0,8,7.479582412168384,8.093434002250433,1.2357214260846376
24066,5169,Youssef En-Nesyri,Leganes,F M S,31,2100,9,7.127062444575131,2,1.7204033602029083,74,16,7,0,9,7.127062444575131,8.200658722780645,0.7248655958101153
24067,5169,Youssef En-Nesyri,Malaga,F S,25,1590,4,4.490931140258908,0,0.7090410804376006,45,10,1,1,4,3.74765351600945,5.0961067685857415,1.0262067541480064
24068,5169,Youssef En-Nesyri,Sevilla,F S,38,2308,18,15.79480616375804,0,2.642064562067389,77,13,2,0,18,15.79480616375804,17.81611675210297,1.087053531780839
