,id,player_name,team_title,position,games,time,goals,xG,assists,xA,shots,key_passes,yellow_cards,red_cards,npg,npxG,xGChain,xGBuildup
24070,5761,Youssef Maziz,Metz,M S,11,250,0,0.2134631117805838,0,0.2229130715131759,6,7,1,0,0,0.2134631117805838,0.5324253961443901,0.1618166118860244
24071,5761,Youssef Maziz,Metz,S,1,12,0,0.0336848683655262,0,0.0,1,0,0,0,0,0.0336848683655262,0.0336848683655262,0.0
