,id,player_name,team_title,position,games,time,goals,xG,assists,xA,shots,key_passes,yellow_cards,red_cards,npg,npxG,xGChain,xGBuildup
24101,5624,Yunis Abdelhamid,Reims,D,17,1530,1,0.8435292327776551,0,0.2221731133759021,11,5,3,0,1,0.8435292327776551,1.9138483656570315,1.6576910940930247
24102,5624,Yunis Abdelhamid,Reims,D,38,3420,0,1.5779486503452065,0,0.0792565364390611,19,3,2,0,0,1.5779486503452065,4.3705290872603655,4.207711577415466
24103,5624,Yunis Abdelhamid,Dijon,D S,18,1309,0,0.7674524784088135,0,0.0882600415498018,8,3,3,0,0,0.7674524784088135,1.3469909653067589,1.2846770398318768
24104,5624,Yunis Abdelhamid,Reims,D,33,2889,3,2.0290858652442694,0,0.4503136035054922,15,5,4,1,3,2.0290858652442694,4.584500525146723,4.327244307845831
24105,5624,Yunis Abdelhamid,Reims,D,28,2520,3,1.820925870910287,0,0.5047566648572683,19,5,0,0,3,1.820925870910287,3.102571154013276,2.9213600773364305
