,id,player_name,team_title,position,games,time,goals,xG,assists,xA,shots,key_passes,yellow_cards,red_cards,npg,npxG,xGChain,xGBuildup
24124,3085,Yuri Bavin,Ural,M S,10,591,1,0.1018100976943969,0,0.1367543339729309,3,2,1,0,1,0.1018100976943969,0.8244296610355377,0.6436742916703224
24125,3085,Yuri Bavin,"FC Tambov,Ural",M S,17,1191,0,0.9837478697299956,0,0.6815631203353405,10,7,4,0,0,0.229472566395998,3.028697752393782,2.4591736858710647
24126,3085,Yuri Bavin,Ural,M S,21,867,3,2.795382535085082,2,1.3009446170181036,19,11,3,0,3,2.795382535085082,6.295740514993668,3.1788582941517234
24127,3085,Yuri Bavin,Zenit St. Petersburg,S,1,24,0,0.1242377907037735,0,0.0,2,0,0,0,0,0.1242377907037735,0.6009518504142761,0.4767140448093414
24128,3085,Yuri Bavin,Ural,M S,17,1117,0,0.502935390919447,1,1.0392535477876663,12,11,5,0,0,0.502935390919447,3.3833124628290534,2.0769788213074207
