,id,player_name,team_title,position,games,time,goals,xG,assists,xA,shots,key_passes,yellow_cards,red_cards,npg,npxG,xGChain,xGBuildup
24145,3054,Yuri Lodygin,Arsenal Tula,GK,2,180,0,0.0,0,0.0,0,0,0,0,0,0.0,0.2918418347835541,0.2918418347835541
24146,3054,Yuri Lodygin,Zenit St. Petersburg,GK,27,2430,0,0.0,0,0.0247140079736709,0,1,2,0,0,0.0,4.212215836159885,4.187501828186214
24147,3054,Yuri Lodygin,Zenit St. Petersburg,GK S,11,863,0,0.0,0,0.0,0,0,1,0,0,0.0,0.7922259634360671,0.7922259634360671
24148,3054,Yuri Lodygin,Zenit St. Petersburg,GK,28,2520,0,0.0,0,0.0327401272952556,0,1,2,0,0,0.0,1.57349559571594,1.5407554684206843
24149,3054,Yuri Lodygin,Zenit St. Petersburg,GK S,15,1304,0,0.0,0,0.0,0,0,0,0,0,0.0,1.0094608422368765,1.0094608422368765
