,id,player_name,team_title,position,games,time,goals,xG,assists,xA,shots,key_passes,yellow_cards,red_cards,npg,npxG,xGChain,xGBuildup
24166,5250,Yussuf Poulsen,RasenBallsport Leipzig,F S,27,1342,5,5.344541624188423,4,1.9948576800525188,44,14,1,0,5,5.344541624188423,7.555302511900663,2.953024437651038
24167,5250,Yussuf Poulsen,RasenBallsport Leipzig,F S,30,1655,4,7.172980675473809,2,2.1881599090993404,38,18,1,0,4,7.172980675473809,10.033821482211351,1.6442179642617702
24168,5250,Yussuf Poulsen,RasenBallsport Leipzig,F S,29,2087,5,6.4211049769073725,4,3.295330185443163,47,26,4,0,5,6.4211049769073725,11.001876479014754,2.681182427331805
24169,5250,Yussuf Poulsen,RasenBallsport Leipzig,F M S,10,482,4,4.677814552560449,0,1.1275557577610016,19,5,1,0,4,4.677814552560449,5.677897164598107,0.5723792687058449
24170,5250,Yussuf Poulsen,RasenBallsport Leipzig,F S,22,1218,5,6.612248392775655,6,2.2428674269467592,33,18,2,0,5,6.612248392775655,12.96423082984984,5.633869027718902
24171,5250,Yussuf Poulsen,RasenBallsport Leipzig,F S,31,2450,15,12.088994555175304,3,4.421724207699299,65,32,2,0,15,12.088994555175304,19.941681249067187,6.061321057379246
