,id,player_name,team_title,position,games,time,goals,xG,assists,xA,shots,key_passes,yellow_cards,red_cards,npg,npxG,xGChain,xGBuildup
24177,1506,Yuto Nagatomo,Inter,D S,22,1647,0,0.193910414353013,0,1.4336216254159808,7,10,4,2,0,0.193910414353013,5.186547174118459,3.84728458058089
24178,1506,Yuto Nagatomo,Inter,D S,11,791,0,0.1325835408642888,0,0.6581089645624161,4,8,1,0,0,0.1325835408642888,1.715751439332962,1.1086786072701216
24179,1506,Yuto Nagatomo,Inter,D M S,16,1020,0,0.1316385194659233,0,0.0401230379939079,3,1,2,0,0,0.1316385194659233,1.7842067200690508,1.63169049564749
24180,1506,Yuto Nagatomo,Inter,D F S,14,889,0,0.3376621678471565,0,0.513740461319685,9,10,1,1,0,0.3376621678471565,2.852433258667588,2.199768435209989
24181,1506,Yuto Nagatomo,Marseille,D M S,25,1609,0,0.0664420071989297,1,0.3938753381371498,4,3,2,0,0,0.0664420071989297,4.72923328820616,4.694085004739463
