,id,player_name,team_title,position,games,time,goals,xG,assists,xA,shots,key_passes,yellow_cards,red_cards,npg,npxG,xGChain,xGBuildup
24190,8689,Yvan Neyou,Saint-Etienne,M S,12,861,0,0.1119648469612002,0,0.6391039025038481,5,7,1,0,0,0.1119648469612002,1.4566178619861605,0.8017744570970535
24191,8689,Yvan Neyou,Saint-Etienne,M S,31,2469,1,1.1752024423331022,2,2.326444142498076,30,15,9,0,1,1.1752024423331022,8.31392286811024,5.370345484465361
