,id,player_name,team_title,position,games,time,goals,xG,assists,xA,shots,key_passes,yellow_cards,red_cards,npg,npxG,xGChain,xGBuildup
24224,5910,Zan Majer,Lecce,M S,27,1663,1,1.534470209851861,1,1.3214641502127051,19,20,7,0,1,1.534470209851861,6.173262361437082,3.769325177185237
24225,5910,Zan Majer,FC Rostov,F M S,13,789,0,1.074312312528491,2,0.5584517745301127,12,6,1,0,0,0.3200369682163,1.653111221268773,1.1833064910024405
