,id,player_name,team_title,position,games,time,goals,xG,assists,xA,shots,key_passes,yellow_cards,red_cards,npg,npxG,xGChain,xGBuildup
24243,5773,Zaydou Youssef,Bordeaux,M S,6,125,0,0.1096904296427965,0,0.0409569889307022,3,1,2,0,0,0.1096904296427965,0.2268460933119058,0.1426196247339248
24244,5773,Zaydou Youssef,Saint-Etienne,M S,29,1219,1,1.20051936712116,1,0.6348643191158772,15,10,2,0,1,1.20051936712116,3.4263192247599363,1.918662399984896
24245,5773,Zaydou Youssef,Bordeaux,F M S,11,439,0,0.3634641245007515,0,0.1226368937641382,6,3,1,0,0,0.3634641245007515,1.9040277861058712,1.5891147516667845
24246,5773,Zaydou Youssef,Saint-Etienne,M S,14,799,0,0.1907594511285424,0,0.3413614276796579,13,6,2,1,0,0.1907594511285424,2.2521546874195337,1.7829068396240473
24247,5773,Zaydou Youssef,Saint-Etienne,M S,16,1063,0,0.7293274383991957,0,0.4183037765324116,8,9,4,0,0,0.7293274383991957,3.151757439598441,2.1178621742874384
24248,5773,Zaydou Youssef,Bordeaux,M S,2,68,0,0.0,0,0.0,0,0,0,0,0,0.0,0.1446236632764339,0.1446236632764339
