,id,player_name,team_title,position,games,time,goals,xG,assists,xA,shots,key_passes,yellow_cards,red_cards,npg,npxG,xGChain,xGBuildup
24253,3131,Zelimkhan Bakaev,Spartak Moscow,D F M S,15,722,0,1.8336503198370333,3,1.8454423695802689,13,29,4,0,0,1.0793750127777455,3.825565584003925,1.4497374268248675
24254,3131,Zelimkhan Bakaev,Spartak Moscow,M S,23,989,1,2.32123941462487,5,3.3028529100120068,22,21,1,0,0,1.5669640926644206,5.989976714365184,3.741104328073561
24255,3131,Zelimkhan Bakaev,Arsenal Tula,F M S,25,1832,8,4.223032365553081,0,3.082680686376989,43,36,4,0,7,3.468757043592632,7.099729351699352,0.9943145886063576
24256,3131,Zelimkhan Bakaev,Spartak Moscow,F M S,27,2210,6,5.170610272325575,9,6.447317313402891,55,72,7,0,3,2.9077904671430588,10.002907915972171,3.5293212113901973
24257,3131,Zelimkhan Bakaev,Spartak Moscow,F M S,5,251,0,0.206444464623928,0,0.453200988471508,4,8,0,0,0,0.206444464623928,1.1790766417980194,0.7233388423919678
