,id,player_name,team_title,position,games,time,goals,xG,assists,xA,shots,key_passes,yellow_cards,red_cards,npg,npxG,xGChain,xGBuildup
24263,7773,Zinedine Ferhat,Nimes,F M S,26,2251,3,4.156557077541947,4,5.517801970243454,45,51,1,0,3,4.156557077541947,8.648035999387503,2.7641457840800285
24264,7773,Zinedine Ferhat,Nimes,F M,33,2960,6,5.5033537009730935,10,6.4108877163380384,61,50,2,0,5,4.743258551694453,16.908774077892303,8.086951637640595
