,id,player_name,team_title,position,games,time,goals,xG,assists,xA,shots,key_passes,yellow_cards,red_cards,npg,npxG,xGChain,xGBuildup
24313,5694,Ádám Lang,Dijon,D,3,235,0,0.0,0,0.0,0,0,0,1,0,0.0,0.6118054073303938,0.6118054073303938
24314,5694,Ádám Lang,Dijon,D S,19,1628,0,0.3175180647522211,0,0.4922763612121343,5,7,4,0,0,0.3175180647522211,2.4665590478107333,2.277444045059383
