,id,player_name,team_title,position,games,time,goals,xG,assists,xA,shots,key_passes,yellow_cards,red_cards,npg,npxG,xGChain,xGBuildup
24349,6116,Álex Granell,Girona,D M S,32,2387,0,1.149885074235499,4,5.795886216685176,39,52,5,0,0,1.149885074235499,7.072490207850933,4.790057687088847
24350,6116,Álex Granell,Girona,M S,34,2859,1,2.334610154852271,7,7.581047554500401,44,74,11,0,1,1.5913325175642967,7.98900658544153,5.7600176725536585
