,id,player_name,team_title,position,games,time,goals,xG,assists,xA,shots,key_passes,yellow_cards,red_cards,npg,npxG,xGChain,xGBuildup
24354,5040,Álex Martínez,Real Betis,D S,14,967,0,0.4173475205898285,0,1.5379998832941055,8,10,2,0,0,0.4173475205898285,2.438668886199593,0.9773190673440696
24355,5040,Álex Martínez,Granada,S,1,12,0,0.0749302953481674,0,0.0,1,0,0,0,0,0.0749302953481674,0.0611949451267719,0.0611949451267719
