,id,player_name,team_title,position,games,time,goals,xG,assists,xA,shots,key_passes,yellow_cards,red_cards,npg,npxG,xGChain,xGBuildup
24391,6152,Álvaro Jiménez,Getafe,M S,13,521,1,0.5149183012545109,1,0.741817407310009,9,7,3,1,1,0.5149183012545109,1.211419302970171,0.1992569733411073
24392,6152,Álvaro Jiménez,Cadiz,M S,9,214,0,0.1027092356234788,0,0.069551907479763,3,2,0,0,0,0.1027092356234788,0.1311632432043552,0.0614119078963995
