,id,player_name,team_title,position,games,time,goals,xG,assists,xA,shots,key_passes,yellow_cards,red_cards,npg,npxG,xGChain,xGBuildup
24375,401,Álvaro Domínguez,Borussia M.Gladbach,D S,24,2113,0,1.0907506719231606,3,1.4119151756167412,11,10,3,0,0,1.0907506719231606,8.774756994098425,7.929900962859392
24376,401,Álvaro Domínguez,Borussia M.Gladbach,D S,6,472,0,0.0,0,0.018897172063589,0,1,1,0,0,0.0,1.101764664053917,1.0828675031661987
