,id,player_name,team_title,position,games,time,goals,xG,assists,xA,shots,key_passes,yellow_cards,red_cards,npg,npxG,xGChain,xGBuildup
24399,1804,Álvaro Morata,Juventus,F S,34,1451,7,8.102466635406017,7,4.134381514042616,48,28,6,0,6,7.34116780012846,11.939323251135647,4.121203674934804
24400,1804,Álvaro Morata,Juventus,F S,16,1066,4,5.931530904024839,1,3.0279951691627502,29,22,3,0,4,5.931530904024839,8.340592548251152,0.890111519023776
24401,1804,Álvaro Morata,Real Madrid,F S,26,1326,15,9.517800079658628,4,3.836930301040411,55,17,8,0,15,9.517800079658628,15.497442090883853,3.9718160089105368
24402,1804,Álvaro Morata,Atletico Madrid,F S,34,2120,12,14.9758129324764,2,4.497370230033994,69,25,4,1,10,12.74610791169107,18.262695636600256,3.4175533652305603
24403,1804,Álvaro Morata,Atletico Madrid,F S,15,1094,6,7.418768474832177,1,0.617183530703187,30,5,5,0,6,7.418768474832177,7.574720934033394,3.052136616781354
24404,1804,Álvaro Morata,Chelsea,F M S,31,2069,11,13.904703490436075,6,3.5832394156605005,79,36,7,0,11,13.904703490436075,17.912706471979618,2.9470131658017635
24405,1804,Álvaro Morata,Juventus,F S,32,2019,11,12.065572503954172,9,5.670549782924354,56,40,3,1,10,11.30431354418397,19.798633083701134,4.521953355520964
24406,1804,Álvaro Morata,Chelsea,F S,16,951,5,6.410967104136944,0,0.214856956154108,35,7,3,0,5,6.410967104136944,7.6419592425227165,1.6989031732082367
24407,1804,Álvaro Morata,Juventus,F S,29,1309,8,5.009029731154442,5,1.8117073997855184,51,19,6,1,8,5.009029731154442,8.702469807118177,2.4549084026366472
