,id,player_name,team_title,position,games,time,goals,xG,assists,xA,shots,key_passes,yellow_cards,red_cards,npg,npxG,xGChain,xGBuildup
24424,2200,Álvaro Vázquez,Espanyol,F M S,10,313,0,0.1806056052446365,1,0.1327901594340801,5,4,0,0,0,0.1806056052446365,0.2230399213731289,0.0668774861842393
24425,2200,Álvaro Vázquez,Getafe,F M S,21,1749,7,6.728363654110581,0,1.0610023345798254,35,15,2,0,6,5.985086014959961,7.486761773470789,1.5534783648326993
24426,2200,Álvaro Vázquez,Getafe,F S,34,1994,5,9.9622064512223,4,2.57833731174469,49,22,6,0,4,9.218928841874003,12.92494743410498,3.009115173481405
