,id,player_name,team_title,position,games,time,goals,xG,assists,xA,shots,key_passes,yellow_cards,red_cards,npg,npxG,xGChain,xGBuildup
24413,2418,Álvaro Odriozola,Real Madrid,D S,13,828,2,0.7099926024675369,0,0.5722822938114405,3,8,0,0,2,0.7099926024675369,1.990435216575861,1.0014236755669117
24414,2418,Álvaro Odriozola,Real Sociedad,D M S,35,2916,0,0.5296815652400255,4,3.850656251423061,8,44,2,1,0,0.5296815652400255,10.937399270012977,7.9764023292809725
24415,2418,Álvaro Odriozola,Real Madrid,D,4,344,0,0.2028836030513048,1,1.0643522292375565,2,5,1,1,0,0.2028836030513048,1.7496083155274391,0.5422228276729584
24416,2418,Álvaro Odriozola,Bayern Munich,D S,3,157,0,0.0,0,0.6997602880001068,0,3,0,0,0,0.0,1.5599584877490995,0.8601981997489929
24417,2418,Álvaro Odriozola,Fiorentina,D S,13,886,0,0.5778155028820038,1,0.6931157261133194,2,6,4,0,0,0.5778155028820038,3.8577521070837975,2.873663790524006
24418,2418,Álvaro Odriozola,Real Madrid,D,14,1183,0,0.5744600892066956,2,3.182984178885817,1,18,2,0,0,0.5744600892066956,5.95004602894187,3.21702428162098
24419,2418,Álvaro Odriozola,Real Sociedad,D,15,1285,0,0.0216344017535448,4,1.7814702074974775,1,15,0,0,0,0.0216344017535448,3.290161905810237,2.8032656144350767
