,id,player_name,team_title,position,games,time,goals,xG,assists,xA,shots,key_passes,yellow_cards,red_cards,npg,npxG,xGChain,xGBuildup
24408,1715,Álvaro Negredo,Cadiz,F S,15,689,2,2.6505609899759293,0,0.131587091833353,15,2,1,0,0,1.164005771279335,0.4215803858824074,0.0336505398154258
24409,1715,Álvaro Negredo,Middlesbrough,F S,36,2891,9,8.803118656389415,4,4.100407935678959,69,26,5,0,7,7.28078097384423,11.963991000317035,2.790741080418229
24410,1715,Álvaro Negredo,Cadiz,F S,35,2247,8,6.6377250999212265,4,3.937862183898688,47,20,3,1,8,6.6377250999212265,9.901587273925545,1.9470294881612065
24411,1715,Álvaro Negredo,Valencia,F S,25,1145,5,6.753436975181103,2,3.06495994143188,39,13,0,0,5,6.753436975181103,9.301999229937792,2.184191577136517
24412,1715,Álvaro Negredo,Valencia,F S,30,1524,5,7.124825491569936,4,4.415883142501116,54,22,4,0,4,6.381547852419317,11.037324473261831,1.8385933637619016
