,id,player_name,team_title,position,games,time,goals,xG,assists,xA,shots,key_passes,yellow_cards,red_cards,npg,npxG,xGChain,xGBuildup
24462,1514,Éder,Inter,F M S,33,1466,8,6.306906431913376,4,4.373100294731557,54,34,3,0,8,6.306906431913376,13.63124666083604,5.179728831164539
24463,1514,Éder,Inter,F S,29,755,3,2.6402875557541847,0,1.268086296506226,27,15,4,0,3,2.6402875557541847,5.934378544799984,2.427261846140027
24464,1514,Éder,"Inter,Sampdoria",F M S,33,2398,13,9.863557253032925,2,1.939744973555208,74,20,3,0,10,7.579660791903734,10.318679083138704,2.056776158511638
24465,1514,Éder,Sampdoria,F M S,30,2373,9,7.370070978999138,4,4.413826843723655,83,34,5,0,8,6.608772180974484,10.313982868567107,2.9964037723839283
