,id,player_name,team_title,position,games,time,goals,xG,assists,xA,shots,key_passes,yellow_cards,red_cards,npg,npxG,xGChain,xGBuildup
24466,3361,Éric Bautheac,Lille,D F M S,28,2173,2,5.113229795359075,1,2.658421733416617,53,27,7,0,2,5.113229795359075,6.72130592353642,1.726111532188952
24467,3361,Éric Bautheac,Nice,F M S,35,2588,8,7.635714849457145,5,4.173763867467642,59,44,11,0,5,5.355429481714964,11.316291301511228,4.861088819801807
24468,3361,Éric Bautheac,Lille,F M S,13,739,0,1.7270764857530594,0,1.0211814306676388,17,12,4,0,0,1.7270764857530594,3.746740072965622,1.5934228338301182
