,id,player_name,team_title,position,games,time,goals,xG,assists,xA,shots,key_passes,yellow_cards,red_cards,npg,npxG,xGChain,xGBuildup
24469,3215,Étienne Didot,Guingamp,M S,31,2110,1,0.5919598611071706,1,1.7984477803111076,24,18,4,0,1,0.5919598611071706,5.722883808426559,3.890832019969821
24470,3215,Étienne Didot,Guingamp,M S,23,1644,2,0.6961558889597654,1,0.995133594609797,13,14,4,0,2,0.6961558889597654,4.362052493728697,3.4323009168729186
24471,3215,Étienne Didot,Guingamp,M S,28,2149,1,0.2985124085098505,1,2.2907236721366644,7,36,6,0,1,0.2985124085098505,7.893507223576307,6.713693082332611
24472,3215,Étienne Didot,Toulouse,M S,23,1670,0,0.3599488921463489,2,2.2848959397524595,12,27,1,0,0,0.3599488921463489,7.480048011988401,6.184281013906002
24473,3215,Étienne Didot,Toulouse,M S,20,1284,0,0.7204758282750845,1,2.6449946239590645,16,19,4,0,0,0.7204758282750845,4.797959461808205,3.39860650151968
