,id,player_name,team_title,position,games,time,goals,xG,assists,xA,shots,key_passes,yellow_cards,red_cards,npg,npxG,xGChain,xGBuildup
24480,2403,Íñigo Lekue,Athletic Club,D M S,25,1574,2,1.5077556418254972,1,0.8902585403993726,19,15,1,0,2,1.5077556418254972,4.396517425775528,2.274997822009027
24481,2403,Íñigo Lekue,Athletic Club,D M S,20,1159,1,0.557250490412116,0,0.6849529165774584,11,12,2,0,1,0.557250490412116,2.566440481692553,1.6581157241016626
24482,2403,Íñigo Lekue,Athletic Club,D M S,14,606,0,0.1418586745858192,1,0.7122070658951998,3,8,0,0,0,0.1418586745858192,1.9034800082445145,1.1629140079021454
24483,2403,Íñigo Lekue,Athletic Club,D S,4,207,0,0.0,0,0.0903737545013427,0,2,1,0,0,0.0,0.6757765561342239,0.6111030429601669
24484,2403,Íñigo Lekue,Athletic Club,D S,18,619,0,0.0629566274583339,0,0.303099563345313,2,6,1,0,0,0.0629566274583339,2.225451460108161,1.959633665159345
24485,2403,Íñigo Lekue,Athletic Club,D S,17,1408,0,0.1749152392148971,2,2.236628674902022,7,11,2,0,0,0.1749152392148971,4.359412979334593,3.1738654375076294
24486,2403,Íñigo Lekue,Athletic Club,D M S,32,2100,0,0.4377720393240452,1,1.3289230708032846,18,19,3,0,0,0.4377720393240452,6.496563341468573,5.161228546872735
