,id,player_name,team_title,position,games,time,goals,xG,assists,xA,shots,key_passes,yellow_cards,red_cards,npg,npxG,xGChain,xGBuildup
24494,2435,Óscar Duarte,Levante,D S,8,484,0,0.87296412140131,0,0.0,4,0,0,0,0,0.87296412140131,0.414316494949162,0.414316494949162
24495,2435,Óscar Duarte,Levante,D S,8,636,0,0.2886335905641317,0,0.5642538070678711,4,1,1,0,0,0.2886335905641317,0.3321666270494461,0.3321666270494461
24496,2435,Óscar Duarte,Espanyol,D M S,11,650,0,0.054216886870563,0,0.079510860145092,2,2,0,0,0,0.054216886870563,0.4284852831624448,0.336420179810375
24497,2435,Óscar Duarte,Espanyol,D M S,14,1196,1,1.694784715771675,0,0.0206350162625312,8,1,5,0,1,1.694784715771675,1.234188986942172,1.2135539706796408
24498,2435,Óscar Duarte,Espanyol,D,11,990,0,0.1944603472948074,0,0.0,3,0,1,0,0,0.1944603472948074,1.65961841493845,1.65961841493845
24499,2435,Óscar Duarte,Espanyol,D S,15,1122,0,0.3620168231427669,0,0.0564506314694881,6,2,4,0,0,0.3620168231427669,0.5409356262534857,0.4600210031494498
24500,2435,Óscar Duarte,Levante,D S,29,2060,1,0.8109030541963875,0,0.1332258880138397,7,4,2,0,1,0.8109030541963875,4.881867547519505,4.848113476298749
