,id,player_name,team_title,position,games,time,goals,xG,assists,xA,shots,key_passes,yellow_cards,red_cards,npg,npxG,xGChain,xGBuildup
24,5787,Aaron Leya Iseka,Toulouse,F S,28,1422,4,3.529625207185745,0,0.5149525897577405,30,10,2,1,4,3.529625207185745,4.749482936225832,1.1242149155586958
25,5787,Aaron Leya Iseka,Toulouse,F S,22,746,2,4.959803712554276,0,0.1341658076271414,26,4,2,0,1,3.439613533206284,4.286456558853388,1.8126503797248008
26,5787,Aaron Leya Iseka,Marseille,F M S,8,258,0,0.8345944620668888,2,0.3393292799592018,6,5,0,0,0,0.8345944620668888,2.1113960817456245,1.4298421647399664
27,5787,Aaron Leya Iseka,Metz,F S,21,1015,4,4.396120572462678,0,0.6067585032433271,20,13,4,0,2,2.11590083129704,2.980489572044462,0.3979603382758796
