,id,player_name,team_title,position,games,time,goals,xG,assists,xA,shots,key_passes,yellow_cards,red_cards,npg,npxG,xGChain,xGBuildup
29,6033,Aaron Mooy,Huddersfield,M S,29,2326,3,2.4203277844935656,1,2.7453807536512613,43,43,4,0,2,1.659158946946263,5.216703267768025,3.4816350005567074
30,6033,Aaron Mooy,Brighton,F M S,31,2095,2,2.518191611394286,2,3.749102318659425,33,39,1,1,2,2.518191611394286,8.611672133207321,4.264197509735823
31,6033,Aaron Mooy,Huddersfield,M S,36,3077,4,2.863141803070903,3,4.150494754314423,29,50,4,0,3,2.101972905918956,7.695051764138043,4.615361374802887
