,id,player_name,team_title,position,games,time,goals,xG,assists,xA,shots,key_passes,yellow_cards,red_cards,npg,npxG,xGChain,xGBuildup
64,6623,Abdallah Ndour,Strasbourg,D S,6,374,0,0.0,0,0.17891501262784,0,6,0,1,0,0.0,0.6976941786706448,0.5447546541690826
65,6623,Abdallah Ndour,Strasbourg,D,4,299,0,0.0122101781889796,0,0.0691123493015766,1,2,0,0,0,0.0122101781889796,0.2271801829338073,0.1725711859762668
66,6623,Abdallah Ndour,Strasbourg,D S,5,250,0,0.0,0,0.0688920188695192,0,4,2,1,0,0.0,0.1698989383876323,0.145297884941101
