,id,player_name,team_title,position,games,time,goals,xG,assists,xA,shots,key_passes,yellow_cards,red_cards,npg,npxG,xGChain,xGBuildup
74,6296,Abdelhamid Sabiri,Huddersfield,M S,5,215,0,0.240287309512496,1,0.1478404998779297,5,2,1,0,0,0.240287309512496,0.3436395153403282,0.1260416358709335
75,6296,Abdelhamid Sabiri,Huddersfield,F S,2,51,0,0.0,0,0.0,0,0,0,0,0,0.0,0.0261398684233427,0.0261398684233427
76,6296,Abdelhamid Sabiri,Paderborn,M S,24,1028,4,3.4688776955008507,1,0.2327509671449661,43,7,6,0,3,2.7111009880900383,1.6447699014097452,0.885899268090725
