,id,player_name,team_title,position,games,time,goals,xG,assists,xA,shots,key_passes,yellow_cards,red_cards,npg,npxG,xGChain,xGBuildup
70,2047,Abdelhamid El Kaoutari,Palermo,D,7,630,1,0.5130447745323181,0,0.5992305874824524,1,2,2,0,1,0.5130447745323181,1.115834318101406,1.115834318101406
71,2047,Abdelhamid El Kaoutari,SC Bastia,D S,17,1276,0,0.2001546323299408,0,0.0,1,0,0,1,0,0.2001546323299408,0.3015173058956861,0.3015173058956861
72,2047,Abdelhamid El Kaoutari,Reims,D S,8,644,0,0.1003586947917938,0,0.3432737812399864,2,2,0,0,0,0.1003586947917938,1.523225149139762,1.1799513502046466
73,2047,Abdelhamid El Kaoutari,Montpellier,D,37,3330,0,0.0,1,0.7454322860576212,0,6,3,0,0,0.0,1.8722819648683071,1.7024368308484554
