,id,player_name,team_title,position,games,time,goals,xG,assists,xA,shots,key_passes,yellow_cards,red_cards,npg,npxG,xGChain,xGBuildup
67,3559,Abdel Barrada,Marseille,M S,24,1459,1,4.277647953480482,6,6.545475633814931,26,62,5,2,1,3.517552834004164,9.743599075824022,3.4772149678319693
68,3559,Abdel Barrada,Marseille,M S,9,272,1,1.8595892302691936,0,0.9986433126032352,10,8,0,0,1,1.8595892302691936,3.3467163387686014,0.5891566704958677
