,id,player_name,team_title,position,games,time,goals,xG,assists,xA,shots,key_passes,yellow_cards,red_cards,npg,npxG,xGChain,xGBuildup
128,3674,Abdoulaye Touré,Nantes,M S,34,2747,3,1.696861170232296,1,1.5981350243091583,55,24,4,1,3,1.696861170232296,8.5914416462183,5.7793945372104645
129,3674,Abdoulaye Touré,Genoa,M S,8,448,0,0.1236350182443857,0,0.0774196907877922,4,2,1,0,0,0.1236350182443857,0.5355322007089853,0.3444582866504788
130,3674,Abdoulaye Touré,Nantes,M S,29,1685,2,2.369645449332893,2,1.6854736916720867,27,14,2,0,1,1.6096159545704722,4.266120103187859,2.8490459881722927
131,3674,Abdoulaye Touré,Nantes,M S,36,2815,1,1.3296426367014649,1,0.933612920343876,41,20,3,0,1,1.3296426367014649,6.921478335745633,5.520483206026256
132,3674,Abdoulaye Touré,Nantes,M S,4,202,0,0.0320436367765069,0,0.3756896331906318,2,3,0,0,0,0.0320436367765069,0.6791677325963974,0.606742687523365
133,3674,Abdoulaye Touré,Nantes,M S,12,357,0,0.0811272133141756,0,0.0825665621086955,3,2,1,0,0,0.0811272133141756,0.4257534863427281,0.2883055405691266
134,3674,Abdoulaye Touré,Nantes,M S,27,2223,3,2.5462184147909284,0,1.0648552905768156,34,17,3,0,1,1.0260281236842277,6.638783713802695,5.639008138328791
