,id,player_name,team_title,position,games,time,goals,xG,assists,xA,shots,key_passes,yellow_cards,red_cards,npg,npxG,xGChain,xGBuildup
101,4154,Abdoulaye Ba,Rayo Vallecano,D S,26,2114,1,1.140316791832447,0,0.0864758193492889,9,2,4,2,1,1.140316791832447,3.541260600090027,3.277739278972149
102,4154,Abdoulaye Ba,Rayo Vallecano,D,20,1619,0,0.8641428221017122,0,0.0457682572305202,8,3,10,0,0,0.8641428221017122,1.4131896146573126,1.4004070707596838
