,id,player_name,team_title,position,games,time,goals,xG,assists,xA,shots,key_passes,yellow_cards,red_cards,npg,npxG,xGChain,xGBuildup
181,1838,Achraf Lazaar,Palermo,D M S,29,2203,2,1.4213403249159455,3,2.791250286623836,30,21,2,0,2,1.4213403249159455,8.79511508718133,6.408137362450361
182,1838,Achraf Lazaar,Benevento,D M S,9,482,1,0.2375860372558236,0,0.1149324867874383,7,2,0,0,1,0.2375860372558236,0.7887284876778722,0.4644153276458382
183,1838,Achraf Lazaar,Palermo,D M S,30,2293,1,0.4792143143713474,2,2.398789146915078,28,21,2,1,1,0.4792143143713474,7.156555995345116,5.58102488797158
