,id,player_name,team_title,position,games,time,goals,xG,assists,xA,shots,key_passes,yellow_cards,red_cards,npg,npxG,xGChain,xGBuildup
213,6176,Adam Marusic,Lazio,D S,32,2534,3,3.434338108636439,5,3.1956545393913984,39,36,3,1,3,3.434338108636439,12.824133560061457,7.420294187963009
214,6176,Adam Marusic,Lazio,D S,13,1024,0,0.0139121515676379,0,0.0,1,0,3,0,0,0.0139121515676379,1.4781469209119678,1.4642347693443298
215,6176,Adam Marusic,Lazio,D S,15,939,2,1.8046370893716808,1,0.656759588047862,11,7,3,0,2,1.8046370893716808,3.7899394389241934,1.9758537970483303
216,6176,Adam Marusic,Lazio,D M S,26,2120,1,0.9831663109362124,1,1.3395169451832771,16,22,2,1,1,0.9831663109362124,6.279066447168589,4.590111721307039
217,6176,Adam Marusic,Lazio,D S,36,2963,2,2.182736692018807,3,1.755148314405233,27,29,2,0,2,2.182736692018807,12.361069221049547,9.413664124906065
