,id,player_name,team_title,position,games,time,goals,xG,assists,xA,shots,key_passes,yellow_cards,red_cards,npg,npxG,xGChain,xGBuildup
249,4703,Adama Niane,Troyes,F S,33,2160,8,11.085378038696945,2,1.118271254003048,74,17,6,0,6,9.56518770288676,11.70372589211911,1.867544285953045
250,4703,Adama Niane,Nantes,S,3,59,0,0.0,1,0.0768733993172645,0,2,0,0,0,0.0,0.0768733993172645,0.0
