,id,player_name,team_title,position,games,time,goals,xG,assists,xA,shots,key_passes,yellow_cards,red_cards,npg,npxG,xGChain,xGBuildup
297,7980,Adil Aouchiche,Saint-Etienne,F M S,34,1770,2,3.0424859691411257,5,5.370439060032368,26,59,2,0,2,3.0424859691411257,8.555581456050277,2.251030882820487
298,7980,Adil Aouchiche,Paris Saint Germain,M,1,67,0,0.0,0,0.0,0,0,0,0,0,0.0,0.0990420654416084,0.0990420654416084
299,7980,Adil Aouchiche,Saint-Etienne,F M S,16,489,0,0.3012754991650581,1,0.5557780293747783,8,4,2,0,0,0.3012754991650581,1.141640112735331,0.8498434890061617
