,id,player_name,team_title,position,games,time,goals,xG,assists,xA,shots,key_passes,yellow_cards,red_cards,npg,npxG,xGChain,xGBuildup
352,1363,Adrian Stoian,Crotone,F M S,27,1564,3,0.5879271738231182,2,1.5502873919904232,19,27,3,0,3,0.5879271738231182,4.058735741302371,3.1444874424487352
353,1363,Adrian Stoian,Crotone,F M S,32,2167,2,1.630784196779132,4,2.150544560048729,19,19,5,0,2,1.630784196779132,6.112354473210871,3.312154001556337
