,id,player_name,team_title,position,games,time,goals,xG,assists,xA,shots,key_passes,yellow_cards,red_cards,npg,npxG,xGChain,xGBuildup
421,2166,Adrián Embarba,Espanyol,F M,17,1380,0,2.155981926247477,2,2.2282760851085186,32,29,2,0,0,2.155981926247477,4.701390847563744,1.707698330283165
422,2166,Adrián Embarba,Rayo Vallecano,D F M S,36,2294,5,6.649870955385268,6,5.809793941676617,49,53,3,1,2,4.420683256350458,9.816613756120203,3.210052503272891
423,2166,Adrián Embarba,Rayo Vallecano,M S,14,830,3,1.3547231331467628,3,1.1646331455558538,22,11,1,0,3,1.3547231331467628,3.133768193423748,1.284038543701172
424,2166,Adrián Embarba,Espanyol,F M S,18,1413,2,3.419353091157973,4,3.009330589324236,39,25,4,0,1,2.676075481809676,4.606395679526031,0.6482294024899602
425,2166,Adrián Embarba,Rayo Vallecano,M S,28,1838,2,3.618259845301509,5,4.001427861861885,41,32,5,0,2,3.618259845301509,9.637822151184082,2.672396356239915
