,id,player_name,team_title,position,games,time,goals,xG,assists,xA,shots,key_passes,yellow_cards,red_cards,npg,npxG,xGChain,xGBuildup
372,3213,Adrien Regattin,Toulouse,F M S,34,1500,1,1.2066038455814123,4,4.317061632871628,33,39,5,0,1,1.2066038455814123,5.751980613917112,2.974355457350612
373,3213,Adrien Regattin,Toulouse,F M S,34,1700,3,1.923590010032057,5,3.647846598178148,36,50,3,0,2,1.1634948905557394,3.826382009312512,1.4760267417877913
