,id,player_name,team_title,position,games,time,goals,xG,assists,xA,shots,key_passes,yellow_cards,red_cards,npg,npxG,xGChain,xGBuildup
434,324,Adrián Ramos,Granada,F S,14,1133,4,2.524500526487828,1,0.7519190479069948,22,16,4,0,4,2.524500526487828,3.783663537353277,0.9991553593426944
435,324,Adrián Ramos,Granada,F M S,7,208,0,0.2909510135650635,0,0.6368184797465801,6,2,0,0,0,0.2909510135650635,0.3418400958180427,0.0249119643121957
436,324,Adrián Ramos,Borussia Dortmund,F S,18,707,2,2.958767514675856,2,1.453199926763773,19,17,0,0,2,2.958767514675856,5.211286336183548,1.518416404724121
437,324,Adrián Ramos,Borussia Dortmund,F M S,27,926,9,8.745113225653768,4,2.168009608983993,37,12,0,0,9,8.745113225653768,12.316563753411174,2.6578192487359047
438,324,Adrián Ramos,Borussia Dortmund,F S,7,356,2,1.151927849277854,1,1.3381489682942629,12,5,2,0,2,1.151927849277854,3.308837309479713,1.4292181096971035
