,id,player_name,team_title,position,games,time,goals,xG,assists,xA,shots,key_passes,yellow_cards,red_cards,npg,npxG,xGChain,xGBuildup
344,524,Adrian Mariappa,Watford,D S,26,1921,0,1.386547114700079,0,0.6989378873258829,7,5,3,0,0,1.386547114700079,3.5183895993977785,3.412798546254635
345,524,Adrian Mariappa,Watford,D S,7,556,0,0.1235713213682174,0,0.0842455849051475,2,1,0,0,0,0.1235713213682174,0.466404365375638,0.466404365375638
346,524,Adrian Mariappa,Crystal Palace,D S,12,838,0,0.0,0,0.0643958961591124,0,3,3,0,0,0.0,0.9081684183329344,0.8679079189896584
347,524,Adrian Mariappa,Watford,D S,20,1503,0,0.1671658717095852,0,0.2478996850550174,3,4,4,1,0,0.1671658717095852,2.853157596662641,2.560190767981112
348,524,Adrian Mariappa,Watford,D S,28,2208,0,0.6159526323899627,0,0.1439170092344284,10,4,4,0,0,0.6159526323899627,1.89022261556238,1.7313863644376395
349,524,Adrian Mariappa,Crystal Palace,D,3,256,0,0.0,0,0.0,0,0,0,0,0,0.0,0.061901319772005,0.061901319772005
