,id,player_name,team_title,position,games,time,goals,xG,assists,xA,shots,key_passes,yellow_cards,red_cards,npg,npxG,xGChain,xGBuildup
440,2410,Aduriz,Athletic Club,F S,20,938,2,3.643504796549678,0,0.5154990665614605,19,8,5,0,0,2.157077459618449,2.866382356733084,0.9511931892484426
441,2410,Aduriz,Athletic Club,F S,31,2586,18,16.696459168568254,4,4.446755584329367,88,17,12,0,13,12.980456495657563,15.038968643173575,0.9233695920556784
442,2410,Aduriz,Athletic Club,F S,32,2464,16,15.069717222824693,1,1.627039710059762,85,24,8,1,11,11.353329183533788,13.694360074587166,2.1255903067067266
443,2410,Aduriz,Athletic Club,F S,33,2137,9,11.44209317676723,1,1.5712408758699894,62,11,5,0,6,7.7258328925818205,8.600984416902065,1.028167838230729
444,2410,Aduriz,Athletic Club,F S,34,2777,20,20.721571322530508,6,4.22144285403192,93,33,9,0,17,17.005183275789022,18.22983307763934,2.527868362143636
445,2410,Aduriz,Athletic Club,S,14,180,1,1.2895723208785057,0,0.0,7,0,3,0,1,0.5462947115302086,0.7676871716976166,0.3689823448657989
