,id,player_name,team_title,position,games,time,goals,xG,assists,xA,shots,key_passes,yellow_cards,red_cards,npg,npxG,xGChain,xGBuildup
470,7309,Ahmed Kutucu,Schalke 04,F S,13,406,2,1.383915277197957,0,0.0801764447242021,13,2,0,0,2,1.383915277197957,2.15195426158607,0.735627569258213
471,7309,Ahmed Kutucu,Schalke 04,F S,25,636,3,1.7219039173796773,2,0.3196637853980064,16,6,2,0,3,1.7219039173796773,3.060826633125544,1.1334402561187744
472,7309,Ahmed Kutucu,Schalke 04,S,7,94,0,0.0593375004827976,0,0.0,1,0,1,0,0,0.0593375004827976,0.1375496722757816,0.078212171792984
