,id,player_name,team_title,position,games,time,goals,xG,assists,xA,shots,key_passes,yellow_cards,red_cards,npg,npxG,xGChain,xGBuildup
473,1681,Ahmed Musa,CSKA Moscow,F M,30,2691,13,13.945871690288186,5,5.760069610551,77,40,2,0,13,13.945871690288186,22.492640836164355,7.887219469062984
474,1681,Ahmed Musa,CSKA Moscow,F M S,30,2443,10,9.764398930594323,7,4.788375694304705,60,30,0,0,10,9.764398930594323,16.518304714933038,3.0697173289954662
475,1681,Ahmed Musa,CSKA Moscow,F,10,863,6,5.304265093058348,3,2.1735345302149653,28,16,0,0,6,5.304265093058348,7.894658014178276,2.527996614575386
476,1681,Ahmed Musa,Leicester,F M S,21,733,2,1.405959731899202,0,1.2148567140102386,17,7,1,0,2,1.405959731899202,3.768954928964376,1.5175208933651447
