,id,player_name,team_title,position,games,time,goals,xG,assists,xA,shots,key_passes,yellow_cards,red_cards,npg,npxG,xGChain,xGBuildup
485,6086,Ailton,VfB Stuttgart,D S,5,101,0,0.0110205616801977,0,0.1085434295237064,1,2,0,0,0,0.0110205616801977,0.1623098291456699,0.0891317445784807
486,4556,Ailton,FK Akhmat,F M S,30,2288,5,6.194959313608706,0,1.292721500620246,65,23,2,0,5,6.194959313608706,7.325155121274292,1.8111900594085453
