,id,player_name,team_title,position,games,time,goals,xG,assists,xA,shots,key_passes,yellow_cards,red_cards,npg,npxG,xGChain,xGBuildup
489,1750,Ainsley Maitland-Niles,Arsenal,S,1,1,0,0.0,0,0.0,0,0,0,0,0,0.0,0.0,0.0
490,1750,Ainsley Maitland-Niles,Arsenal,S,1,1,0,0.0,0,0.0,0,0,0,0,0,0.0,0.0,0.0
491,1750,Ainsley Maitland-Niles,"Arsenal,West Bromwich Albion",D M S,26,1719,0,0.7961910218000412,0,0.8219911437481642,12,6,2,0,0,0.7961910218000412,5.96847414970398,5.051884198561311
492,1750,Ainsley Maitland-Niles,Arsenal,D M S,15,908,0,0.2005000337958336,0,0.9780504535883664,5,8,1,0,0,0.2005000337958336,5.208636939525604,4.680094178766012
493,1750,Ainsley Maitland-Niles,Arsenal,M S,8,251,0,0.0297201536595821,0,0.2273628115653991,2,3,0,0,0,0.0297201536595821,0.6360603049397469,0.3890685737133026
494,1750,Ainsley Maitland-Niles,Arsenal,D S,20,1372,0,0.5084081329405308,2,1.646096371114254,4,11,4,1,0,0.5084081329405308,5.156503319740295,3.5671489369124174
495,1750,Ainsley Maitland-Niles,Arsenal,D M S,16,976,1,1.015497848391533,1,1.0627503618597984,5,6,1,1,1,1.015497848391533,4.286456955596805,2.369579939171672
