,id,player_name,team_title,position,games,time,goals,xG,assists,xA,shots,key_passes,yellow_cards,red_cards,npg,npxG,xGChain,xGBuildup
497,3237,Aissa Mandi,Real Betis,D S,28,2399,3,2.494701727293432,1,1.024602636694908,8,4,4,2,3,2.494701727293432,3.886249611154199,3.839710230007768
498,3237,Aissa Mandi,Reims,D,32,2805,6,4.306020660325885,2,2.567176440730691,22,22,3,0,6,4.306020660325885,6.967836696654558,5.067039135843515
499,3237,Aissa Mandi,Reims,D,32,2862,5,4.269352248869836,1,0.6496742386370897,20,4,3,1,5,4.269352248869836,6.277340805158019,5.379710553213954
500,3237,Aissa Mandi,Real Betis,D,34,3025,1,3.825910361483693,0,0.1960281003266573,14,4,9,1,1,3.825910361483693,8.835080624558032,8.23309868760407
501,3237,Aissa Mandi,Villarreal,D,8,720,1,1.041806399822235,0,0.0207858365029096,5,1,2,0,1,1.041806399822235,2.834827095270157,2.7958632707595825
502,3237,Aissa Mandi,Real Betis,D M S,26,2219,2,1.0609804149717093,1,0.2688904292881489,13,4,4,0,2,1.0609804149717093,5.329249490052462,4.9401890356093645
503,3237,Aissa Mandi,Real Betis,D,29,2584,0,2.1226028483361006,0,0.5948308352380991,11,7,9,0,0,2.1226028483361006,7.263818696141243,7.017448017373681
504,3237,Aissa Mandi,Real Betis,D S,35,3063,1,0.4815003424882889,1,1.7020000740885737,6,16,10,0,1,0.4815003424882889,11.6775004863739,11.126722367480395
