,id,player_name,team_title,position,games,time,goals,xG,assists,xA,shots,key_passes,yellow_cards,red_cards,npg,npxG,xGChain,xGBuildup
506,4193,Aitor Fern치ndez,Levante,GK,9,809,0,0.0,0,0.0,0,0,0,1,0,0.0,0.9267299510538578,0.9267299510538578
507,4193,Aitor Fern치ndez,Levante,GK,16,1440,0,0.0,0,0.1408799737691879,0,1,0,0,0,0.0,1.83090228587389,1.690022312104702
508,4193,Aitor Fern치ndez,Levante,GK,29,2610,0,0.0,0,0.0,0,0,0,0,0,0.0,3.335666256025433,3.335666256025433
509,4193,Aitor Fern치ndez,Levante,GK,36,3240,0,0.0,0,0.0729064270853996,0,1,2,0,0,0.0,3.221784340217709,3.14887791313231
