,id,player_name,team_title,position,games,time,goals,xG,assists,xA,shots,key_passes,yellow_cards,red_cards,npg,npxG,xGChain,xGBuildup
518,2613,Aketxe,Athletic Club,M S,8,295,1,0.4303576201200485,1,0.9091667011380196,6,7,1,0,1,0.4303576201200485,1.7464651949703691,0.6495258659124374
519,2613,Aketxe,Athletic Club,S,3,34,0,0.0660632606595754,0,0.0,2,0,1,0,0,0.0660632606595754,0.2653521541506052,0.1992888897657394
520,2613,Aketxe,Athletic Club,M S,3,186,0,0.1814782172441482,0,0.0247103963047266,4,2,0,0,0,0.1814782172441482,0.5745392926037312,0.530444398522377
