,id,player_name,team_title,position,games,time,goals,xG,assists,xA,shots,key_passes,yellow_cards,red_cards,npg,npxG,xGChain,xGBuildup
530,3465,Alain Traoré,"Lorient,Monaco",S,4,72,0,0.0437501203268766,0,0.0,2,0,0,0,0,0.0437501203268766,0.420451944693923,0.3767018243670463
531,3465,Alain Traoré,Lorient,S,3,30,0,0.0209105163812637,0,0.0,1,0,0,0,0,0.0209105163812637,0.0370404571294784,0.0161299426108598
