,id,player_name,team_title,position,games,time,goals,xG,assists,xA,shots,key_passes,yellow_cards,red_cards,npg,npxG,xGChain,xGBuildup
548,2893,Alan Kasaev,Lokomotiv Moscow,M S,24,1777,3,2.27663451526314,2,2.483758050948381,35,34,2,0,3,2.27663451526314,5.394716641865671,2.188693135045469
549,2893,Alan Kasaev,Lokomotiv Moscow,M S,26,1637,3,2.4526684088632464,1,1.9587444039061663,26,23,3,0,3,2.4526684088632464,4.107185918837786,1.52662555873394
550,2893,Alan Kasaev,Lokomotiv Moscow,M S,2,55,0,0.0,0,0.0,0,0,0,0,0,0.0,0.0,0.0
551,2893,Alan Kasaev,Lokomotiv Moscow,F M S,18,789,1,0.8584454897791147,2,0.8586285309866071,11,6,0,0,1,0.8584454897791147,2.6742932703346014,1.1863101851195097
