,id,player_name,team_title,position,games,time,goals,xG,assists,xA,shots,key_passes,yellow_cards,red_cards,npg,npxG,xGChain,xGBuildup
562,3201,Alban Lafont,Toulouse,GK,24,2146,0,0.0,0,0.0,0,0,0,0,0,0.0,1.5656594038009644,1.5656594038009644
563,3201,Alban Lafont,Toulouse,GK,38,3420,0,0.0744121894240379,0,0.0196662582457065,1,1,3,0,0,0.0744121894240379,1.627562423236668,1.6078961649909616
564,3201,Alban Lafont,Nantes,GK,18,1620,0,0.0,0,0.0,0,0,1,0,0,0.0,0.9745633639395236,0.9745633639395236
565,3201,Alban Lafont,Nantes,GK,38,3420,0,0.0,0,0.0,0,0,2,0,0,0.0,2.799903593957424,2.799903593957424
566,3201,Alban Lafont,Nantes,GK,27,2430,0,0.0,0,0.0,0,0,3,0,0,0.0,1.4290720578283072,1.4290720578283072
567,3201,Alban Lafont,Fiorentina,GK,34,3016,0,0.0,0,0.273568969219923,0,3,2,0,0,0.0,2.7437520073726773,2.498350863344968
568,3201,Alban Lafont,Toulouse,GK,36,3240,0,0.0,0,0.0186038147658109,0,1,5,0,0,0.0,1.624957725405693,1.606353910639882
