,id,player_name,team_title,position,games,time,goals,xG,assists,xA,shots,key_passes,yellow_cards,red_cards,npg,npxG,xGChain,xGBuildup
603,1552,Alberto Gilardino,Palermo,F S,33,2362,10,8.964193094521761,2,1.8191700791940093,49,20,4,0,10,8.964193094521761,11.427051566541197,2.553970536217093
604,1552,Alberto Gilardino,"Empoli,Pescara",F S,17,689,0,1.315916996449232,0,1.1704059094190598,9,6,2,0,0,1.315916996449232,2.4801494609564543,0.3495287057012319
605,1552,Alberto Gilardino,Fiorentina,F S,14,790,4,3.3208478912711143,2,0.5125114545226097,16,11,0,0,4,3.3208478912711143,4.689921677112579,1.7040402628481388
