,id,player_name,team_title,position,games,time,goals,xG,assists,xA,shots,key_passes,yellow_cards,red_cards,npg,npxG,xGChain,xGBuildup
614,2486,Alberto Lopo,Deportivo La Coruna,D S,10,735,0,0.5024355975911021,0,0.0191106628626585,4,1,5,0,0,0.5024355975911021,1.847360791638493,1.346049178391695
615,2486,Alberto Lopo,Deportivo La Coruna,D,30,2676,2,0.6388669107109308,0,0.3005365021526813,10,2,14,1,2,0.6388669107109308,1.7876877207309008,1.6408617813140154
