,id,player_name,team_title,position,games,time,goals,xG,assists,xA,shots,key_passes,yellow_cards,red_cards,npg,npxG,xGChain,xGBuildup
660,1352,Aleandro Rosi,Frosinone,D S,27,2161,0,0.6136053595691919,0,1.002229387871921,15,14,6,0,0,0.6136053595691919,4.082023430615664,3.1426278855651617
661,1352,Aleandro Rosi,Crotone,D M S,31,2564,1,2.000747068785131,1,1.4933300130069256,16,16,12,0,1,2.000747068785131,4.010024470277131,2.7076077926903963
662,1352,Aleandro Rosi,Genoa,D M S,24,1716,0,0.6590696657076478,1,0.6228390410542488,12,8,5,0,0,0.6590696657076478,3.8381105214357376,3.013533592224121
663,1352,Aleandro Rosi,"Fiorentina,Genoa",D M S,11,540,0,0.3270941115915775,0,0.1248130500316619,6,3,1,0,0,0.3270941115915775,0.94323736615479,0.5361514538526535
