,id,player_name,team_title,position,games,time,goals,xG,assists,xA,shots,key_passes,yellow_cards,red_cards,npg,npxG,xGChain,xGBuildup
688,7604,Alejandro Catena,Rayo Vallecano,D,2,178,0,0.1381852179765701,0,0.0,3,0,1,0,0,0.1381852179765701,0.6171621009707451,0.6171621009707451
689,7604,Alejandro Catena,Rayo Vallecano,D,17,1530,0,0.4966706279665231,1,0.600206783041358,8,5,3,0,0,0.4966706279665231,3.987513971515,3.92043171543628
