,id,player_name,team_title,position,games,time,goals,xG,assists,xA,shots,key_passes,yellow_cards,red_cards,npg,npxG,xGChain,xGBuildup
1009,6774,Aleksey Sutormin,Zenit St. Petersburg,D S,16,648,3,2.463739976286888,1,1.1437080092728138,8,9,2,0,0,0.2009140104055404,4.621223524212837,3.702286668121815
1010,6774,Aleksey Sutormin,Zenit St. Petersburg,D M S,24,966,3,3.0408673528581858,1,1.2496868697926402,22,12,2,0,3,3.0408673528581858,7.1240922305732965,3.825052246451378
1011,6774,Aleksey Sutormin,FC Orenburg,D F M,29,2522,8,4.708790697157383,1,4.25337924528867,55,33,7,0,6,3.2002400644123554,9.11220608279109,2.786081805825233
1012,6774,Aleksey Sutormin,Zenit St. Petersburg,D F M S,26,941,3,1.5180425653234124,4,2.3316878899931908,22,27,3,0,3,1.5180425653234124,8.54393407702446,6.014573875814676
