,id,player_name,team_title,position,games,time,goals,xG,assists,xA,shots,key_passes,yellow_cards,red_cards,npg,npxG,xGChain,xGBuildup
1001,4542,Aleksey Pugin,Torpedo Moscow,M S,19,807,3,2.856219361536205,0,0.6976276617497206,16,10,0,0,3,2.856219361536205,4.24658783338964,0.862016212195158
1002,4542,Aleksey Pugin,Tom Tomsk,F M S,21,1809,4,1.869319179095328,2,1.173697229474783,31,12,2,1,4,1.869319179095328,4.818211179226637,1.9229987924918528
