,id,player_name,team_title,position,games,time,goals,xG,assists,xA,shots,key_passes,yellow_cards,red_cards,npg,npxG,xGChain,xGBuildup
788,7639,Aleksandr Dolgov,Khimki,F S,9,338,2,0.8515129741281271,0,0.085759175941348,10,2,0,0,2,0.8515129741281271,1.1616077348589895,0.7005345188081264
789,7639,Aleksandr Dolgov,FC Rostov,M S,15,154,0,0.6043691001832485,0,0.0315851233899593,4,2,4,0,0,0.6043691001832485,0.7676328932866454,0.1427273666486144
790,7639,Aleksandr Dolgov,"FC Rostov,Khimki",F M S,11,222,1,0.4275226406753063,1,0.445538230240345,4,2,1,0,1,0.4275226406753063,0.9686343632638454,0.2037888746708631
