,id,player_name,team_title,position,games,time,goals,xG,assists,xA,shots,key_passes,yellow_cards,red_cards,npg,npxG,xGChain,xGBuildup
925,2826,Aleksandr Zuev,FC Rostov,F M S,25,870,1,1.1003236956894398,2,1.1818026956170795,20,17,2,0,1,1.1003236956894398,2.1766624227166176,0.585558483377099
926,2826,Aleksandr Zuev,Spartak Moscow,S,2,20,0,0.0,0,0.0,0,0,0,0,0,0.0,0.0,0.0
927,2826,Aleksandr Zuev,Spartak Moscow,M S,14,318,0,0.2738610301166773,1,0.670957937836647,5,5,1,0,0,0.2738610301166773,2.3608711808919907,1.474945335648954
928,2826,Aleksandr Zuev,"Krylya Sovetov Samara,Spartak Moscow",F M S,17,914,0,2.201978919096291,2,1.160081246867776,33,16,1,0,0,2.201978919096291,4.061392206698656,1.785155976191163
929,2826,Aleksandr Zuev,FC Rostov,F M S,22,906,1,3.3968497812747955,1,0.5498076397925615,24,16,4,0,1,3.3968497812747955,4.7502948036417365,1.8757969671860333
930,2826,Aleksandr Zuev,Rubin Kazan,D F M S,23,1093,0,0.3828458990901708,0,1.2635548831894994,9,11,7,0,0,0.3828458990901708,2.962879229336977,1.894877644255757
931,2826,Aleksandr Zuev,Rubin Kazan,D S,6,412,0,0.383912906050682,0,0.0359110748395323,2,2,3,0,0,0.383912906050682,1.4965970441699028,1.112684153020382
932,2826,Aleksandr Zuev,"FC Rostov,Rubin Kazan",D M S,24,1614,1,1.18343823030591,1,1.1521037872880695,17,21,3,1,1,1.18343823030591,4.562634977512062,2.415908328257501
