,id,player_name,team_title,position,games,time,goals,xG,assists,xA,shots,key_passes,yellow_cards,red_cards,npg,npxG,xGChain,xGBuildup
977,2751,Aleksey Ionov,FC Krasnodar,F M S,14,988,1,1.4445324018597605,2,2.525944873690605,14,21,0,0,1,1.4445324018597605,6.819542195647955,4.001758120954037
978,2751,Aleksey Ionov,"FC Krasnodar,FC Rostov",D F M S,28,2199,5,4.014265574514866,5,3.4919646065682173,20,35,3,0,4,3.2599902227520943,9.641835430637002,4.21669505815953
979,2751,Aleksey Ionov,Dinamo Moscow,F M S,29,2053,9,5.922501342371106,2,3.750010784715414,35,33,2,0,9,5.922501342371106,11.41187246888876,3.827038798481226
980,2751,Aleksey Ionov,CSKA Moscow,F M S,24,1447,3,3.0362311247736216,3,2.611622391268611,17,31,0,0,3,3.0362311247736216,7.001043213531375,1.7007666025310757
981,2751,Aleksey Ionov,FC Rostov,F M,25,2145,6,5.3355370331555605,7,8.088481211103499,33,59,0,0,6,4.58126169256866,14.225589632987976,4.190486621111631
982,2751,Aleksey Ionov,"Dinamo Moscow,FC Rostov",F M S,26,1863,5,4.891930736601353,2,1.2961558438837528,23,26,2,0,4,4.137655414640904,5.90991098061204,1.459262719377875
983,2751,Aleksey Ionov,Dinamo Moscow,F M S,29,2553,4,3.819015121087432,2,6.950135753490031,23,72,2,0,2,2.310465987771749,7.899254003539681,1.7332943389192224
984,2751,Aleksey Ionov,FC Rostov,F M S,25,1646,6,4.613530125468969,1,1.0584932686761022,20,14,1,0,3,2.3507055900990963,5.10067144036293,1.951862865127623
