,id,player_name,team_title,position,games,time,goals,xG,assists,xA,shots,key_passes,yellow_cards,red_cards,npg,npxG,xGChain,xGBuildup
758,2724,Aleksandr Belenov,Kuban Krasnodar,GK,30,2700,0,0.0,0,0.2486694604158401,0,1,2,0,0,0.0,1.6034874822944405,1.3548180218786
759,2724,Aleksandr Belenov,FC Ufa,GK,18,1620,0,0.0,0,0.0,0,0,1,0,0,0.0,0.5755839524790645,0.5755839524790645
760,2724,Aleksandr Belenov,FC Ufa,GK,29,2610,0,0.0408861860632896,0,0.052185796201229,1,1,2,0,0,0.0408861860632896,3.243409084156156,3.191223280504346
761,2724,Aleksandr Belenov,FC Ufa,GK,30,2700,0,0.0,0,0.0261865481734275,0,1,3,0,0,0.0,1.296552699059248,1.2703661508858204
762,2724,Aleksandr Belenov,FC Ufa,GK,29,2610,0,0.0,0,0.0283386092633008,0,1,1,0,0,0.0,1.0377629343420267,1.0094243250787258
763,2724,Aleksandr Belenov,Kuban Krasnodar,GK,29,2598,0,0.0,0,0.2155332118272781,0,1,1,1,0,0.0,2.0270152408629656,1.811482029035688
764,2724,Aleksandr Belenov,FC Ufa,GK,26,2340,0,0.0,0,0.0222356114536523,0,1,3,0,0,0.0,0.7629707274027169,0.7407351140864193
765,2724,Aleksandr Belenov,"Anzhi Makhachkala,FC Ufa",GK,27,2430,0,0.0,0,0.01763934828341,0,1,1,0,0,0.0,1.5171340238302946,1.4994946755468843
