,id,player_name,team_title,position,games,time,goals,xG,assists,xA,shots,key_passes,yellow_cards,red_cards,npg,npxG,xGChain,xGBuildup
806,2960,Aleksandr Filin,FC Tambov,D S,9,724,0,0.2839944809675216,0,0.0568522214889526,5,1,5,0,0,0.2839944809675216,0.2307599699124694,0.209460443817079
807,2960,Aleksandr Filin,Khimki,D,15,1251,0,0.8678379217162728,0,0.2401755694299936,8,6,3,0,0,0.8678379217162728,1.652471149340272,1.381307978183031
808,2960,Aleksandr Filin,FC Ufa,D,1,65,0,0.0,0,0.0,0,0,0,0,0,0.0,0.0,0.0
809,2960,Aleksandr Filin,Khimki,D,16,1440,0,0.0,0,0.0752059463411569,0,2,3,0,0,0.0,1.4051306825131178,1.3822879400104284
