,id,player_name,team_title,position,games,time,goals,xG,assists,xA,shots,key_passes,yellow_cards,red_cards,npg,npxG,xGChain,xGBuildup
791,7669,Aleksandr Dovbnya,Arsenal Tula,S,2,19,0,0.0,0,0.0,0,0,0,0,0,0.0,0.0,0.0
792,7669,Aleksandr Dovbnya,Arsenal Tula,D S,13,997,0,0.1976643279194831,0,0.5780014675110579,4,3,4,1,0,0.1976643279194831,2.315152045339346,2.259172109887004
793,5911,Aleksandr Dovbnya,FC Rotor Volgograd,GK,6,540,0,0.0,0,0.0,0,0,0,0,0,0.0,0.0950465109199285,0.0950465109199285
794,7669,Aleksandr Dovbnya,Arsenal Tula,D S,5,403,0,0.0123376427218317,0,0.0786438360810279,1,2,0,0,0,0.0123376427218317,0.3273352682590484,0.3040128648281097
795,5911,Aleksandr Dovbnya,FC Orenburg,GK,5,450,0,0.0,0,0.0,0,0,1,0,0,0.0,0.3723920248448849,0.3723920248448849
796,5911,Aleksandr Dovbnya,SKA-Khabarovsk,GK S,26,2310,0,0.0,0,0.0687369983643293,0,2,3,0,0,0.0,1.9647094514220955,1.895972449332476
797,5911,Aleksandr Dovbnya,FC Orenburg,GK,8,720,0,0.0,0,0.0,0,0,1,0,0,0.0,0.064210451208055,0.064210451208055
