,id,player_name,team_title,position,games,time,goals,xG,assists,xA,shots,key_passes,yellow_cards,red_cards,npg,npxG,xGChain,xGBuildup
947,5382,Aleksei Gasilin,Amkar,F S,13,573,0,1.2768586948513985,2,0.7541385698132217,13,7,1,0,0,1.2768586948513985,2.26516912644729,0.433172907680273
948,5382,Aleksei Gasilin,Amkar,F S,6,165,0,0.0280595328658819,0,0.0922074317932128,1,1,1,0,0,0.0280595328658819,0.139268098399043,0.0190011356025934
