,id,player_name,team_title,position,games,time,goals,xG,assists,xA,shots,key_passes,yellow_cards,red_cards,npg,npxG,xGChain,xGBuildup
727,621,Aleksandar Kolarov,Roma,D M S,33,2904,8,4.579897518269718,2,6.509762095287442,42,57,6,1,5,2.2960409494116902,13.935706302523611,9.387654583901169
728,621,Aleksandar Kolarov,Inter,S,2,26,0,0.0130424816161394,0,0.0,1,0,0,0,0,0.0130424816161394,0.5067071728408337,0.4936646893620491
729,621,Aleksandar Kolarov,Inter,D S,7,384,0,0.1070281825959682,1,1.3366777375340462,6,6,0,0,0,0.1070281825959682,4.709816046059132,4.309670098125935
730,621,Aleksandar Kolarov,Manchester City,D S,21,1483,2,1.06229408364743,3,1.7350505460053682,27,23,4,0,2,1.06229408364743,6.375884652137756,5.42341589089483
731,621,Aleksandar Kolarov,Manchester City,D S,29,2282,3,2.389819035306573,3,2.8848050395026803,39,38,3,0,3,1.628650197759271,8.196383122354746,6.37813544087112
732,621,Aleksandar Kolarov,Manchester City,D S,29,2532,1,1.0232503293082118,1,1.0573667604476211,32,15,6,0,1,1.0232503293082118,13.291692957282066,12.658338762819769
733,621,Aleksandar Kolarov,Roma,D S,32,2728,7,6.698402121663094,4,4.556031825020909,72,56,6,0,5,3.653328262269497,17.20680983364582,13.999753987416623
734,621,Aleksandar Kolarov,Roma,D S,35,3065,2,2.5978794991970062,8,9.265611148439348,63,79,3,0,2,2.5978794991970062,15.716226130723951,10.095821120776236
