,id,player_name,team_title,position,games,time,goals,xG,assists,xA,shots,key_passes,yellow_cards,red_cards,npg,npxG,xGChain,xGBuildup
875,2824,Aleksandr Putsko,FC Ufa,D,17,1518,0,0.1370181180536747,0,0.050903252325952,5,2,1,0,0,0.1370181180536747,1.5868315766565502,1.5670254002325237
876,2824,Aleksandr Putsko,FK Akhmat,D S,17,1305,0,0.5257798433303833,0,0.0178747773170471,8,1,2,0,0,0.5257798433303833,2.919279145076871,2.919279145076871
877,2824,Aleksandr Putsko,"FC Ufa,Spartak Moscow",D S,6,378,0,0.0,0,0.0883738249540329,0,1,1,0,0,0.0,0.0,0.0
878,2824,Aleksandr Putsko,Spartak Moscow,D,2,180,0,0.1130995079874992,0,0.0,3,0,0,0,0,0.1130995079874992,0.5428640395402908,0.5327398478984833
879,2824,Aleksandr Putsko,FK Akhmat,D S,6,325,0,0.0,0,0.1879661679267883,0,1,0,0,0,0.0,0.2093359678983688,0.0213698018342256
880,2824,Aleksandr Putsko,FC Ufa,D S,20,1683,0,0.2325472813099622,1,0.0815733820199966,3,2,4,1,0,0.2325472813099622,1.7754695592448115,1.7754695592448115
881,2824,Aleksandr Putsko,SKA-Khabarovsk,D,20,1731,0,0.0778363295830786,0,0.1662922967225313,4,4,2,0,0,0.0778363295830786,0.8818722609430552,0.7757811909541488
