,id,player_name,team_title,position,games,time,goals,xG,assists,xA,shots,key_passes,yellow_cards,red_cards,npg,npxG,xGChain,xGBuildup
737,773,Aleksandar Mitrovic,Fulham,F,37,3285,11,15.452766000293195,3,2.969133678823709,131,31,7,0,10,14.691597103141248,18.897143069654703,5.371469743549824
738,773,Aleksandar Mitrovic,Newcastle United,F S,34,2103,9,10.339356865733862,4,2.224446185864508,79,30,4,2,7,8.817019175738096,10.392625395208595,2.872402520850301
739,773,Aleksandar Mitrovic,Newcastle United,S,6,73,1,1.2253848984837532,0,0.2734851688146591,4,3,0,0,1,1.2253848984837532,1.5343094021081924,0.1979867368936538
740,773,Aleksandar Mitrovic,Fulham,F S,27,1369,3,5.677362998947501,3,2.924711154773832,59,23,3,0,2,4.155025308951736,7.808299113065004,1.8494821228086948
