,id,player_name,team_title,position,games,time,goals,xG,assists,xA,shots,key_passes,yellow_cards,red_cards,npg,npxG,xGChain,xGBuildup
798,2772,Aleksandr Erokhin,"FC Rostov,Ural",F M S,23,1717,6,6.563420752063394,2,1.5051801074296236,60,24,6,0,6,6.563420752063394,9.653139574453236,3.4452348267659545
799,2772,Aleksandr Erokhin,Zenit St. Petersburg,F M S,18,829,6,8.192024771124125,2,0.912079192698002,37,8,2,0,6,8.192024771124125,9.40935419499874,2.5720132468268275
800,2772,Aleksandr Erokhin,Ural,F M,25,2206,6,5.658013438805938,0,1.668527982197702,46,30,5,0,6,5.658013438805938,6.629430029541254,1.7144928248599172
801,2772,Aleksandr Erokhin,Zenit St. Petersburg,M S,27,2185,7,5.409662219695747,2,3.749842926859856,55,24,4,1,7,5.409662219695747,14.484110996127129,8.703079611994326
802,2772,Aleksandr Erokhin,Zenit St. Petersburg,F M S,23,837,2,2.7267759442329407,0,0.802383428439498,31,8,3,0,2,2.7267759442329407,4.274028107523918,1.721050421707332
803,2772,Aleksandr Erokhin,FC Rostov,F M S,25,1956,4,3.070022024214268,2,0.7890805080533028,43,11,3,1,4,3.070022024214268,6.393349951133132,3.0738086588680744
804,2772,Aleksandr Erokhin,Zenit St. Petersburg,F M S,25,829,7,6.284714721143246,3,2.359804769977927,41,13,2,0,7,6.284714721143246,9.50076211988926,1.5782458307221532
805,2772,Aleksandr Erokhin,Zenit St. Petersburg,M S,16,1155,6,4.256079779006541,3,2.598260624334216,32,14,3,0,6,4.256079779006541,7.026543907821178,2.5168425403535366
