,id,player_name,team_title,position,games,time,goals,xG,assists,xA,shots,key_passes,yellow_cards,red_cards,npg,npxG,xGChain,xGBuildup
782,5379,Aleksandr Denisov,Arsenal Tula,D M S,9,312,0,0.0602334700524807,0,0.030797166749835,2,1,1,0,0,0.0602334700524807,0.2825153395533561,0.2394562177360057
783,5379,Aleksandr Denisov,Arsenal Tula,D S,10,791,0,0.0505543733015656,0,0.217645950615406,2,5,3,0,0,0.0505543733015656,0.7270730659365654,0.4939036592841148
784,5379,Aleksandr Denisov,Arsenal Tula,D S,5,361,0,0.1296149753034114,0,0.0167576279491186,2,1,2,0,0,0.1296149753034114,0.2200587950646877,0.2033011727035045
785,5379,Aleksandr Denisov,"Arsenal Tula,FC Tambov",D S,12,884,0,0.0457720384001731,0,0.0,2,0,2,0,0,0.0457720384001731,0.5407279189676046,0.5407279189676046
786,5379,Aleksandr Denisov,Arsenal Tula,D M S,13,961,1,0.2772938832640648,0,0.0638212040066719,5,1,5,0,1,0.2772938832640648,0.7943043606355786,0.7943043606355786
