,id,player_name,team_title,position,games,time,goals,xG,assists,xA,shots,key_passes,yellow_cards,red_cards,npg,npxG,xGChain,xGBuildup
901,7640,Aleksandr Saplinov,FC Rostov,M S,21,736,1,1.6213221438229084,0,0.2680626735091209,27,6,5,0,1,1.6213221438229084,3.3454899340868,1.696907225996256
902,7640,Aleksandr Saplinov,FC Ufa,F S,12,308,0,0.2306572366505861,0,0.229761216789484,6,4,1,0,0,0.2306572366505861,0.8838747274130583,0.5230480507016182
903,7640,Aleksandr Saplinov,"FC Rostov,FC Rotor Volgograd",S,4,72,1,0.28018066752702,0,0.0,2,0,0,0,1,0.28018066752702,0.4256231784820556,0.4256231784820556
