,id,player_name,team_title,position,games,time,goals,xG,assists,xA,shots,key_passes,yellow_cards,red_cards,npg,npxG,xGChain,xGBuildup
988,2711,Aleksey Miranchuk,Lokomotiv Moscow,F M,30,2641,3,3.869061387144029,6,5.715844225138426,48,77,3,0,3,3.869061387144029,12.005974494852126,4.935107787139714
989,2711,Aleksey Miranchuk,Lokomotiv Moscow,M S,17,937,1,1.8107962980866432,0,0.569125346839428,17,9,1,0,1,1.8107962980866432,3.3894364703446627,1.1994062177836895
990,2711,Aleksey Miranchuk,Lokomotiv Moscow,F M S,27,1717,2,3.4228081088513136,1,2.170142986811697,37,19,2,1,2,3.4228081088513136,8.52809732221067,3.398281032219529
991,2711,Aleksey Miranchuk,Lokomotiv Moscow,F M,30,2645,7,5.566468996927142,3,4.858354335650802,54,51,2,0,7,4.812195120379329,15.013173980638385,7.066806729882956
992,2711,Aleksey Miranchuk,Atalanta,F M S,8,273,1,0.4564996398985386,1,0.7247134894132614,3,10,0,0,1,0.4564996398985386,0.9696613512933254,0.0585793629288673
993,2711,Aleksey Miranchuk,Atalanta,M S,25,641,4,1.5803114641457796,2,2.1162480507045984,15,14,0,0,4,1.5803114641457796,7.139642158523202,4.501205984503031
994,2711,Aleksey Miranchuk,Lokomotiv Moscow,F M S,27,2272,12,12.017878155224023,3,8.281652092933655,80,69,1,0,5,5.983683112077415,15.037454091012478,7.299992091953754
995,2711,Aleksey Miranchuk,Lokomotiv Moscow,F M S,29,2482,3,4.36868879199028,5,3.3485688641667366,63,36,3,0,3,4.36868879199028,11.205873861908913,4.689357632771134
996,2711,Aleksey Miranchuk,Lokomotiv Moscow,M,4,305,2,0.7297706380486488,1,0.6760890632867813,9,8,0,0,2,0.7297706380486488,2.68884414434433,2.37445992231369
