,id,player_name,team_title,position,games,time,goals,xG,assists,xA,shots,key_passes,yellow_cards,red_cards,npg,npxG,xGChain,xGBuildup
1003,7667,Aleksey Rybin,FC Tambov,D,13,1044,0,0.104416873306036,1,1.1565134823322296,3,12,2,0,0,0.104416873306036,1.850311502814293,0.7438429221510887
1004,7667,Aleksey Rybin,FC Tambov,D M,19,1606,0,0.3031817376613617,3,1.7166913766413927,8,17,1,0,0,0.3031817376613617,3.8764394763857126,2.659512743353844
