,id,player_name,team_title,position,games,time,goals,xG,assists,xA,shots,key_passes,yellow_cards,red_cards,npg,npxG,xGChain,xGBuildup
1013,2215,Alen Halilovic,Sporting Gijon,F M S,36,2349,3,4.712705719284713,5,2.6539378510788083,58,27,6,0,3,4.712705719284713,9.24763269815594,3.0614631827920675
1014,2215,Alen Halilovic,Las Palmas,M S,20,1307,2,1.5271511934697628,1,1.5836093947291374,38,20,1,1,2,1.5271511934697628,2.9985525347292423,1.2473643496632576
1015,2215,Alen Halilovic,Hamburger SV,M S,6,133,0,0.0185339339077472,0,0.0,1,0,0,0,0,0.0185339339077472,0.0861071739345789,0.0861071739345789
1016,2215,Alen Halilovic,Las Palmas,M S,18,634,0,0.6433842275291681,2,1.1004121638834476,17,15,2,0,0,0.6433842275291681,2.454997998662293,1.105151996947825
