,id,player_name,team_title,position,games,time,goals,xG,assists,xA,shots,key_passes,yellow_cards,red_cards,npg,npxG,xGChain,xGBuildup
1061,1827,Alessandro Longhi,Sassuolo,D M S,19,1453,0,0.4432290373370051,1,0.8619979079812765,6,7,2,0,0,0.4432290373370051,2.9332583248615265,1.9616248216480017
1062,1827,Alessandro Longhi,Sassuolo,D S,6,315,0,0.0112882908433675,1,0.3161168592050671,1,2,1,0,0,0.0112882908433675,0.3922260701656341,0.0761092081665992
