,id,player_name,team_title,position,games,time,goals,xG,assists,xA,shots,key_passes,yellow_cards,red_cards,npg,npxG,xGChain,xGBuildup
1094,3927,Alessio Cragno,Cagliari,GK,14,1260,0,0.0,0,0.0,0,0,0,0,0,0.0,1.3464094419032335,1.3464094419032335
1095,3927,Alessio Cragno,Cagliari,GK,29,2538,0,0.0,0,0.0,0,0,0,0,0,0.0,0.7701945975422859,0.7701945975422859
1096,3927,Alessio Cragno,Cagliari,GK,34,3060,0,0.0,0,0.0,0,0,1,0,0,0.0,2.261312359943986,2.261312359943986
1097,3927,Alessio Cragno,Cagliari,GK,16,1440,0,0.0,0,0.0207396652549505,0,1,1,0,0,0.0,2.2635168936103582,2.2427772786468267
1098,3927,Alessio Cragno,Cagliari,GK,15,1350,0,0.0,0,0.0,0,0,1,0,0,0.0,0.3206624016165733,0.3206624016165733
1099,3927,Alessio Cragno,Cagliari,GK,38,3420,0,0.0,0,0.0248813461512327,0,1,1,0,0,0.0,3.7465470768511295,3.7465470768511295
