,id,player_name,team_title,position,games,time,goals,xG,assists,xA,shots,key_passes,yellow_cards,red_cards,npg,npxG,xGChain,xGBuildup
1129,500,Alex Iwobi,Everton,D F M S,30,1536,1,0.8436320181936026,2,2.155348900705576,15,16,0,0,1,0.8436320181936026,7.218916330486536,4.475584605708718
1130,500,Alex Iwobi,Everton,M S,12,625,1,1.5463235434144735,1,1.4320501200854778,14,9,0,0,1,1.5463235434144735,4.123444221913815,2.1468295827507973
1131,500,Alex Iwobi,Everton,F M S,25,1637,1,2.4786294400691986,0,2.224674569442868,23,24,0,0,1,2.4786294400691986,7.122992746531963,3.2983946353197098
1132,500,Alex Iwobi,Arsenal,F M S,26,1873,3,4.13238912820816,5,3.4858018020167947,45,36,1,0,3,4.13238912820816,17.1490321457386,11.719522949308155
1133,500,Alex Iwobi,Arsenal,M S,26,1471,3,3.22737823612988,3,2.2150609456002712,39,26,1,0,3,3.22737823612988,9.353169728070498,5.631794882938266
1134,500,Alex Iwobi,Arsenal,F M S,35,1974,3,3.7199750300496817,6,7.637422041036189,35,40,0,0,3,3.7199750300496817,18.20713305473328,9.561200166121123
1135,500,Alex Iwobi,Arsenal,M S,13,639,2,1.5485199317336082,2,1.511021688580513,15,12,0,0,2,1.5485199317336082,5.324221380054951,3.206703074276448
