,id,player_name,team_title,position,games,time,goals,xG,assists,xA,shots,key_passes,yellow_cards,red_cards,npg,npxG,xGChain,xGBuildup
1239,2669,Alexander Milosevic,Hannover 96,D,10,822,0,0.2522948402911424,0,0.0,6,0,1,0,0,0.2522948402911424,0.2742665857076645,0.255893362686038
1240,2669,Alexander Milosevic,Darmstadt,D,18,1601,0,0.9614402176812292,0,0.1319123161956668,10,2,4,0,0,0.9614402176812292,1.4593134801834822,1.438117366284132
