,id,player_name,team_title,position,games,time,goals,xG,assists,xA,shots,key_passes,yellow_cards,red_cards,npg,npxG,xGChain,xGBuildup
1283,791,Alexander Tettey,Norwich,D M S,30,2372,1,0.6770779518410563,1,0.4899779018014669,23,5,5,0,1,0.6770779518410563,5.790715370327234,5.039048407226801
1284,791,Alexander Tettey,Norwich,M,23,1956,2,0.6745800636708736,0,0.1093363296240568,20,5,10,0,2,0.6745800636708736,3.9621746549382806,3.366430875845253
