,id,player_name,team_title,position,games,time,goals,xG,assists,xA,shots,key_passes,yellow_cards,red_cards,npg,npxG,xGChain,xGBuildup
1378,498,Alexis Sánchez,Manchester United,F M S,20,875,1,1.7134789302945137,3,3.5468507930636406,17,21,3,0,1,1.7134789302945137,6.498967364430428,2.985114423558116
1379,498,Alexis Sánchez,Arsenal,F M S,35,2967,16,13.451749975793064,8,8.49417957291007,122,82,4,0,16,12.690581078641117,27.15757153555751,10.736752955242991
1380,498,Alexis Sánchez,Inter,F S,10,298,1,1.680212065577507,2,1.0147803612053394,14,10,0,0,1,1.680212065577507,4.553815692663193,2.079051855951548
1381,498,Alexis Sánchez,Arsenal,F M S,38,3233,24,17.724449135363102,10,8.988117071799934,129,78,6,0,22,15.44094256311655,27.14118772558868,9.08672859147191
1382,498,Alexis Sánchez,Inter,F S,22,906,4,4.832175990566611,8,3.2284478079527617,22,33,2,1,3,4.070877170190215,8.911458391696215,3.476561047136784
1383,498,Alexis Sánchez,Arsenal,M S,30,2463,13,13.104380078613758,4,8.554748680442572,107,62,1,0,13,13.104380078613758,27.01940755546093,11.864847148768604
1384,498,Alexis Sánchez,"Arsenal,Manchester United",F M S,31,2562,9,11.422602553851902,6,7.917655121535063,88,77,5,0,8,9.900264878757298,22.282545514404774,9.066157701425254
1385,498,Alexis Sánchez,Inter,F S,30,1123,7,6.588534958660603,6,5.598185421898961,29,34,0,0,7,5.827236138284206,16.03075947985053,7.971674792468548
