,id,player_name,team_title,position,games,time,goals,xG,assists,xA,shots,key_passes,yellow_cards,red_cards,npg,npxG,xGChain,xGBuildup
1223,6331,Alexander Lomovitskiy,"Arsenal Tula,Khimki",D F M S,26,1965,4,2.9504456743597984,2,1.9817401496693487,36,24,4,0,4,2.9504456743597984,5.8436677772551775,2.156178983859718
1224,6331,Alexander Lomovitskiy,Spartak Moscow,F M S,17,754,0,0.6347417356446385,0,0.3553108936175704,16,9,2,0,0,0.6347417356446385,2.681702702306211,1.881996802985668
1225,6331,Alexander Lomovitskiy,"Arsenal Tula,Spartak Moscow",F M S,25,1441,2,3.189738530665636,0,2.403979014605284,36,27,9,0,1,1.681192833930254,5.256580641493201,2.233153373934329
1226,6331,Alexander Lomovitskiy,Spartak Moscow,M S,13,308,0,0.6036434713751078,1,0.6239049322903156,5,8,1,0,0,0.6036434713751078,2.019221350550652,1.1933678947389126
