,id,player_name,team_title,position,games,time,goals,xG,assists,xA,shots,key_passes,yellow_cards,red_cards,npg,npxG,xGChain,xGBuildup
1313,3580,Alexandre Mendy,Bordeaux,F S,16,790,4,4.507639301940799,0,0.7547351904213428,29,7,2,0,4,4.507639301940799,5.093024261295795,0.6552879996597767
1314,3580,Alexandre Mendy,Brest,F S,20,894,3,3.941907200962305,1,0.2888087350875139,29,6,2,1,3,3.181812074035406,4.863359566777945,1.577061552554369
1315,3580,Alexandre Mendy,Guingamp,F S,16,761,3,2.7706634495407343,0,0.349939133040607,21,7,2,0,3,2.7706634495407343,3.0473204720765352,0.6428025364875793
1316,3580,Alexandre Mendy,Guingamp,F S,22,778,3,3.750371366739273,0,0.7232120344415307,34,14,2,0,3,3.750371366739273,4.70162580255419,0.5212041372433305
1317,3580,Alexandre Mendy,Nice,F S,18,360,1,1.696930492296815,0,0.3298223372548818,10,7,0,0,1,1.696930492296815,2.026752857491374,0.1474429694935679
