,id,player_name,team_title,position,games,time,goals,xG,assists,xA,shots,key_passes,yellow_cards,red_cards,npg,npxG,xGChain,xGBuildup
1109,1815,Alex,AC Milan,D S,25,2093,3,2.113193567842245,1,0.2721865465864539,23,5,5,0,3,2.113193567842245,1.8613509507849813,1.632385398261249
1110,1815,Alex,AC Milan,D S,21,1394,1,0.4590285457670688,0,0.0511047430336475,9,1,3,0,1,0.4590285457670688,1.6660587005317211,1.6031487993896008
