,id,player_name,team_title,position,games,time,goals,xG,assists,xA,shots,key_passes,yellow_cards,red_cards,npg,npxG,xGChain,xGBuildup
1446,2954,Ali Gadzhibekov,Anzhi Makhachkala,D,19,1699,0,0.698226373642683,1,0.5251332800835371,5,6,4,1,0,0.698226373642683,1.8092788085341447,1.4450873341411352
1447,2954,Ali Gadzhibekov,FC Yenisey Krasnoyarsk,D M,20,1770,1,1.083874436095357,0,0.2702937535941601,11,5,2,0,1,1.083874436095357,1.72864293679595,1.3832752406597135
1448,2954,Ali Gadzhibekov,"Anzhi Makhachkala,Krylya Sovetov Samara",D S,13,959,0,0.2330546416342258,0,0.3830065801739692,5,7,4,0,0,0.2330546416342258,1.1061804238706827,0.7867499310523272
