,id,player_name,team_title,position,games,time,goals,xG,assists,xA,shots,key_passes,yellow_cards,red_cards,npg,npxG,xGChain,xGBuildup
1453,2844,Alikhan Shavaev,Amkar,M S,5,128,0,0.1152206528931856,0,0.0219710003584623,4,1,0,0,0,0.1152206528931856,0.1010492574423551,0.0482566803693771
1454,2844,Alikhan Shavaev,Amkar,M S,17,838,4,1.1507027707993984,0,0.1602579075843095,13,8,2,0,4,1.1507027707993984,2.521140018478036,1.3454315634444356
1455,2844,Alikhan Shavaev,Amkar,M S,5,306,0,0.0652172900736332,0,0.0425365408882498,3,4,0,0,0,0.0652172900736332,0.2578108310699463,0.1829908825457096
1456,2844,Alikhan Shavaev,Amkar,M S,5,190,0,0.2555199488997459,0,0.0,2,0,0,0,0,0.2555199488997459,0.2901757210493088,0.0346557684242725
