,id,player_name,team_title,position,games,time,goals,xG,assists,xA,shots,key_passes,yellow_cards,red_cards,npg,npxG,xGChain,xGBuildup
1502,240,Almog Cohen,Ingolstadt,M S,31,2503,7,6.39261931926012,1,0.7125080404803157,60,6,2,0,6,5.634842611849308,7.101173370145261,2.585492992773652
1503,240,Almog Cohen,Ingolstadt,M S,20,824,0,0.8865479379892349,2,1.2719355607405305,13,6,2,0,0,0.8865479379892349,1.9905128199607127,0.8426062408834696
