,id,player_name,team_title,position,games,time,goals,xG,assists,xA,shots,key_passes,yellow_cards,red_cards,npg,npxG,xGChain,xGBuildup
1515,7345,Alphonso Davies,Bayern Munich,D S,14,1112,0,1.5604508304968476,3,3.209056794643402,15,22,1,0,0,1.5604508304968476,9.4037192389369,4.788058675825596
1516,7345,Alphonso Davies,Bayern Munich,D S,29,2228,3,2.369361277669668,5,4.259582689963281,12,36,2,1,3,2.369361277669668,25.40025256574154,21.06695681065321
1517,7345,Alphonso Davies,Bayern Munich,D M S,23,1771,1,0.1308335745707154,2,1.885762069374323,4,20,2,1,1,0.1308335745707154,13.968155279755592,12.65981374680996
1518,7345,Alphonso Davies,Bayern Munich,S,6,66,1,0.181206077337265,0,0.0,2,0,1,0,1,0.181206077337265,0.756099283695221,0.5748931765556335
