,id,player_name,team_title,position,games,time,goals,xG,assists,xA,shots,key_passes,yellow_cards,red_cards,npg,npxG,xGChain,xGBuildup
1527,8127,Amad Diallo Traore,Atalanta,S,3,17,1,0.0449632741510868,0,0.0744394958019256,1,1,0,0,1,0.0449632741510868,0.1601256728172302,0.1151623949408531
1528,8127,Amad Diallo Traore,Atalanta,S,1,12,0,0.0277041401714086,0,0.0499977134168148,1,1,1,0,0,0.0277041401714086,0.0961921662092208,0.0184903107583522
1529,8127,Amad Diallo Traore,Manchester United,M S,3,172,0,0.0358978174626827,1,0.4231810271739959,1,2,0,0,0,0.0358978174626827,0.8719339668750763,0.4128551185131073
