,id,player_name,team_title,position,games,time,goals,xG,assists,xA,shots,key_passes,yellow_cards,red_cards,npg,npxG,xGChain,xGBuildup
1531,1380,Amadou Diawara,Roma,M S,3,145,0,0.0216388516128063,0,0.0157158486545085,1,1,0,0,0,0.0216388516128063,0.3872254006564617,0.3715095520019531
1532,1380,Amadou Diawara,Napoli,M S,13,655,0,0.2876544101163745,0,0.140038775280118,9,5,4,0,0,0.2876544101163745,6.363016426563263,5.976018007844687
1533,1380,Amadou Diawara,Roma,M S,22,1533,1,0.9722619457170368,1,0.4636180289089679,10,16,4,0,0,0.2109631104394793,7.106502148322761,6.651075176894665
1534,1380,Amadou Diawara,Napoli,M S,18,630,1,0.1469988087192177,1,0.4560516253113746,6,5,1,0,1,0.1469988087192177,6.494555341079831,6.082873031497002
1535,1380,Amadou Diawara,Roma,M S,18,646,1,0.929735267534852,0,0.2854788601398468,7,1,2,1,1,0.929735267534852,3.4258931167423725,2.4961578585207462
1536,1380,Amadou Diawara,Bologna,M S,34,2728,0,0.3933231774717569,1,0.8784406716004014,20,22,9,2,0,0.3933231774717569,7.016985328868032,5.929288639687002
1537,1380,Amadou Diawara,Napoli,M S,18,1040,0,0.1566864158958196,0,0.2327136760577559,6,10,1,0,0,0.1566864158958196,5.225641079246998,5.081502549350262
