,id,player_name,team_title,position,games,time,goals,xG,assists,xA,shots,key_passes,yellow_cards,red_cards,npg,npxG,xGChain,xGBuildup
1538,7501,Amadou Haidara,RasenBallsport Leipzig,M S,19,732,0,0.7184222899377346,1,2.0532536022365093,19,11,1,0,0,0.7184222899377346,6.488309647887945,4.932446148246527
1539,7501,Amadou Haidara,RasenBallsport Leipzig,D F M S,31,1909,3,3.4927636217325926,1,2.72097318712622,42,35,4,0,3,3.4927636217325926,11.410782700404525,6.2802182994782925
1540,7501,Amadou Haidara,RasenBallsport Leipzig,M S,12,851,2,1.251247962936759,0,0.2498139217495918,13,4,1,0,2,1.251247962936759,5.23120728880167,4.908492639660835
1541,7501,Amadou Haidara,RasenBallsport Leipzig,M S,9,370,1,0.7409530393779278,0,0.5286653004586697,12,5,1,0,1,0.7409530393779278,2.878562336787581,2.223254312761128
