,id,player_name,team_title,position,games,time,goals,xG,assists,xA,shots,key_passes,yellow_cards,red_cards,npg,npxG,xGChain,xGBuildup
1548,2532,Amath Diedhiou,Mallorca,F M S,11,570,0,0.3454691506922245,1,0.6285609714686871,5,3,4,0,0,0.3454691506922245,1.3432477358728647,0.977280842140317
1549,2532,Amath Diedhiou,Getafe,S,7,43,0,0.0,0,0.0,0,0,0,0,0,0.0,0.3058517873287201,0.3058517873287201
1550,2532,Amath Diedhiou,Getafe,F M S,37,2904,3,4.82210168428719,3,2.982430476695299,42,23,9,0,3,4.82210168428719,9.050883824937046,1.7790539059787989
1551,2532,Amath Diedhiou,Getafe,M S,15,1015,1,1.3069446459412577,2,1.534449378028512,15,10,4,0,1,1.3069446459412577,4.891225427389145,2.716997794806957
