,id,player_name,team_title,position,games,time,goals,xG,assists,xA,shots,key_passes,yellow_cards,red_cards,npg,npxG,xGChain,xGBuildup
1591,7320,Amos Pieper,Arminia Bielefeld,D,14,1260,0,0.5554437786340714,0,0.2080286927521228,8,4,1,0,0,0.5554437786340714,0.968881694599986,0.786352014169097
1592,7320,Amos Pieper,Arminia Bielefeld,D,30,2686,1,1.4735320997424424,1,0.416066076606512,15,7,6,0,1,1.4735320997424424,3.4635666320100427,3.4083000039681792
