,id,player_name,team_title,position,games,time,goals,xG,assists,xA,shots,key_passes,yellow_cards,red_cards,npg,npxG,xGChain,xGBuildup
1871,4896,Andrew Gravillon,Reims,D,16,1428,0,0.3692825511097908,0,0.5683726919814944,7,7,5,1,0,0.3692825511097908,1.7524979896843431,1.2001063581556082
1872,4896,Andrew Gravillon,Lorient,D,26,2274,1,0.6621840605512261,2,0.6370527222752571,14,8,3,1,1,0.6621840605512261,4.636589199304581,4.0719327833503485
1873,4896,Andrew Gravillon,Benevento,D S,2,83,0,0.0,0,0.0,0,0,0,0,0,0.0,0.0,0.0
