,id,player_name,team_title,position,games,time,goals,xG,assists,xA,shots,key_passes,yellow_cards,red_cards,npg,npxG,xGChain,xGBuildup
1936,8124,Andri Fannar Baldursson,Bologna,M S,8,209,0,0.1287174336612224,0,0.0582665279507637,2,1,2,0,0,0.1287174336612224,0.8797480054199696,0.8214814774692059
1937,8124,Andri Fannar Baldursson,Bologna,S,7,121,0,0.0759165864437818,0,0.0544868931174278,2,1,0,0,0,0.0759165864437818,0.6570712300017476,0.5811546398326755
