,id,player_name,team_title,position,games,time,goals,xG,assists,xA,shots,key_passes,yellow_cards,red_cards,npg,npxG,xGChain,xGBuildup
1890,3177,Andrey Arshavin,Kuban Krasnodar,F M S,8,350,0,0.0491796545684337,0,0.3506391970440745,1,7,2,0,0,0.0491796545684337,0.3212700262665748,0.2442285884171724
1891,3177,Andrey Arshavin,Zenit St. Petersburg,F M S,14,434,1,0.98481326084584,0,0.3848912995308637,15,10,0,0,1,0.98481326084584,1.98448408395052,0.8470607604831457
