,id,player_name,team_title,position,games,time,goals,xG,assists,xA,shots,key_passes,yellow_cards,red_cards,npg,npxG,xGChain,xGBuildup
1739,1485,Andrea Masiello,Atalanta,D S,29,2402,0,0.1641321368515491,1,0.4491383358836174,4,11,7,0,0,0.1641321368515491,2.7621654300019145,2.4685338605195284
1740,1485,Andrea Masiello,Atalanta,D S,24,1852,0,1.0805332865566015,2,0.6637377683073282,8,7,5,0,0,1.0805332865566015,6.976931676268578,6.126395422965288
1741,1485,Andrea Masiello,Genoa,D S,7,521,0,0.0501851253211498,0,0.0295283421874046,2,1,3,0,0,0.0501851253211498,0.7174407923594117,0.7174407923594117
1742,1485,Andrea Masiello,Atalanta,D M S,14,1103,0,0.1155416220426559,0,0.2038078671321272,1,5,3,0,0,0.1155416220426559,2.4984084274619818,2.286579741165042
1743,1485,Andrea Masiello,Genoa,D,30,2575,0,0.5528659168630838,0,0.2630217876285314,5,7,6,0,0,0.5528659168630838,4.773564343340695,4.270528485067189
1744,1485,Andrea Masiello,Atalanta,D S,31,2708,4,3.497720481827855,0,0.2513187248259783,22,9,5,0,4,3.497720481827855,7.905039813369513,6.6835453771054745
1745,1485,Andrea Masiello,Atalanta,D S,35,2933,3,1.5823726672679186,1,0.4947709199041128,12,11,9,0,3,1.5823726672679186,7.8703596401028335,7.678632014896721
1746,1485,Andrea Masiello,"Atalanta,Genoa",D,22,1880,0,0.3334118016064167,1,0.8835136890411377,7,6,5,0,0,0.3334118016064167,4.6767498245462775,4.298296405933797
