,id,player_name,team_title,position,games,time,goals,xG,assists,xA,shots,key_passes,yellow_cards,red_cards,npg,npxG,xGChain,xGBuildup
1943,6274,Andriy Yarmolenko,West Ham,M S,15,343,0,0.3100077696144581,1,0.7814441211521626,7,5,3,0,0,0.3100077696144581,1.4537306912243366,0.9313923269510268
1944,6274,Andriy Yarmolenko,West Ham,F M S,9,454,2,1.2489148899912834,0,0.6984043177217245,9,5,2,0,2,1.2489148899912834,2.492500936612487,0.7467498928308487
1945,6274,Andriy Yarmolenko,West Ham,M S,23,979,5,2.6255949772894382,1,3.426018500700593,26,19,2,0,5,2.6255949772894382,6.919684391468763,1.9625784363597631
1946,6274,Andriy Yarmolenko,Borussia Dortmund,F M S,18,1043,3,5.043338887393475,2,3.1969868913292885,31,28,0,0,3,5.043338887393475,10.240725208073854,3.0886118737980723
1947,6274,Andriy Yarmolenko,West Ham,S,8,50,0,0.1051898188889026,0,0.0154411774128675,3,1,0,0,0,0.1051898188889026,0.1206309963017702,0.038598496466875
