,id,player_name,team_title,position,games,time,goals,xG,assists,xA,shots,key_passes,yellow_cards,red_cards,npg,npxG,xGChain,xGBuildup
1963,2383,André Gomes,Barcelona,M S,30,1589,3,2.429103808477521,1,1.0409103874117136,19,12,3,0,3,2.429103808477521,9.640867007896304,7.392551708035171
1964,2383,André Gomes,Everton,M S,28,1574,0,0.4271286996081471,1,1.0544508751481771,14,15,3,0,0,0.4271286996081471,5.508419404737651,4.376286745071411
1965,2383,André Gomes,Valencia,F M S,30,2384,3,2.848456421867013,3,3.292261785827577,42,27,10,0,3,2.848456421867013,10.642662204802036,6.10963286459446
1966,2383,André Gomes,Everton,M S,19,1457,0,0.2068473417311906,1,1.1045075934380293,5,11,6,0,0,0.2068473417311906,5.090313946828246,3.942985698580742
1967,2383,André Gomes,Everton,M S,5,170,0,0.8677934557199478,1,0.1188200814649462,9,3,0,0,0,0.8677934557199478,1.1116990186274052,0.1614912990480661
1968,2383,André Gomes,Everton,M S,27,2001,1,1.392583593726158,1,0.6641304176300764,21,6,7,0,1,1.392583593726158,6.851449524983764,5.686358949169517
1969,2383,André Gomes,Barcelona,M S,16,630,0,0.751071261242032,0,0.1630881875753402,7,3,1,0,0,0.751071261242032,4.575327537953854,3.730907153338194
1970,2383,André Gomes,Valencia,M S,33,2562,4,3.3489314038306475,1,2.567200321704149,38,25,8,1,4,3.3489314038306475,13.127086682245135,8.46601078659296
