,id,player_name,team_title,position,games,time,goals,xG,assists,xA,shots,key_passes,yellow_cards,red_cards,npg,npxG,xGChain,xGBuildup
1720,1307,Andrea Costa,Benevento,D,16,1379,0,1.5051956661045551,0,0.0688496120274066,9,2,5,0,0,1.5051956661045551,2.18326732609421,2.06033840123564
1721,1307,Andrea Costa,Empoli,D S,26,2081,2,0.5852856766432524,1,0.6980560347437859,11,2,6,0,2,0.5852856766432524,3.802395922131837,3.743928712792695
1722,1307,Andrea Costa,Empoli,D S,24,2079,1,0.9584962874650956,0,0.0114743411540985,6,1,4,0,1,0.9584962874650956,3.0510847121477127,3.039610370993614
1723,1307,Andrea Costa,Parma,D S,22,1792,1,1.6452879272401333,0,0.0402651131153106,8,1,4,0,1,1.6452879272401333,1.382205080240965,1.276412641629577
