,id,player_name,team_title,position,games,time,goals,xG,assists,xA,shots,key_passes,yellow_cards,red_cards,npg,npxG,xGChain,xGBuildup
1659,3252,Andre Biyogo Poko,Bordeaux,M S,16,897,0,0.6149227749556303,0,0.9333044979721308,8,9,2,1,0,0.6149227749556303,1.5756652913987637,0.7071976810693741
1660,3252,Andre Biyogo Poko,Bordeaux,D M S,25,1868,0,1.366459616459906,1,1.17336112447083,23,17,10,2,0,1.366459616459906,4.22169213462621,2.0821045488119125
