,id,player_name,team_title,position,games,time,goals,xG,assists,xA,shots,key_passes,yellow_cards,red_cards,npg,npxG,xGChain,xGBuildup
1861,956,Andrej Kramaric,Hoffenheim,F M S,30,2418,17,21.57557637989521,4,5.921647775918245,111,51,2,0,12,17.029077153652906,30.95578696206212,12.90021593682468
1862,956,Andrej Kramaric,Hoffenheim,F M S,14,1105,2,4.2016736632213,7,4.237245813012123,39,19,2,0,2,4.2016736632213,12.107889831066132,6.126591943204403
1863,956,Andrej Kramaric,Hoffenheim,F M S,28,2386,20,15.525607608258724,5,4.072423195466399,95,38,2,0,15,11.736724071204662,18.05768978781998,5.372288113459945
1864,956,Andrej Kramaric,Leicester,F S,13,569,2,2.063564505428076,0,0.6953198164701462,23,6,0,0,2,2.063564505428076,2.527539687231183,0.4108100663870573
1865,956,Andrej Kramaric,Hoffenheim,F M S,19,1411,12,9.8987745847553,2,4.02412052731961,44,28,3,0,10,8.383221169933677,11.398422569036484,2.765835339203477
1866,956,Andrej Kramaric,Hoffenheim,F M S,15,1086,5,6.058104582130909,2,1.0366461966186762,42,9,0,1,4,4.542551212012768,6.666167363524437,1.964948497712612
1867,956,Andrej Kramaric,Hoffenheim,F M S,34,2384,15,14.232862723991277,8,6.277613086625934,99,35,1,0,10,10.444140685722232,17.646828362718225,3.718129873275757
1868,956,Andrej Kramaric,Leicester,S,2,18,0,0.4252737760543823,0,0.0224716886878013,1,1,0,0,0,0.4252737760543823,0.4838531091809273,0.0585793331265449
1869,956,Andrej Kramaric,Hoffenheim,F M S,34,2221,13,10.218700809404254,6,5.703152911737561,82,52,1,0,11,8.703147543594241,16.007909201085567,7.24349557980895
