,id,player_name,team_title,position,games,time,goals,xG,assists,xA,shots,key_passes,yellow_cards,red_cards,npg,npxG,xGChain,xGBuildup
1793,3857,Andrea Tabanelli,Cesena,M S,7,299,0,0.6489903787150979,1,0.1044833436608314,10,2,0,0,0,0.6489903787150979,1.01181610673666,0.3880760334432125
1794,3857,Andrea Tabanelli,Lecce,M S,13,960,1,0.9222220992669464,0,0.1337473895400762,11,5,4,0,1,0.9222220992669464,2.9509724508970976,2.092836600262672
