,id,player_name,team_title,position,games,time,goals,xG,assists,xA,shots,key_passes,yellow_cards,red_cards,npg,npxG,xGChain,xGBuildup
1666,436,Andre Hoffmann,Hannover 96,M S,8,520,0,0.1423155106604099,0,0.3935066349804401,5,2,2,0,0,0.1423155106604099,1.1884930208325386,0.7673537284135818
1667,436,Andre Hoffmann,Fortuna Duesseldorf,D S,29,2438,2,1.200008725747466,1,0.565630316734314,14,2,7,0,2,1.200008725747466,2.4919166266918182,2.209106843918562
1668,436,Andre Hoffmann,Fortuna Duesseldorf,D M S,13,1044,0,0.3898410592228174,0,0.0312625542283058,5,1,4,0,0,0.3898410592228174,3.345064014196396,3.1072617396712303
