,id,player_name,team_title,position,games,time,goals,xG,assists,xA,shots,key_passes,yellow_cards,red_cards,npg,npxG,xGChain,xGBuildup
2031,3530,Andy Delort,Montpellier,F,30,2516,15,12.927485270425676,9,6.786704398691654,91,53,4,0,15,12.16739015839994,17.666917564347386,4.133094763383269
2032,3530,Andy Delort,Montpellier,F,36,3160,14,14.120135438628497,7,7.160262644290924,118,56,4,0,11,11.839981284923851,17.370513137429953,3.032923700287938
2033,3530,Andy Delort,Toulouse,F M S,32,2332,5,8.412365984171629,5,4.4343446753919125,70,44,5,0,4,6.892175730317831,10.575363751500843,2.32112436927855
2034,3530,Andy Delort,Caen,F S,36,3142,12,15.975437186658382,2,4.096874952316284,141,38,5,0,8,12.17496150918305,15.717821599915624,2.841091565787792
2035,3530,Andy Delort,"Montpellier,Nice",F S,16,1347,7,8.398066805675626,2,4.13338353484869,60,27,3,0,6,7.63803725130856,10.561204673722386,1.752538613975048
2036,3530,Andy Delort,Montpellier,F,26,2292,9,11.82021503522992,3,4.780326994135976,84,38,5,0,9,10.300024766474962,12.496450824663045,1.7892416566610336
2037,3530,Andy Delort,Toulouse,F,15,1234,5,5.53704322129488,0,1.266143187880516,38,5,0,0,4,4.01685294136405,4.913297347724438,1.6014370936900375
