,id,player_name,team_title,position,games,time,goals,xG,assists,xA,shots,key_passes,yellow_cards,red_cards,npg,npxG,xGChain,xGBuildup
2024,537,Andy Carroll,Newcastle United,F S,19,582,0,1.494794494472444,4,0.9094429472461344,16,12,1,0,0,1.494794494472444,2.188728731125593,1.0494360737502575
2025,537,Andy Carroll,West Ham,F S,14,1032,5,3.693268451839685,1,0.7689819522202015,37,11,2,0,5,3.693268451839685,3.288496132940054,0.4689184091985225
2026,537,Andy Carroll,West Ham,F S,18,1318,7,4.521654654294252,1,1.721797967329621,39,14,3,0,7,4.521654654294252,6.552715137600899,3.009643971920013
2027,537,Andy Carroll,Newcastle United,F S,18,369,1,0.6033168490976095,0,0.0630198325961828,13,2,1,0,1,0.6033168490976095,0.9890148416161536,0.542128044180572
2028,537,Andy Carroll,West Ham,F S,16,739,3,1.5721641201525929,0,0.5253239311277866,28,7,5,1,3,1.5721641201525929,3.691319335252047,2.298567174002528
2029,537,Andy Carroll,West Ham,F S,27,1411,9,6.137790015898645,2,2.761613873764873,56,20,2,0,8,5.37662114854902,8.77135931700468,3.0700844088569283
2030,537,Andy Carroll,West Ham,F S,12,438,0,1.9809727109968664,0,0.2757702246308326,14,4,2,0,0,1.9809727109968664,2.8107880987226963,1.0697423182427883
