,id,player_name,team_title,position,games,time,goals,xG,assists,xA,shots,key_passes,yellow_cards,red_cards,npg,npxG,xGChain,xGBuildup
2044,6501,Andy Pelmard,Nice,D,4,285,0,0.0,0,0.0352930016815662,0,1,0,0,0,0.0,0.850191380828619,0.8148983828723431
2045,6501,Andy Pelmard,Nice,D S,19,1201,0,0.048954751342535,0,0.0297551397234201,2,1,1,0,0,0.048954751342535,1.992972576059401,1.9621573323383927
2046,6501,Andy Pelmard,Nice,D S,10,760,0,0.0394895933568477,0,0.0,2,0,1,0,0,0.0394895933568477,0.8876637555658817,0.8669987060129642
