,id,player_name,team_title,position,games,time,goals,xG,assists,xA,shots,key_passes,yellow_cards,red_cards,npg,npxG,xGChain,xGBuildup
2180,3666,Anthony Weber,Reims,D,19,1596,1,0.0983822531998157,0,0.0553219569846987,3,2,5,0,1,0.0983822531998157,2.411694108508528,2.367351978085935
2181,3666,Anthony Weber,Reims,D S,13,691,0,0.0,1,0.947235643863678,0,1,2,0,0,0.0,0.7644638642668724,0.7644638642668724
