,id,player_name,team_title,position,games,time,goals,xG,assists,xA,shots,key_passes,yellow_cards,red_cards,npg,npxG,xGChain,xGBuildup
2121,8150,Anthony Gordon,Everton,M S,13,603,0,0.9590498469769956,0,0.4405244439840317,10,5,1,0,0,0.9590498469769956,2.521712630987168,1.3342808187007904
2122,8150,Anthony Gordon,Everton,M S,11,438,0,0.3270713575184345,1,0.3399497494101524,6,6,0,0,0,0.3270713575184345,0.8956372104585171,0.3289348930120468
2123,8150,Anthony Gordon,Everton,M S,3,87,0,0.0,0,0.0191399920731782,0,1,0,0,0,0.0,0.188504796475172,0.188504796475172
