,id,player_name,team_title,position,games,time,goals,xG,assists,xA,shots,key_passes,yellow_cards,red_cards,npg,npxG,xGChain,xGBuildup
2140,6533,Anthony Lozano,Girona,F M S,14,455,1,1.05915991589427,0,0.2236895179376006,17,4,0,0,1,1.05915991589427,1.647329367697239,0.4511271044611931
2141,6533,Anthony Lozano,Cadiz,F M S,14,844,4,3.0887476038187742,1,0.5385601744055748,27,6,3,0,4,3.0887476038187742,2.911948088556528,0.3688422664999962
2142,6533,Anthony Lozano,Girona,F M S,20,713,0,1.788183307275176,0,0.3936874084174633,23,4,4,1,0,1.788183307275176,2.6413719542324543,1.2810784187167883
2143,6533,Anthony Lozano,Cadiz,F M S,29,1540,3,5.770186280831695,1,1.1248032301664352,35,11,5,0,3,5.770186280831695,5.9024671502411366,0.3572154259309172
