,id,player_name,team_title,position,games,time,goals,xG,assists,xA,shots,key_passes,yellow_cards,red_cards,npg,npxG,xGChain,xGBuildup
2119,5981,Anthony Goncalves,Strasbourg,D M S,18,1058,5,1.341401346027851,2,1.47466747649014,14,15,3,0,5,1.341401346027851,4.904662303626537,2.988344048149884
2120,5981,Anthony Goncalves,Strasbourg,D M S,29,1753,0,1.5292498720809815,1,1.8964173709973693,21,29,5,0,0,1.5292498720809815,4.543813424184918,2.661869995296001
