,id,player_name,team_title,position,games,time,goals,xG,assists,xA,shots,key_passes,yellow_cards,red_cards,npg,npxG,xGChain,xGBuildup
2129,7118,Anthony Limbombe,Nantes,M S,4,150,1,0.5422058999538422,0,0.0755857042968273,2,2,0,0,1,0.5422058999538422,0.6150426082313061,0.072836710140109
2130,7118,Anthony Limbombe,Nantes,F M S,29,1220,1,2.0401000073179603,1,2.9630205184221268,42,30,2,0,1,2.0401000073179603,5.684954352676868,3.076356758363545
