,id,player_name,team_title,position,games,time,goals,xG,assists,xA,shots,key_passes,yellow_cards,red_cards,npg,npxG,xGChain,xGBuildup
2227,2758,Anton Shunin,Dinamo Moscow,GK,7,630,0,0.0,0,0.0,0,0,0,0,0,0.0,0.2100530629977584,0.2100530629977584
2228,2758,Anton Shunin,Dinamo Moscow,GK,30,2700,0,0.0,0,0.0,0,0,1,0,0,0.0,1.163825685158372,1.163825685158372
2229,2758,Anton Shunin,Dinamo Moscow,GK,2,180,0,0.0,0,0.0,0,0,0,0,0,0.0,0.0,0.0
2230,2758,Anton Shunin,Dinamo Moscow,GK,27,2430,0,0.0,0,0.3970027603209018,0,2,2,0,0,0.0,1.698314817622304,1.6511351186782122
2231,2758,Anton Shunin,Dinamo Moscow,GK,23,1993,0,0.0,0,0.0,0,0,1,0,0,0.0,0.8355198856443167,0.8355198856443167
2232,2758,Anton Shunin,Dinamo Moscow,GK,30,2700,0,0.0,0,0.0214458927512168,0,1,1,0,0,0.0,2.99376873485744,2.972322842106223
2233,2758,Anton Shunin,Dinamo Moscow,GK,15,1350,0,0.0,0,0.0246656518429517,0,1,0,0,0,0.0,1.8864093385636809,1.861743684858084
