,id,player_name,team_title,position,games,time,goals,xG,assists,xA,shots,key_passes,yellow_cards,red_cards,npg,npxG,xGChain,xGBuildup
2184,3238,Antoine Conte,Reims,D,29,2535,0,0.3811364462599158,0,0.5951766120269895,12,6,6,1,0,0.3811364462599158,4.662483109161258,4.290414296090603
2185,3238,Antoine Conte,Reims,D M,11,923,0,0.2630323227494955,0,0.5033629359677434,9,2,4,0,0,0.2630323227494955,2.6414965484291315,2.4602582547813654
