,id,player_name,team_title,position,games,time,goals,xG,assists,xA,shots,key_passes,yellow_cards,red_cards,npg,npxG,xGChain,xGBuildup
2251,5899,Anton Zabolotny,PFC Sochi,F S,21,1365,5,5.502439990639687,3,2.1306266747415066,40,19,4,0,5,4.748164609074593,7.482718277722597,1.4634887278079989
2252,5899,Anton Zabolotny,CSKA Moscow,F S,16,1241,5,3.891291741281748,0,1.416965063661337,33,16,1,1,4,3.137017909437418,5.493106599897146,1.8070533331483605
2253,5899,Anton Zabolotny,PFC Sochi,F S,27,1973,10,9.33310778439045,4,1.8886667480692267,83,25,6,0,10,9.33310778439045,11.48738099820912,1.6335268095135689
2254,5899,Anton Zabolotny,Zenit St. Petersburg,F S,16,219,0,0.8342850748449564,1,0.1468640938401222,10,3,1,0,0,0.8342850748449564,1.230892401188612,0.2942397445440292
2255,5899,Anton Zabolotny,"Tosno,Zenit St. Petersburg",F M S,29,2395,5,7.719955391250551,2,1.9502713363617656,69,35,5,0,5,7.719955391250551,9.27276215609163,1.5898628644645214
