,id,player_name,team_title,position,games,time,goals,xG,assists,xA,shots,key_passes,yellow_cards,red_cards,npg,npxG,xGChain,xGBuildup
2310,1905,Antonio Di Gaudio,Carpi,F M S,29,1511,3,3.750231536105275,3,2.483003117144108,35,15,2,0,3,3.750231536105275,5.607609118334949,1.0575233232229948
2311,1905,Antonio Di Gaudio,Parma Calcio 1913,F S,12,715,0,1.4857803070917726,1,0.3303352631628513,12,4,0,0,0,1.4857803070917726,1.6004445338621736,0.1077133007347583
