,id,player_name,team_title,position,games,time,goals,xG,assists,xA,shots,key_passes,yellow_cards,red_cards,npg,npxG,xGChain,xGBuildup
2349,2299,Antonio Rukavina,Villarreal,D M S,18,1344,0,0.0363057376816868,0,0.5663846712559462,2,4,5,0,0,0.0363057376816868,2.4893613029271364,1.9426169153302908
2350,2299,Antonio Rukavina,Villarreal,D S,4,271,0,0.0348313190042972,0,0.2493750900030136,1,2,2,0,0,0.0348313190042972,0.7477357685565948,0.4635293781757355
2351,2299,Antonio Rukavina,Villarreal,D M S,21,1410,0,0.1471171639859676,0,0.4917846955358982,4,8,5,0,0,0.1471171639859676,4.811698661185801,4.37910068128258
2352,2299,Antonio Rukavina,Villarreal,D S,17,1270,0,0.099815160036087,0,0.6423115823417902,2,8,4,0,0,0.099815160036087,5.435855126008391,5.06682426482439
