,id,player_name,team_title,position,games,time,goals,xG,assists,xA,shots,key_passes,yellow_cards,red_cards,npg,npxG,xGChain,xGBuildup
2188,2270,Antoine Griezmann,Atletico Madrid,F M,37,3213,15,14.60985544603318,8,8.838093780912459,113,74,5,0,12,12.380150402896106,20.534598607569933,8.563468346372247
2189,2270,Antoine Griezmann,Atletico Madrid,F M S,32,2532,19,14.592848546802998,9,5.752700959332287,72,43,7,1,17,13.106293395161629,21.754963669925928,5.343912543728948
2190,2270,Antoine Griezmann,Barcelona,F M S,36,2646,13,12.42881788685918,7,6.6603806130588055,71,42,4,0,12,10.942390579730272,24.722413562238216,12.167518727481363
2191,2270,Antoine Griezmann,Atletico Madrid,F M S,38,3066,22,16.04352725017816,5,6.480978865176439,92,53,5,0,21,14.55709991324693,22.91571207344532,5.739001102745533
2192,2270,Antoine Griezmann,"Atletico Madrid,Barcelona",F M S,16,1163,3,3.711330901831389,1,1.5072342492640018,30,16,2,0,3,3.711330901831389,7.694829756394029,3.656773917376995
2193,2270,Antoine Griezmann,Atletico Madrid,F M S,37,2490,22,14.709661848843098,1,2.60772124864161,78,23,6,0,22,14.709661848843098,18.479452416300774,4.551564212888479
2194,2270,Antoine Griezmann,Atletico Madrid,F M,36,3072,16,11.52330480888486,8,7.356404351070523,88,56,3,0,16,10.03674952313304,23.41523878276348,8.286495961248875
2195,2270,Antoine Griezmann,Barcelona,F M S,35,2574,9,8.262417173013091,4,4.691107992082834,55,33,2,0,9,8.262417173013091,19.231144664809108,8.703454604372382
