,id,player_name,team_title,position,games,time,goals,xG,assists,xA,shots,key_passes,yellow_cards,red_cards,npg,npxG,xGChain,xGBuildup
2216,4605,Anton Miranchuk,Lokomotiv Moscow,F M S,29,1981,4,4.323019711300731,5,3.0500386636704206,40,36,2,0,4,4.323019711300731,8.750845529139042,2.7973705446347594
2217,4605,Anton Miranchuk,Lokomotiv Moscow,F M S,26,1806,11,6.755485676229,2,3.8987333588302135,52,44,5,0,7,3.738384373486042,8.533433008939028,3.711046643555164
2218,4605,Anton Miranchuk,Lokomotiv Moscow,F M S,23,1328,4,6.293050475418568,5,5.434067855589092,43,47,1,0,1,2.521673873066902,8.598357691429555,2.520959544926882
2219,4605,Anton Miranchuk,Lokomotiv Moscow,F S,3,83,0,0.0752309262752533,0,0.0306112356483936,3,1,0,1,0,0.0752309262752533,0.3920451328158378,0.348849780857563
2220,4605,Anton Miranchuk,Lokomotiv Moscow,S,4,59,0,0.0,1,0.1767877396196127,0,3,0,0,0,0.0,0.0442517288029193,0.0442517288029193
2221,4605,Anton Miranchuk,Lokomotiv Moscow,F M S,17,1107,3,3.787117838859558,1,3.083843097090721,34,31,2,1,3,3.0328440368175507,8.6042614672333,5.257544495165348
