,id,player_name,team_title,position,games,time,goals,xG,assists,xA,shots,key_passes,yellow_cards,red_cards,npg,npxG,xGChain,xGBuildup
2379,627,Antonio Valencia,Manchester United,D M S,28,2488,1,1.8512358721345663,3,2.627352550625801,9,31,5,0,1,1.8512358721345663,12.042704489082098,9.902499426156282
2380,627,Antonio Valencia,Manchester United,D M S,32,2588,0,0.2248992398381233,2,2.2106729615479708,6,26,4,0,0,0.2248992398381233,10.771081369370222,9.0709493085742
2381,627,Antonio Valencia,Manchester United,D S,6,465,0,0.0373641178011894,0,0.5265987515449524,2,7,2,0,0,0.0373641178011894,1.7253734208643436,1.3759236298501492
2382,627,Antonio Valencia,Manchester United,D S,14,847,0,0.1930262921378016,3,0.5558433104306459,6,7,1,0,0,0.1930262921378016,3.748403077945113,3.1237371619790792
2383,627,Antonio Valencia,Manchester United,D M,31,2746,3,0.5440769195556641,1,1.460169289261103,16,23,7,0,3,0.5440769195556641,9.933676397427917,8.8214799631387
