,id,player_name,team_title,position,games,time,goals,xG,assists,xA,shots,key_passes,yellow_cards,red_cards,npg,npxG,xGChain,xGBuildup
2399,5612,Anwar El Ghazi,Lille,F M S,27,1640,4,4.280778588727117,4,3.0785589572042227,61,25,2,0,4,4.280778588727117,7.74734703078866,2.536220764741301
2400,5612,Anwar El Ghazi,Aston Villa,F M S,8,359,1,0.9509663004428148,1,0.2625086233019829,7,5,2,0,0,0.1897974293678999,0.5135427359491587,0.2416495066136121
2401,5612,Anwar El Ghazi,Lille,F M S,12,692,1,0.8296463452279568,0,0.6798597015440464,18,5,2,0,1,0.8296463452279568,1.751208085566759,0.2572771813720464
2402,5612,Anwar El Ghazi,Aston Villa,F M S,28,1612,10,9.037517840974033,0,1.8828656133264303,64,26,2,0,6,5.99284244235605,7.845562790520489,2.691346371546388
2403,5612,Anwar El Ghazi,Aston Villa,F M S,34,2082,4,6.381360174156725,4,2.8772015031427145,53,30,3,0,3,5.620191336609423,8.016558893024921,2.210284132510424
