,id,player_name,team_title,position,games,time,goals,xG,assists,xA,shots,key_passes,yellow_cards,red_cards,npg,npxG,xGChain,xGBuildup
2487,5777,Arnaud Lusamba,Nice,F M S,6,255,0,0.0615198947489261,0,0.0,2,0,0,0,0,0.0615198947489261,0.5213656835258007,0.4852737039327621
2488,5777,Arnaud Lusamba,Nice,F M S,15,989,1,0.5155327264219522,2,1.600390711799264,6,18,1,0,1,0.5155327264219522,3.548218239098788,2.050453968346119
2489,5777,Arnaud Lusamba,Nice,M S,4,159,0,0.0,0,0.1061531379818916,0,3,0,0,0,0.0,0.2021983228623867,0.1169372461736202
