,id,player_name,team_title,position,games,time,goals,xG,assists,xA,shots,key_passes,yellow_cards,red_cards,npg,npxG,xGChain,xGBuildup
2490,5684,Arnaud Nordin,Saint-Etienne,D F M S,15,601,2,0.7061543073505163,0,0.0393541231751441,9,1,1,0,2,0.7061543073505163,1.156064411625266,0.8196905851364136
2491,5684,Arnaud Nordin,Saint-Etienne,D M S,25,1037,3,3.665105473250151,1,1.514391576871276,41,13,2,0,3,3.665105473250151,7.295714255422354,2.5723899342119694
2492,5684,Arnaud Nordin,Saint-Etienne,F M S,18,896,1,0.9208301370963454,0,0.6212050653994083,13,11,2,0,1,0.9208301370963454,2.492670103907585,1.3778547467663884
2493,5684,Arnaud Nordin,Saint-Etienne,F M S,17,803,1,1.282869883812964,3,1.8531243707984688,16,17,2,0,1,1.282869883812964,3.816822348162532,2.02968867123127
2494,5684,Arnaud Nordin,Saint-Etienne,F M S,32,1780,4,4.381056550890207,4,2.7193403150886297,45,23,1,0,4,4.381056550890207,8.008491719141603,3.399205141700804
