,id,player_name,team_title,position,games,time,goals,xG,assists,xA,shots,key_passes,yellow_cards,red_cards,npg,npxG,xGChain,xGBuildup
2502,5298,Arne Maier,Hertha Berlin,M S,24,2072,0,0.776842625811696,0,1.9649618938565248,20,18,2,0,0,0.776842625811696,9.33222688175738,7.660900482907891
2503,5298,Arne Maier,"Arminia Bielefeld,Hertha Berlin",M S,18,1081,0,0.5552855506539345,0,1.2413979656994345,11,12,0,0,0,0.5552855506539345,2.454208765178919,1.6882530823349953
2504,5298,Arne Maier,Hertha Berlin,M S,14,522,0,0.1831735670566558,0,0.4416402466595173,6,10,0,0,0,0.1831735670566558,1.9976748190820213,1.7204300612211227
2505,5298,Arne Maier,Hertha Berlin,M S,17,1229,0,0.843353402800858,1,1.5406691804528236,13,7,1,0,0,0.843353402800858,6.7323193764314055,5.059965968132019
2506,5298,Arne Maier,Hertha Berlin,S,1,1,0,0.0,0,0.0,0,0,0,0,0,0.0,0.0,0.0
2507,5298,Arne Maier,Augsburg,M S,12,688,0,0.2947301166132092,1,1.055421769618988,7,11,0,0,0,0.2947301166132092,1.3282867670059204,0.4166507963091135
