,id,player_name,team_title,position,games,time,goals,xG,assists,xA,shots,key_passes,yellow_cards,red_cards,npg,npxG,xGChain,xGBuildup
2541,2895,Arseni Logashov,"FC Rostov,Khimki",D S,11,499,0,0.0919631198048591,0,0.1211389526724815,4,3,1,0,0,0.0919631198048591,1.103695960715413,1.011732842773199
2542,2895,Arseni Logashov,FC Rostov,D M S,13,888,0,0.0157086569815874,0,0.1963333263993263,1,4,1,0,0,0.0157086569815874,0.954569898545742,0.9388612415641546
2543,2895,Arseni Logashov,Lokomotiv Moscow,D,7,592,0,0.0212189964950084,0,0.067866526544094,1,1,2,0,0,0.0212189964950084,0.3394869193434715,0.250401396304369
2544,2895,Arseni Logashov,FC Rostov,D S,9,305,0,0.0,0,0.0,0,0,3,0,0,0.0,0.072629852220416,0.072629852220416
2545,2895,Arseni Logashov,Lokomotiv Moscow,D S,8,435,0,0.0730374604463577,0,0.0,1,0,3,0,0,0.0730374604463577,0.4326709788292646,0.4326709788292646
