,id,player_name,team_title,position,games,time,goals,xG,assists,xA,shots,key_passes,yellow_cards,red_cards,npg,npxG,xGChain,xGBuildup
2589,6794,Artem Sokol,Arsenal Tula,D S,15,919,0,0.0640531815588474,1,0.2720026969909668,3,4,5,0,0,0.0640531815588474,1.5185952577739954,1.369032984599471
2590,6794,Artem Sokol,Arsenal Tula,D S,3,119,0,0.0,0,0.0,0,0,0,0,0,0.0,0.1982673332095146,0.1982673332095146
2591,6794,Artem Sokol,Arsenal Tula,D S,10,706,0,0.2222612611949443,0,0.0,4,0,0,1,0,0.2222612611949443,1.2110937796533108,1.2110937796533108
