,id,player_name,team_title,position,games,time,goals,xG,assists,xA,shots,key_passes,yellow_cards,red_cards,npg,npxG,xGChain,xGBuildup
2601,5499,Artem Yusupov,Ural,S,1,1,0,0.0,0,0.0,0,0,0,0,0,0.0,0.0,0.0
2602,5499,Artem Yusupov,Ural,S,3,39,0,0.2371853440999984,0,0.0114232311025261,3,1,0,0,0,0.2371853440999984,0.2948097586631775,0.0462011769413948
2603,5499,Artem Yusupov,Ural,S,1,21,0,0.0,0,0.0,0,0,0,0,0,0.0,0.0189038421958684,0.0189038421958684
2604,5499,Artem Yusupov,Ural,S,3,6,0,0.052982572466135,0,0.0127799659967422,2,1,0,0,0,0.052982572466135,0.0076968646608293,0.0
