,id,player_name,team_title,position,games,time,goals,xG,assists,xA,shots,key_passes,yellow_cards,red_cards,npg,npxG,xGChain,xGBuildup
2566,5420,Artem Galadzhan,Nizhny Novgorod,M S,3,114,0,0.1184878572821617,0,0.0,3,0,0,0,0,0.1184878572821617,0.2908962462097406,0.1724083889275789
2567,5420,Artem Galadzhan,Lokomotiv Moscow,S,2,20,0,0.0,0,0.0,0,0,0,0,0,0.0,0.4040565490722656,0.4040565490722656
2568,5420,Artem Galadzhan,Lokomotiv Moscow,S,4,66,0,0.0704464763402938,1,0.210173599421978,1,3,0,0,0,0.0704464763402938,0.1720054000616073,0.1015589237213134
2569,5420,Artem Galadzhan,FC Orenburg,S,4,37,0,0.0691215172410011,0,0.6477235555648804,2,3,0,0,0,0.0691215172410011,0.4294705986976623,0.0
2570,5420,Artem Galadzhan,FC Orenburg,F M S,8,369,2,1.4321896135807035,1,0.6733155399560928,8,2,2,0,2,1.4321896135807035,1.7651804089546204,0.0911450013518333
