,id,player_name,team_title,position,games,time,goals,xG,assists,xA,shots,key_passes,yellow_cards,red_cards,npg,npxG,xGChain,xGBuildup
2609,2439,Arthur Boka,Malaga,D S,14,1051,0,0.5694891698658466,0,0.2912624813616276,7,6,3,1,0,0.5694891698658466,3.5126089453697205,2.9775393046438694
2610,2439,Arthur Boka,Malaga,D S,23,1694,0,1.280082837678492,1,1.1279110042378306,24,20,2,0,0,1.280082837678492,3.5073548974469304,1.7187862750142813
