,id,player_name,team_title,position,games,time,goals,xG,assists,xA,shots,key_passes,yellow_cards,red_cards,npg,npxG,xGChain,xGBuildup
2677,2823,Artyom Rebrov,Spartak Moscow,GK,9,810,0,0.0,0,0.1635086834430694,0,1,1,0,0,0.0,0.3079099273309111,0.1444012438878417
2678,2823,Artyom Rebrov,Spartak Moscow,GK,1,90,0,0.0,0,0.0,0,0,0,0,0,0.0,0.0180237405002117,0.0180237405002117
2679,2823,Artyom Rebrov,Spartak Moscow,GK,28,2520,0,0.0,0,0.0,0,0,1,0,0,0.0,1.807117911055684,1.807117911055684
2680,2823,Artyom Rebrov,Spartak Moscow,GK,24,2160,0,0.0,0,0.0,0,0,2,0,0,0.0,2.64642365463078,2.64642365463078
2681,2823,Artyom Rebrov,Spartak Moscow,GK,3,270,0,0.0,0,0.0,0,0,0,0,0,0.0,0.5674348473548889,0.5674348473548889
2682,2823,Artyom Rebrov,Spartak Moscow,GK,28,2520,0,0.0201852452009916,0,0.0,1,0,0,0,0,0.0201852452009916,1.0248517990112305,1.004666555672884
