,id,player_name,team_title,position,games,time,goals,xG,assists,xA,shots,key_passes,yellow_cards,red_cards,npg,npxG,xGChain,xGBuildup
2706,631,Ashley Young,Manchester United,D S,30,2565,2,0.4942643716931343,2,3.999162459746003,12,39,8,1,2,0.4942643716931343,10.536158966366202,8.19924250105396
2707,631,Ashley Young,Inter,D M S,26,1435,1,1.5255170846357942,4,2.137875735759735,15,29,4,0,1,1.5255170846357942,6.41377367451787,4.00071819499135
2708,631,Ashley Young,Aston Villa,D F M S,11,674,0,0.2477215658873319,2,0.2346664136275649,7,6,0,0,0,0.2477215658873319,1.460856642574072,1.1364597231149671
2709,631,Ashley Young,Manchester United,D M S,30,2451,2,0.70932702627033,4,3.751370880752802,18,27,7,0,2,0.70932702627033,9.898994825780392,8.920216394588351
2710,631,Ashley Young,Manchester United,D M S,18,1053,1,0.891463540494442,2,1.4585488578304648,7,10,5,0,1,0.891463540494442,4.834841581992805,3.0842785136774182
2711,631,Ashley Young,Inter,D M S,18,1181,4,1.018664587289095,4,3.806970993988216,15,21,1,0,4,1.018664587289095,7.105365497991443,3.707221928983927
2712,631,Ashley Young,Manchester United,D M S,12,757,0,0.2542203031480312,1,0.871163247153163,5,11,2,0,0,0.2542203031480312,2.62048742454499,1.9057137360796328
2713,631,Ashley Young,Manchester United,D M S,12,956,0,0.082673592492938,0,1.6687388122081757,3,19,5,0,0,0.082673592492938,3.1620550770312548,2.879492687061429
2714,631,Ashley Young,Manchester United,D M S,26,2076,2,2.507619198411703,5,4.116282467730343,29,34,5,0,2,2.507619198411703,7.867700770497322,3.891769116744399
