,id,player_name,team_title,position,games,time,goals,xG,assists,xA,shots,key_passes,yellow_cards,red_cards,npg,npxG,xGChain,xGBuildup
2724,2138,Asier Riesgo,Eibar,GK,14,1260,0,0.0,0,0.0,0,0,0,0,0,0.0,0.5613542990759015,0.5613542990759015
2725,2138,Asier Riesgo,Eibar,GK,16,1251,0,0.0,0,0.0,0,0,0,2,0,0.0,0.518090657889843,0.518090657889843
2726,2138,Asier Riesgo,Eibar,GK,34,3060,0,0.0,0,0.0,0,0,1,0,0,0.0,1.5953630320727823,1.5953630320727823
2727,2138,Asier Riesgo,Eibar,GK,1,90,0,0.0,0,0.0,0,0,0,0,0,0.0,0.0,0.0
