,id,player_name,team_title,position,games,time,goals,xG,assists,xA,shots,key_passes,yellow_cards,red_cards,npg,npxG,xGChain,xGBuildup
2737,694,Asmir Begovic,Stoke,GK,35,3150,0,0.0670076236128807,0,0.0293911900371313,1,1,3,0,0,0.0670076236128807,1.855953269638121,1.826562077738345
2738,694,Asmir Begovic,Everton,GK,1,90,0,0.0,0,0.0,0,0,0,0,0,0.0,0.0,0.0
2739,694,Asmir Begovic,AC Milan,GK S,2,126,0,0.0,0,0.0,0,0,0,0,0,0.0,0.6044806838035583,0.6044806838035583
2740,694,Asmir Begovic,Bournemouth,GK,38,3420,0,0.0,0,0.0409123748540878,0,1,2,0,0,0.0,1.3056796938180923,1.3056796938180923
2741,694,Asmir Begovic,Bournemouth,GK,24,2160,0,0.0,0,0.0,0,0,0,0,0,0.0,2.4910213444381952,2.4910213444381952
2742,694,Asmir Begovic,Chelsea,GK,2,180,0,0.0,0,0.0,0,0,0,0,0,0.0,0.0257313158363103,0.0257313158363103
2743,694,Asmir Begovic,Chelsea,GK S,17,1393,0,0.0,0,0.0,0,0,0,0,0,0.0,1.3994954600930214,1.3994954600930214
