,id,player_name,team_title,position,games,time,goals,xG,assists,xA,shots,key_passes,yellow_cards,red_cards,npg,npxG,xGChain,xGBuildup
2758,5456,Astemir Gordyushenko,CSKA Moscow,S,2,19,0,0.0,1,0.0823647081851959,0,2,0,0,0,0.0,0.152604877948761,0.070240169763565
2759,5456,Astemir Gordyushenko,CSKA Moscow,M S,3,97,0,0.0326953493058681,0,0.0183035135269165,2,1,0,0,0,0.0326953493058681,0.0664389505982399,0.0337436012923717
2760,5456,Astemir Gordyushenko,CSKA Moscow,M S,6,103,0,0.1020922288298606,0,0.0935211032629013,2,2,0,0,0,0.1020922288298606,1.1593142747879028,1.054503083229065
