,id,player_name,team_title,position,games,time,goals,xG,assists,xA,shots,key_passes,yellow_cards,red_cards,npg,npxG,xGChain,xGBuildup
2766,2267,Augusto Fernández,Cadiz,M S,12,354,0,0.0,0,0.0,0,0,1,0,0,0.0,0.0334039740264415,0.0334039740264415
2767,2267,Augusto Fernández,Celta Vigo,D F M S,30,2109,1,2.1767928386107087,0,0.4730837568640709,36,7,11,0,1,2.1767928386107087,8.952926874160767,7.465169591829181
2768,2267,Augusto Fernández,"Atletico Madrid,Celta Vigo",M S,28,2214,1,0.9661343079060316,1,0.2597212614491582,13,7,11,0,1,0.9661343079060316,7.048432101495564,6.875217323191464
2769,2267,Augusto Fernández,Atletico Madrid,M S,5,105,0,0.020377229899168,0,0.0139044988900423,1,1,1,0,0,0.020377229899168,0.3674012832343578,0.3331195544451475
2770,2267,Augusto Fernández,Atletico Madrid,M S,3,142,0,0.0,0,0.0,0,0,0,0,0,0.0,0.2105866391211748,0.2105866391211748
