,id,player_name,team_title,position,games,time,goals,xG,assists,xA,shots,key_passes,yellow_cards,red_cards,npg,npxG,xGChain,xGBuildup
2782,6885,Axel Disasi,Reims,D,27,2430,1,2.394568507559597,0,0.3953921170905232,15,5,3,0,1,2.394568507559597,3.0300402753055096,2.642468792386353
2783,6885,Axel Disasi,Monaco,D S,29,2025,3,2.226362347602844,0,0.6006771121174097,18,5,3,2,3,2.226362347602844,7.807720260694623,7.7211944013834
2784,6885,Axel Disasi,Monaco,D S,15,1207,1,1.210899647325277,0,0.1518215164542198,7,2,2,0,1,1.210899647325277,3.795277919620276,3.678265567868948
2785,6885,Axel Disasi,Reims,D S,4,155,0,0.0,0,0.0370541028678417,0,1,0,0,0,0.0,0.3824845850467682,0.3824845850467682
