,id,player_name,team_title,position,games,time,goals,xG,assists,xA,shots,key_passes,yellow_cards,red_cards,npg,npxG,xGChain,xGBuildup
2802,5444,Ayaz Guliev,Arsenal Tula,M S,12,608,0,0.1457320321351289,0,0.2850747294723987,7,7,1,0,0,0.1457320321351289,2.1227970253676176,1.8649728000164032
2803,5444,Ayaz Guliev,"FC Rostov,Spartak Moscow",M S,24,1932,2,2.185607323423028,2,1.6620343700051308,47,21,10,1,2,2.185607323423028,5.312351629137993,1.9626542767509816
2804,5444,Ayaz Guliev,Anzhi Makhachkala,M S,11,911,0,0.3921593502163887,1,0.2531570792198181,16,8,4,0,0,0.3921593502163887,1.4216775335371494,1.1200678814202547
2805,5444,Ayaz Guliev,"Anzhi Makhachkala,FC Rostov",M S,17,914,1,0.6344225406646729,0,0.2793371398001909,11,11,1,0,1,0.6344225406646729,1.4446550719439983,0.7262460105121136
2806,5444,Ayaz Guliev,Spartak Moscow,M S,11,647,0,0.309697444550693,0,0.2509173229336738,14,6,5,0,0,0.309697444550693,1.1887926533818245,0.8109916485846043
