,id,player_name,team_title,position,games,time,goals,xG,assists,xA,shots,key_passes,yellow_cards,red_cards,npg,npxG,xGChain,xGBuildup
2811,5235,Aymen Barkok,Eintracht Frankfurt,F M S,9,301,0,0.0970315877348184,1,0.4429513774812221,3,7,1,0,0,0.0970315877348184,0.6019764691591263,0.1243328060954809
2812,5235,Aymen Barkok,Eintracht Frankfurt,M S,3,95,0,0.0,0,0.0,0,0,0,0,0,0.0,0.020006300881505,0.020006300881505
2813,5235,Aymen Barkok,Fortuna Duesseldorf,M S,3,79,0,0.0,0,0.0,0,0,0,0,0,0.0,0.0,0.0
2814,5235,Aymen Barkok,Fortuna Duesseldorf,M S,12,507,0,0.534009849652648,0,0.1494223698973655,5,3,0,0,0,0.534009849652648,1.5835774913430214,0.9322504885494708
2815,5235,Aymen Barkok,Eintracht Frankfurt,D F M S,26,951,2,2.023411763831973,3,3.1989327585324645,19,26,5,0,2,2.023411763831973,6.219774838536978,3.1459718253463507
2816,5235,Aymen Barkok,Eintracht Frankfurt,M S,18,643,2,1.136461118236184,2,0.9720289409160614,8,9,1,0,2,1.136461118236184,3.480873171240092,1.463773304596543
