,id,player_name,team_title,position,games,time,goals,xG,assists,xA,shots,key_passes,yellow_cards,red_cards,npg,npxG,xGChain,xGBuildup
2840,2461,Aythami,Las Palmas,D S,11,839,0,0.7165452539920807,0,0.0434735976159572,4,1,3,1,0,0.7165452539920807,1.9781121220439672,1.9781121220439672
2841,2461,Aythami,Las Palmas,D S,31,2641,0,1.4513680972158909,1,0.8528573960065842,9,7,9,2,0,1.4513680972158909,4.2801448460668325,4.173216165974736
2842,2461,Aythami,Las Palmas,D S,3,181,0,0.0,0,0.0,0,0,0,0,0,0.0,0.3597216010093689,0.3597216010093689
