,id,player_name,team_title,position,games,time,goals,xG,assists,xA,shots,key_passes,yellow_cards,red_cards,npg,npxG,xGChain,xGBuildup
2844,3092,Azamat Zaseev,FC Ufa,M,28,2520,0,0.1861046878620982,0,0.333908537402749,12,10,7,0,0,0.1861046878620982,2.244446783326566,1.8384189028292888
2845,3092,Azamat Zaseev,FC Ufa,M,10,856,0,0.0321260201744735,0,0.1326664928346872,3,3,4,0,0,0.0321260201744735,0.5076459757983685,0.3428534641861915
2846,3092,Azamat Zaseev,FC Ufa,S,1,4,0,0.0,0,0.0,0,0,0,0,0,0.0,0.0,0.0
2847,3092,Azamat Zaseev,FC Ufa,M S,18,808,0,0.2540343794971704,1,0.7481602700427175,5,7,1,0,0,0.2540343794971704,2.794355880469084,1.792161179240793
2848,3092,Azamat Zaseev,FC Ufa,F M S,25,1939,0,0.9229102339595556,0,0.7736664777621627,13,14,2,1,0,0.9229102339595556,2.649778861552477,1.2819299660623074
2849,3092,Azamat Zaseev,FC Ufa,M S,5,209,0,0.0,0,0.0218124967068433,0,2,0,0,0,0.0,0.8111217021942139,0.801366001367569
