,id,player_name,team_title,position,games,time,goals,xG,assists,xA,shots,key_passes,yellow_cards,red_cards,npg,npxG,xGChain,xGBuildup
2888,520,Bakary Sako,Crystal Palace,F M S,16,446,3,2.270359752699733,0,0.7738894745707512,17,7,0,0,3,2.270359752699733,2.393583443015814,0.5047074863687158
2889,520,Bakary Sako,Crystal Palace,S,4,19,0,0.0,0,0.0,0,0,0,0,0,0.0,0.0,0.0
2890,520,Bakary Sako,Crystal Palace,F M S,20,1073,2,2.3595069171860814,1,1.88949216902256,34,9,1,0,2,2.3595069171860814,4.876723758876324,1.9568681884557009
2891,520,Bakary Sako,Crystal Palace,S,7,121,0,0.1308701876550912,0,0.0900105535984039,4,1,0,0,0,0.1308701876550912,0.1371257295832038,0.0881837820634245
