,id,player_name,team_title,position,games,time,goals,xG,assists,xA,shots,key_passes,yellow_cards,red_cards,npg,npxG,xGChain,xGBuildup
2883,3279,Bakary Koné,Strasbourg,D S,28,2462,2,1.0534567954018712,0,0.0174143314361572,10,1,3,0,2,1.0534567954018712,3.096930641680956,3.06077017262578
2884,3279,Bakary Koné,Malaga,D,7,604,0,0.1106614843010902,0,0.0219993405044078,1,1,1,1,0,0.1106614843010902,0.4969189446419477,0.474919606000185
2885,3279,Bakary Koné,Arsenal Tula,D,1,90,0,0.0656090825796127,0,0.0,1,0,0,0,0,0.0656090825796127,0.019376665353775,0.019376665353775
2886,3279,Bakary Koné,Lyon,D S,6,429,0,0.2039936073124408,0,0.0,3,0,1,0,0,0.2039936073124408,0.3026056513190269,0.3026056513190269
2887,3279,Bakary Koné,Lyon,D S,17,1289,1,0.2695786766707897,0,0.1992965713143348,5,3,3,0,1,0.2695786766707897,2.634586164727807,2.5955184251070023
