,id,player_name,team_title,position,games,time,goals,xG,assists,xA,shots,key_passes,yellow_cards,red_cards,npg,npxG,xGChain,xGBuildup
2901,2396,Balenziaga,Athletic Club,D,13,1131,0,0.0495873801410198,0,0.1001116745173931,3,3,0,0,0,0.0495873801410198,2.895728822797537,2.7789940014481544
2902,2396,Balenziaga,Athletic Club,D,33,2921,0,0.2545898482203483,0,0.8332305643707514,11,18,9,0,0,0.2545898482203483,5.330355858430266,4.724450469017029
2903,2396,Balenziaga,Athletic Club,D,18,1560,0,0.1579229943454265,2,1.071619488298893,3,8,1,0,0,0.1579229943454265,3.529213536530733,2.7168254498392344
2904,2396,Balenziaga,Athletic Club,D,33,2851,1,0.3870781948789954,1,1.594984089024365,10,18,3,1,1,0.3870781948789954,5.969003372825682,4.8070173189044
2905,2396,Balenziaga,Athletic Club,D S,34,2911,0,0.1575363939628005,3,1.944767374545336,8,24,6,0,0,0.1575363939628005,5.589190567843616,4.26848582457751
2906,2396,Balenziaga,Athletic Club,D S,9,568,0,0.0674720834940671,0,0.0,3,0,1,0,0,0.0674720834940671,1.043612914159894,0.9920826498419046
2907,2396,Balenziaga,Athletic Club,D S,11,518,0,0.0159502439200878,0,0.1984648192301392,1,3,0,0,0,0.0159502439200878,0.7308391947299242,0.6601109299808741
2908,2396,Balenziaga,Athletic Club,D S,23,1690,0,0.0857387017458677,1,0.6094695869833231,3,7,0,0,0,0.0857387017458677,3.916193401440978,3.75043024495244
