,id,player_name,team_title,position,games,time,goals,xG,assists,xA,shots,key_passes,yellow_cards,red_cards,npg,npxG,xGChain,xGBuildup
2926,5654,Baptiste Santamaria,Angers,M S,31,2599,0,0.3806488970294595,0,0.6827044989913702,18,17,6,0,0,0.3806488970294595,4.826171888969839,4.093193859793246
2927,5654,Baptiste Santamaria,Angers,M,3,270,0,0.0551910642534494,0,0.1780468635261058,4,4,1,0,0,0.0551910642534494,0.2525559030473232,0.1133063808083534
2928,5654,Baptiste Santamaria,Freiburg,M S,30,2240,1,2.1661303266882896,1,1.0789936939254403,30,14,5,0,1,2.1661303266882896,7.989245620556176,5.116489842534065
2929,5654,Baptiste Santamaria,Rennes,M S,14,788,0,0.4998641032725572,1,0.3599265143275261,11,10,4,0,0,0.4998641032725572,3.876801846548915,3.5142459608614445
2930,5654,Baptiste Santamaria,Angers,M S,38,3256,1,1.1928981682285666,0,0.4994933493435383,24,13,2,0,1,1.1928981682285666,5.756850808858872,4.537939993664622
2931,5654,Baptiste Santamaria,Angers,M S,37,3081,0,2.1443689726293087,0,0.5023589488118887,34,12,2,0,0,2.1443689726293087,11.45116046629846,9.248486355878413
2932,5654,Baptiste Santamaria,Freiburg,S,1,20,0,0.0,0,0.0,0,0,0,0,0,0.0,0.0963455364108085,0.0963455364108085
2933,5654,Baptiste Santamaria,Angers,M,28,2507,1,1.204914123751223,1,1.3359400373883543,35,13,1,0,1,1.204914123751223,6.379334282130003,5.392730979248881
