,id,player_name,team_title,position,games,time,goals,xG,assists,xA,shots,key_passes,yellow_cards,red_cards,npg,npxG,xGChain,xGBuildup
2997,7653,Beka Mikeltadze,FC Rotor Volgograd,F S,12,264,0,0.328501028008759,0,0.0437019690871238,5,2,3,0,0,0.328501028008759,0.5781001271679997,0.3488737232983112
2998,7653,Beka Mikeltadze,Rubin Kazan,M S,11,406,1,1.1305906120687723,0,0.2206239700317382,15,3,2,0,1,1.1305906120687723,2.8190614925697446,1.518548769876361
