,id,player_name,team_title,position,games,time,goals,xG,assists,xA,shots,key_passes,yellow_cards,red_cards,npg,npxG,xGChain,xGBuildup
3009,660,Ben Davies,Tottenham,D M S,23,1729,1,0.4300544746220112,3,2.6146715208888054,13,29,1,0,1,0.4300544746220112,7.039751000702381,5.677620613947511
3010,660,Ben Davies,Tottenham,D S,20,1330,0,0.1976930759847164,1,0.4373754449188709,3,8,1,0,0,0.1976930759847164,2.6845735367387533,2.3310538921505213
3011,660,Ben Davies,Tottenham,D S,29,2328,2,1.0200389912351966,6,3.743326143827289,18,47,3,0,2,1.0200389912351966,10.470599573571237,7.816433597356081
3012,660,Ben Davies,Tottenham,D S,18,1434,0,0.2192515414208173,0,0.9578831642866136,7,9,6,0,0,0.2192515414208173,4.067890850827098,3.52390163205564
3013,660,Ben Davies,Tottenham,D M S,27,1831,0,0.574660662561655,0,2.2464851289987564,14,15,2,0,0,0.574660662561655,9.464484944939612,7.862325394526124
3014,660,Ben Davies,Tottenham,D S,6,479,0,1.4741074610501528,1,0.2333321459591388,5,3,1,0,0,1.4741074610501528,1.158361691981554,0.6286242343485355
3015,660,Ben Davies,Tottenham,D S,17,1281,0,0.4415077166631818,2,1.429123087786138,9,15,3,0,0,0.4415077166631818,5.710318407043815,4.637950170785189
3016,660,Ben Davies,Tottenham,D S,14,879,0,0.0131580624729394,1,0.3461128734052181,1,8,3,0,0,0.0131580624729394,3.3431444112211466,3.058709537610412
