,id,player_name,team_title,position,games,time,goals,xG,assists,xA,shots,key_passes,yellow_cards,red_cards,npg,npxG,xGChain,xGBuildup
3050,7298,Ben White,Brighton,D M,36,3208,0,0.4792181812226772,0,0.9432324087247252,10,8,3,1,0,0.4792181812226772,8.348605416715145,7.907715395092964
3051,7298,Ben White,Arsenal,D,14,1260,0,0.1095740180462598,0,0.6466723456978798,3,6,1,0,0,0.1095740180462598,3.628126662224531,3.517421394586563
