,id,player_name,team_title,position,games,time,goals,xG,assists,xA,shots,key_passes,yellow_cards,red_cards,npg,npxG,xGChain,xGBuildup
3038,1654,Ben Mee,Burnley,D S,33,2889,2,1.930388872511685,1,0.867081786505878,20,17,10,0,2,1.930388872511685,4.240652431733906,3.4609045814722776
3039,1654,Ben Mee,Burnley,D,34,3018,1,0.8950445801019669,0,0.2317345542833209,16,6,5,0,1,0.8950445801019669,2.826729361899197,2.7720459830015898
3040,1654,Ben Mee,Burnley,D,30,2695,2,1.6194155449047685,0,0.8052035262808204,22,7,3,0,2,1.6194155449047685,2.1182815926149487,2.01590633392334
3041,1654,Ben Mee,Burnley,D,32,2880,1,1.3048196090385318,1,1.7796144168823955,17,9,7,0,1,1.3048196090385318,1.8804771974682808,1.7440897338092327
3042,1654,Ben Mee,Burnley,D,29,2610,0,1.6628442937508223,0,0.2265047896653413,24,6,5,0,0,1.6628442937508223,2.095719510689378,2.0404646638780832
3043,1654,Ben Mee,Burnley,D,38,3420,0,1.1468779053539038,2,1.5216835364699364,21,8,9,0,0,1.1468779053539038,3.2569785080850124,3.239907618612051
3044,1654,Ben Mee,Burnley,D,11,990,2,1.9650872759521008,0,0.0254189576953649,10,2,3,0,2,1.9650872759521008,1.3623542580753565,1.349588860757649
