,id,player_name,team_title,position,games,time,goals,xG,assists,xA,shots,key_passes,yellow_cards,red_cards,npg,npxG,xGChain,xGBuildup
3017,803,Ben Foster,West Bromwich Albion,GK,37,3330,0,0.0,0,0.0455643292516469,0,2,2,0,0,0.0,0.7630009837448597,0.7630009837448597
3018,803,Ben Foster,West Bromwich Albion,GK,38,3420,0,0.0321922414004802,0,0.0918270144611597,1,2,2,0,0,0.0321922414004802,0.667751420289278,0.667751420289278
3019,803,Ben Foster,West Bromwich Albion,GK,28,2488,0,0.0,0,0.0,0,0,2,0,0,0.0,1.0978938369080424,1.0978938369080424
3020,803,Ben Foster,Watford,GK,8,720,0,0.0,1,0.0675887167453765,0,1,0,0,0,0.0,1.923063084483147,1.85547436773777
3021,803,Ben Foster,Watford,GK,38,3420,0,0.0166965145617723,0,0.2140688551589846,1,5,1,0,0,0.0166965145617723,2.520907571539283,2.3592222332954407
3022,803,Ben Foster,Watford,GK,38,3420,0,0.3458039164543152,0,0.0367065705358982,1,1,1,0,0,0.3458039164543152,1.580454676412046,1.5437481021508574
3023,803,Ben Foster,West Bromwich Albion,GK,15,1350,0,0.0,0,0.0,0,0,1,0,0,0.0,0.2052958086133003,0.2052958086133003
