,id,player_name,team_title,position,games,time,goals,xG,assists,xA,shots,key_passes,yellow_cards,red_cards,npg,npxG,xGChain,xGBuildup
3033,6424,Ben Johnson,West Ham,D,1,64,0,0.0,0,0.0,0,0,0,0,0,0.0,0.0,0.0
3034,6424,Ben Johnson,West Ham,D M S,14,506,1,0.4844098296016454,0,0.385865556076169,3,4,1,0,1,0.4844098296016454,1.4439898766577244,0.66788793168962
3035,6424,Ben Johnson,West Ham,D,3,270,0,0.0153147717937827,0,0.0289694089442491,1,1,0,0,0,0.0153147717937827,0.4228672236204147,0.4228672236204147
3036,6424,Ben Johnson,West Ham,D S,9,677,1,0.1015413915738463,0,0.1678196061402559,3,4,0,0,1,0.1015413915738463,1.659874684177339,1.4278855957090857
