,id,player_name,team_title,position,games,time,goals,xG,assists,xA,shots,key_passes,yellow_cards,red_cards,npg,npxG,xGChain,xGBuildup
3024,1707,Ben Gibson,Middlesbrough,D,38,3420,1,0.8124677557498217,1,0.5862096436321735,15,3,4,0,1,0.8124677557498217,5.1498922891914845,5.046650540083647
3025,1707,Ben Gibson,Burnley,D,1,67,1,0.9117929935455322,0,0.0,1,0,1,0,1,0.9117929935455322,0.0,0.0
3026,1707,Ben Gibson,Norwich,D,12,1056,0,1.253190390765667,0,0.105954322963953,5,2,1,1,0,1.253190390765667,1.8909597620368004,1.8614947386085987
