,id,player_name,team_title,position,games,time,goals,xG,assists,xA,shots,key_passes,yellow_cards,red_cards,npg,npxG,xGChain,xGBuildup
3057,333,Benedikt Höwedes,Juventus,D,3,249,1,0.6373648121953011,0,0.0342107955366373,2,2,1,0,1,0.6373648121953011,1.4145333170890808,0.8249081671237946
3058,333,Benedikt Höwedes,Schalke 04,D,31,2790,1,1.084696687757969,1,0.2244169786572456,18,5,7,0,1,1.084696687757969,6.900327344425023,6.40806666854769
3059,333,Benedikt Höwedes,Schalke 04,D S,15,895,1,0.7663328032940626,0,0.1991510950028896,8,5,4,0,1,0.7663328032940626,1.8652169778943064,1.6649867333471775
3060,333,Benedikt Höwedes,Lokomotiv Moscow,D,18,1568,0,0.7683406844735146,0,0.3494004532694816,5,3,2,0,0,0.7683406844735146,2.7941675782203674,2.669220633804798
3061,333,Benedikt Höwedes,Lokomotiv Moscow,D S,17,1289,3,1.6280140951275826,0,0.047469169832766,8,3,1,0,3,1.6280140951275826,2.2295234678313136,2.172893996350467
3062,333,Benedikt Höwedes,Schalke 04,D,28,2487,2,1.5853189453482628,0,1.6977868638932705,11,7,8,0,2,1.5853189453482628,3.870116669684649,3.514450766146183
