,id,player_name,team_title,position,games,time,goals,xG,assists,xA,shots,key_passes,yellow_cards,red_cards,npg,npxG,xGChain,xGBuildup
3064,826,Benik Afobe,Bournemouth,F S,31,1436,6,8.921733126044273,3,1.827837775461376,39,23,1,0,6,8.160564228892326,8.775064896792173,1.263733728788793
3065,826,Benik Afobe,Bournemouth,F S,17,524,0,1.4485033676028252,0,0.1121835261583328,7,2,0,0,0,1.4485033676028252,1.963434338569641,0.5900203660130501
3066,826,Benik Afobe,Bournemouth,F M S,15,950,4,3.3959608674049377,0,0.6378882434219122,14,12,0,0,4,3.3959608674049377,3.453085422515869,0.5902239242568612
