,id,player_name,team_title,position,games,time,goals,xG,assists,xA,shots,key_passes,yellow_cards,red_cards,npg,npxG,xGChain,xGBuildup
3152,3290,Benjamin Stambouli,Schalke 04,D M S,28,2193,0,0.0,2,0.7075594775378704,0,9,4,0,0,0.0,4.129938097670674,3.593712141737342
3153,3290,Benjamin Stambouli,Montpellier,M,2,180,0,0.1586789395660162,0,0.0235028322786092,4,1,0,0,0,0.1586789395660162,0.4582090675830841,0.3659919202327728
3154,3290,Benjamin Stambouli,Tottenham,M S,12,448,0,0.0607000067830085,0,0.0652041528373956,2,3,4,0,0,0.0607000067830085,0.7637705262750387,0.696203950792551
3155,3290,Benjamin Stambouli,Schalke 04,M S,23,1299,0,0.0779666882008314,0,0.156553853303194,4,3,3,1,0,0.0779666882008314,3.1490153167396784,2.954332280904054
3156,3290,Benjamin Stambouli,Paris Saint Germain,M S,27,1510,0,0.1811475902795791,0,0.4291049065068364,4,4,2,0,0,0.1811475902795791,10.321493597701192,9.727982942014933
3157,3290,Benjamin Stambouli,Schalke 04,D M S,21,1759,0,0.0798877878114581,2,0.3957865312695503,3,9,3,0,0,0.0798877878114581,3.959741820581257,3.568493638187647
3158,3290,Benjamin Stambouli,Schalke 04,D M S,24,1961,0,0.0428114049136638,2,0.6104596108198166,2,8,5,0,0,0.0428114049136638,3.3181262593716383,2.796931872144341
3159,3290,Benjamin Stambouli,Schalke 04,D,9,810,0,0.0,0,0.0,0,0,2,0,0,0.0,0.8376060109585524,0.8376060109585524
