,id,player_name,team_title,position,games,time,goals,xG,assists,xA,shots,key_passes,yellow_cards,red_cards,npg,npxG,xGChain,xGBuildup
3081,3471,Benjamin Angoua,Guingamp,D S,18,1231,1,0.5239785984158516,0,0.0,4,0,4,0,1,0.5239785984158516,1.136907983571291,1.136907983571291
3082,3471,Benjamin Angoua,Guingamp,D S,7,538,0,0.0,1,0.4174583554267883,0,1,0,0,0,0.0,0.4996956810355186,0.4996956810355186
3083,3471,Benjamin Angoua,Guingamp,D S,21,1534,0,0.3066684417426586,0,0.0478594452142715,4,1,5,1,0,0.3066684417426586,0.8323910385370255,0.8323910385370255
