,id,player_name,team_title,position,games,time,goals,xG,assists,xA,shots,key_passes,yellow_cards,red_cards,npg,npxG,xGChain,xGBuildup
3109,251,Benjamin Hübner,Hoffenheim,D,25,2085,1,2.3602724839001894,4,2.522134557366371,27,8,4,2,1,2.3602724839001894,6.044900711625814,4.983352003619075
3110,251,Benjamin Hübner,Hoffenheim,D,25,2151,2,1.223392334766686,3,1.3957135286182163,17,7,10,0,2,1.223392334766686,7.503236750140786,7.037147210910916
3111,251,Benjamin Hübner,Hoffenheim,D S,10,813,0,1.041059173643589,0,0.0,8,0,2,0,0,1.041059173643589,3.315117735415697,3.315117735415697
3112,251,Benjamin Hübner,Ingolstadt,D,30,2632,1,2.0868486277759075,0,0.11212894693017,20,3,7,0,1,2.0868486277759075,2.5753738675266504,2.4632449205964804
3113,251,Benjamin Hübner,Hoffenheim,D,27,2324,3,2.365258297882974,2,0.6194390933960676,22,11,9,0,3,2.365258297882974,5.665993170812726,5.111496286466718
