,id,player_name,team_title,position,games,time,goals,xG,assists,xA,shots,key_passes,yellow_cards,red_cards,npg,npxG,xGChain,xGBuildup
3140,3570,Benjamin Moukandjo,Reims,F M S,31,1887,8,5.998644150793552,1,3.0665840469300747,47,35,3,0,7,5.238549005240202,7.13079240731895,1.8880695067346096
3141,3570,Benjamin Moukandjo,Lorient,F M S,31,2235,13,11.171723827719688,1,1.629063094034791,57,20,3,0,8,7.371248254552484,8.596285786479712,1.7494653761386871
3142,3570,Benjamin Moukandjo,Lorient,F M S,25,2017,13,10.198661433532834,1,3.6729718782007694,48,27,1,0,10,7.918376067653298,12.508198708295822,1.8973931036889555
