,id,player_name,team_title,position,games,time,goals,xG,assists,xA,shots,key_passes,yellow_cards,red_cards,npg,npxG,xGChain,xGBuildup
3181,2510,Benoît Trémoulinas,Sevilla,D S,20,1647,0,0.3137414595112204,4,2.6406776271760464,8,20,5,0,0,0.3137414595112204,6.841819196939468,4.440969988703728
3182,2510,Benoît Trémoulinas,Sevilla,D,24,2159,0,0.6867499724030495,3,2.468225149437785,12,19,3,0,0,0.6867499724030495,11.279247868806124,10.32477279379964
