,id,player_name,team_title,position,games,time,goals,xG,assists,xA,shots,key_passes,yellow_cards,red_cards,npg,npxG,xGChain,xGBuildup
3168,7240,Benoit Badiashile Mukinayi,Monaco,D S,35,2874,2,2.799820151180029,1,0.7564248964190483,24,6,5,0,2,2.799820151180029,11.114285208284857,10.382495045661926
3169,7240,Benoit Badiashile Mukinayi,Monaco,D S,10,723,0,0.3380659818649292,0,0.0,6,0,3,0,0,0.3380659818649292,3.785391118377447,3.785391118377447
3170,7240,Benoit Badiashile Mukinayi,Monaco,D,16,1417,0,0.3669517431408167,0,0.1397761143743991,10,2,0,0,0,0.3669517431408167,4.561763882637024,4.545350223779678
3171,7240,Benoit Badiashile Mukinayi,Monaco,D,20,1763,1,0.8808817528188229,0,0.0883614122867584,6,2,4,0,1,0.8808817528188229,2.6110583851113915,2.5788135351613164
