,id,player_name,team_title,position,games,time,goals,xG,assists,xA,shots,key_passes,yellow_cards,red_cards,npg,npxG,xGChain,xGBuildup
3183,6409,Beram Kayal,Brighton,M S,19,731,0,0.3412811160087585,0,0.4506307207047939,4,11,2,0,0,0.3412811160087585,1.0508340448141098,0.4332428835332393
3184,6409,Beram Kayal,Brighton,M S,18,937,1,0.2898655664175749,1,1.177038300782442,5,4,4,0,1,0.2898655664175749,1.929511060938239,1.194939725100994
