,id,player_name,team_title,position,games,time,goals,xG,assists,xA,shots,key_passes,yellow_cards,red_cards,npg,npxG,xGChain,xGBuildup
3193,6092,Berkay Özcan,VfB Stuttgart,S,3,47,0,0.0,0,0.0,0,0,0,0,0,0.0,0.0588363856077194,0.0588363856077194
3194,6092,Berkay Özcan,VfB Stuttgart,M S,17,1011,1,1.4643227057531476,2,1.5268437825143335,12,15,1,0,1,1.4643227057531476,2.550338895060122,0.5831149555742741
