,id,player_name,team_title,position,games,time,goals,xG,assists,xA,shots,key_passes,yellow_cards,red_cards,npg,npxG,xGChain,xGBuildup
3246,2397,Beñat,Athletic Club,M S,24,1117,0,0.4533441690728068,2,2.054354978725314,13,25,3,0,0,0.4533441690728068,3.7017129492014647,3.453457219526172
3247,2397,Beñat,Athletic Club,M S,36,2900,1,1.2985323797911406,5,4.663408284075558,29,63,8,0,1,1.2985323797911406,10.49810387007892,9.473538962192832
3248,2397,Beñat,Athletic Club,M S,32,2420,1,1.6557163065299392,5,5.665210017934442,35,72,9,0,1,1.6557163065299392,7.916934047825634,5.963580754585564
3249,2397,Beñat,Athletic Club,M S,11,381,0,0.1201358381658792,0,0.6798726646229625,5,10,0,0,0,0.1201358381658792,0.64432268217206,0.5016039721667767
3250,2397,Beñat,Athletic Club,M S,27,2055,1,0.5130033940076828,2,2.5494483206421137,15,32,8,0,1,0.5130033940076828,6.33743604272604,5.864967074245215
3251,2397,Beñat,Athletic Club,M S,28,1713,2,0.8584058918058872,2,2.8112491527572274,25,34,4,0,2,0.8584058918058872,5.061954903416336,3.9261668426916
