,id,player_name,team_title,position,games,time,goals,xG,assists,xA,shots,key_passes,yellow_cards,red_cards,npg,npxG,xGChain,xGBuildup
3258,7568,Bilal Benkhedim,Saint-Etienne,F S,3,72,0,0.0,0,0.046375785022974,0,1,0,0,0,0.0,0.0964674949645996,0.0964674949645996
3259,7568,Bilal Benkhedim,Saint-Etienne,M S,3,129,0,0.480983555316925,0,0.212825633585453,1,3,0,0,0,0.480983555316925,0.6347774490714073,0.0078419502824544
