,id,player_name,team_title,position,games,time,goals,xG,assists,xA,shots,key_passes,yellow_cards,red_cards,npg,npxG,xGChain,xGBuildup
3275,7712,Billy Sharp,Sheffield United,F S,16,723,3,2.983076898381114,0,0.5832782126963139,9,4,1,0,1,1.4607392232865095,2.650699468329549,0.6648953501135111
3276,7712,Billy Sharp,Sheffield United,F S,25,1045,3,4.138954329304397,2,3.010327694937587,16,15,1,1,3,4.138954329304397,5.812581459991634,1.037148229777813
