,id,player_name,team_title,position,games,time,goals,xG,assists,xA,shots,key_passes,yellow_cards,red_cards,npg,npxG,xGChain,xGBuildup
3316,5224,Bobby Wood,Hamburger SV,F M S,28,2083,5,5.815050152130425,2,2.82566505856812,39,25,1,1,5,5.815050152130425,9.855107571929691,2.60787595435977
3317,5224,Bobby Wood,Hamburger SV,F M S,24,1610,2,4.654364535585046,0,1.5839058719575403,39,18,1,1,1,3.896587872877717,5.672308406792581,1.206435889005661
3318,5224,Bobby Wood,Hannover 96,F M S,20,1168,3,2.852794874459505,1,1.6665422450751066,18,11,1,0,3,2.852794874459505,5.466898685321212,1.6150935254991057
