,id,player_name,team_title,position,games,time,goals,xG,assists,xA,shots,key_passes,yellow_cards,red_cards,npg,npxG,xGChain,xGBuildup
3314,6827,Bobby Reid,Fulham,D F M S,33,2394,5,4.269851532764733,2,1.3097007106989622,34,14,7,0,5,4.269851532764733,8.202645358629525,3.1313844807446003
3315,6827,Bobby Reid,Cardiff,F M S,27,1414,5,3.804596912115812,2,1.058872975409031,27,16,0,0,4,3.04342807456851,4.874457709491253,2.006671106442809
