,id,player_name,team_title,position,games,time,goals,xG,assists,xA,shots,key_passes,yellow_cards,red_cards,npg,npxG,xGChain,xGBuildup
3396,5188,Borja Valle,Deportivo La Coruna,M S,7,200,0,0.1572567839175462,0,0.0859855487942695,5,2,0,0,0,0.1572567839175462,0.3606548998504877,0.117412569001317
3397,5188,Borja Valle,Deportivo La Coruna,F S,17,467,3,3.1039131595753133,2,1.2369741350412369,15,9,1,0,3,3.1039131595753133,4.168000917881727,0.9054263569414616
