,id,player_name,team_title,position,games,time,goals,xG,assists,xA,shots,key_passes,yellow_cards,red_cards,npg,npxG,xGChain,xGBuildup
3379,2252,Borja Mayoral,Wolfsburg,F S,19,369,2,2.081917263567448,0,0.2568691512569785,12,5,1,0,2,2.081917263567448,2.9396091485396028,1.3332755910232663
3380,2252,Borja Mayoral,Real Madrid,F S,6,283,0,0.2089608535170555,0,0.0275627598166465,3,1,0,0,0,0.2089608535170555,1.2689362913370132,1.0324126407504082
3381,2252,Borja Mayoral,Levante,F S,34,2147,8,10.31909115985036,2,3.678015971556306,48,24,2,0,8,10.31909115985036,17.214190535247326,4.92754820920527
3382,2252,Borja Mayoral,Real Madrid,F S,14,335,3,3.3194885179400444,1,0.5535394009202719,15,2,0,0,3,3.3194885179400444,4.640599619597197,1.4609397817403078
3383,2252,Borja Mayoral,Roma,S,3,22,0,0.1417939066886901,0,0.0,1,0,0,0,0,0.1417939066886901,0.1417939066886901,0.0
3384,2252,Borja Mayoral,Real Madrid,S,2,19,0,0.0,0,0.0,0,0,0,0,0,0.0,0.4738381206989288,0.4738381206989288
3385,2252,Borja Mayoral,Levante,F S,29,1602,3,4.703446423634887,2,3.28476288728416,24,20,1,0,3,4.703446423634887,8.915443209931254,2.6578833740204573
3386,2252,Borja Mayoral,Roma,F M S,31,1544,10,7.814331233501434,2,2.1106688687577844,39,23,1,0,10,7.814331233501434,11.527099151164292,3.751207247376442
