,id,player_name,team_title,position,games,time,goals,xG,assists,xA,shots,key_passes,yellow_cards,red_cards,npg,npxG,xGChain,xGBuildup
3362,1701,Borja Bastón,Alaves,F S,27,1462,5,6.937000842764974,1,1.2777881026268003,33,8,4,0,5,6.937000842764974,6.134073596447706,0.2588484454900026
3363,1701,Borja Bastón,Eibar,F S,36,2580,18,18.541681621223688,3,2.720196273177862,93,18,3,0,15,16.311848860234022,17.243657186627388,3.0745551297441125
3364,1701,Borja Bastón,Swansea,F S,18,526,1,2.2868403792381287,0,0.2195113413035869,15,5,0,0,1,2.2868403792381287,2.7998031806200743,0.9506961666047572
3365,1701,Borja Bastón,Aston Villa,S,2,9,0,0.0,0,0.0,0,0,0,0,0,0.0,0.0,0.0
3366,1701,Borja Bastón,Malaga,F S,20,967,2,4.402475208044052,0,0.1119593884795904,27,4,2,0,1,2.9165618121624,3.893848903477192,1.2632465865463018
