,id,player_name,team_title,position,games,time,goals,xG,assists,xA,shots,key_passes,yellow_cards,red_cards,npg,npxG,xGChain,xGBuildup
3401,7075,Borna Sosa,VfB Stuttgart,D M S,26,2057,0,0.5653822347521782,9,6.850904710590839,14,57,2,0,0,0.5653822347521782,9.373660204932094,4.80130622535944
3402,7075,Borna Sosa,VfB Stuttgart,D M,14,1260,1,0.370881762355566,3,2.535189222544432,10,24,2,0,1,0.370881762355566,4.659661281853914,3.259839875623584
3403,7075,Borna Sosa,VfB Stuttgart,D M S,12,610,0,0.2845836225897074,1,1.8548226840794089,6,15,3,0,0,0.2845836225897074,3.463414199650288,1.895847033709288
