,id,player_name,team_title,position,games,time,goals,xG,assists,xA,shots,key_passes,yellow_cards,red_cards,npg,npxG,xGChain,xGBuildup
3414,1572,Bostjan Cesar,Chievo,D S,10,538,0,0.0,0,0.0,0,0,1,0,0,0.0,0.2721563763916492,0.2721563763916492
3415,1572,Bostjan Cesar,Chievo,D S,31,2718,1,1.788356602191925,0,0.1543613895773887,14,4,9,1,1,1.788356602191925,1.6748648155480623,1.6156959077343345
3416,1572,Bostjan Cesar,Chievo,D S,17,1433,1,2.497299807146192,0,0.3360022008419037,9,2,8,1,1,2.497299807146192,2.8312066514045,2.479369366541505
3417,1572,Bostjan Cesar,Chievo,D S,14,1074,1,0.1869958518072962,0,0.0088397040963172,5,1,3,0,1,0.1869958518072962,0.9789064060896636,0.9789064060896636
3418,1572,Bostjan Cesar,Chievo,D S,28,2442,0,1.5958519019186497,0,0.0348536018282175,12,2,8,0,0,1.5958519019186497,1.8838409706950188,1.7134134145453572
