,id,player_name,team_title,position,games,time,goals,xG,assists,xA,shots,key_passes,yellow_cards,red_cards,npg,npxG,xGChain,xGBuildup
3419,6708,Bote Baku,Mainz 05,M S,15,939,0,0.527600459754467,0,0.3719317577779293,11,6,1,0,0,0.527600459754467,3.90517433732748,3.069847365841269
3420,6708,Bote Baku,Mainz 05,M,3,236,2,0.7678749263286591,0,0.2260942906141281,5,1,1,0,2,0.7678749263286591,1.5356394425034523,0.7936790809035301
3421,6708,Bote Baku,"Mainz 05,Wolfsburg",D M S,34,2877,6,3.7242834474891424,6,4.480606526136398,35,43,1,0,6,3.7242834474891424,15.0811924058944,8.065020985901356
3422,6708,Bote Baku,Wolfsburg,D F M S,15,1032,2,1.3277529906481504,1,1.469468243420124,19,14,2,0,2,1.3277529906481504,5.821455840021372,4.165433666668832
3423,6708,Bote Baku,Mainz 05,D M S,30,2341,1,0.9638384878635406,3,3.709521562792361,22,29,5,1,1,0.9638384878635406,10.095984676852822,6.468946930021048
