,id,player_name,team_title,position,games,time,goals,xG,assists,xA,shots,key_passes,yellow_cards,red_cards,npg,npxG,xGChain,xGBuildup
3446,3393,Bouna Sarr,Marseille,S,2,70,0,0.016467310488224,0,0.0,1,0,0,0,0,0.016467310488224,0.5205060634762049,0.504038730636239
3447,3393,Bouna Sarr,Bayern Munich,S,3,40,0,0.0,0,0.0,0,0,0,0,0,0.0,0.0533935688436031,0.0533935688436031
3448,3393,Bouna Sarr,Metz,F M S,30,2076,2,2.7777561051771045,2,3.5912080416455865,50,44,6,0,1,2.017660937272012,6.824252869933844,3.226485760882497
3449,3393,Bouna Sarr,Marseille,D F M S,27,2184,1,2.124173818156123,3,1.963121198117733,28,14,3,0,1,2.124173818156123,8.31552517041564,5.19252753816545
3450,3393,Bouna Sarr,Marseille,F M S,26,918,0,0.9951063366606832,1,1.9159816661849616,22,12,1,0,0,0.9951063366606832,4.4143295688554645,2.1193636413663626
3451,3393,Bouna Sarr,Marseille,F M S,25,984,2,1.120478443801403,1,1.2650674004107714,16,17,0,0,2,1.120478443801403,4.820820303633809,2.9170014075934887
3452,3393,Bouna Sarr,Marseille,D M S,29,1783,0,1.2026569060981274,3,2.765471018850804,18,29,5,0,0,1.2026569060981274,11.865694403648376,9.64569912943989
3453,3393,Bouna Sarr,Marseille,D M S,29,2249,1,1.3681761613115668,1,2.01937749888748,19,30,3,1,1,1.3681761613115668,7.688834900036454,6.194408672861755
3454,3393,Bouna Sarr,Bayern Munich,D S,8,452,0,0.0534978387877345,1,0.074988005682826,3,3,1,0,0,0.0534978387877345,1.2383061721920967,1.147236950695515
