,id,player_name,team_title,position,games,time,goals,xG,assists,xA,shots,key_passes,yellow_cards,red_cards,npg,npxG,xGChain,xGBuildup
3514,933,Brede Hangeland,Crystal Palace,D,7,630,0,0.4924239888787269,0,0.0,5,0,2,0,0,0.4924239888787269,0.8568922728300095,0.8568922728300095
3515,933,Brede Hangeland,Crystal Palace,D S,14,1175,2,0.9855326786637306,1,0.550883948802948,4,4,2,0,2,0.9855326786637306,0.9159351866692304,0.8688823711127043
