,id,player_name,team_title,position,games,time,goals,xG,assists,xA,shots,key_passes,yellow_cards,red_cards,npg,npxG,xGChain,xGBuildup
3545,3605,Brice Dja Djédjé,Marseille,D S,19,1491,0,0.3915030770003795,0,0.7288165893405676,8,6,2,0,0,0.3915030770003795,4.28297318611294,3.6987031484022737
3546,3605,Brice Dja Djédjé,Marseille,D M,33,2751,0,1.477445246651769,3,3.2421316355466843,14,31,6,0,0,1.477445246651769,10.020321011543274,7.07873738091439
