,id,player_name,team_title,position,games,time,goals,xG,assists,xA,shots,key_passes,yellow_cards,red_cards,npg,npxG,xGChain,xGBuildup
3553,1008,Brown Ideye,Malaga,F S,13,731,1,1.4682375472038984,0,0.599021689966321,10,4,2,0,1,1.4682375472038984,1.3790035974234345,0.3137047216296196
3554,1008,Brown Ideye,West Bromwich Albion,F S,24,1286,4,3.969937544316053,2,1.232260012999177,30,11,2,0,4,3.969937544316053,4.579364825040102,1.5735353119671345
