,id,player_name,team_title,position,games,time,goals,xG,assists,xA,shots,key_passes,yellow_cards,red_cards,npg,npxG,xGChain,xGBuildup
3570,1399,Bruno Alves,Cagliari,D,36,3240,1,0.933625021018088,0,0.2491158908233046,31,6,5,1,1,0.933625021018088,2.9322631284594536,2.879735169932246
3571,1399,Bruno Alves,Parma Calcio 1913,D,33,2924,4,2.1635792925953865,1,1.07992176245898,16,10,8,1,4,2.1635792925953865,5.72708716802299,5.705717606469989
3572,1399,Bruno Alves,Parma Calcio 1913,D S,19,1630,1,0.3125589052215218,0,0.1124111786484718,10,2,3,0,1,0.3125589052215218,3.2238672291859984,3.21582055836916
3573,1399,Bruno Alves,Parma Calcio 1913,D S,33,2679,0,0.9128275588154792,0,0.5315636768937111,24,7,4,0,0,0.9128275588154792,4.636413654312491,4.169877727515996
