,id,player_name,team_title,position,games,time,goals,xG,assists,xA,shots,key_passes,yellow_cards,red_cards,npg,npxG,xGChain,xGBuildup
3578,1228,Bruno Fernandes,Manchester United,M S,37,3117,18,16.0194544615224,12,11.474995978176594,121,95,6,0,9,8.40783962700516,26.911412378773093,11.93228487111628
3579,1228,Bruno Fernandes,Udinese,F M S,31,2116,3,3.793327398598194,4,3.749001003801823,52,44,7,1,2,2.270729698240757,8.635709190741181,4.768449317663908
3580,1228,Bruno Fernandes,Udinese,M S,31,1605,3,2.6343416767194867,2,2.3319512456655502,41,22,5,0,3,2.6343416767194867,5.787395132705569,2.225661728531122
3581,1228,Bruno Fernandes,Manchester United,M,14,1211,8,5.986080504953861,7,2.755000274628401,44,30,2,0,4,2.9414419010281563,8.513760548084974,4.86424545198679
3582,1228,Bruno Fernandes,Manchester United,M,16,1397,5,2.985656419768929,3,4.184314356185496,37,44,4,0,5,2.2244875822216272,9.93101131916046,5.01674510538578
3583,1228,Bruno Fernandes,Sampdoria,M S,33,1736,5,5.76157873403281,2,4.477594617754221,62,52,2,0,5,5.76157873403281,11.587999245151876,3.969046719372273
