,id,player_name,team_title,position,games,time,goals,xG,assists,xA,shots,key_passes,yellow_cards,red_cards,npg,npxG,xGChain,xGBuildup
3586,5084,Bruno Gama,Deportivo La Coruna,M S,6,112,0,0.0277930423617362,0,0.0999467261135578,1,2,1,0,0,0.0277930423617362,0.2303091064095497,0.1802578195929527
3587,5084,Bruno Gama,Deportivo La Coruna,M S,22,1461,0,1.2498073540627956,0,1.0378755442798138,27,20,3,0,0,1.2498073540627956,3.808671792969108,2.21694998908788
