,id,player_name,team_title,position,games,time,goals,xG,assists,xA,shots,key_passes,yellow_cards,red_cards,npg,npxG,xGChain,xGBuildup
3574,4883,Bruno Ecuele Manga,Cardiff,D S,38,3374,0,1.2095470875501633,1,0.2851451798342168,10,6,0,0,0,1.2095470875501633,1.074945729225874,0.9345031436532736
3575,4883,Bruno Ecuele Manga,Dijon,D,28,2520,0,1.6051836563274264,0,0.2086435407400131,17,5,2,0,0,1.6051836563274264,4.155740390531719,4.147474537603557
3576,4883,Bruno Ecuele Manga,Dijon,D,38,3420,2,1.8755265893414617,0,0.0550606846809387,31,1,3,0,2,1.8755265893414617,4.360970128327608,4.166052225977182
3577,4883,Bruno Ecuele Manga,Lorient,D,3,270,0,0.2125388234853744,0,0.0,3,0,0,0,0,0.2125388234853744,0.1992299482226371,0.1992299482226371
