,id,player_name,team_title,position,games,time,goals,xG,assists,xA,shots,key_passes,yellow_cards,red_cards,npg,npxG,xGChain,xGBuildup
3638,598,Bryan Oviedo,"Everton,Sunderland",D,16,1325,0,0.1306107714772224,0,0.900879703462124,4,10,4,0,0,0.1306107714772224,2.697716396301985,1.968102253973484
3639,598,Bryan Oviedo,Everton,D S,6,306,0,0.0596870528534054,0,0.5360169569030404,3,3,3,0,0,0.0596870528534054,0.1187113486230373,0.0817034747451543
3640,598,Bryan Oviedo,Everton,D M S,14,1001,0,0.4693509209901094,1,1.5250490605831146,5,13,0,0,0,0.4693509209901094,4.925051296129823,3.127897286787629
