,id,player_name,team_title,position,games,time,goals,xG,assists,xA,shots,key_passes,yellow_cards,red_cards,npg,npxG,xGChain,xGBuildup
3651,8637,Burak Yilmaz,Lille,F S,28,2057,16,10.40669023618102,5,4.224032793194056,66,29,6,0,12,7.366309667006135,11.47070669196546,1.5940347835421562
3652,8637,Burak Yilmaz,Lille,F S,16,1228,4,7.036236317828298,3,3.950443964451552,42,14,5,0,3,6.276141183450818,8.990533713251352,1.2969895377755165
