,id,player_name,team_title,position,games,time,goals,xG,assists,xA,shots,key_passes,yellow_cards,red_cards,npg,npxG,xGChain,xGBuildup
3653,2432,Burgui,Alaves,F M S,23,1031,1,0.5497208693996072,0,1.7987965941429138,15,18,1,0,1,0.5497208693996072,4.564637864008546,2.7046426460146904
3654,2432,Burgui,Alaves,S,2,19,0,0.0,0,0.0,0,0,0,0,0,0.0,0.0,0.0
3655,2432,Burgui,Alaves,M S,16,537,1,0.6971092782914639,0,0.4559350591152906,8,12,1,0,1,0.6971092782914639,1.1567543037235737,0.3109038453549146
3656,2432,Burgui,Espanyol,F M S,26,969,1,2.8177127949893475,3,3.534389305859804,30,17,0,0,1,2.074435148388148,5.570361699908972,1.5574392713606358
3657,2432,Burgui,Alaves,S,1,20,0,0.0,0,0.0,0,0,0,0,0,0.0,0.01257701870054,0.01257701870054
3658,2432,Burgui,Sporting Gijon,F M S,32,1999,2,2.68774776160717,4,3.0315733160823584,50,32,6,0,2,2.68774776160717,7.609372306615114,3.016131889075041
