,id,player_name,team_title,position,games,time,goals,xG,assists,xA,shots,key_passes,yellow_cards,red_cards,npg,npxG,xGChain,xGBuildup
3677,5177,Caio Henrique,Monaco,D S,31,2374,0,0.5089822933077812,4,3.853096140548587,5,27,0,0,0,0.5089822933077812,11.303540730848908,8.25603404827416
3678,5177,Caio Henrique,Monaco,D S,16,1095,0,0.2226246269419789,4,3.6082916893064976,4,13,1,0,0,0.2226246269419789,5.819996988400817,4.825776832178235
