,id,player_name,team_title,position,games,time,goals,xG,assists,xA,shots,key_passes,yellow_cards,red_cards,npg,npxG,xGChain,xGBuildup
3711,508,Calum Chambers,Arsenal,D S,12,875,0,1.5631785467267036,0,0.1031678095459938,10,2,1,0,0,1.5631785467267036,4.144318535923958,4.006786093115807
3712,508,Calum Chambers,"Arsenal,Middlesbrough",D,25,2250,2,0.8403270393610001,1,0.6078128237277269,8,6,4,0,2,0.8403270393610001,3.606952116824688,3.1284630047157407
3713,508,Calum Chambers,Arsenal,D S,14,1102,1,0.6329495338723063,1,2.241443794220686,12,7,5,0,1,0.6329495338723063,4.406148262321949,3.210471026599407
3714,508,Calum Chambers,Fulham,D M S,31,2588,2,2.4422202110290527,0,0.9609899530187248,35,16,9,0,2,2.4422202110290527,7.2815702967345715,6.194431212730706
3715,508,Calum Chambers,Arsenal,D M S,23,1574,1,0.8142128176987171,1,0.8842720529064536,7,11,7,1,1,0.8142128176987171,3.619198307394981,3.2758472142741084
3716,508,Calum Chambers,Arsenal,D,2,172,0,0.0617923513054847,0,0.0555610507726669,2,1,0,0,0,0.0617923513054847,0.3204994201660156,0.2031460180878639
3717,508,Calum Chambers,Arsenal,D S,10,750,0,0.3639731630682945,2,1.0427646078169346,8,11,0,0,0,0.3639731630682945,3.835656374692917,2.810004845261574
3718,508,Calum Chambers,Arsenal,D M S,12,299,0,0.1363254189491272,0,0.2018565908074379,2,2,2,0,0,0.1363254189491272,1.2246597819030285,0.991853479295969
