,id,player_name,team_title,position,games,time,goals,xG,assists,xA,shots,key_passes,yellow_cards,red_cards,npg,npxG,xGChain,xGBuildup
3728,2322,Cani,Deportivo La Coruna,M S,18,891,0,0.5012115631252527,0,0.6550112534314394,10,8,2,0,0,0.5012115631252527,2.981026805005968,1.9419245645403864
3729,2322,Cani,"Atletico Madrid,Villarreal",F M S,13,488,0,0.0318268239498138,2,1.641979243606329,1,10,2,0,0,0.0318268239498138,2.496200770139694,1.9974381551146507
