,id,player_name,team_title,position,games,time,goals,xG,assists,xA,shots,key_passes,yellow_cards,red_cards,npg,npxG,xGChain,xGBuildup
3816,7864,Carlos Neva,Granada,D S,14,1126,0,0.3691911334171891,0,0.6731365732848644,4,7,1,0,0,0.3691911334171891,2.027844309806824,1.154431676492095
3817,7864,Carlos Neva,Granada,D S,26,2230,0,1.081271681934595,1,1.511876235716045,8,10,2,0,0,1.081271681934595,6.142819218337536,4.528117191046476
3818,7864,Carlos Neva,Granada,D S,22,1806,0,0.7145013278350234,0,0.2715535368770361,8,6,1,0,0,0.7145013278350234,2.7105234935879707,1.7914428897202015
