,id,player_name,team_title,position,games,time,goals,xG,assists,xA,shots,key_passes,yellow_cards,red_cards,npg,npxG,xGChain,xGBuildup
3832,667,Carlos Sánchez,West Ham,M S,6,107,0,0.0,0,0.0,0,0,0,0,0,0.0,0.2528740614652633,0.2528740614652633
3833,667,Carlos Sánchez,Aston Villa,M S,20,1373,0,0.3657976547256112,0,0.3778152838349342,13,4,3,0,0,0.3657976547256112,2.6664153933525085,2.4676370043307543
3834,667,Carlos Sánchez,Aston Villa,M S,28,1987,1,0.3707007830962538,0,0.7029734877869487,17,9,6,1,1,0.3707007830962538,3.633656723424792,3.2398287523537874
3835,667,Carlos Sánchez,West Ham,M S,7,233,0,0.0571259437128901,0,0.0455123707652092,3,2,0,0,0,0.0571259437128901,0.6369425505399704,0.5463352426886559
3836,667,Carlos Sánchez,Espanyol,M S,14,1123,0,0.0693565858528018,0,0.307407459244132,4,3,3,0,0,0.0693565858528018,1.8788252677768469,1.5747374817728996
3837,667,Carlos Sánchez,Fiorentina,D M S,31,2142,1,1.388772158883512,1,0.2709034206345677,16,9,6,0,1,1.388772158883512,6.195494281128049,5.801219945773482
3838,667,Carlos Sánchez,Fiorentina,M S,9,358,1,0.8052648920565844,0,0.0,5,0,2,0,1,0.8052648920565844,0.4994557984173298,0.414505410939455
