,id,player_name,team_title,position,games,time,goals,xG,assists,xA,shots,key_passes,yellow_cards,red_cards,npg,npxG,xGChain,xGBuildup
3801,69,Carlos Gruezo,Augsburg,M S,28,2111,0,0.3527589337900281,0,0.3720730394124985,16,7,4,0,0,0.3527589337900281,4.39786690659821,3.752177881076932
3802,69,Carlos Gruezo,Augsburg,M S,7,370,0,0.0266132354736328,0,0.0327871954068541,2,2,3,0,0,0.0266132354736328,0.5028388286009431,0.4551732558757067
3803,69,Carlos Gruezo,VfB Stuttgart,M S,2,61,0,0.0,0,0.0,0,0,0,0,0,0.0,0.0,0.0
3804,69,Carlos Gruezo,Augsburg,M S,11,894,0,0.1584804281592369,1,0.1737655512988567,6,3,3,0,0,0.1584804281592369,1.944497302174568,1.6648531816899776
3805,69,Carlos Gruezo,VfB Stuttgart,M S,8,439,1,0.4100943394005298,0,0.0452608559280633,3,2,1,0,1,0.4100943394005298,0.6132900454103947,0.2031956948339939
