,id,player_name,team_title,position,games,time,goals,xG,assists,xA,shots,key_passes,yellow_cards,red_cards,npg,npxG,xGChain,xGBuildup
3887,5617,Cedric Varrault,Dijon,D S,11,888,1,0.6674969345331192,0,0.0229823905974626,3,2,0,0,1,0.6674969345331192,1.0822533294558525,1.05927093885839
3888,5617,Cedric Varrault,Dijon,D,32,2800,3,4.511127850972116,0,0.0922141168266534,22,4,3,2,3,4.511127850972116,6.183594844304025,5.575242442078888
