,id,player_name,team_title,position,games,time,goals,xG,assists,xA,shots,key_passes,yellow_cards,red_cards,npg,npxG,xGChain,xGBuildup
3879,7672,Cedric Gogoua,FC Rotor Volgograd,D M,22,1935,0,0.6899666385725141,0,0.8311903979629278,9,5,8,1,0,0.6899666385725141,1.785043753683567,1.635192472487688
3880,7672,Cedric Gogoua,"CSKA Moscow,FC Tambov",D S,9,639,3,1.459062710404396,0,0.1886511445045471,8,4,3,0,3,1.459062710404396,0.6661795089021325,0.5788048664107919
