,id,player_name,team_title,position,games,time,goals,xG,assists,xA,shots,key_passes,yellow_cards,red_cards,npg,npxG,xGChain,xGBuildup
3905,1197,Cesare Bovo,"Pescara,Torino",D S,14,1176,0,0.4570827083662152,0,0.1001608408987522,11,2,6,0,0,0.4570827083662152,2.5660654362291098,2.4659045934677124
3906,1197,Cesare Bovo,Torino,D S,21,1790,2,0.4720284938812256,0,1.066046055406332,10,13,10,0,2,0.4720284938812256,5.409236341714859,5.025581389665604
3907,1197,Cesare Bovo,Torino,D M S,15,1267,0,0.6569815650582314,0,0.9612455405294896,15,18,4,0,0,0.6569815650582314,3.5886757597327232,3.372022621333599
