,id,player_name,team_title,position,games,time,goals,xG,assists,xA,shots,key_passes,yellow_cards,red_cards,npg,npxG,xGChain,xGBuildup
3909,686,Cesc Fàbregas,Monaco,S,2,31,0,0.0,0,0.0773657262325286,0,2,0,0,0,0.0,0.0286017935723066,0.0
3910,686,Cesc Fàbregas,Chelsea,M S,34,2895,3,3.2493747798725963,18,10.149339951574802,43,95,11,1,3,3.2493747798725963,23.01318160444498,16.971001962199807
3911,686,Cesc Fàbregas,Chelsea,M S,29,1294,5,2.809537671506405,12,7.84881329908967,26,62,8,0,5,2.809537671506405,11.544587578624489,6.129831802099943
3912,686,Cesc Fàbregas,Monaco,M S,18,938,0,0.4744396153837442,3,2.292531633749604,9,23,1,1,0,0.4744396153837442,7.098434024490416,5.117316259071231
3913,686,Cesc Fàbregas,Chelsea,M S,37,2901,5,3.869542864151299,7,8.421024333685637,45,67,5,0,3,2.347205144353211,19.53799346741289,14.364742730744185
3914,686,Cesc Fàbregas,Chelsea,M S,6,167,0,0.0598409548401832,0,0.2152419276535511,1,3,1,0,0,0.0598409548401832,2.372304636985064,2.188558418303728
3915,686,Cesc Fàbregas,Chelsea,M S,32,2314,2,2.516994420439005,4,6.851442174986005,38,90,5,1,2,2.516994420439005,14.979082390666008,10.8489894233644
3916,686,Cesc Fàbregas,Monaco,M S,13,965,1,1.4172256477177143,0,0.7367281336337328,10,19,2,0,1,1.4172256477177143,4.132738333195448,3.126350488513708
3917,686,Cesc Fàbregas,Monaco,M S,21,865,2,3.004973432980478,3,2.4969361796975136,10,24,2,0,0,1.484783194027841,8.17203907854855,4.945771999657154
