,id,player_name,team_title,position,games,time,goals,xG,assists,xA,shots,key_passes,yellow_cards,red_cards,npg,npxG,xGChain,xGBuildup
3988,6044,Charlie Taylor,Burnley,D S,29,2430,0,0.1145160812884569,1,1.5903598442673683,3,12,1,0,0,0.1145160812884569,4.609695740044117,4.19346784055233
3989,6044,Charlie Taylor,Burnley,D S,11,950,0,0.0,0,0.1551053840667009,0,4,3,0,0,0.0,0.9744252637028694,0.8193198703229427
3990,6044,Charlie Taylor,Burnley,D S,38,3238,0,0.1090203141793608,1,1.4475778862833977,6,11,2,0,0,0.1090203141793608,4.402470188215375,3.8603310342878094
3991,6044,Charlie Taylor,Burnley,D,14,1260,0,0.0939740492030978,1,0.9584279470145702,3,10,1,0,0,0.0939740492030978,2.4894653046503663,2.15183905698359
3992,6044,Charlie Taylor,Burnley,D S,24,1938,0,0.0140062570571899,1,0.8630979042500257,1,12,3,0,0,0.0140062570571899,3.4987694211304188,3.2500421293079853
