,id,player_name,team_title,position,games,time,goals,xG,assists,xA,shots,key_passes,yellow_cards,red_cards,npg,npxG,xGChain,xGBuildup
3936,2339,Charles,Malaga,F S,21,1135,3,4.077603541314602,1,0.6656435108743608,38,8,5,0,3,4.077603541314602,5.3499404937028885,1.5887450370937586
3937,2339,Charles,Eibar,F S,34,1732,14,12.790910931304095,1,1.5539405588060615,63,15,4,0,8,7.587967375293374,10.08357304520905,2.5883562490344048
3938,2339,Charles,Eibar,F S,30,1577,8,8.053776279091835,1,1.9887065831571813,45,17,5,1,7,7.310498669743538,8.9798578992486,2.095283517614007
3939,2339,Charles,Eibar,F S,30,1288,6,4.96254063397646,0,0.9234764650464058,25,12,8,0,5,3.4759854152798653,3.566985908895731,0.652051673270762
3940,2339,Charles,Malaga,F S,35,3010,12,11.038674703799188,3,4.023324122652412,84,36,12,0,11,10.295397094450893,12.923107977956532,2.5798652982339263
3941,2339,Charles,Celta Vigo,F S,28,1098,3,5.742513930425048,1,1.435280991718173,28,14,6,0,3,5.742513930425048,6.52916780859232,1.460949830710888
