,id,player_name,team_title,position,games,time,goals,xG,assists,xA,shots,key_passes,yellow_cards,red_cards,npg,npxG,xGChain,xGBuildup
3961,7316,Charles Nathan Abi,Saint-Etienne,F S,15,609,0,0.2874563448131084,0,1.3325443603098392,5,7,2,0,0,0.2874563448131084,1.7629187759011984,0.1429180800914764
3962,7316,Charles Nathan Abi,Saint-Etienne,S,3,27,0,0.0736909061670303,0,0.0657946169376373,1,1,0,0,0,0.0736909061670303,0.385546013712883,0.2460604906082153
3963,7316,Charles Nathan Abi,Saint-Etienne,F M S,24,907,3,2.264270354062319,2,0.3726318068802356,19,6,1,0,3,2.264270354062319,1.982432967051864,0.5443294364959002
3964,7316,Charles Nathan Abi,Saint-Etienne,F,1,47,0,0.0,0,0.0,0,0,0,0,0,0.0,0.0080610197037458,0.0080610197037458
