,id,player_name,team_title,position,games,time,goals,xG,assists,xA,shots,key_passes,yellow_cards,red_cards,npg,npxG,xGChain,xGBuildup
4024,6889,Cheick Traoré,Guingamp,D S,20,1500,0,0.6140379728749394,0,1.3790804222226145,8,12,3,0,0,0.6140379728749394,2.927901653572917,1.7263560090214014
4025,6889,Cheick Traoré,Lens,S,2,37,0,0.0,0,0.0,0,0,0,0,0,0.0,0.1975915431976318,0.1975915431976318
