,id,player_name,team_title,position,games,time,goals,xG,assists,xA,shots,key_passes,yellow_cards,red_cards,npg,npxG,xGChain,xGBuildup
4022,854,Cheick Tioté,Newcastle United,M S,20,1244,0,0.0192125849425792,0,0.7427319129928946,1,8,5,0,0,0.0192125849425792,2.947969615459442,2.685064874589443
4023,854,Cheick Tioté,Newcastle United,M S,11,899,0,0.1609903322532773,2,0.5410721823573112,10,8,5,0,0,0.1609903322532773,3.0268098264932632,2.4337082877755165
