,id,player_name,team_title,position,games,time,goals,xG,assists,xA,shots,key_passes,yellow_cards,red_cards,npg,npxG,xGChain,xGBuildup
4043,6216,Chema Rodríguez,Getafe,D M S,10,552,0,0.0790111608803272,0,0.1232751347124576,3,2,3,1,0,0.0790111608803272,0.2117803953588009,0.1470775976777076
4044,6216,Chema Rodríguez,Levante,D S,19,1256,2,1.0362529065459969,0,0.5685256030410528,6,3,7,0,2,1.0362529065459969,1.6439037509262562,1.13089694455266
4045,6216,Chema Rodríguez,Getafe,M,1,52,0,0.0232462231069803,0,0.0237736143171787,1,1,1,0,0,0.0232462231069803,0.0470198355615139,0.0
4046,6216,Chema Rodríguez,Getafe,D S,4,305,0,0.2244620658457279,0,0.0,3,0,4,0,0,0.2244620658457279,0.1286187022924423,0.1286187022924423
4047,6216,Chema Rodríguez,Levante,D S,25,2016,1,0.2938317432999611,1,0.7779562324285507,7,4,7,1,1,0.2938317432999611,4.495609158650041,3.739654880017042
