,id,player_name,team_title,position,games,time,goals,xG,assists,xA,shots,key_passes,yellow_cards,red_cards,npg,npxG,xGChain,xGBuildup
4256,4708,Christophe Mandanne,Nancy,F S,20,918,1,1.909196637570858,1,0.3781385105103254,12,8,2,0,1,1.909196637570858,1.881781863048673,0.2223561536520719
4257,4708,Christophe Mandanne,Guingamp,F S,31,2080,11,9.070092545822265,2,1.784810621291399,53,16,2,0,10,8.309997396543622,10.56627045199275,1.2131432900205257
