,id,player_name,team_title,position,games,time,goals,xG,assists,xA,shots,key_passes,yellow_cards,red_cards,npg,npxG,xGChain,xGBuildup
4210,5115,Christian Santos,Alaves,F S,10,427,2,1.1287133833393457,0,0.0222484543919563,7,2,2,1,2,1.1287133833393457,1.1606950955465436,0.1707648765295744
4211,5115,Christian Santos,Alaves,F S,21,825,3,3.389071051031351,1,1.3807956855744123,21,6,2,0,1,1.9027721621096128,4.178779507987201,1.4176362762227654
