,id,player_name,team_title,position,games,time,goals,xG,assists,xA,shots,key_passes,yellow_cards,red_cards,npg,npxG,xGChain,xGBuildup
4180,1,Christian Mathenia,Nuernberg,GK,22,1933,0,0.0,0,0.1024880707263946,0,1,2,0,0,0.0,1.9449296845123167,1.842441606335342
4181,1,Christian Mathenia,Hamburger SV,GK,24,2160,0,0.0,0,0.0272469073534011,0,1,2,0,0,0.0,0.8409341499209404,0.8136872425675392
4182,1,Christian Mathenia,Hamburger SV,GK,14,1260,0,0.0,0,0.0152497664093971,0,1,1,0,0,0.0,1.346833560615778,1.3315837942063808
4183,1,Christian Mathenia,Darmstadt,GK,33,2970,0,0.0,0,0.357929584570229,0,5,3,0,0,0.0,3.300251485779881,2.94232190027833
