,id,player_name,team_title,position,games,time,goals,xG,assists,xA,shots,key_passes,yellow_cards,red_cards,npg,npxG,xGChain,xGBuildup
4102,4456,Chris Wood,Leicester,S,7,91,1,0.7212270610034466,0,0.0,5,0,0,0,1,0.7212270610034466,0.7489749602973461,0.0816706400364637
4103,4456,Chris Wood,Burnley,F,15,1227,3,3.897120837122202,0,0.307170539163053,25,8,1,0,3,3.897120837122202,3.3748030848801136,1.4244721680879593
4104,4456,Chris Wood,Burnley,F S,24,1639,10,7.639506213366985,1,0.6027078554034233,40,11,1,0,10,7.639506213366985,7.594883928075433,1.022325236350298
4105,4456,Chris Wood,Burnley,F S,33,2765,12,12.954135425388811,3,2.03811838850379,70,23,0,0,10,11.431797690689564,13.585281524807217,2.1498517598956823
4106,4456,Chris Wood,Burnley,F S,32,2462,14,17.22620151937008,1,1.4709960892796516,65,22,1,0,13,16.4650327116251,12.64265088364482,2.45541091542691
4107,4456,Chris Wood,Burnley,F S,38,2603,10,9.13325227238238,2,3.647217035293579,58,21,2,0,10,9.13325227238238,11.356351725757122,3.554675541818142
