,id,player_name,team_title,position,games,time,goals,xG,assists,xA,shots,key_passes,yellow_cards,red_cards,npg,npxG,xGChain,xGBuildup
4268,3659,Christopher Maboulou,SC Bastia,F S,9,228,0,0.1763593181967735,1,0.2704931776970625,3,3,0,0,0,0.1763593181967735,0.9426809381693602,0.512761726975441
4269,3659,Christopher Maboulou,SC Bastia,F M S,20,1146,3,2.108040552586317,0,0.6239340752363205,14,10,1,0,3,2.108040552586317,2.3087022844702005,0.5351601019501686
