,id,player_name,team_title,position,games,time,goals,xG,assists,xA,shots,key_passes,yellow_cards,red_cards,npg,npxG,xGChain,xGBuildup
4212,94,Christian Schulz,Hannover 96,D,31,2649,1,1.9301984254270792,0,0.668771855533123,16,5,7,0,1,1.9301984254270792,3.1705664414912462,2.855118109844625
4213,94,Christian Schulz,Hannover 96,D S,25,2124,2,1.551616047043353,0,0.0728301713243126,8,5,6,0,2,1.551616047043353,4.568166112527251,4.520941063761711
