,id,player_name,team_title,position,games,time,goals,xG,assists,xA,shots,key_passes,yellow_cards,red_cards,npg,npxG,xGChain,xGBuildup
4261,4345,Christopher Jullien,Toulouse,D,30,2608,1,2.9880779339000583,2,0.8291549328714609,25,8,7,0,1,2.9880779339000583,3.556477105244994,3.056279593147337
4262,4345,Christopher Jullien,Toulouse,D,35,3150,4,4.591871284414083,1,1.2226603394374251,33,4,2,1,4,4.591871284414083,2.41650995798409,2.3484559757635
4263,4345,Christopher Jullien,Toulouse,D,34,3016,1,2.537695163860917,0,1.2791293654590845,25,10,8,0,1,2.537695163860917,2.19893108215183,1.7240782007575035
4264,4345,Christopher Jullien,Freiburg,S,1,17,0,0.0,0,0.0,0,0,0,0,0,0.0,0.0,0.0
