,id,player_name,team_title,position,games,time,goals,xG,assists,xA,shots,key_passes,yellow_cards,red_cards,npg,npxG,xGChain,xGBuildup
4087,4793,Chris Philipps,Metz,D M S,11,854,0,0.0946701671928167,0,0.3554517235606909,4,9,4,0,0,0.0946701671928167,1.7788643073290586,1.4466161914169788
4088,4793,Chris Philipps,Metz,D M S,11,813,0,0.0479386327788233,0,0.0596206951886415,3,3,4,0,0,0.0479386327788233,0.3952466882765293,0.3324917145073414
4089,4793,Chris Philipps,Metz,D M,9,718,0,0.025664615444839,0,0.089585842564702,2,4,2,0,0,0.025664615444839,0.8715130854398012,0.756262619048357
