,id,player_name,team_title,position,games,time,goals,xG,assists,xA,shots,key_passes,yellow_cards,red_cards,npg,npxG,xGChain,xGBuildup
4240,5998,Christophe Herelle,Nice,D,33,2941,0,2.2206949554383755,0,0.2659464180469513,17,5,9,1,0,2.2206949554383755,7.480117941275239,7.296358229592442
4241,5998,Christophe Herelle,Brest,D,7,553,0,0.0249224714934825,0,0.0,1,0,2,0,0,0.0249224714934825,0.9007133059203625,0.9007133059203625
4242,5998,Christophe Herelle,Nice,D S,15,1118,3,1.2414850275963545,0,0.1552323475480079,6,2,3,1,3,1.2414850275963545,4.5909613855183125,4.20403341576457
4243,5998,Christophe Herelle,Brest,D S,16,1379,0,0.4820336475968361,0,0.0648994306102395,6,3,4,0,0,0.4820336475968361,3.200818106532097,3.1568722277879715
4244,5998,Christophe Herelle,Troyes,D,34,2958,0,1.4799685711041093,0,0.169066724833101,12,6,7,1,0,1.4799685711041093,5.64338022749871,5.544619764201343
