,id,player_name,team_title,position,games,time,goals,xG,assists,xA,shots,key_passes,yellow_cards,red_cards,npg,npxG,xGChain,xGBuildup
4219,7422,Christoph Baumgartner,Hoffenheim,F M S,26,1499,7,9.307567151263356,2,2.262524342164397,56,18,3,0,7,9.307567151263356,11.33694102987647,1.6164425080642104
4220,7422,Christoph Baumgartner,Hoffenheim,M S,2,82,0,0.0756930885836482,0,0.0,2,0,1,1,0,0.0756930885836482,0.1878343075513839,0.1239090636372566
4221,7422,Christoph Baumgartner,Hoffenheim,F M S,31,2393,6,5.60529175773263,3,3.540219946764409,61,34,6,0,6,5.60529175773263,14.063407618552446,8.456081174314022
4222,7422,Christoph Baumgartner,Hoffenheim,M S,11,588,3,3.201187416911125,0,1.2317254319787023,15,7,1,0,3,3.201187416911125,6.072578183375299,2.802672884427011
