,id,player_name,team_title,position,games,time,goals,xG,assists,xA,shots,key_passes,yellow_cards,red_cards,npg,npxG,xGChain,xGBuildup
4303,1416,Ciprian Tatarusanu,Nantes,GK,27,2392,0,0.0,0,0.0,0,0,0,0,0,0.0,1.4112958833575249,1.4112958833575249
4304,1416,Ciprian Tatarusanu,AC Milan,GK,1,90,0,0.0,0,0.0,0,0,0,0,0,0.0,0.0,0.0
4305,1416,Ciprian Tatarusanu,Fiorentina,GK,35,3099,0,0.0,0,0.0246718805283308,0,1,0,0,0,0.0,4.723859485238791,4.69918760471046
4306,1416,Ciprian Tatarusanu,Fiorentina,GK,37,3312,0,0.0,0,0.0,0,0,2,0,0,0.0,3.3147748298943043,3.3147748298943043
4307,1416,Ciprian Tatarusanu,Lyon,GK,2,180,0,0.0,0,0.0,0,0,0,0,0,0.0,0.0525549985468387,0.0525549985468387
4308,1416,Ciprian Tatarusanu,Fiorentina,GK,9,810,0,0.0,0,0.0,0,0,0,0,0,0.0,0.9056793376803398,0.9056793376803398
4309,1416,Ciprian Tatarusanu,Nantes,GK,37,3330,0,0.0,0,0.019074996933341,0,1,0,0,0,0.0,1.959053901955485,1.9399789068847888
4310,1416,Ciprian Tatarusanu,AC Milan,GK,6,540,0,0.0,0,0.0,0,0,0,0,0,0.0,0.0713554844260215,0.0713554844260215
