,id,player_name,team_title,position,games,time,goals,xG,assists,xA,shots,key_passes,yellow_cards,red_cards,npg,npxG,xGChain,xGBuildup
4347,122,Claudio Pizarro,FC Cologne,F M S,16,570,1,1.863682884722948,1,0.4626874029636383,16,7,0,0,1,1.863682884722948,2.4338297061622143,1.1297469586133957
4348,122,Claudio Pizarro,Werder Bremen,F S,19,846,1,2.36339658126235,1,1.515188779681921,21,12,1,0,1,2.36339658126235,3.974991705268621,0.8630126882344484
4349,122,Claudio Pizarro,Werder Bremen,S,18,185,0,0.4335449878126383,0,0.5063183084130287,4,5,0,0,0,0.4335449878126383,1.099479742348194,0.3330206051468849
4350,122,Claudio Pizarro,Werder Bremen,F S,26,657,5,2.7120205154642463,2,0.6810035044327378,25,10,1,0,5,2.7120205154642463,4.449489310383797,1.552149958908558
4351,122,Claudio Pizarro,Bayern Munich,F S,13,316,0,2.113980434834957,1,0.3049509450793266,13,4,0,0,0,2.113980434834957,2.8898388743400574,0.7113880626857281
4352,122,Claudio Pizarro,Werder Bremen,F M S,28,1740,14,11.333149872720242,3,2.811918307095766,46,30,3,0,9,6.786489821970463,10.563265785574911,2.951903006993234
