,id,player_name,team_title,position,games,time,goals,xG,assists,xA,shots,key_passes,yellow_cards,red_cards,npg,npxG,xGChain,xGBuildup
4404,2073,Coke,Sevilla,D M S,21,1743,1,2.658976743929088,1,1.480385210365057,31,10,3,0,1,2.658976743929088,4.463597126305103,2.8965420313179493
4405,2073,Coke,Schalke 04,D M S,8,629,1,0.7528162337839603,0,0.5955730155110359,8,10,1,0,1,0.7528162337839603,2.336381535977125,1.5383409783244133
4406,2073,Coke,Schalke 04,S,1,1,0,0.0,0,0.0,0,0,1,0,0,0.0,0.0,0.0
4407,2073,Coke,Levante,D M S,27,1814,4,2.032701146788895,0,1.2979826536029575,12,12,2,1,4,2.032701146788895,5.305511684156954,4.195695878006518
4408,2073,Coke,Sevilla,D S,22,1818,2,1.6609917841851711,3,3.3594435937702656,20,15,6,0,2,1.6609917841851711,7.757901716977358,4.388871043920517
4409,2073,Coke,Levante,D M S,17,1386,3,2.3141262885183096,0,0.417031679302454,11,11,4,1,3,2.3141262885183096,5.998910328373313,3.7675111014395952
4410,2073,Coke,Levante,D S,17,986,1,1.520163670182228,0,0.275697948411107,9,7,3,0,1,1.520163670182228,3.888697799295187,2.7326675206422806
4411,2073,Coke,Levante,S,2,4,0,0.0,0,0.0,0,0,0,0,0,0.0,0.0,0.0
4412,2073,Coke,Levante,D S,17,840,0,0.2981048841029405,0,0.5041236560791731,9,4,1,0,0,0.2981048841029405,2.3188488259911537,1.7949257418513298
