,id,player_name,team_title,position,games,time,goals,xG,assists,xA,shots,key_passes,yellow_cards,red_cards,npg,npxG,xGChain,xGBuildup
4436,7721,Conor Hourihane,Aston Villa,M S,27,1549,3,1.628339322283864,5,5.731440916657448,29,38,4,0,3,1.628339322283864,6.007942508906126,3.1574677284806967
4437,7721,Conor Hourihane,Aston Villa,M S,4,236,1,0.5679545402526855,1,0.9191879034042358,5,5,0,0,1,0.5679545402526855,0.6681759208440781,0.1905577071011066
