,id,player_name,team_title,position,games,time,goals,xG,assists,xA,shots,key_passes,yellow_cards,red_cards,npg,npxG,xGChain,xGBuildup
4465,581,Craig Cathcart,Watford,D S,7,496,0,0.1606214046478271,0,0.0,2,0,1,0,0,0.1606214046478271,0.129691295325756,0.129691295325756
4466,581,Craig Cathcart,Watford,D S,35,3034,1,0.6867383252829313,0,0.1060620713979005,5,3,3,0,1,0.6867383252829313,3.829432160593569,3.711508266627789
4467,581,Craig Cathcart,Watford,D S,36,3104,3,1.8465647175908089,0,0.1080649271607399,13,1,2,0,3,1.8465647175908089,4.140127347782254,4.140127347782254
4468,581,Craig Cathcart,Watford,D S,29,2490,0,0.1851756274700164,0,0.0753878466784954,2,2,7,0,0,0.1851756274700164,2.232964620925486,2.1953314999118447
4469,581,Craig Cathcart,Watford,D M S,15,1154,0,0.1438650470227003,1,0.717535674571991,3,4,3,0,0,0.1438650470227003,1.7694037295877934,1.6716166026890278
4470,581,Craig Cathcart,Watford,D,14,1199,0,0.0555208884179592,1,0.7878425717353821,1,1,3,0,0,0.0555208884179592,1.2630723640322683,1.2630723640322683
