,id,player_name,team_title,position,games,time,goals,xG,assists,xA,shots,key_passes,yellow_cards,red_cards,npg,npxG,xGChain,xGBuildup
4494,7734,Cristian Battocchio,Brest,M S,15,335,0,0.3437079526484012,0,0.3387518655508756,4,5,0,0,0,0.3437079526484012,1.3319143559783695,0.9685993418097496
4495,7734,Cristian Battocchio,Brest,M S,24,1394,3,1.728322391398251,1,1.473472909536213,20,19,1,0,3,0.968227244913578,3.607035780325532,2.130206413567066
