,id,player_name,team_title,position,games,time,goals,xG,assists,xA,shots,key_passes,yellow_cards,red_cards,npg,npxG,xGChain,xGBuildup
4562,1218,Cristiano Lombardi,Lazio,F S,18,420,1,1.7233959771692753,0,0.209997933357954,10,3,4,0,1,1.7233959771692753,2.438267156481743,0.5706540402024984
4563,1218,Cristiano Lombardi,Benevento,D F M S,17,1115,0,1.1279421104118228,2,2.090823251754045,14,16,3,0,0,1.1279421104118228,3.434394775889814,1.005408177152276
