,id,player_name,team_title,position,games,time,goals,xG,assists,xA,shots,key_passes,yellow_cards,red_cards,npg,npxG,xGChain,xGBuildup
4481,1709,Cristhian Stuani,Girona,F S,32,2736,19,14.402687706053255,0,0.6400149874389172,79,14,9,0,14,10.68655527383089,12.934033576399088,4.393606349825859
4482,1709,Cristhian Stuani,Espanyol,F M S,37,1739,12,10.00884541682899,0,0.8513315645977855,45,8,4,1,10,8.522290183231235,8.995401318185031,0.6806012662127614
4483,1709,Cristhian Stuani,Girona,F S,33,2728,21,18.78555401042104,0,0.9578742878511548,73,12,8,0,16,15.069165855646132,11.786212746053934,1.460214886814356
4484,1709,Cristhian Stuani,Middlesbrough,F M S,23,1369,4,2.8069704733788967,0,0.527985256165266,21,7,4,0,4,2.8069704733788967,3.412529900670052,0.5970666278153658
