,id,player_name,team_title,position,games,time,goals,xG,assists,xA,shots,key_passes,yellow_cards,red_cards,npg,npxG,xGChain,xGBuildup
4545,1133,Cristian Zapata,AC Milan,D S,12,993,0,0.1498523447662592,0,0.4107177183032036,5,3,2,0,0,0.1498523447662592,2.4621714372187853,2.413085045292973
4546,1133,Cristian Zapata,Genoa,D,12,968,0,0.084090543910861,0,0.0236127786338329,3,1,2,0,0,0.084090543910861,0.8870150521397591,0.8738427478820086
4547,1133,Cristian Zapata,AC Milan,D S,15,1164,1,0.9889699295163156,0,0.0759556032717228,6,3,0,0,1,0.9889699295163156,4.4586406191810966,4.4586406191810966
4548,1133,Cristian Zapata,AC Milan,D S,12,864,0,0.0354763753712177,1,0.3891385290771723,2,2,1,1,0,0.0354763753712177,0.951458252966404,0.9350409135222436
4549,1133,Cristian Zapata,AC Milan,D S,13,1025,0,0.1629275791347026,0,0.5732032107189298,3,4,4,0,0,0.1629275791347026,3.13797946460545,3.0933754313737154
4550,1133,Cristian Zapata,AC Milan,D S,16,1335,1,0.097575319930911,0,0.0418847613036632,3,2,3,0,1,0.097575319930911,1.582616364583373,1.582616364583373
4551,1133,Cristian Zapata,Genoa,D S,20,1712,1,0.6665096823126078,0,0.9102130141109228,12,6,4,0,1,0.6665096823126078,3.6002259952947497,3.519390675239265
