,id,player_name,team_title,position,games,time,goals,xG,assists,xA,shots,key_passes,yellow_cards,red_cards,npg,npxG,xGChain,xGBuildup
4525,5076,Cristian Rivera,SD Huesca,M S,22,1695,2,1.7262586131691933,0,0.4882156606763601,14,12,2,0,2,1.7262586131691933,4.074081365950406,2.2710434291511774
4526,5076,Cristian Rivera,Eibar,M S,7,237,0,0.010936084203422,0,0.0454437136650085,1,2,0,0,0,0.010936084203422,0.2283172495663166,0.1719374507665634
4527,5076,Cristian Rivera,Leganes,M S,5,307,0,0.082125000655651,0,0.1117136925458908,1,1,3,0,0,0.082125000655651,0.3854942396283149,0.3033692389726639
4528,5076,Cristian Rivera,Eibar,M S,17,705,0,0.101823516190052,0,0.1776526346802711,6,4,3,0,0,0.101823516190052,1.1543440409004688,0.914064853452146
