,id,player_name,team_title,position,games,time,goals,xG,assists,xA,shots,key_passes,yellow_cards,red_cards,npg,npxG,xGChain,xGBuildup
4600,2306,Cédric Bakambu,Villarreal,F S,26,1573,11,8.286167073994875,1,2.653210463002324,49,12,5,0,11,8.286167073994875,12.781469717621803,2.5884057404473424
4601,2306,Cédric Bakambu,Villarreal,F,15,1277,9,6.641069633886218,0,1.3005483094602823,31,15,5,0,8,5.897919995710254,7.358363714069128,1.0280905310064554
4602,2306,Cédric Bakambu,Villarreal,F S,34,1864,12,10.213245272636414,3,2.0381756918504834,49,12,4,0,12,10.213245272636414,12.560583833605053,2.3723931945860386
