,id,player_name,team_title,position,games,time,goals,xG,assists,xA,shots,key_passes,yellow_cards,red_cards,npg,npxG,xGChain,xGBuildup
4658,2854,Daler Kuzyaev,Zenit St. Petersburg,D M S,26,2001,6,2.762082058936357,2,2.354664052836597,26,20,3,0,6,2.762082058936357,10.007302755489944,5.377483977936208
4659,2854,Daler Kuzyaev,FK Akhmat,D M S,21,1198,0,0.0624166429042816,1,0.6047037877142429,3,5,4,0,0,0.0624166429042816,2.758961477316916,2.7013863073661923
4660,2854,Daler Kuzyaev,Zenit St. Petersburg,D M S,18,1408,2,1.0762512404471636,0,0.5468601807951927,11,9,3,1,2,1.0762512404471636,6.1654318030923605,5.090139530599117
4661,2854,Daler Kuzyaev,FK Akhmat,D M S,21,1652,0,1.1647010128945112,0,0.8298728317022324,15,19,5,0,0,1.1647010128945112,4.2330736219882965,2.620842976495624
4662,2854,Daler Kuzyaev,Zenit St. Petersburg,F M S,18,1283,3,2.4018531627953053,3,1.691105306148529,30,19,4,0,3,2.4018531627953053,8.900852978229523,5.877169858664274
4663,2854,Daler Kuzyaev,FK Akhmat,M,27,2397,0,2.461052725091577,2,0.7949618902057409,29,21,4,0,0,2.461052725091577,7.131516825407744,4.893698953092098
4664,2854,Daler Kuzyaev,Zenit St. Petersburg,M S,20,749,0,1.5816016681492329,1,1.653334537521005,12,10,3,0,0,1.5816016681492329,6.387469105422497,3.5498923398554325
4665,2854,Daler Kuzyaev,Zenit St. Petersburg,M,13,950,0,0.5676553566008806,4,2.5908879721537232,10,10,4,1,0,0.5676553566008806,6.847106896340847,3.9558907076716414
