,id,player_name,team_title,position,games,time,goals,xG,assists,xA,shots,key_passes,yellow_cards,red_cards,npg,npxG,xGChain,xGBuildup
4666,548,Daley Blind,Manchester United,D S,23,1827,1,0.4325320944190025,2,2.0525348987430334,9,27,2,0,1,0.4325320944190025,7.496679652482271,6.478347379714251
4667,548,Daley Blind,Manchester United,D M,25,2174,2,0.9981924649327992,2,1.4453515401110053,28,17,4,0,2,0.9981924649327992,9.220815569162369,7.474333016201854
4668,548,Daley Blind,Manchester United,D M S,7,361,0,0.1167605444788932,0,0.406028090044856,3,4,0,0,0,0.1167605444788932,1.4754474572837353,1.3109465651214125
4669,548,Daley Blind,Manchester United,D,35,3123,1,0.1542002502828836,1,1.8806068636477,4,25,2,0,1,0.1542002502828836,7.3397807367146015,6.819737112149596
