,id,player_name,team_title,position,games,time,goals,xG,assists,xA,shots,key_passes,yellow_cards,red_cards,npg,npxG,xGChain,xGBuildup
4694,3118,Damien Le Tallec,Montpellier,M S,36,2833,3,3.80405677203089,0,0.8799699894152582,34,22,3,0,3,3.80405677203089,6.952494696713984,4.740757120773196
4695,3118,Damien Le Tallec,Mordovya,M,29,2509,0,1.1296244617551563,0,0.2088391464203596,26,11,5,0,0,1.1296244617551563,4.564530182629824,3.772461758926511
4696,3118,Damien Le Tallec,Montpellier,D M S,23,1220,0,1.5025389203801751,0,0.3955671042203903,13,2,3,1,0,1.5025389203801751,2.5814598128199577,2.1594188595190644
4697,3118,Damien Le Tallec,Montpellier,D M,28,2471,2,0.9084793496876956,0,0.3806431051343679,15,6,3,0,2,0.9084793496876956,4.380849227309227,3.553072437644005
4698,3118,Damien Le Tallec,Mordovya,M S,15,1191,1,0.6579750580713153,0,0.2580760885030031,9,7,3,0,1,0.6579750580713153,4.433288253843784,4.103889904916287
