,id,player_name,team_title,position,games,time,goals,xG,assists,xA,shots,key_passes,yellow_cards,red_cards,npg,npxG,xGChain,xGBuildup
4918,1312,Daniele Croce,Empoli,M S,37,2980,1,1.398163345642388,1,2.436880426481366,16,40,5,0,1,1.398163345642388,10.413648339919746,7.710181596688926
4919,1312,Daniele Croce,Empoli,M S,28,1788,0,0.7761711059138179,1,1.9683703649789093,12,17,3,0,0,0.7761711059138179,4.58576276153326,2.7901082895696163
4920,1312,Daniele Croce,Empoli,M S,35,2931,1,1.2149084899574518,1,1.3823652248829603,16,24,4,0,1,1.2149084899574518,6.8634381871670485,5.143538530915976
