,id,player_name,team_title,position,games,time,goals,xG,assists,xA,shots,key_passes,yellow_cards,red_cards,npg,npxG,xGChain,xGBuildup
4866,385,Daniel Opare,Augsburg,D M,4,360,0,0.0822582552209496,0,0.1541959643363952,2,2,2,0,0,0.0822582552209496,0.8236257806420326,0.5871715545654297
4867,385,Daniel Opare,Augsburg,D,17,1419,0,0.0933833541348576,0,0.5033365683630109,5,6,6,0,0,0.0933833541348576,2.497622387483716,1.960590174421668
