,id,player_name,team_title,position,games,time,goals,xG,assists,xA,shots,key_passes,yellow_cards,red_cards,npg,npxG,xGChain,xGBuildup
4936,1195,Daniele Padelli,Torino,GK,25,2250,0,0.0,0,0.0,0,0,3,0,0,0.0,1.6982352584600449,1.6982352584600449
4937,1195,Daniele Padelli,Torino,GK,2,180,0,0.0,0,0.0,0,0,0,0,0,0.0,0.8115804344415665,0.8115804344415665
4938,1195,Daniele Padelli,Torino,GK,35,3150,0,0.0,0,0.0345100499689579,0,1,3,0,0,0.0,3.605577058158815,3.605577058158815
4939,1195,Daniele Padelli,Inter,GK,3,270,0,0.0,0,0.0,0,0,0,0,0,0.0,0.3486479222774505,0.3486479222774505
4940,1195,Daniele Padelli,Inter,S,1,42,0,0.0,0,0.0,0,0,0,0,0,0.0,0.0,0.0
