,id,player_name,team_title,position,games,time,goals,xG,assists,xA,shots,key_passes,yellow_cards,red_cards,npg,npxG,xGChain,xGBuildup
4764,7841,Dani Rodríguez,Mallorca,F M,16,1424,2,1.9326532743871208,2,1.9511833675205708,23,21,4,0,2,1.9326532743871208,3.4941969588398933,0.6677991719916463
4765,7841,Dani Rodríguez,Mallorca,F M S,37,3065,5,4.95471915230155,2,2.3880065381526947,51,39,7,0,4,4.211441518738866,10.761536248028278,6.183884148485959
