,id,player_name,team_title,position,games,time,goals,xG,assists,xA,shots,key_passes,yellow_cards,red_cards,npg,npxG,xGChain,xGBuildup
4758,2497,Dani Ndi,Sporting Gijon,M S,15,749,1,1.9837993811815977,0,0.1703480295836925,13,7,2,0,1,1.9837993811815977,3.0246848687529564,1.169408306479454
4759,2497,Dani Ndi,Sporting Gijon,M S,6,149,0,0.1527456752955913,0,0.0390736311674118,3,2,0,0,0,0.1527456752955913,0.16998340934515,0.072683323174715
