,id,player_name,team_title,position,games,time,goals,xG,assists,xA,shots,key_passes,yellow_cards,red_cards,npg,npxG,xGChain,xGBuildup
4974,6793,Daniil Lesovoy,Arsenal Tula,F M S,13,430,2,0.9266695091500878,0,0.0958296209573745,9,4,1,0,2,0.9266695091500878,1.0724769895896316,0.1673143580555915
4975,6793,Daniil Lesovoy,Dinamo Moscow,F,1,86,0,0.5864465236663818,0,0.1508923470973968,6,2,0,0,0,0.5864465236663818,0.7901040315628052,0.08990940451622
4976,6793,Daniil Lesovoy,Arsenal Tula,F M S,27,1986,3,3.1212694495916367,4,2.9146369146183133,44,31,4,0,3,2.3669955879449844,8.001176355406642,3.650406125932932
4977,6793,Daniil Lesovoy,"Arsenal Tula,Dinamo Moscow",F M S,28,2203,7,5.282271264120936,3,3.064409545622766,56,49,2,1,6,4.527995942160487,11.6847500000149,4.807724355719984
