,id,player_name,team_title,position,games,time,goals,xG,assists,xA,shots,key_passes,yellow_cards,red_cards,npg,npxG,xGChain,xGBuildup
4797,157,Daniel Caligiuri,Wolfsburg,F M S,29,1824,2,2.4065817520022392,5,3.513515640050173,41,33,4,0,2,2.4065817520022392,12.325969390571116,8.345828156918287
4798,157,Daniel Caligiuri,Wolfsburg,M S,28,1651,7,4.814294621348381,3,3.1188066340982914,38,27,1,0,7,4.814294621348381,12.534759195521474,5.796651085838676
4799,157,Daniel Caligiuri,Augsburg,D M S,15,1046,1,1.678941674530506,2,1.1955352146178484,21,12,1,0,0,0.921164996922016,2.58561908826232,1.5266766222193835
4800,157,Daniel Caligiuri,"Schalke 04,Wolfsburg",D F M S,32,2229,4,3.3981216605752707,4,2.925149817951024,39,30,2,0,4,3.3981216605752707,10.648382108658552,5.393672872334719
4801,157,Daniel Caligiuri,Schalke 04,D M,31,2767,7,6.154279674403369,3,5.252129821106792,50,60,9,0,3,1.6076999939978125,9.21286129951477,6.125753968954086
4802,157,Daniel Caligiuri,Augsburg,D M S,33,2675,6,4.513691956177354,4,3.845139417797327,40,49,5,0,4,2.2403619308024645,7.667368216440082,4.832314429339021
4803,157,Daniel Caligiuri,Schalke 04,D M S,33,2916,6,4.073196089826524,10,5.5090241599828005,35,49,4,0,3,1.799866002984345,8.617397163063288,5.2740579303354025
4804,157,Daniel Caligiuri,Schalke 04,D F M S,28,2306,2,2.9251192258670926,2,2.979582564905286,44,38,5,0,1,2.167342533357441,4.575942447409034,2.034444509074092
