,id,player_name,team_title,position,games,time,goals,xG,assists,xA,shots,key_passes,yellow_cards,red_cards,npg,npxG,xGChain,xGBuildup
4737,2446,Dani Ceballos,Arsenal,M S,24,1722,0,0.4700741358101368,2,1.5761436689645052,13,28,1,0,0,0.4700741358101368,8.66311746276915,7.352911368012428
4738,2446,Dani Ceballos,Arsenal,M S,25,1613,0,0.6592579409480095,3,2.578971767798066,13,27,4,0,0,0.6592579409480095,9.275826007127762,8.116632506251335
4739,2446,Dani Ceballos,Real Madrid,M S,12,392,2,0.380171874538064,0,0.2415057532489299,7,4,0,0,2,0.380171874538064,1.782507322728634,1.278341323137283
4740,2446,Dani Ceballos,Real Betis,F M S,34,2138,0,0.7863461514934897,2,2.393967631272972,17,23,9,1,0,0.7863461514934897,5.367050011642277,2.961701382882893
4741,2446,Dani Ceballos,Real Betis,F M S,30,2334,2,1.4928694237023592,2,2.290330909192562,37,39,8,0,2,1.4928694237023592,8.332505328580737,6.19133710116148
4742,2446,Dani Ceballos,Real Madrid,F M S,23,1245,3,2.237287884578109,0,1.2545571215450764,22,24,3,0,3,2.237287884578109,8.683115845546126,6.015689268708229
