,id,player_name,team_title,position,games,time,goals,xG,assists,xA,shots,key_passes,yellow_cards,red_cards,npg,npxG,xGChain,xGBuildup
4845,426,Daniel Ginczek,VfB Stuttgart,F S,18,1250,7,8.644815228879452,2,2.334586627781391,34,22,3,0,7,8.644815228879452,10.095301900058985,1.037790740840137
4846,426,Daniel Ginczek,VfB Stuttgart,F,7,630,3,3.7316545210778713,1,1.0057916715741158,18,12,1,0,2,2.973958272486925,4.486751541495323,0.8890571296215057
4847,426,Daniel Ginczek,Wolfsburg,F S,18,781,3,3.851689076051116,1,1.6783334538340569,24,9,2,0,3,3.851689076051116,4.848445041105151,0.594645656645298
4848,426,Daniel Ginczek,VfB Stuttgart,F M S,23,1534,7,7.1339338179677725,0,1.3420774564146996,42,15,3,0,6,6.376157199963927,8.300561737269163,1.8395775258541107
4849,426,Daniel Ginczek,Wolfsburg,F S,11,198,0,0.2503478545695543,0,0.1912690661847591,4,3,0,0,0,0.2503478545695543,0.6148800682276487,0.3337759356945753
4850,426,Daniel Ginczek,Wolfsburg,F S,24,1276,6,3.7904729917645454,2,1.815759631805122,35,13,4,0,6,3.7904729917645454,7.245268432423472,2.911572804674506
4851,426,Daniel Ginczek,Wolfsburg,S,2,10,0,0.0962439030408859,0,0.0,1,0,0,0,0,0.0962439030408859,0.0962439030408859,0.0
