,id,player_name,team_title,position,games,time,goals,xG,assists,xA,shots,key_passes,yellow_cards,red_cards,npg,npxG,xGChain,xGBuildup
4822,3338,Daniel Congré,Montpellier,D,38,3304,2,1.0390868009999394,0,0.1544868648052215,13,4,4,0,2,1.0390868009999394,5.443286660127342,5.358615516684949
4823,3338,Daniel Congré,Montpellier,D,35,3129,2,1.6219149380922318,0,0.569916439242661,10,4,2,1,2,1.6219149380922318,4.4778212662786245,4.070423310622573
4824,3338,Daniel Congré,Montpellier,D,37,3294,2,1.4209629530087111,2,0.8302680151537061,15,9,5,1,2,1.4209629530087111,4.709279017522931,4.357299086637795
4825,3338,Daniel Congré,Montpellier,D M S,32,2633,1,1.1435113567858934,0,0.1464451104402542,11,5,4,0,1,1.1435113567858934,4.6674406714737415,4.536847313866019
4826,3338,Daniel Congré,Montpellier,D S,30,2365,0,0.2550138775259256,0,0.3944590203464031,5,6,4,0,0,0.2550138775259256,3.454496338032186,3.119949764572084
4827,3338,Daniel Congré,Montpellier,D S,24,1812,1,0.8057483173906803,0,0.1781639978289604,9,2,2,1,1,0.8057483173906803,2.149498420767486,1.971334419213236
4828,3338,Daniel Congré,Montpellier,D S,24,1946,0,1.5674092173576355,1,0.5724523104727268,9,3,4,0,0,1.5674092173576355,3.477399494498968,2.9461691193282604
