,id,player_name,team_title,position,games,time,goals,xG,assists,xA,shots,key_passes,yellow_cards,red_cards,npg,npxG,xGChain,xGBuildup
5053,1933,Danilo Avelar,Cagliari,D M S,31,2640,4,4.730475001037121,3,5.152361200191081,36,44,10,1,1,1.6852797158062458,8.948932563886046,5.861734472215176
5054,1933,Danilo Avelar,Torino,D S,6,341,0,0.3372478783130646,2,0.32439686357975,4,7,1,0,0,0.3372478783130646,1.059395045042038,0.6575501263141632
5055,1933,Danilo Avelar,Torino,D,3,264,0,0.0,0,0.3169956877827644,0,4,1,0,0,0.0,0.6731687039136887,0.5477229654788971
5056,1933,Danilo Avelar,Amiens,D M S,21,1728,1,0.2956193201243877,0,0.7889196211472154,7,14,2,0,1,0.2956193201243877,1.626226842403412,0.9461989626288414
