,id,player_name,team_title,position,games,time,goals,xG,assists,xA,shots,key_passes,yellow_cards,red_cards,npg,npxG,xGChain,xGBuildup
4903,1182,Daniele Baselli,Torino,M S,35,2270,4,3.2393543142825365,3,3.8086298471316695,33,53,6,0,4,3.2393543142825365,8.55185192450881,3.718672366812825
4904,1182,Daniele Baselli,Torino,M S,15,369,0,0.2182702682912349,0,0.7608733857050538,5,9,2,0,0,0.2182702682912349,1.6164580639451742,0.9866998009383678
4905,1182,Daniele Baselli,Atalanta,M S,22,1286,2,2.2907420806586742,2,1.3257531942799687,25,12,6,0,2,2.2907420806586742,4.243394709192216,0.8662515766918659
4906,1182,Daniele Baselli,Torino,M,16,1307,0,0.7685436960309744,2,0.8572462713345885,7,18,3,0,0,0.7685436960309744,3.1411865996196866,2.3213464189320803
4907,1182,Daniele Baselli,Torino,M S,32,2547,4,3.9907272635027766,2,1.1959764417260883,35,24,11,1,4,3.9907272635027766,10.25397730898112,5.930679733864963
4908,1182,Daniele Baselli,Torino,F M S,34,2404,4,2.303462154231965,1,3.632218912243843,42,45,5,0,4,2.303462154231965,9.33373448625207,6.232518503442407
4909,1182,Daniele Baselli,Torino,S,5,125,0,0.8595250248908997,0,0.0227476339787244,1,1,0,0,0,0.8595250248908997,1.0286882817745209,0.1691632699221372
4910,1182,Daniele Baselli,Torino,M S,37,2317,6,4.081135468557477,5,2.136120303533972,41,27,6,0,6,4.081135468557477,10.831043913960457,6.401779626496136
