,id,player_name,team_title,position,games,time,goals,xG,assists,xA,shots,key_passes,yellow_cards,red_cards,npg,npxG,xGChain,xGBuildup
5015,7304,Danil Stepanov,FC Rotor Volgograd,D S,22,1907,1,0.2979520494118333,1,0.6260746978223324,13,6,9,0,1,0.2979520494118333,2.676947493106127,1.943342858925461
5016,7304,Danil Stepanov,Rubin Kazan,D S,9,676,0,0.1233706073835492,0,0.3339944528415799,7,9,3,0,0,0.1233706073835492,1.4691262878477571,1.174144195392728
5017,7304,Danil Stepanov,Rubin Kazan,D S,10,677,0,0.2086308021098375,0,0.2163547240197658,6,5,3,0,0,0.2086308021098375,1.2870530374348164,0.9716877164319158
5018,7304,Danil Stepanov,Arsenal Tula,D S,16,1249,1,0.4452679622918367,4,1.2519195172935724,6,14,0,0,1,0.4452679622918367,2.7773556113243103,1.7845003586262465
