,id,player_name,team_title,position,games,time,goals,xG,assists,xA,shots,key_passes,yellow_cards,red_cards,npg,npxG,xGChain,xGBuildup
5079,3080,Danny,Zenit St. Petersburg,F M,12,1045,4,3.2936079129576683,1,1.245236974209547,25,23,1,0,4,3.2936079129576683,7.090004205703735,3.1379842087626457
5080,3080,Danny,Zenit St. Petersburg,F M S,23,1579,6,5.206399071961641,4,3.105908323079348,41,33,3,0,6,5.206399071961641,10.057488250546156,4.092712898738682
5081,3080,Danny,Zenit St. Petersburg,F M S,28,2249,3,6.308407412841916,9,7.876735588535666,44,64,5,0,3,6.308407412841916,17.41361517086625,9.480806894600391
