,id,player_name,team_title,position,games,time,goals,xG,assists,xA,shots,key_passes,yellow_cards,red_cards,npg,npxG,xGChain,xGBuildup
5082,5236,Danny Blum,Bochum,F S,6,194,2,0.5555429756641388,0,0.4274800196290016,5,7,0,0,2,0.5555429756641388,0.9625795762985944,0.2063919100910425
5083,5236,Danny Blum,Eintracht Frankfurt,S,2,26,1,0.5377036333084106,0,0.0,2,0,0,0,1,0.5377036333084106,0.5169841647148132,0.0
5084,5236,Danny Blum,Eintracht Frankfurt,M S,14,444,1,1.9422126282006504,1,1.2662039566785095,23,6,0,0,1,1.9422126282006504,3.138515355065465,0.0619868282228708
5085,5236,Danny Blum,Eintracht Frankfurt,S,1,1,0,0.0,0,0.0,0,0,0,0,0,0.0,0.0,0.0
