,id,player_name,team_title,position,games,time,goals,xG,assists,xA,shots,key_passes,yellow_cards,red_cards,npg,npxG,xGChain,xGBuildup
5125,249,Danny da Costa,Bayer Leverkusen,D S,3,107,0,0.0,1,0.4240883290767669,0,1,0,0,0,0.0,1.128793090581894,0.704704761505127
5126,249,Danny da Costa,Eintracht Frankfurt,D S,6,385,0,0.0,0,0.0871686562895774,0,1,1,0,0,0.0,0.4069931507110595,0.4069931507110595
5127,249,Danny da Costa,Eintracht Frankfurt,D M S,17,1197,1,0.9118189066648484,2,1.2524288687855003,9,14,1,0,1,0.9118189066648484,4.581499490886927,3.210494492202997
5128,249,Danny da Costa,Ingolstadt,D S,20,1522,0,0.2292040921747684,4,2.3346421606838703,6,14,4,0,0,0.2292040921747684,3.677126338705421,2.8810484129935503
5129,249,Danny da Costa,Eintracht Frankfurt,D F M,34,3036,2,3.9484598096460095,4,5.811640384607017,21,33,1,0,2,3.9484598096460095,13.933870930224655,6.653559504076839
5130,249,Danny da Costa,"Eintracht Frankfurt,Mainz 05",D M S,22,1321,0,0.2439109710976481,1,2.3600022178143263,6,13,2,0,0,0.2439109710976481,4.109084473922849,1.6283645760267973
5131,249,Danny da Costa,Eintracht Frankfurt,D M S,19,1389,1,1.511164739727974,4,3.8465518187731504,17,22,0,0,1,1.511164739727974,8.529054161161184,4.603727383539081
