,id,player_name,team_title,position,games,time,goals,xG,assists,xA,shots,key_passes,yellow_cards,red_cards,npg,npxG,xGChain,xGBuildup
5123,6037,Danny Williams,Huddersfield,M S,5,94,0,0.0155525645241141,0,0.0310347247868776,1,1,1,0,0,0.0155525645241141,0.0839854599907994,0.0684328954666853
5124,6037,Danny Williams,Huddersfield,M S,20,1108,0,0.3030080161988735,0,0.2359489016234874,12,4,2,0,0,0.3030080161988735,1.8722026953473687,1.4696639645844698
