,id,player_name,team_title,position,games,time,goals,xG,assists,xA,shots,key_passes,yellow_cards,red_cards,npg,npxG,xGChain,xGBuildup
5153,5383,Darko Bodul,FC Yenisey Krasnoyarsk,F M S,10,616,0,0.7224876619875431,1,0.6913283653557301,11,11,1,0,0,0.7224876619875431,2.1325549762696028,1.0790500938892365
5154,5383,Darko Bodul,Amkar,F M S,24,1903,5,3.121559326536953,2,0.9514995981007814,38,19,3,0,4,2.367284004576504,4.400299238972366,1.7219855776056647
5155,5383,Darko Bodul,Amkar,F S,25,1318,1,1.8208635514602065,3,2.337093654088676,25,35,3,0,1,1.0665882108733058,3.175921894609928,1.130930496379733
