,id,player_name,team_title,position,games,time,goals,xG,assists,xA,shots,key_passes,yellow_cards,red_cards,npg,npxG,xGChain,xGBuildup
5207,2636,Darío Lezcano,Ingolstadt,F S,17,1253,2,3.6941052842885256,1,1.7327980231493711,29,18,4,0,2,3.6941052842885256,4.330730248242617,0.5437455754727125
5208,2636,Darío Lezcano,Ingolstadt,F S,33,2522,6,6.947861787863076,3,2.718397604301572,59,29,4,0,6,6.190085080452263,11.921496350318192,4.396368196234107
