,id,player_name,team_title,position,games,time,goals,xG,assists,xA,shots,key_passes,yellow_cards,red_cards,npg,npxG,xGChain,xGBuildup
5252,2352,David García,Las Palmas,D S,11,858,1,0.575718866661191,0,0.1802513264119625,5,4,2,0,1,0.575718866661191,0.8303498812019825,0.8025228977203369
5253,5090,David García,Osasuna,D,17,1530,3,0.5707394042983651,0,0.0412131138145923,14,2,5,0,3,0.5707394042983651,1.55459126830101,1.497441316023469
5254,2352,David García,Las Palmas,D S,19,1609,2,0.955016260035336,1,0.4258665814995765,9,9,2,0,2,0.955016260035336,3.727408451028168,3.36906619463116
5255,2352,David García,Las Palmas,D S,22,1638,1,1.0710379052907228,1,0.1770852208137512,11,2,6,0,1,1.0710379052907228,3.7284798491746174,3.5379830952733755
5256,5090,David García,Osasuna,D S,25,2189,1,0.4266314413398504,0,0.0801065005362033,9,2,8,0,1,0.4266314413398504,3.613053880631924,3.567666742950678
5257,5090,David García,Osasuna,D,35,3150,1,1.575082286261022,0,0.5677855759859085,13,5,8,0,1,1.575082286261022,2.975675178691745,2.8912932742387056
5258,5090,David García,Osasuna,D S,32,2791,0,0.8884696355089545,0,0.2518367636948824,18,6,7,0,0,0.8884696355089545,5.611616310663521,5.335337935946882
