,id,player_name,team_title,position,games,time,goals,xG,assists,xA,shots,key_passes,yellow_cards,red_cards,npg,npxG,xGChain,xGBuildup
5332,2364,David Simón,Las Palmas,D S,16,1320,0,0.7595883999019861,1,0.8937018271535635,11,14,3,0,0,0.7595883999019861,2.68772590905428,1.545182911679149
5333,2364,David Simón,Las Palmas,D S,27,2264,1,1.2768029142171144,2,1.7104523722082376,12,19,7,0,1,1.2768029142171144,5.657526725903153,4.054721226915717
5334,2364,David Simón,Las Palmas,D S,11,717,0,0.2322650775313377,0,0.8737266734242439,3,10,3,0,0,0.2322650775313377,1.882155917584896,0.9025820307433604
