,id,player_name,team_title,position,games,time,goals,xG,assists,xA,shots,key_passes,yellow_cards,red_cards,npg,npxG,xGChain,xGBuildup
5413,1178,Davide Zappacosta,Roma,D S,9,431,0,0.6812212523072958,1,0.7593547701835632,4,7,0,0,0,0.6812212523072958,3.179088592529297,1.827609457075596
5414,1178,Davide Zappacosta,Atalanta,D M S,15,1044,1,1.394977606832981,3,3.201153140515089,19,17,2,0,1,1.394977606832981,7.52420374751091,4.4833108857274055
5415,1178,Davide Zappacosta,Genoa,D S,25,2050,4,2.5901719303801656,2,1.2276653032749891,41,12,3,0,4,2.5901719303801656,7.910429098643362,4.55435298755765
5416,1178,Davide Zappacosta,Torino,D S,25,1262,1,0.8211563993245363,1,0.7992651676759124,14,15,3,0,1,0.8211563993245363,4.011906647123396,2.9938294561579823
5417,1178,Davide Zappacosta,Chelsea,D M S,22,1092,1,1.565093258395791,1,1.2953783981502056,25,13,0,0,1,1.565093258395791,5.394451027736068,3.0115536730736494
5418,1178,Davide Zappacosta,Chelsea,D S,4,119,0,0.1525930613279342,0,0.1293266862630844,2,1,0,0,0,0.1525930613279342,1.0368040055036545,0.7548842430114746
5419,1178,Davide Zappacosta,Torino,D S,2,93,0,0.0,0,0.0380088314414024,0,1,0,0,0,0.0,0.0716855004429817,0.0716855004429817
5420,1178,Davide Zappacosta,Torino,D F S,29,2331,1,0.8514094147831202,5,5.082174750044942,28,41,1,0,1,0.8514094147831202,7.420683886855841,4.078993622213602
5421,1178,Davide Zappacosta,Atalanta,D M S,29,2270,3,1.6123620108701289,1,1.9366782698780296,25,17,4,0,3,1.6123620108701289,5.560821439139545,2.911543006077409
