,id,player_name,team_title,position,games,time,goals,xG,assists,xA,shots,key_passes,yellow_cards,red_cards,npg,npxG,xGChain,xGBuildup
5300,3245,David Ngog,Reims,F S,28,1739,7,5.745356408879161,1,1.1880748942494392,38,13,3,0,7,5.745356408879161,5.749907726421952,1.6082409881055355
5301,3245,David Ngog,Reims,F S,16,864,3,3.3528205836191773,0,0.6322885043919086,22,10,1,0,3,2.592725464142859,3.3902437295764685,0.4412672342732548
