,id,player_name,team_title,position,games,time,goals,xG,assists,xA,shots,key_passes,yellow_cards,red_cards,npg,npxG,xGChain,xGBuildup
5307,505,David Ospina,Napoli,GK,16,1440,0,0.0,1,0.0706194788217544,0,2,2,0,0,0.0,4.088956248015165,4.018336813896895
5308,505,David Ospina,Arsenal,GK S,2,143,0,0.0,0,0.0,0,0,0,0,0,0.0,0.0281062815338373,0.0281062815338373
5309,505,David Ospina,Arsenal,GK,4,360,0,0.0,0,0.0,0,0,0,0,0,0.0,0.0357897840440273,0.0357897840440273
5310,505,David Ospina,Napoli,GK,17,1469,0,0.0,0,0.0,0,0,0,0,0,0.0,2.683095879852772,2.683095879852772
5311,505,David Ospina,Napoli,GK S,17,1457,0,0.0,0,0.0,0,0,0,0,0,0.0,3.1179021103307605,3.1179021103307605
5312,505,David Ospina,Arsenal,GK,18,1620,0,0.0,0,0.0467963851988315,0,2,0,0,0,0.0,2.064858367666602,2.0180619917809963
5313,505,David Ospina,Napoli,GK,15,1350,0,0.0,0,0.0,0,0,0,0,0,0.0,1.3362779337912798,1.3362779337912798
5314,505,David Ospina,Arsenal,GK S,5,378,0,0.0,0,0.0,0,0,0,0,0,0.0,1.5613316297531128,1.5613316297531128
