,id,player_name,team_title,position,games,time,goals,xG,assists,xA,shots,key_passes,yellow_cards,red_cards,npg,npxG,xGChain,xGBuildup
5302,1753,David Nugent,Leicester,F M S,29,1685,5,6.229932998307049,2,1.8909174874424928,41,21,3,0,4,4.70759526733309,7.812488311901689,2.336387704126537
5303,1753,David Nugent,Middlesbrough,S,4,36,0,0.0,0,0.0,0,0,0,0,0,0.0,0.0895430594682693,0.0895430594682693
