,id,player_name,team_title,position,games,time,goals,xG,assists,xA,shots,key_passes,yellow_cards,red_cards,npg,npxG,xGChain,xGBuildup
5335,2415,David Soria,Getafe,GK,28,2520,0,0.0,0,0.0,0,0,2,0,0,0.0,0.7223634719848633,0.7223634719848633
5336,2415,David Soria,Sevilla,GK,1,90,0,0.0,0,0.0,0,0,0,0,0,0.0,0.0641638562083244,0.0641638562083244
5337,2415,David Soria,Getafe,GK,38,3420,0,0.0,0,0.0,0,0,2,0,0,0.0,2.096687308512628,2.096687308512628
5338,2415,David Soria,Getafe,GK,37,3330,0,0.0,0,0.0620497819036245,0,2,0,0,0,0.0,3.912657953798771,3.87655846402049
5339,2415,David Soria,Sevilla,GK,15,1264,0,0.0,0,0.0,0,0,1,0,0,0.0,1.6368360798805952,1.6368360798805952
5340,2415,David Soria,Getafe,GK,17,1530,0,0.0,0,0.0,0,0,3,0,0,0.0,0.7577517479658127,0.7577517479658127
