,id,player_name,team_title,position,games,time,goals,xG,assists,xA,shots,key_passes,yellow_cards,red_cards,npg,npxG,xGChain,xGBuildup
5250,6956,David Ferreiro,SD Huesca,D F M S,35,2269,1,2.957867234945297,3,5.282547811046243,36,50,5,0,1,2.957867234945297,9.832268215715883,4.2051824405789375
5251,6956,David Ferreiro,SD Huesca,F M S,37,2554,2,1.74453410692513,4,5.590566927567124,26,73,5,0,2,1.74453410692513,10.064326669089496,6.563426516018808
