,id,player_name,team_title,position,games,time,goals,xG,assists,xA,shots,key_passes,yellow_cards,red_cards,npg,npxG,xGChain,xGBuildup
5275,1676,David Luiz,Chelsea,D,33,2959,1,1.4128163997083902,0,1.363066427409649,31,10,6,0,1,1.4128163997083902,7.60231795348227,6.938519762828946
5276,1676,David Luiz,Chelsea,D M S,10,840,1,0.7608348354697227,0,0.0336766056716442,11,1,4,1,1,0.7608348354697227,2.88397440686822,2.425784364342689
5277,1676,David Luiz,Paris Saint Germain,D M S,28,2286,2,4.359105698764324,0,0.0384911261498928,28,2,5,0,2,4.359105698764324,8.902856085449457,8.446638155728579
5278,1676,David Luiz,Chelsea,D,36,3240,3,2.897742645815015,2,2.858749483712017,34,20,3,0,3,2.897742645815015,13.105183457024395,11.978444409556689
5279,1676,David Luiz,Arsenal,D S,33,2818,2,1.5601535718888044,1,0.7974880058318377,23,4,5,2,2,1.5601535718888044,9.724225353449585,8.911323081701994
5280,1676,David Luiz,Arsenal,D S,20,1410,1,0.6695670261979103,0,0.524025484919548,15,2,1,1,1,0.6695670261979103,4.749538991600275,4.629008281975985
5281,1676,David Luiz,Paris Saint Germain,D,3,245,0,0.5423957705497742,0,0.0258053299039602,3,1,1,0,0,0.5423957705497742,1.685201846063137,1.685201846063137
5282,1676,David Luiz,Paris Saint Germain,D S,25,2086,1,1.4053127653896809,2,1.7445458360016346,15,9,4,0,1,1.4053127653896809,10.005295246839523,9.68259833008051
