,id,player_name,team_title,position,games,time,goals,xG,assists,xA,shots,key_passes,yellow_cards,red_cards,npg,npxG,xGChain,xGBuildup
5350,2937,David Yurchenko,Tosno,GK,28,2520,0,0.0091738756746053,0,0.0423790821805596,1,4,2,1,0,0.0091738756746053,0.4834631690755486,0.4490808602422476
5351,2937,David Yurchenko,FC Ufa,GK,25,2250,0,0.0,0,0.0077156876213848,0,3,2,0,0,0.0,1.0685434876941144,1.0608278000727296
5352,2937,David Yurchenko,Anzhi Makhachkala,GK,13,1170,0,0.0,0,0.0,0,0,2,0,0,0.0,0.4602540927007794,0.4602540927007794
5353,2937,David Yurchenko,FC Yenisey Krasnoyarsk,GK,17,1517,0,0.0,0,0.0,0,0,2,0,0,0.0,0.375754252076149,0.375754252076149
5354,2937,David Yurchenko,"Anzhi Makhachkala,FC Ufa",GK,22,1980,0,0.0,0,0.0646342560648918,0,1,2,0,0,0.0,0.8802112573757768,0.815577001310885
