,id,player_name,team_title,position,games,time,goals,xG,assists,xA,shots,key_passes,yellow_cards,red_cards,npg,npxG,xGChain,xGBuildup
5439,6050,Davy Pröpper,Brighton,M S,35,2826,1,1.8662200346589088,2,2.9777765087783337,29,29,4,0,1,1.8662200346589088,11.892824701964855,8.669299827888608
5440,6050,Davy Pröpper,Brighton,M,30,2554,1,0.95031607337296,1,1.2174465768039229,15,19,2,0,1,0.95031607337296,5.614993963390589,4.949895199388266
5441,6050,Davy Pröpper,Brighton,M S,7,201,0,0.138562518171966,0,0.0,4,0,0,0,0,0.138562518171966,0.2699494138360023,0.1942280754446983
5442,6050,Davy Pröpper,Brighton,M,35,3122,0,1.792492059059441,4,1.4330482948571444,36,20,2,1,0,1.792492059059441,7.106947677209973,4.563934212550521
