,id,player_name,team_title,position,games,time,goals,xG,assists,xA,shots,key_passes,yellow_cards,red_cards,npg,npxG,xGChain,xGBuildup
5444,6190,Dawid Kownacki,Fortuna Duesseldorf,F M S,20,1084,0,2.7665584329515696,0,0.8175124637782574,27,12,4,0,0,2.7665584329515696,4.2566548846662045,1.5173123152926564
5445,6190,Dawid Kownacki,Sampdoria,F S,22,798,5,2.395976166240871,1,1.3839234579354525,21,8,0,0,5,2.395976166240871,3.7818829230964175,0.9240028113126756
5446,6190,Dawid Kownacki,Sampdoria,S,13,145,1,1.7575441226363182,1,0.6827105358242989,6,7,0,0,0,0.2350679896771907,2.028410356491804,1.2318262159824371
5447,6190,Dawid Kownacki,Fortuna Duesseldorf,F M S,10,574,4,1.7493958957493303,0,0.3665635418146848,12,5,2,0,4,1.7493958957493303,2.463932432234288,0.9893350061029196
