,id,player_name,team_title,position,games,time,goals,xG,assists,xA,shots,key_passes,yellow_cards,red_cards,npg,npxG,xGChain,xGBuildup
5470,7702,Dean Henderson,Sheffield United,GK,36,3240,0,0.0330408066511154,0,0.0218688193708658,1,1,2,0,0,0.0330408066511154,0.2936276718974113,0.2936276718974113
5471,7702,Dean Henderson,Manchester United,GK S,13,1122,0,0.0,0,0.0,0,0,3,0,0,0.0,1.2811798937618732,1.2811798937618732
