,id,player_name,team_title,position,games,time,goals,xG,assists,xA,shots,key_passes,yellow_cards,red_cards,npg,npxG,xGChain,xGBuildup
5507,645,Dele Alli,Tottenham,M S,15,615,0,1.6745913289487362,1,1.3262444715946913,12,9,0,0,0,1.6745913289487362,4.32270379178226,2.1345880310982466
5508,645,Dele Alli,Tottenham,F M S,25,1862,8,7.915494641289115,4,3.483860461041332,42,23,2,0,7,7.15432577393949,16.530975185334682,6.692906078882515
5509,645,Dele Alli,Tottenham,F M S,36,2991,9,10.104957189410923,10,8.836119271814823,69,64,7,0,9,10.104957189410923,23.885979956015944,8.14344278536737
5510,645,Dele Alli,Tottenham,F M S,37,3060,18,14.708572203293445,7,4.573811644688249,94,52,4,0,17,13.94740335084498,25.15399905666709,8.973644252866507
5511,645,Dele Alli,Tottenham,M S,25,1847,5,5.950443021953106,3,3.2933274190872908,39,27,4,0,5,5.950443021953106,12.95524089038372,5.540952812880278
5512,645,Dele Alli,Tottenham,M S,8,515,1,0.9362772554159164,0,0.0,3,0,1,0,0,0.1751084178686142,0.8785725440829992,0.703464126214385
5513,645,Dele Alli,Tottenham,M S,33,2490,10,8.315971275791526,9,6.802972698584199,74,55,7,0,10,8.315971275791526,18.69967341888696,6.46188039239496
