,id,player_name,team_title,position,games,time,goals,xG,assists,xA,shots,key_passes,yellow_cards,red_cards,npg,npxG,xGChain,xGBuildup
5596,2979,Denis Tkachuk,Krylya Sovetov Samara,M S,21,1477,2,2.679583685472608,3,1.585926049388945,37,25,2,0,2,2.679583685472608,4.798190861940384,1.133579170331359
5597,2979,Denis Tkachuk,"Rubin Kazan,Zenit St. Petersburg",M S,17,674,1,2.767341163009405,0,0.5138420695438981,25,9,1,0,1,2.767341163009405,3.519537972286344,0.5068948399275541
5598,2979,Denis Tkachuk,Rubin Kazan,M S,22,1529,2,2.808906022459269,3,3.2198462672531605,27,32,1,0,2,2.808906022459269,5.634557408280671,0.5209896098822355
5599,2979,Denis Tkachuk,Nizhny Novgorod,D M S,14,952,0,0.1717094546183943,2,0.9545771656557918,6,10,3,0,0,0.1717094546183943,1.808458847925067,0.8437541238963604
