,id,player_name,team_title,position,games,time,goals,xG,assists,xA,shots,key_passes,yellow_cards,red_cards,npg,npxG,xGChain,xGBuildup
5600,2901,Denis Tumasyan,FC Ufa,D S,21,1737,2,0.9232060331851244,0,0.1645839633420109,9,4,3,1,2,0.9232060331851244,1.037281352095306,0.857970685698092
5601,2901,Denis Tumasyan,FC Ufa,D S,4,297,0,0.101853247731924,0,0.0075374240987002,2,1,3,0,0,0.101853247731924,0.0816067825071513,0.074069358408451
5602,2901,Denis Tumasyan,FC Ufa,D,7,630,0,0.0474784709513187,0,0.039684422314167,1,1,0,0,0,0.0474784709513187,0.0560722462832927,0.0560722462832927
5603,2901,Denis Tumasyan,FC Ufa,D S,16,1317,1,0.8273441828787327,0,0.0,5,0,1,0,1,0.8273441828787327,0.2849317537620663,0.2849317537620663
5604,2901,Denis Tumasyan,FC Ufa,D S,16,1064,0,0.874614030122757,0,0.2982194796204567,2,3,5,0,0,0.874614030122757,1.5799161633476615,1.4369029020890594
