,id,player_name,team_title,position,games,time,goals,xG,assists,xA,shots,key_passes,yellow_cards,red_cards,npg,npxG,xGChain,xGBuildup
5574,7446,Denis Polyakov,Ural,D S,11,872,0,0.0,0,0.0,0,0,0,0,0,0.0,1.213051721453667,1.213051721453667
5575,7446,Denis Polyakov,Ural,D S,17,1437,0,0.0593496672809124,0,0.1210095584392547,1,1,4,0,0,0.0593496672809124,2.3292932733893394,2.3292932733893394
