,id,player_name,team_title,position,games,time,goals,xG,assists,xA,shots,key_passes,yellow_cards,red_cards,npg,npxG,xGChain,xGBuildup
5668,8004,Dereck Kutesa,Reims,F M S,14,507,1,0.2788842897862196,0,0.3219583481550216,5,5,0,0,1,0.2788842897862196,0.7945375982671976,0.2874455936253071
5669,8004,Dereck Kutesa,Reims,M S,28,653,1,0.944917555898428,2,0.7335855783894658,10,9,2,0,1,0.944917555898428,1.7900633234530687,0.4950050190091133
