,id,player_name,team_title,position,games,time,goals,xG,assists,xA,shots,key_passes,yellow_cards,red_cards,npg,npxG,xGChain,xGBuildup
5693,2530,Didier Digard,Real Betis,M S,8,295,0,0.0225534597411751,0,0.0,2,0,2,0,0,0.0225534597411751,0.1484821876510977,0.1367682637646794
5694,2530,Didier Digard,Nice,D M S,14,849,1,1.3281252291053534,1,0.5680276416242123,12,7,1,0,1,1.3281252291053534,2.9209093041718006,2.280283883213997
5695,2530,Didier Digard,Osasuna,M,3,193,0,0.0118312072008848,0,0.0584099255502224,1,1,1,0,0,0.0118312072008848,0.0702411327511072,0.0
