,id,player_name,team_title,position,games,time,goals,xG,assists,xA,shots,key_passes,yellow_cards,red_cards,npg,npxG,xGChain,xGBuildup
5766,2071,Diego González,Elche,D S,19,1281,1,0.5115871485322714,0,0.0441713444888591,5,1,5,0,1,0.5115871485322714,1.9879912957549093,1.9879912957549093
5767,2071,Diego González,Malaga,D S,18,1435,1,0.533887336961925,0,0.5772257223725319,12,3,5,0,1,0.533887336961925,1.4611995872110128,0.7852773871272802
5768,2071,Diego González,Elche,D S,13,797,0,0.0712896455079317,0,0.0625431761145591,2,1,2,0,0,0.0712896455079317,1.6290870271623137,1.566543873399496
5769,2071,Diego González,Sevilla,S,3,29,0,0.0,0,0.0,0,0,0,0,0,0.0,0.0,0.0
5770,2071,Diego González,Sevilla,D S,2,106,1,0.1138533353805542,0,0.0,2,0,0,0,1,0.1138533353805542,0.0,0.0
