,id,player_name,team_title,position,games,time,goals,xG,assists,xA,shots,key_passes,yellow_cards,red_cards,npg,npxG,xGChain,xGBuildup
5810,2236,Diego Reyes,Real Sociedad,D M S,27,2316,2,1.534767690114677,0,0.2959597185254097,11,7,3,1,2,1.534767690114677,2.8962940387427807,2.573209684342146
5811,2236,Diego Reyes,Leganes,D S,6,321,0,0.0,0,0.0908967554569244,0,1,1,0,0,0.0,0.5319563206285238,0.4410595651715994
5812,2236,Diego Reyes,Espanyol,D S,34,2885,1,0.9297268372029066,0,0.0066839191131293,10,1,2,0,1,0.9297268372029066,2.3708223290741444,2.3417871985584497
