,id,player_name,team_title,position,games,time,goals,xG,assists,xA,shots,key_passes,yellow_cards,red_cards,npg,npxG,xGChain,xGBuildup
5818,3261,Diego Rolan,Bordeaux,F M S,31,2108,7,8.906423384323716,4,2.912907902151346,49,31,4,0,7,8.906423384323716,9.09173633903265,2.1243036836385727
5819,3261,Diego Rolan,"Alaves,Leganes",F M S,15,496,0,0.7467812411487103,0,0.8473961390554905,10,5,1,0,0,0.7467812411487103,1.8522306196391585,0.769699979107827
5820,3261,Diego Rolan,Bordeaux,F M S,36,2493,15,12.557042948901652,3,3.5689100697636604,74,32,2,0,12,10.276757545769216,14.774150021374226,3.781224863603711
5821,3261,Diego Rolan,Bordeaux,F M S,29,1763,9,9.37245249003172,0,1.3333470886573195,48,17,3,1,9,8.6123573705554,11.694652866572142,3.0800290554761887
5822,3261,Diego Rolan,Malaga,F M S,26,1943,5,5.06536290422082,0,1.223780432716012,35,20,0,0,5,5.06536290422082,7.161971615627408,1.055350737646222
