,id,player_name,team_title,position,games,time,goals,xG,assists,xA,shots,key_passes,yellow_cards,red_cards,npg,npxG,xGChain,xGBuildup
5782,2163,Diego Llorente,Malaga,D M S,25,2032,2,1.798731304705143,0,0.180813543498516,10,3,2,1,2,1.798731304705143,1.5152903720736504,1.4022415541112423
5783,2163,Diego Llorente,Real Sociedad,D S,29,2330,1,1.458631650544703,1,0.4250421645119786,10,5,4,1,1,1.458631650544703,7.091967264190316,7.061356188729405
5784,2163,Diego Llorente,Leeds,D,12,1000,1,0.6425634361803532,0,0.0478120651096105,4,2,4,0,1,0.6425634361803532,0.5464499443769455,0.5464499443769455
5785,2163,Diego Llorente,Real Sociedad,D S,27,2331,3,2.177973580546677,0,0.0,21,0,8,1,3,2.177973580546677,7.256923370063305,6.916959010064602
5786,2163,Diego Llorente,Rayo Vallecano,D M,33,2878,2,0.9171635694801809,0,0.0355390682816505,14,2,11,1,2,0.9171635694801809,3.917272673919797,3.688005898147821
5787,2163,Diego Llorente,Real Sociedad,D S,21,1758,0,0.1686149416491389,0,0.0931400246918201,6,2,5,0,0,0.1686149416491389,3.926171611994505,3.848434831947088
5788,2163,Diego Llorente,Leeds,D S,15,1208,1,0.9071680032648146,0,0.4612301886081695,8,4,1,0,1,0.9071680032648146,3.133223626762629,2.109321966767311
5789,2163,Diego Llorente,Real Sociedad,D,1,90,0,0.0,0,0.0,0,0,0,0,0,0.0,0.0555360838770866,0.0555360838770866
