,id,player_name,team_title,position,games,time,goals,xG,assists,xA,shots,key_passes,yellow_cards,red_cards,npg,npxG,xGChain,xGBuildup
5923,3357,Djibril Sidibe,Lille,D S,25,2095,2,1.822353813797236,2,2.302322499454021,21,34,6,1,2,1.822353813797236,7.711804609745741,4.599360032938421
5924,3357,Djibril Sidibe,Monaco,D S,30,1969,0,0.1807242445647716,2,2.906719772145152,5,25,3,0,0,0.1807242445647716,7.548644706606865,7.269361913204193
5925,3357,Djibril Sidibe,Monaco,D M S,26,2064,0,0.9656310603022576,2,3.4944986570626497,18,31,5,0,0,0.9656310603022576,6.426855802536011,4.139820648357272
5926,3357,Djibril Sidibe,Everton,D M S,25,1806,0,0.3015670906752348,4,2.564887005835772,12,19,3,0,0,0.3015670906752348,7.775435114279389,5.019268615171313
5927,3357,Djibril Sidibe,Monaco,D S,27,2158,2,0.9206422530114652,7,4.158740591257811,20,32,4,0,2,0.9206422530114652,10.984123948961496,8.983737029135227
5928,3357,Djibril Sidibe,Monaco,D M S,29,2323,2,1.973442163318396,5,2.4630377888679504,23,26,7,0,2,1.973442163318396,13.156406708061697,10.30444517172873
5929,3357,Djibril Sidibe,Lille,D M S,37,3274,4,2.6556707583367825,3,3.7220261935144654,41,38,3,0,4,2.6556707583367825,11.965858961455524,6.774763205088675
5930,3357,Djibril Sidibe,Monaco,D S,10,614,0,0.1164092067629098,0,0.740426804870367,3,3,4,0,0,0.1164092067629098,2.577722080051899,2.563262987881899
