,id,player_name,team_title,position,games,time,goals,xG,assists,xA,shots,key_passes,yellow_cards,red_cards,npg,npxG,xGChain,xGBuildup
6017,2775,Dmitriy Poloz,"FC Rostov,PFC Sochi",F M S,29,1816,7,5.736933507025242,3,1.0363047234714031,32,18,2,0,3,2.719832297414541,4.662734385579824,2.1406701784580946
6018,2775,Dmitriy Poloz,FC Rostov,F M S,30,2156,7,6.908049698919058,3,3.610194715671241,39,37,2,0,4,4.645223770290613,8.807891821488738,2.045795817859471
6019,2775,Dmitriy Poloz,Zenit St. Petersburg,F M S,19,814,1,1.929568823426962,2,1.3979354035109282,15,11,1,0,1,1.929568823426962,3.0936293732374907,0.500547032803297
6020,2775,Dmitriy Poloz,Rubin Kazan,F M S,27,1870,5,5.280687247402966,1,2.6493231123313308,40,28,0,0,4,4.526411925442517,6.758758798241615,1.154540529474616
6021,2775,Dmitriy Poloz,FC Rostov,F M S,26,1895,7,4.123345459811389,5,3.608542199246586,34,30,1,0,7,4.123345459811389,8.688998432829976,1.998758340254426
6022,2775,Dmitriy Poloz,FC Rostov,F M S,20,1242,4,2.036883320659399,1,1.269002347253263,19,17,0,0,3,1.2826079986989498,2.6110177859663963,0.4812311083078384
6023,2775,Dmitriy Poloz,FC Rostov,F M S,15,1043,8,6.105327561497688,0,1.5706503987312317,26,21,1,0,4,3.088226351886988,5.022074248641729,1.0085805784910915
6024,2775,Dmitriy Poloz,PFC Sochi,F M S,24,1309,5,3.9591801334172487,2,3.619751527905464,30,41,2,0,3,2.4506329987198114,6.437752658501267,1.3014628123492002
