,id,player_name,team_title,position,games,time,goals,xG,assists,xA,shots,key_passes,yellow_cards,red_cards,npg,npxG,xGChain,xGBuildup
6006,5526,Dmitrii Skopintcev,FC Rostov,D F S,10,583,0,0.536566792987287,0,0.120261549949646,16,5,2,0,0,0.536566792987287,1.4711835123598576,1.1028840467333794
6007,5526,Dmitrii Skopintcev,"FC Krasnodar,FC Rostov",D M S,24,1716,1,0.9298289660364388,2,3.73288201354444,21,27,1,1,1,0.9298289660364388,6.240281457081437,3.047331942245364
6008,5526,Dmitrii Skopintcev,Dinamo Moscow,D S,24,1858,1,1.0471128588542342,1,1.7149247843772173,31,17,3,1,1,1.0471128588542342,4.548748755827546,2.299363674595952
6009,5526,Dmitrii Skopintcev,Dinamo Moscow,D S,17,1005,1,1.3146854974329472,2,0.6763517688959837,17,9,4,0,1,1.3146854974329472,3.218661706894636,1.6256837658584118
6010,5526,Dmitrii Skopintcev,"Dinamo Moscow,FC Krasnodar",D M S,15,1027,2,1.0719001172110438,0,0.99401325173676,23,8,2,0,2,1.0719001172110438,3.974141649901867,2.200994098559022
6011,5526,Dmitrii Skopintcev,FC Rostov,S,1,2,0,0.0,0,0.0,0,0,0,0,0,0.0,0.0,0.0
