,id,player_name,team_title,position,games,time,goals,xG,assists,xA,shots,key_passes,yellow_cards,red_cards,npg,npxG,xGChain,xGBuildup
5951,3178,Dmitri Efremov,FC Orenburg,M S,20,1033,1,1.5826160004362464,0,0.538364265114069,18,12,0,0,1,1.5826160004362464,2.261732893064618,0.2845724914222955
5952,3178,Dmitri Efremov,CSKA Moscow,S,10,57,0,0.0,2,0.4682454615831375,0,2,0,0,0,0.0,0.8386861756443977,0.4340039379894733
5953,3178,Dmitri Efremov,"CSKA Moscow,Ural",M S,10,307,0,0.1899839704856276,0,0.1043615937232971,5,3,0,0,0,0.1899839704856276,0.4369890131056309,0.1899893656373024
5954,3178,Dmitri Efremov,CSKA Moscow,D F M S,14,604,0,0.3105906769633293,0,0.219439236447215,6,5,1,0,0,0.3105906769633293,3.598333518952132,3.141811691224575
5955,3178,Dmitri Efremov,CSKA Moscow,S,1,1,0,0.0,0,0.0,0,0,0,0,0,0.0,0.0,0.0
5956,3178,Dmitri Efremov,Ural,M S,10,490,0,0.1476606708019971,2,1.010545164346695,5,5,1,0,0,0.1476606708019971,1.4909976366907358,0.3327918015420437
