,id,player_name,team_title,position,games,time,goals,xG,assists,xA,shots,key_passes,yellow_cards,red_cards,npg,npxG,xGChain,xGBuildup
5988,2908,Dmitri Sysuev,FC Ufa,F M S,16,874,1,1.020742204040289,2,1.412648391909897,7,13,4,0,1,1.020742204040289,3.4552641212940216,1.5731187900528312
5989,2908,Dmitri Sysuev,FC Ufa,F M S,22,1401,2,2.618752708658576,1,1.5305930692702532,20,21,4,0,2,2.618752708658576,5.791695725172758,1.8845210056751969
5990,2908,Dmitri Sysuev,FC Ufa,F M S,22,549,0,0.5753791108727455,2,1.2577451132237911,9,6,4,0,0,0.5753791108727455,3.142687801271677,2.1563502615317702
5991,2908,Dmitri Sysuev,"FC Ufa,Mordovya",F M S,18,842,2,1.288009935989976,1,0.282813549041748,7,4,3,0,2,1.288009935989976,1.7228230591863394,0.2400749698281288
5992,2908,Dmitri Sysuev,FC Ufa,F M S,26,1353,5,3.438111947849393,2,2.335076380521059,19,13,5,0,5,3.438111947849393,6.158947894349694,1.326706524938345
5993,2908,Dmitri Sysuev,FC Ufa,M S,2,83,0,0.0712701175361871,0,0.311280719935894,2,2,1,0,0,0.0712701175361871,0.72830730676651,0.35919851064682
