,id,player_name,team_title,position,games,time,goals,xG,assists,xA,shots,key_passes,yellow_cards,red_cards,npg,npxG,xGChain,xGBuildup
5945,3019,Dmitri Belorukov,Anzhi Makhachkala,D,9,777,0,0.0375187154859304,0,0.0,2,0,3,2,0,0.0375187154859304,0.1355616115033626,0.128860430791974
5946,3019,Dmitri Belorukov,Amkar,D,15,1340,0,0.2623587450943887,0,0.0945283453911542,8,2,3,1,0,0.2623587450943887,1.1507587931118906,1.020358793437481
5947,3019,Dmitri Belorukov,Amkar,D S,19,1639,0,0.3135248515754938,0,0.1101244054734706,4,4,4,1,0,0.3135248515754938,1.2806580737233162,1.2641705051064491
5948,3019,Dmitri Belorukov,Amkar,D S,18,1561,1,0.5504276007413864,0,0.0,3,0,8,0,1,0.5504276007413864,0.9166370891034604,0.9166370891034604
