,id,player_name,team_title,position,games,time,goals,xG,assists,xA,shots,key_passes,yellow_cards,red_cards,npg,npxG,xGChain,xGBuildup
5958,6603,Dmitri Kabutov,Krylya Sovetov Samara,D M S,28,1970,0,1.4718643752858045,3,2.6244973577558994,33,33,8,0,0,1.4718643752858045,4.3195617804303765,1.7844188157469034
5959,6603,Dmitri Kabutov,Krylya Sovetov Samara,S,8,72,0,0.0257613789290189,0,0.0199119243770837,1,1,0,0,0,0.0257613789290189,0.1169258523732423,0.0911644753068685
5960,6603,Dmitri Kabutov,SKA-Khabarovsk,D M,7,597,0,0.8691548039205372,0,0.7811682298779488,9,7,0,1,0,0.8691548039205372,1.504503815434873,0.5182967660948634
