,id,player_name,team_title,position,games,time,goals,xG,assists,xA,shots,key_passes,yellow_cards,red_cards,npg,npxG,xGChain,xGBuildup
6045,3006,Dmitriy Yatchenko,Krylya Sovetov Samara,D M,28,2438,2,1.8754713675007224,2,1.1599856670945885,12,20,3,0,1,1.1211960455402732,7.715237146243453,5.776794781908393
6046,3006,Dmitriy Yatchenko,Krylya Sovetov Samara,D S,18,1088,0,0.2173735201358795,0,0.128364585340023,5,2,2,0,0,0.2173735201358795,0.5864576324820518,0.3538239561021328
6047,3006,Dmitriy Yatchenko,FC Yenisey Krasnoyarsk,D,22,1886,2,1.077563293278217,0,0.7590004922822118,12,17,3,0,1,0.3232894465327263,3.539750560186804,2.939303319901228
