,id,player_name,team_title,position,games,time,goals,xG,assists,xA,shots,key_passes,yellow_cards,red_cards,npg,npxG,xGChain,xGBuildup
6048,4622,Dmitry Aydov,Arsenal Tula,D S,3,198,0,0.0,0,0.0,0,0,1,0,0,0.0,0.3491684347391128,0.3491684347391128
6049,4622,Dmitry Aydov,Torpedo Moscow,D,5,450,1,1.0359330214560032,0,0.0184415988624095,6,2,2,0,0,0.2816576994955539,0.3366929031908512,0.3366929031908512
