,id,player_name,team_title,position,games,time,goals,xG,assists,xA,shots,key_passes,yellow_cards,red_cards,npg,npxG,xGChain,xGBuildup
6012,7638,Dmitriy Chistyakov,Zenit St. Petersburg,D S,17,1135,1,0.6543686594814062,1,1.0548195857554674,6,3,2,0,1,0.6543686594814062,3.639922188594937,3.5515892654657364
6013,7638,Dmitriy Chistyakov,"FC Rostov,Zenit St. Petersburg",D M S,16,919,0,0.2124365270137787,1,0.2334614172577858,6,4,3,0,0,0.2124365270137787,2.528104141354561,2.528104141354561
6014,7638,Dmitriy Chistyakov,FC Rostov,D,22,1755,1,0.8796054534614086,0,0.0078795840963721,9,1,5,0,1,0.8796054534614086,3.4378636833280325,3.429984098300338
