,id,player_name,team_title,position,games,time,goals,xG,assists,xA,shots,key_passes,yellow_cards,red_cards,npg,npxG,xGChain,xGBuildup
6037,2718,Dmitriy Tarasov,Rubin Kazan,S,4,64,0,0.0472224280238151,0,0.0271687898784875,1,1,2,0,0,0.0472224280238151,0.2293329425156116,0.2293329425156116
6038,2718,Dmitriy Tarasov,Lokomotiv Moscow,M S,14,1133,0,0.8775741215795279,0,0.6824895963072777,16,6,6,2,0,0.8775741215795279,2.331467602401972,1.796670388430357
6039,2718,Dmitriy Tarasov,Rubin Kazan,D S,7,139,0,0.0,0,0.0591411627829074,0,2,0,0,0,0.0,0.0721039697527885,0.0552300401031971
6040,2718,Dmitriy Tarasov,Lokomotiv Moscow,M S,24,1477,2,2.3365035904571414,0,1.1536364536732435,21,16,6,0,2,2.3365035904571414,7.049910368397832,4.222542706876993
6041,2718,Dmitriy Tarasov,Lokomotiv Moscow,M S,9,318,0,0.1360803879797458,0,0.5437767896801233,3,4,1,1,0,0.1360803879797458,1.3257804811000824,1.2528764083981514
6042,2718,Dmitriy Tarasov,Lokomotiv Moscow,M,12,948,1,0.3608439564704895,0,0.0409973785281181,8,3,7,0,1,0.3608439564704895,1.7042602114379406,1.5761208347976208
6043,2718,Dmitriy Tarasov,Lokomotiv Moscow,M S,23,1588,0,1.7486419519409535,1,0.5934404358267784,26,8,3,0,0,1.7486419519409535,4.016725141555071,2.494130915030837
