,id,player_name,team_title,position,games,time,goals,xG,assists,xA,shots,key_passes,yellow_cards,red_cards,npg,npxG,xGChain,xGBuildup
6069,1533,Dodô,Sampdoria,D S,7,368,0,0.0,0,0.0334182120859622,0,1,0,0,0,0.0,0.2225557789206504,0.1891375668346882
6070,1533,Dodô,Sampdoria,D M S,17,1425,0,0.4198947721160948,1,2.202395182102918,11,15,4,0,0,0.4198947721160948,2.724189683794976,1.329165551811457
6071,1533,Dodô,Inter,D M S,20,1377,0,0.8643332459032536,2,0.9358819294720888,10,19,3,0,0,0.8643332459032536,4.413198894821107,3.146704609505832
