,id,player_name,team_title,position,games,time,goals,xG,assists,xA,shots,key_passes,yellow_cards,red_cards,npg,npxG,xGChain,xGBuildup
6114,1679,Dominic Solanke,Liverpool,F S,21,552,1,3.666390743106604,1,2.531804773956537,22,15,0,0,1,3.666390743106604,7.042426370084286,1.88601035438478
6115,1679,Dominic Solanke,Bournemouth,F M S,32,1617,3,4.439334521070123,1,1.0535619901493192,32,15,1,0,3,4.439334521070123,6.863944223150611,2.417156931012869
6116,1679,Dominic Solanke,Bournemouth,F S,10,322,0,0.7951503349468112,1,0.3580827619880438,11,8,0,0,0,0.7951503349468112,1.64336730632931,0.6305435262620449
