,id,player_name,team_title,position,games,time,goals,xG,assists,xA,shots,key_passes,yellow_cards,red_cards,npg,npxG,xGChain,xGBuildup
6117,7789,Dominick Drexler,FC Cologne,M S,27,1575,3,2.060725071467459,4,3.4972542887553573,19,27,5,0,3,2.060725071467459,6.589066304266453,3.011401254683733
6118,7789,Dominick Drexler,FC Cologne,F M S,27,1217,2,2.089759700000286,1,2.6153816655278206,12,15,1,0,2,2.089759700000286,5.759937386959791,3.522839019075036
