,id,player_name,team_title,position,games,time,goals,xG,assists,xA,shots,key_passes,yellow_cards,red_cards,npg,npxG,xGChain,xGBuildup
6180,6122,Douglas Luiz,Aston Villa,M S,36,2602,3,2.277795437723398,2,2.004114666953683,38,17,8,0,3,2.277795437723398,5.569815007969737,3.3965176343917847
6181,6122,Douglas Luiz,Aston Villa,M S,33,2807,0,1.3188335550948975,2,2.4181482968851924,26,19,8,1,0,1.3188335550948975,9.615895634517074,7.108103701844811
6182,6122,Douglas Luiz,Girona,M S,15,292,0,0.7494828402996063,0,0.269281268119812,10,3,4,0,0,0.7494828402996063,1.3979716133326292,0.6253313701599836
6183,6122,Douglas Luiz,Girona,M S,23,1485,0,1.0372599931433797,0,0.5949820075184107,16,10,7,0,0,1.0372599931433797,5.347431739792228,4.322219954803586
6184,6122,Douglas Luiz,Aston Villa,M S,12,973,0,0.2497519627213478,3,1.231663259677589,9,18,3,0,0,0.2497519627213478,2.564962949603796,2.162198666483164
