,id,player_name,team_title,position,games,time,goals,xG,assists,xA,shots,key_passes,yellow_cards,red_cards,npg,npxG,xGChain,xGBuildup
6168,3183,Douglas,Dinamo Moscow,D S,22,1803,3,1.465525897219777,0,0.2900799009948969,13,3,6,0,3,1.465525897219777,3.330023981630802,3.0399440489709377
6169,2504,Douglas,Sporting Gijon,D M S,21,1726,3,0.9493384854868054,0,1.715799316763878,15,21,6,0,3,0.9493384854868054,4.980487518943846,3.5649837031960487
6170,3183,Douglas,Dinamo Moscow,S,2,25,0,0.0,0,0.0,0,0,0,0,0,0.0,0.0,0.0
6171,2504,Douglas,Barcelona,S,1,12,0,0.0,0,0.0,0,0,0,0,0,0.0,0.0,0.0
6172,2504,Douglas,Barcelona,D S,2,97,0,0.0,0,0.0,0,0,1,0,0,0.0,0.3557187765836715,0.3557187765836715
