,id,player_name,team_title,position,games,time,goals,xG,assists,xA,shots,key_passes,yellow_cards,red_cards,npg,npxG,xGChain,xGBuildup
6210,2340,Duje Cop,Sporting Gijon,F S,31,2276,9,8.942177802324295,3,3.166718954220414,67,22,6,0,6,5.969067327678204,9.636007160879672,1.5129482643678784
6211,2340,Duje Cop,Malaga,F S,31,2070,7,8.99083786830306,3,1.6739298943430183,49,20,3,0,6,8.247560270130634,12.480819523334503,5.322436973452568
6212,2340,Duje Cop,Real Valladolid,F S,18,672,0,2.370902309194207,0,1.4538036473095417,16,10,2,0,0,2.370902309194207,5.117914894595742,1.6735909841954708
6213,2340,Duje Cop,Cagliari,F S,16,806,4,5.226103819906712,0,0.9494249103590846,26,12,1,0,4,5.226103819906712,7.180722422897816,1.5223681647330525
6214,2340,Duje Cop,Cagliari,F S,2,94,0,0.0,0,0.0,0,0,0,0,0,0.0,0.0,0.0
