,id,player_name,team_title,position,games,time,goals,xG,assists,xA,shots,key_passes,yellow_cards,red_cards,npg,npxG,xGChain,xGBuildup
6237,1148,Duván Zapata,Atalanta,F S,28,2047,18,15.833168610930445,6,5.763872463256121,89,38,1,0,17,15.071869760751724,21.96836582757533,4.951401550322771
6238,1148,Duván Zapata,Atalanta,F S,37,2908,23,20.48707564547658,7,10.126570320688188,118,65,5,0,22,18.964478004723787,30.3103247685358,7.800468221306801
6239,1148,Duván Zapata,Atalanta,F M S,37,2407,15,18.038630217313766,9,6.084069307893515,98,42,0,0,14,17.27733138203621,27.76100275851786,7.628689213655889
6240,1148,Duván Zapata,Udinese,F S,25,1514,8,8.233941536396742,2,1.2720303321257234,53,12,5,0,8,8.233941536396742,7.930719909258187,0.8395993383601308
6241,1148,Duván Zapata,Udinese,F S,38,3163,10,12.88108285330236,3,4.217417415231466,78,38,3,0,9,12.119784018024802,14.816821350716054,2.5532577484846115
6242,1148,Duván Zapata,Atalanta,F S,14,1075,9,9.980295535176992,4,2.6834845952689648,42,23,2,0,6,7.696438994258642,11.696893587708471,2.54448139667511
6243,1148,Duván Zapata,Sampdoria,F S,31,2122,11,9.476617582142351,4,3.522916283458472,53,29,1,0,11,9.476617582142351,13.796350471675396,2.954405792057514
6244,1148,Duván Zapata,Napoli,F S,21,607,6,2.9253209214657545,1,0.5083682388067245,29,7,2,0,6,2.9253209214657545,3.4454706385731697,0.3105159718543291
