,id,player_name,team_title,position,games,time,goals,xG,assists,xA,shots,key_passes,yellow_cards,red_cards,npg,npxG,xGChain,xGBuildup
6280,8130,Ebrima Darboe,Roma,M,1,65,0,0.0630451887845993,0,0.0,1,0,0,0,0,0.0630451887845993,0.1143360957503318,0.0512909144163131
6281,8130,Ebrima Darboe,Roma,M S,5,330,0,0.0693195229396224,0,0.0309687070548534,3,2,2,0,0,0.0693195229396224,0.8956254823133349,0.8405710412189364
