,id,player_name,team_title,position,games,time,goals,xG,assists,xA,shots,key_passes,yellow_cards,red_cards,npg,npxG,xGChain,xGBuildup
6300,701,Eden Hazard,Chelsea,F M S,34,2451,12,8.212463462725282,4,7.303086698055267,71,84,2,0,10,6.690125757828355,19.691347554326057,9.2949508279562
6301,701,Eden Hazard,Chelsea,F M S,31,2183,4,2.578371874988079,3,4.175006851553917,36,66,2,0,4,2.578371874988079,11.917042413726447,8.38061559945345
6302,701,Eden Hazard,Chelsea,F M,36,3050,16,11.032845260575414,5,6.440569620579481,77,88,3,0,14,8.749338624998927,20.609456665813923,9.108128473162653
6303,701,Eden Hazard,Real Madrid,F M S,16,1101,1,2.4129370115697384,3,3.0678019635379314,19,21,0,0,1,2.4129370115697384,8.582586638629436,4.437423238530755
6304,701,Eden Hazard,Real Madrid,F M S,14,530,2,1.3354718387126925,2,0.7423764280974865,9,6,0,0,2,1.3354718387126925,2.6636570151895285,1.0267674885690212
6305,701,Eden Hazard,Real Madrid,F M S,10,352,0,0.5230424832552671,1,0.7413155976682901,8,14,1,0,0,0.5230424832552671,2.101016148924828,1.0854000970721245
6306,701,Eden Hazard,Chelsea,F S,37,2935,16,12.299005899578331,15,11.5703900270164,93,98,2,0,12,9.254330594092607,25.32870591431856,11.546570284292102
6307,701,Eden Hazard,Chelsea,M,38,3389,14,12.016092173755167,9,11.23889049515128,78,100,2,0,11,8.971416749060154,31.84057115018368,19.4763213954866
