,id,player_name,team_title,position,games,time,goals,xG,assists,xA,shots,key_passes,yellow_cards,red_cards,npg,npxG,xGChain,xGBuildup
6312,963,Eder,Lokomotiv Moscow,D F S,18,896,4,3.587613049894572,0,0.7013714201748371,27,4,2,0,4,3.587613049894572,4.529736516997218,0.6270376853644848
6313,963,Eder,Lokomotiv Moscow,F S,23,1740,5,3.980998998507857,0,1.3628304479643705,37,25,3,0,5,3.226725136861205,4.493770192377269,1.5100725023075938
6314,963,Eder,Swansea,F S,13,253,0,0.2208313476294279,0,0.1257194280624389,5,3,0,0,0,0.2208313476294279,0.7175999842584133,0.5461309477686882
6315,963,Eder,Lille,F S,31,2469,6,9.636484291404486,4,3.740366054698825,67,31,3,0,5,8.11629394814372,12.13151878491044,2.9890725687146187
6316,963,Eder,Lille,F S,13,1076,6,5.6649553142488,4,2.8072687070816755,31,9,1,0,5,4.904860135167837,6.5696814972907305,1.417775997892022
6317,963,Eder,Lokomotiv Moscow,F S,22,833,1,2.344898195937276,1,0.7713142526336014,25,12,3,1,1,2.344898195937276,4.253386142197996,1.3875756915658712
6318,963,Eder,Lokomotiv Moscow,F S,20,1090,1,2.418861210346222,1,1.4376058243215084,26,18,5,0,1,2.418861210346222,4.680936703458428,1.6861829441040754
