,id,player_name,team_title,position,games,time,goals,xG,assists,xA,shots,key_passes,yellow_cards,red_cards,npg,npxG,xGChain,xGBuildup
6322,3923,Ederson,Lazio,S,4,66,1,0.6505807898938656,0,0.0,2,0,1,0,1,0.6505807898938656,0.6180200576782227,0.0
6323,6054,Ederson,Manchester City,GK,35,3071,0,0.0,0,0.074793592095375,0,1,3,1,0,0.0,8.33819955214858,8.263405945152044
6324,6054,Ederson,Manchester City,GK,15,1350,0,0.0,0,0.0,0,0,2,0,0,0.0,4.595575738698244,4.595575738698244
6325,6054,Ederson,Manchester City,GK,36,3195,0,0.0,0,0.0326250828802585,0,1,0,0,0,0.0,8.560575978830457,8.527950899675488
6326,6054,Ederson,Manchester City,GK,38,3420,0,0.0,1,0.072196627035737,0,3,2,0,0,0.0,7.599130880087614,7.549603767693043
6327,6054,Ederson,Manchester City,GK,36,3240,0,0.0,1,0.3033580780029297,0,1,3,0,0,0.0,7.629851099103689,7.326493043452501
