,id,player_name,team_title,position,games,time,goals,xG,assists,xA,shots,key_passes,yellow_cards,red_cards,npg,npxG,xGChain,xGBuildup
6344,2088,Edgar Méndez,Almeria,F M S,30,1916,4,2.198888967745006,1,0.6625678706914186,43,12,6,0,4,2.198888967745006,4.660543454810977,2.274727161973715
6345,2088,Edgar Méndez,Alaves,D F M S,33,2123,5,4.710319010540843,1,1.2903573531657455,35,18,10,1,5,4.710319010540843,6.578390836715698,0.7753665316849947
6346,2088,Edgar Méndez,Alaves,F M S,27,1614,4,5.43258430249989,1,1.3210263662040234,43,19,6,0,3,4.689306633546948,7.249543480575085,2.011058101430536
6347,2088,Edgar Méndez,Alaves,F M S,12,555,0,0.5875231325626373,0,0.265908557921648,9,5,1,0,0,0.5875231325626373,0.930658422410488,0.1316214520484209
6348,2088,Edgar Méndez,Granada,D F M S,15,734,1,0.8554629813879728,0,0.7392521128058434,11,6,4,0,1,0.8554629813879728,1.952096225693822,0.9498587995767592
6349,2088,Edgar Méndez,Alaves,M S,16,866,1,0.3846381781622767,0,0.7129127830266953,9,5,3,0,1,0.3846381781622767,1.5940176583826542,0.7012580782175064
