,id,player_name,team_title,position,games,time,goals,xG,assists,xA,shots,key_passes,yellow_cards,red_cards,npg,npxG,xGChain,xGBuildup
6338,6010,Edgar Ié,Lille,D,35,3148,1,0.8590036351233721,0,0.3765808548778295,13,12,6,1,1,0.8590036351233721,6.98527439776808,6.676180130802095
6339,6010,Edgar Ié,"Lille,Nantes",D S,16,1006,0,0.1417934680357575,0,0.0415108203887939,3,2,3,0,0,0.1417934680357575,1.8332868507131928,1.8203804846853016
