,id,player_name,team_title,position,games,time,goals,xG,assists,xA,shots,key_passes,yellow_cards,red_cards,npg,npxG,xGChain,xGBuildup
6387,1264,Edoardo Goldaniga,Frosinone,D,29,2610,1,2.1074653854593635,1,0.7557148644700646,13,7,6,0,1,2.1074653854593635,2.510646398179233,1.7212942503392696
6388,1264,Edoardo Goldaniga,Genoa,D S,25,1852,0,0.4003205318003893,1,0.7094416413456202,8,7,8,0,0,0.4003205318003893,3.3649354372173548,2.914272513240576
6389,1264,Edoardo Goldaniga,Sassuolo,S,1,1,0,0.0,0,0.0,0,0,0,0,0,0.0,0.0,0.0
6390,1264,Edoardo Goldaniga,Palermo,D S,17,1211,2,0.9469592189416288,0,0.576625406742096,7,3,5,0,2,0.9469592189416288,1.3878499446436765,1.3611182011663914
6391,1264,Edoardo Goldaniga,Palermo,D S,28,2329,2,1.6498689707368612,1,0.0961109446361661,10,3,11,1,2,1.6498689707368612,2.339623421430588,2.3278027893975377
6392,1264,Edoardo Goldaniga,Sassuolo,D,13,1157,1,0.6130951754748821,0,0.0964180380105972,6,1,3,2,1,0.6130951754748821,0.955273374915123,0.9433852955698968
6393,1264,Edoardo Goldaniga,Genoa,D S,13,772,1,1.5072557590901852,0,0.3596186842769384,6,6,4,0,1,1.5072557590901852,1.3164983559399843,1.0400091502815485
