,id,player_name,team_title,position,games,time,goals,xG,assists,xA,shots,key_passes,yellow_cards,red_cards,npg,npxG,xGChain,xGBuildup
6396,6880,Edouard Mendy,Rennes,GK,1,90,0,0.0,0,0.0328304357826709,0,1,0,0,0,0.0,0.0978709980845451,0.0650405660271644
6397,6880,Edouard Mendy,Reims,GK,38,3420,0,0.0,0,0.0248693730682134,0,1,3,0,0,0.0,2.544226113706827,2.544226113706827
6398,6880,Edouard Mendy,Chelsea,GK,15,1350,0,0.0,0,0.0,0,0,2,0,0,0.0,2.626263737678528,2.626263737678528
6399,6880,Edouard Mendy,Rennes,GK,24,2160,0,0.0,0,0.0,0,0,1,0,0,0.0,2.858466369099915,2.858466369099915
6400,6880,Edouard Mendy,Chelsea,GK,31,2748,0,0.0,0,0.0,0,0,2,0,0,0.0,4.780523473396897,4.780523473396897
