,id,player_name,team_title,position,games,time,goals,xG,assists,xA,shots,key_passes,yellow_cards,red_cards,npg,npxG,xGChain,xGBuildup
6444,3105,Egor Sorokin,Rubin Kazan,D S,27,1990,6,2.459927032701671,0,0.6872456688433886,16,4,3,1,6,2.459927032701671,2.652605046518147,2.070098303258419
6445,3105,Egor Sorokin,Rubin Kazan,D S,17,1079,0,0.1324434019625187,0,0.0882569625973701,3,2,3,0,0,0.1324434019625187,3.685921423137188,3.624213202856481
6446,3105,Egor Sorokin,FC Krasnodar,D S,15,1173,0,0.1219852399080991,0,0.038758635520935,2,2,3,1,0,0.1219852399080991,1.714922457933426,1.6930573657155037
6447,3105,Egor Sorokin,Rubin Kazan,S,1,1,0,0.0,0,0.0,0,0,0,0,0,0.0,0.0,0.0
6448,3105,Egor Sorokin,FC Krasnodar,D S,17,1315,0,0.1263423077762127,0,0.1005798950791359,3,3,2,0,0,0.1263423077762127,2.8920514415949583,2.8092193100601435
6449,3105,Egor Sorokin,"FC Krasnodar,Rubin Kazan",D S,22,1801,0,0.7439755192026496,0,0.3259823881089687,8,7,3,0,0,0.7439755192026496,3.8993743639439344,3.636085709556937
