,id,player_name,team_title,position,games,time,goals,xG,assists,xA,shots,key_passes,yellow_cards,red_cards,npg,npxG,xGChain,xGBuildup
6519,1375,Elseid Hysaj,Lazio,D,16,1342,1,0.5660800719633698,0,0.418109081685543,3,8,2,0,1,0.5660800719633698,4.154723048210144,3.4127772450447083
6520,1375,Elseid Hysaj,Napoli,D,37,3286,0,0.3578756349161267,2,3.1406986247748137,11,26,5,0,0,0.3578756349161267,16.075024204328656,15.009398272261024
6521,1375,Elseid Hysaj,Napoli,D S,20,1485,1,0.2280974863097071,2,1.6649028323590755,5,21,3,0,1,0.2280974863097071,6.81961527839303,6.029030084609985
6522,1375,Elseid Hysaj,Napoli,D S,27,2113,0,0.6815831437706947,2,0.658389151096344,13,15,4,0,0,0.6815831437706947,12.327230386435986,11.747709592804313
6523,1375,Elseid Hysaj,Napoli,D S,35,3033,0,0.4495638161897659,1,1.5182642238214612,8,19,8,0,0,0.4495638161897659,15.018598575145006,13.776815086603165
6524,1375,Elseid Hysaj,Napoli,D,35,3128,0,0.4680671542882919,1,2.200502524152398,11,20,3,1,0,0.4680671542882919,14.379394119605422,12.60126174800098
6525,1375,Elseid Hysaj,Empoli,D S,36,3017,0,0.1343103582039475,2,0.9324082494713366,8,12,4,0,0,0.1343103582039475,10.318016840144992,9.725239984691145
6526,1375,Elseid Hysaj,Napoli,D S,24,1783,0,0.2445164322853088,2,1.709196505136788,8,15,2,0,0,0.2445164322853088,8.22179045714438,6.798788363113999
