,id,player_name,team_title,position,games,time,goals,xG,assists,xA,shots,key_passes,yellow_cards,red_cards,npg,npxG,xGChain,xGBuildup
6531,6445,Elvis Rexhbecaj,Wolfsburg,D S,4,121,0,0.0,0,0.0,0,0,0,0,0,0.0,0.063458926975727,0.063458926975727
6532,6445,Elvis Rexhbecaj,FC Cologne,M S,30,1841,5,2.393366051837802,2,2.5105028953403234,29,26,4,0,5,2.393366051837802,4.60744281578809,1.1805637376382947
6533,6445,Elvis Rexhbecaj,Bochum,M,15,1244,0,0.4494748897850513,0,0.7452541030943394,14,12,3,0,0,0.4494748897850513,2.546614728868008,1.5223604571074247
6534,6445,Elvis Rexhbecaj,Wolfsburg,D M S,24,1138,2,0.8776174280792475,2,1.505446344614029,10,7,4,0,2,0.8776174280792475,5.157348327338696,2.90366542711854
6535,6445,Elvis Rexhbecaj,FC Cologne,M S,13,619,0,1.3726006466895342,3,1.7308077290654182,13,9,3,0,0,1.3726006466895342,4.395468497648835,1.4195377994328735
