,id,player_name,team_title,position,games,time,goals,xG,assists,xA,shots,key_passes,yellow_cards,red_cards,npg,npxG,xGChain,xGBuildup
6634,3406,Emiliano Sala,"Bordeaux,Caen",F M S,24,1266,6,5.450779115781188,1,0.7692776434123516,30,8,2,0,4,3.9305888768285513,4.050631361082196,0.4399681771174073
6635,3406,Emiliano Sala,Nantes,F M S,31,1956,6,5.989508803933859,3,3.138543516397476,61,30,3,0,6,5.989508803933859,9.698859740048649,3.1343248169869184
6636,3406,Emiliano Sala,Nantes,F S,19,1381,12,6.804847395978868,2,1.5352057609707117,36,23,0,0,10,5.284657157026231,7.175497227348387,1.4318778812885284
6637,3406,Emiliano Sala,Nantes,F S,34,2573,12,10.274617386981843,4,2.748274124227464,68,32,6,0,11,8.754427041858435,13.217870116233826,3.660043711774051
6638,3406,Emiliano Sala,Nantes,F S,36,3039,12,15.754467176273463,4,2.5469617750495672,95,35,3,1,8,11.95412284322083,15.33234552666545,2.8443693732842803
