,id,player_name,team_title,position,games,time,goals,xG,assists,xA,shots,key_passes,yellow_cards,red_cards,npg,npxG,xGChain,xGBuildup
6627,6282,Emiliano Rigoni,Sampdoria,F M S,8,423,0,1.591142155230045,1,0.91855588555336,7,15,2,0,0,1.591142155230045,2.227119095623493,0.3794505540281534
6628,6282,Emiliano Rigoni,Elche,F M S,23,1125,1,2.2499208487570286,1,1.7079489044845104,16,11,5,0,1,2.2499208487570286,4.327754862606525,0.7449537655338645
6629,6282,Emiliano Rigoni,Zenit St. Petersburg,F M S,17,957,0,2.437791980803013,2,2.0075291134417057,29,14,4,0,0,2.437791980803013,6.510610692203045,2.9454406378790736
6630,6282,Emiliano Rigoni,Zenit St. Petersburg,M S,11,726,3,2.045392073690892,3,2.0911521622911096,23,19,4,0,3,2.045392073690892,4.637136387638748,2.136474180966616
6631,6282,Emiliano Rigoni,Atalanta,F M S,12,512,3,2.050341792404652,0,0.4015470389276743,16,9,1,0,3,2.050341792404652,3.835102427750826,1.753714943304658
6632,6282,Emiliano Rigoni,Zenit St. Petersburg,M S,7,149,0,0.2541480213403702,0,0.1572809293866157,3,2,1,0,0,0.2541480213403702,0.4954299088567495,0.1312829758971929
6633,6282,Emiliano Rigoni,Zenit St. Petersburg,F M S,12,412,2,0.9771892484277488,0,0.5902533493936062,13,10,1,1,2,0.9771892484277488,2.422636616975069,1.16678926628083
