,id,player_name,team_title,position,games,time,goals,xG,assists,xA,shots,key_passes,yellow_cards,red_cards,npg,npxG,xGChain,xGBuildup
6592,1151,Emil Hallfredsson,Verona,F M S,28,2133,1,1.2907555345445871,9,5.523215328343213,24,46,7,1,1,1.2907555345445871,8.577971078455448,5.706426728516817
6593,1151,Emil Hallfredsson,"Frosinone,Udinese",M S,9,525,1,0.0330151468515396,0,0.0772694228217005,2,5,2,0,1,0.0330151468515396,0.3837168989703059,0.2865757187828421
6594,1151,Emil Hallfredsson,Udinese,M S,28,1990,0,0.8552123289555311,4,1.7799076829105616,19,17,10,0,0,0.8552123289555311,5.639885046519339,4.527523395605385
6595,1151,Emil Hallfredsson,"Udinese,Verona",M S,27,1884,0,0.4543980108574033,1,2.053895183838904,19,25,11,0,0,0.4543980108574033,5.238710766658187,3.801794271916151
6596,1151,Emil Hallfredsson,Udinese,M S,19,745,0,0.0390257686376571,0,0.5594822689890862,2,13,5,0,0,0.0390257686376571,2.919574846047908,2.4613159862346947
