,id,player_name,team_title,position,games,time,goals,xG,assists,xA,shots,key_passes,yellow_cards,red_cards,npg,npxG,xGChain,xGBuildup
6670,8913,Emmanuel Gyasi,Spezia,F S,37,2869,4,5.116820897907019,6,4.339981388300657,29,28,4,0,4,5.116820897907019,12.612698964774609,4.777365434914827
6671,8913,Emmanuel Gyasi,Spezia,D F M,15,1291,3,3.282170135527849,0,0.6531361751258373,23,8,5,0,3,3.282170135527849,6.17514717951417,2.600083703175187
