,id,player_name,team_title,position,games,time,goals,xG,assists,xA,shots,key_passes,yellow_cards,red_cards,npg,npxG,xGChain,xGBuildup
6654,1150,Emmanuel Badu,Udinese,M S,27,1871,1,2.045452943071723,1,0.9342925045639277,25,13,5,1,1,2.045452943071723,5.968104667961597,3.54291282966733
6655,1150,Emmanuel Badu,Udinese,F M S,29,2027,0,1.592082249931991,3,1.790490411221981,21,12,2,0,0,1.592082249931991,5.547582575120032,3.005855265073478
6656,1150,Emmanuel Badu,Verona,M S,10,218,0,0.0,0,0.0300662219524383,0,1,2,0,0,0.0,0.2324972990900278,0.2024310771375894
6657,1150,Emmanuel Badu,Udinese,M S,4,163,0,0.0866285488009452,0,0.0119861317798495,2,1,0,0,0,0.0866285488009452,0.1013312600553035,0.054572470486164
6658,1150,Emmanuel Badu,Udinese,M S,33,2662,4,4.464629689231515,1,1.8227722626179457,37,24,6,0,4,4.464629689231515,8.953561608679593,3.292283494025469
