,id,player_name,team_title,position,games,time,goals,xG,assists,xA,shots,key_passes,yellow_cards,red_cards,npg,npxG,xGChain,xGBuildup
6699,7707,Enda Stevens,Sheffield United,D M,30,2700,0,1.4472226575016975,1,1.6097385678440332,16,17,6,0,0,1.4472226575016975,8.229206578806043,6.430095486342907
6700,7707,Enda Stevens,Sheffield United,D,38,3350,2,1.521256871521473,4,5.414862501434982,22,34,7,0,2,1.521256871521473,13.60974466893822,10.104986778460445
