,id,player_name,team_title,position,games,time,goals,xG,assists,xA,shots,key_passes,yellow_cards,red_cards,npg,npxG,xGChain,xGBuildup
6705,6219,Enes Ünal,Getafe,F S,17,1116,5,3.91768042370677,0,0.2826186902821064,34,9,4,0,5,3.174402799457312,3.0748103633522987,1.166439976543188
6706,6219,Enes Ünal,Getafe,F S,28,1325,4,4.259309806860983,2,1.857497733086348,38,14,4,0,3,3.5160321975126863,5.06579009629786,2.0661926586180925
6707,6219,Enes Ünal,Real Valladolid,F S,35,2322,6,9.36759012658149,2,2.855613989755512,60,27,4,0,4,7.138013643212616,11.586126420646906,2.6276370026171207
6708,6219,Enes Ünal,"Levante,Villarreal",F S,30,1709,6,7.274647105485201,3,2.1455761324614286,44,14,1,0,6,7.274647105485201,9.83130224328488,2.448508819565177
6709,6219,Enes Ünal,Real Valladolid,F S,33,2152,6,8.596426540985703,3,1.5610766867175698,53,19,7,0,3,6.366721587255597,8.194578994065523,1.6029752418398855
