,id,player_name,team_title,position,games,time,goals,xG,assists,xA,shots,key_passes,yellow_cards,red_cards,npg,npxG,xGChain,xGBuildup
6710,6217,Enis Bardhi,Levante,M S,26,1571,9,3.2291576098650694,1,0.9133772030472757,37,23,9,0,9,3.2291576098650694,6.351047485135496,4.360231906175613
6711,6217,Enis Bardhi,Levante,M S,36,2840,3,3.911807905882597,4,3.5243095252662897,66,29,6,0,3,3.911807905882597,11.77427508495748,7.758485862985253
6712,6217,Enis Bardhi,Levante,M S,30,2119,7,5.245582517236471,2,2.6947754714637995,58,32,5,0,7,5.245582517236471,9.65565781854093,3.300680473446846
6713,6217,Enis Bardhi,Levante,F M S,11,673,2,2.3585564782843,1,0.8164938502013683,19,14,1,0,0,0.8720011683180928,1.6621594782918692,0.5309765283018351
6714,6217,Enis Bardhi,Levante,F M S,26,1687,1,2.8161881286650896,2,1.0752284955233335,36,21,4,0,1,2.8161881286650896,7.5250629195943475,4.295086444355547
