,id,player_name,team_title,position,games,time,goals,xG,assists,xA,shots,key_passes,yellow_cards,red_cards,npg,npxG,xGChain,xGBuildup
6753,2376,Enzo Pérez,Valencia,M S,27,2203,0,0.4084661286324262,1,0.4579838439822197,11,10,14,1,0,0.4084661286324262,7.054511284455657,6.338698320090771
6754,2376,Enzo Pérez,Valencia,M S,14,1040,0,0.1895393542945385,1,0.7545680068433285,5,8,7,0,0,0.1895393542945385,3.728846106678248,2.808998316526413
6755,2376,Enzo Pérez,Valencia,M S,20,1272,0,0.1766284648329019,0,0.3456680057570338,6,9,10,0,0,0.1766284648329019,3.713896785862744,3.429935034364462
