,id,player_name,team_title,position,games,time,goals,xG,assists,xA,shots,key_passes,yellow_cards,red_cards,npg,npxG,xGChain,xGBuildup
6775,5483,Eric Bicfalvi,Ural,F M,16,1265,3,4.250161588191986,2,1.309196629561484,44,16,4,1,3,3.49588630348444,4.908917207270861,1.9750373419374228
6776,5483,Eric Bicfalvi,Ural,F M,22,1948,7,8.556881616823375,1,2.693654917180538,74,28,4,0,3,5.539785305969417,8.79629211127758,3.002458831295371
6777,5483,Eric Bicfalvi,"Tom Tomsk,Ural",F M S,24,2007,5,3.2464106641709805,2,2.191188432276249,71,30,3,1,5,3.2464106641709805,5.363950431346893,2.4324219934642315
6778,5483,Eric Bicfalvi,Ural,F M S,26,2274,6,5.049967837519944,1,2.2091390527784824,79,25,3,0,6,5.049967837519944,9.053873496130109,3.2751543228514493
6779,5483,Eric Bicfalvi,Ural,M,26,2216,8,7.71737751737237,1,1.4289333084598184,81,32,3,1,7,5.454551588743925,7.501425042748451,2.16471379250288
6780,5483,Eric Bicfalvi,Ural,F M S,26,2105,8,6.089859625324607,1,1.7164426688104868,75,30,3,1,6,4.581308936700225,9.677896513603628,5.587383107282221
