,id,player_name,team_title,position,games,time,goals,xG,assists,xA,shots,key_passes,yellow_cards,red_cards,npg,npxG,xGChain,xGBuildup
6808,1448,Erick Pulgar,Bologna,M S,11,618,0,0.1464253636077046,0,0.0464724898338317,6,2,2,0,0,0.1464253636077046,0.6186405839398503,0.4687963826581836
6809,1448,Erick Pulgar,Bologna,M S,27,1575,1,0.3377137277275324,1,1.098463149741292,16,20,5,2,1,0.3377137277275324,4.445645960047841,3.7837130399420857
6810,1448,Erick Pulgar,Fiorentina,M S,31,1993,1,0.7277326788753271,3,2.1006187656894326,16,23,8,0,1,0.7277326788753271,4.03116874024272,2.913578752428293
6811,1448,Erick Pulgar,Fiorentina,M S,37,2936,7,7.338273776695132,6,5.6077190255746245,32,83,9,0,0,1.2480047279968858,12.477522825822234,10.301628710702062
6812,1448,Erick Pulgar,Bologna,M S,28,2366,6,4.70434726588428,2,2.803164758719504,34,59,6,1,1,0.8978530894964933,6.471992090344429,5.373066946864128
6813,1448,Erick Pulgar,Fiorentina,M S,5,337,0,0.0735205467790365,1,0.6662974264472723,3,7,2,0,0,0.0735205467790365,1.1571902111172676,0.921015739440918
6814,1448,Erick Pulgar,Bologna,M S,32,2769,3,1.7553445124067366,1,3.134997551329434,34,23,9,0,3,0.9940456789918244,7.15423455554992,5.191528013907373
