,id,player_name,team_title,position,games,time,goals,xG,assists,xA,shots,key_passes,yellow_cards,red_cards,npg,npxG,xGChain,xGBuildup
6781,643,Eric Dier,Tottenham,D,14,1181,0,0.2856767475605011,0,1.2005337309092283,5,5,0,0,0,0.2856767475605011,3.183013590052724,2.6264149863272905
6782,643,Eric Dier,Tottenham,D M S,34,2832,0,1.4809406772255898,2,1.854505782946944,32,15,4,0,0,1.4809406772255898,12.887789924629033,10.944646912626922
6783,643,Eric Dier,Tottenham,D M S,36,3045,2,1.587278407998383,0,0.7489535212516785,23,14,6,0,2,1.587278407998383,10.803299523890018,10.07175936922431
6784,643,Eric Dier,Tottenham,D M,37,3271,3,1.645009628497064,2,1.3802226884290576,30,18,10,0,3,1.645009628497064,15.380162913352253,13.924120306968687
6785,643,Eric Dier,Tottenham,D S,28,2288,2,1.4194439481943846,2,1.4741118848323822,12,14,4,0,2,1.4194439481943846,8.794128599576652,7.489944479428232
6786,643,Eric Dier,Tottenham,D M S,19,1339,0,1.029715932905674,2,0.2836804967373609,8,7,5,0,0,1.029715932905674,5.148773747496307,4.2506631501019
6787,643,Eric Dier,Tottenham,D,28,2520,0,1.2531612887978554,0,0.2254233150742948,14,6,3,0,0,1.2531612887978554,5.7221764624118805,5.697844207286835
6788,643,Eric Dier,Tottenham,D M S,20,1519,3,1.417609769850969,0,1.1008154340088367,9,8,4,0,3,1.417609769850969,5.309163231402636,4.851273376494646
