,id,player_name,team_title,position,games,time,goals,xG,assists,xA,shots,key_passes,yellow_cards,red_cards,npg,npxG,xGChain,xGBuildup
6815,2640,Erik Durm,Eintracht Frankfurt,D M S,21,1509,1,1.2786965258419514,2,1.754159152507782,20,13,1,0,1,1.2786965258419514,5.523505199700594,3.0878999158740044
6816,2640,Erik Durm,Borussia Dortmund,D M S,13,974,0,0.710748951882124,2,1.818195658735931,9,16,1,0,0,0.710748951882124,8.218098126351833,6.0244014747440815
6817,2640,Erik Durm,Eintracht Frankfurt,D,7,478,0,0.0089082857593894,1,0.484235243871808,1,3,1,0,0,0.0089082857593894,1.414263358339667,1.3400504887104034
6818,2640,Erik Durm,Eintracht Frankfurt,D M S,9,511,0,0.5373186953365803,0,0.1412559850141406,14,4,0,0,0,0.5373186953365803,1.6156612075865269,1.0588988065719604
6819,2640,Erik Durm,Borussia Dortmund,D M S,14,864,1,1.8679777719080448,1,2.2494329400360584,13,8,2,0,1,1.8679777719080448,7.171381697058678,3.2374110240489244
6820,2640,Erik Durm,Borussia Dortmund,D,18,1585,1,0.4193238513544202,1,1.4024270791560411,11,11,2,0,1,0.4193238513544202,6.135863805189729,5.001122256740928
6821,2640,Erik Durm,Huddersfield,D M S,28,2049,0,0.2812918461859226,1,0.4725635992363095,10,11,0,0,0,0.2812918461859226,2.3992437794804573,1.891697191633284
