,id,player_name,team_title,position,games,time,goals,xG,assists,xA,shots,key_passes,yellow_cards,red_cards,npg,npxG,xGChain,xGBuildup
6852,8260,Erling Haaland,Borussia Dortmund,F S,15,1061,13,8.889345575124025,2,1.5264748334884644,33,9,0,0,13,8.889345575124025,11.366184580139816,2.9849864905700088
6853,8260,Erling Haaland,Borussia Dortmund,F S,28,2416,27,23.57054380327463,6,4.035449907183647,92,27,2,0,25,20.53943706303835,27.19727482646704,5.896184146404266
6854,8260,Erling Haaland,Borussia Dortmund,F S,9,728,11,7.722255140542984,4,3.067877884954214,39,11,1,0,9,6.206782221794128,9.30175080895424,0.6602884382009506
