,id,player_name,team_title,position,games,time,goals,xG,assists,xA,shots,key_passes,yellow_cards,red_cards,npg,npxG,xGChain,xGBuildup
6869,7993,Ernesto Torregrossa,Sampdoria,S,7,88,0,0.0,0,0.0199611745774745,0,1,1,0,0,0.0,0.0199611745774745,0.0199611745774745
6870,7993,Ernesto Torregrossa,Brescia,F M S,25,1858,7,8.12763443030417,3,2.7740468811243773,64,21,8,0,5,6.605076702311635,11.082605389878154,4.832954300567508
6871,7993,Ernesto Torregrossa,Sampdoria,F S,6,164,1,0.461072027683258,0,0.168173530139029,4,3,0,0,1,0.461072027683258,0.3525260332971811,0.0894671753048896
