,id,player_name,team_title,position,games,time,goals,xG,assists,xA,shots,key_passes,yellow_cards,red_cards,npg,npxG,xGChain,xGBuildup
6896,6297,Esteban Rolón,Genoa,M S,19,1028,0,0.8105566445738077,0,0.4800768615677953,8,10,9,0,0,0.8105566445738077,2.517182517796755,1.4273302108049393
6897,6297,Esteban Rolón,Malaga,M S,8,428,0,0.0538271646946668,0,0.0129408231005072,3,1,1,0,0,0.0538271646946668,0.8129366505891085,0.7593280617147684
