,id,player_name,team_title,position,games,time,goals,xG,assists,xA,shots,key_passes,yellow_cards,red_cards,npg,npxG,xGChain,xGBuildup
6887,8135,Esteban Burgos,Eibar,D S,14,1120,3,3.40007621049881,1,0.7757120877504349,6,2,5,0,1,1.1703712344169617,0.7230872195214033,0.6230287682265043
6888,8135,Esteban Burgos,Eibar,D S,15,1112,1,0.6673045232892036,0,0.100554708391428,3,2,3,0,1,0.6673045232892036,0.2848757393658161,0.2095051221549511
