,id,player_name,team_title,position,games,time,goals,xG,assists,xA,shots,key_passes,yellow_cards,red_cards,npg,npxG,xGChain,xGBuildup
6924,2394,Etxeita,Athletic Club,D S,10,708,0,0.1622596755623817,0,0.0,2,0,2,0,0,0.1622596755623817,1.2612239439040422,1.2612239439040422
6925,2394,Etxeita,Getafe,D S,11,880,0,0.2562837693840265,0,0.4741884469985962,4,1,3,0,0,0.2562837693840265,0.5208017528057098,0.5208017528057098
6926,2394,Etxeita,Getafe,D S,17,1447,0,0.2998274723067879,0,0.0319754015654325,6,2,7,0,0,0.2998274723067879,0.3606287483125925,0.3286533467471599
6927,2394,Etxeita,Athletic Club,D S,30,2487,0,0.4839794402942061,1,0.330987230874598,10,7,5,0,0,0.4839794402942061,3.0939227240160108,3.072658631950617
6928,2394,Etxeita,Athletic Club,D S,24,1970,2,1.967434599995613,0,0.0690173674374818,7,3,5,1,2,1.967434599995613,1.688705176115036,1.619687803089619
6929,2394,Etxeita,Athletic Club,D,5,380,1,0.8194820396602154,0,0.0,4,0,2,0,1,0.8194820396602154,1.0544103905558586,1.0544103905558586
6930,2394,Etxeita,SD Huesca,D S,31,2678,4,3.3156366422772408,0,0.5936140157282352,24,4,11,0,4,3.3156366422772408,3.826202543452382,2.9305997397750616
