,id,player_name,team_title,position,games,time,goals,xG,assists,xA,shots,key_passes,yellow_cards,red_cards,npg,npxG,xGChain,xGBuildup
6931,86,Eugen Polanski,Hoffenheim,M S,14,635,0,0.0910350540652871,0,0.3659499213099479,5,4,1,0,0,0.0910350540652871,2.535230053588748,2.418177507817745
6932,86,Eugen Polanski,Hoffenheim,M S,27,1758,1,1.4178300658240914,3,1.9647903009317813,23,15,8,0,1,0.6600533882156014,4.272436137776822,2.455967053771019
6933,86,Eugen Polanski,Hoffenheim,M S,9,257,0,0.239074807614088,1,0.1037311553955078,4,3,1,0,0,0.239074807614088,1.64163576066494,1.3985459432005882
6934,86,Eugen Polanski,Hoffenheim,M S,30,2546,5,2.758483398705721,0,1.093322403728962,38,15,7,0,3,1.2429300099611282,8.713921861723065,7.090634372085333
