,id,player_name,team_title,position,games,time,goals,xG,assists,xA,shots,key_passes,yellow_cards,red_cards,npg,npxG,xGChain,xGBuildup
6941,7049,Evan Ndicka,Eintracht Frankfurt,D S,27,2304,1,1.4330293908715248,1,0.0894481167197227,13,4,3,0,1,1.4330293908715248,5.9681973699480295,5.886034173890948
6942,7049,Evan Ndicka,Eintracht Frankfurt,D S,22,1729,1,0.6561677865684032,1,0.897135017439723,10,8,3,0,1,0.6561677865684032,6.968970365822315,6.002118330448866
6943,7049,Evan Ndicka,Eintracht Frankfurt,D,23,2047,3,1.659714486449957,1,0.2299447115510702,17,6,10,0,3,1.659714486449957,6.184271916747093,5.864867345429957
6944,7049,Evan Ndicka,Eintracht Frankfurt,D,13,1170,2,0.5137209985405207,1,0.5034949304535985,9,5,2,0,2,0.5137209985405207,2.45310066267848,1.830388003960252
