,id,player_name,team_title,position,games,time,goals,xG,assists,xA,shots,key_passes,yellow_cards,red_cards,npg,npxG,xGChain,xGBuildup
6996,5469,Evgeniy Chernov,Zenit St. Petersburg,D S,6,351,0,0.1205942584201693,0,0.0664236936718225,3,2,0,0,0,0.1205942584201693,1.1417339406907558,0.9547159858047962
6997,5469,Evgeniy Chernov,"FC Rostov,Zenit St. Petersburg",D M,17,1521,0,0.5538992239162326,0,1.2383608911186457,12,21,0,0,0,0.5538992239162326,2.926252042874694,1.8215820668265224
6998,5469,Evgeniy Chernov,"FC Krasnodar,FC Rostov",D S,27,1969,1,0.7975302273407578,0,1.4289128417149186,12,16,6,0,1,0.7975302273407578,4.739147154614329,3.501752069219947
6999,5469,Evgeniy Chernov,FC Rostov,D,29,2610,0,1.0355272814631462,4,2.2168141370639205,19,36,3,0,0,1.0355272814631462,7.614075891673565,5.521191141568124
7000,5469,Evgeniy Chernov,FC Krasnodar,D S,5,149,0,0.0,0,0.1371598690748214,0,3,0,0,0,0.0,0.5596884228289127,0.4387548379600048
7001,5469,Evgeniy Chernov,Tosno,D,25,2250,0,0.7164768120273948,2,2.2598094884306192,16,33,5,0,0,0.7164768120273948,4.213690793141723,2.41900154016912
