,id,player_name,team_title,position,games,time,goals,xG,assists,xA,shots,key_passes,yellow_cards,red_cards,npg,npxG,xGChain,xGBuildup
6959,5390,Evgeni Balyaykin,SKA-Khabarovsk,D M S,14,965,0,0.1487244693562388,1,0.4807229423895478,3,5,3,0,0,0.1487244693562388,0.6219372609630227,0.5146919935941696
6960,5390,Evgeni Balyaykin,Tom Tomsk,D M S,19,1076,0,0.0521199684590101,1,0.421298936009407,2,5,6,0,0,0.0521199684590101,0.8590194107964635,0.465558004565537
