,id,player_name,team_title,position,games,time,goals,xG,assists,xA,shots,key_passes,yellow_cards,red_cards,npg,npxG,xGChain,xGBuildup
7027,2715,Ezekiel Henty,Lokomotiv Moscow,F M S,7,293,1,1.7196310423314571,0,0.1127493511885404,11,2,0,0,0,0.9653557501733304,0.9353329949080944,0.0354090109467506
7028,2715,Ezekiel Henty,Lokomotiv Moscow,F M S,10,546,0,1.3249785155057907,1,0.2065516784787178,14,4,3,0,0,1.3249785155057907,1.7163963615894318,0.1990494998171925
