,id,player_name,team_title,position,games,time,goals,xG,assists,xA,shots,key_passes,yellow_cards,red_cards,npg,npxG,xGChain,xGBuildup
7049,3873,Ezequiel Schelotto,Brighton,D S,8,362,0,0.2549649383872747,0,0.0,4,0,1,0,0,0.2549649383872747,0.4994795899838209,0.2445146553218364
7050,3873,Ezequiel Schelotto,Brighton,D M S,20,1314,0,0.2161752097308635,0,0.5560562834143639,6,5,3,0,0,0.2161752097308635,2.4424995109438896,1.7557588070631027
7051,3873,Ezequiel Schelotto,Chievo,D M S,29,2136,0,2.537453232333064,0,1.8987321816384792,29,28,4,0,0,2.537453232333064,4.745214683935046,2.4741346342489123
7052,3873,Ezequiel Schelotto,Chievo,D S,4,141,0,0.0284003093838691,0,0.0743236783891916,2,2,0,0,0,0.0284003093838691,0.1791950212791562,0.1142688104882836
