,id,player_name,team_title,position,games,time,goals,xG,assists,xA,shots,key_passes,yellow_cards,red_cards,npg,npxG,xGChain,xGBuildup
7154,6192,Fabio Lucioni,Lecce,D,36,3132,3,2.089438986033201,0,0.1270778686739504,14,3,8,1,3,2.089438986033201,5.380343914031982,5.231610201299191
7155,6192,Fabio Lucioni,Benevento,D,8,720,0,0.6358854612335563,0,0.0158282816410064,5,1,1,0,0,0.6358854612335563,0.7744688848033547,0.7015638211742043
