,id,player_name,team_title,position,games,time,goals,xG,assists,xA,shots,key_passes,yellow_cards,red_cards,npg,npxG,xGChain,xGBuildup
7089,8793,Fabian Kunze,Arminia Bielefeld,M S,26,1242,0,0.423578193411231,0,0.2882196065038442,7,5,6,0,0,0.423578193411231,2.9803652903065085,2.407388466410339
7090,8793,Fabian Kunze,Arminia Bielefeld,M S,11,626,0,0.1047857468947768,0,0.1987299136817455,5,4,3,0,0,0.1047857468947768,0.6478065373376012,0.4169630026444793
