,id,player_name,team_title,position,games,time,goals,xG,assists,xA,shots,key_passes,yellow_cards,red_cards,npg,npxG,xGChain,xGBuildup
7121,3420,Fabinho,Monaco,D M S,36,3170,1,0.8046535896137357,0,1.410522500053048,18,22,4,0,1,0.8046535896137357,13.0494073163718,11.491597218438985
7122,3420,Fabinho,Monaco,D M,34,3060,6,5.418282187543809,4,3.177019676193595,29,25,9,0,0,0.8577114157378674,8.815977892838418,6.300279357470572
7123,3420,Fabinho,Monaco,M,34,3060,7,5.170689640566707,3,4.252502556890249,25,36,8,0,3,2.1303091077134013,16.519156293943524,14.181373238563538
7124,3420,Fabinho,Liverpool,D M S,30,2563,0,0.3624893203377723,0,0.2980618309229612,10,4,6,0,0,0.3624893203377723,11.8080262131989,11.55500503256917
7125,3420,Fabinho,Liverpool,D M S,28,2006,1,1.144551856443286,2,1.3083824701607227,17,16,6,0,1,1.144551856443286,9.326502371579409,7.968353819102049
7126,3420,Fabinho,Liverpool,M S,28,2063,2,0.3081015255302191,3,1.6751401172950864,12,19,6,0,2,0.3081015255302191,11.502576902508736,10.285107895731926
7127,3420,Fabinho,Monaco,D M S,37,3067,9,7.343583701178431,1,2.558384253643453,31,33,8,0,2,2.0229176748543978,18.12702039815485,14.364799783565104
7128,3420,Fabinho,Liverpool,M S,12,1015,1,0.7260558344423771,1,0.627786923199892,8,8,4,0,1,0.7260558344423771,5.994776686653495,5.649790974333882
