,id,player_name,team_title,position,games,time,goals,xG,assists,xA,shots,key_passes,yellow_cards,red_cards,npg,npxG,xGChain,xGBuildup
7171,2447,Fabián,Napoli,M S,33,2577,3,2.5515004927292466,1,1.827537814155221,43,40,1,0,3,2.5515004927292466,16.610890589654446,13.18125981837511
7172,2447,Fabián,Real Betis,M S,12,433,0,0.1270738486200571,1,0.2812525862827897,4,6,0,0,0,0.1270738486200571,0.6743458695709705,0.3180464990437031
7173,2447,Fabián,Napoli,M S,27,1983,5,4.012515262700617,4,4.761741960421205,51,62,2,1,5,4.012515262700617,19.20450896769762,14.090974006801844
7174,2447,Fabián,Real Betis,M S,34,2668,3,1.5646071629598737,6,2.449395978823304,40,33,3,0,3,1.5646071629598737,13.842816615477204,10.767834288999438
7175,2447,Fabián,Napoli,M,15,1292,5,0.685432642698288,2,1.1910727685317395,21,20,1,0,5,0.685432642698288,6.419798396527767,5.337979234755039
7176,2447,Fabián,Napoli,M S,33,2698,3,2.836512501351536,6,4.629300683736801,71,51,2,0,3,2.836512501351536,20.45616824179888,15.53689756989479
7177,2447,Fabián,Real Betis,M S,4,153,0,0.0097825499251484,0,0.0432302057743072,1,1,0,0,0,0.0097825499251484,0.4109760038554668,0.357963252812624
