,id,player_name,team_title,position,games,time,goals,xG,assists,xA,shots,key_passes,yellow_cards,red_cards,npg,npxG,xGChain,xGBuildup
7087,8792,Fabian Klos,Arminia Bielefeld,F M S,34,2750,5,7.102320022881031,2,4.5470452243462205,54,32,4,0,4,5.586847119033337,12.630959674715996,3.943277683109045
7088,8792,Fabian Klos,Arminia Bielefeld,F S,15,1126,3,4.294104396365583,1,1.072490413673222,36,13,1,0,1,2.7786314636468887,3.921618103049696,0.8789100423455238
