,id,player_name,team_title,position,games,time,goals,xG,assists,xA,shots,key_passes,yellow_cards,red_cards,npg,npxG,xGChain,xGBuildup
7147,1624,Fabio Depaoli,Chievo,D M S,19,1191,0,0.1708453195169568,0,0.7189413774758577,4,7,4,0,0,0.1708453195169568,1.1022850098088384,0.7993180872872472
7148,1624,Fabio Depaoli,Chievo,D F M S,33,2468,0,1.5557897351682186,4,3.46424278896302,12,31,10,2,0,1.5557897351682186,8.329003407619894,4.131565706804395
7149,1624,Fabio Depaoli,Chievo,D M S,6,445,0,0.0,1,0.0705620199441909,0,2,1,1,0,0.0,0.7214361988008022,0.690551683306694
7150,1624,Fabio Depaoli,"Atalanta,Benevento,Sampdoria",D M S,22,1399,0,0.340578094124794,0,0.6326697915792465,10,12,2,0,0,0.340578094124794,2.246308347210288,1.6851484421640637
7151,1624,Fabio Depaoli,Sampdoria,M S,5,107,0,0.0,0,0.0,0,0,1,0,0,0.0,0.523240128532052,0.523240128532052
7152,1624,Fabio Depaoli,Sampdoria,D M S,29,1846,0,0.9059988083317876,1,2.300638754852116,26,30,7,0,0,0.9059988083317876,4.806310433894396,2.665289517492056
