,id,player_name,team_title,position,games,time,goals,xG,assists,xA,shots,key_passes,yellow_cards,red_cards,npg,npxG,xGChain,xGBuildup
7066,876,Fabian Delph,Aston Villa,M S,28,2435,0,1.542956312187016,3,2.415540584363044,42,36,1,1,0,1.542956312187016,7.702491542324424,6.121815336868167
7067,876,Fabian Delph,Everton,M S,6,244,0,0.0133977904915809,0,0.0194574072957038,1,1,1,0,0,0.0133977904915809,0.1968067837879061,0.1834089932963252
7068,876,Fabian Delph,Everton,M S,16,1194,0,0.0457105720415711,0,0.4789176750928163,3,7,3,1,0,0.0457105720415711,5.085359990596771,4.884202837944031
7069,876,Fabian Delph,Manchester City,M S,7,216,1,0.2262790463864803,0,0.3610332664102316,6,2,1,0,1,0.2262790463864803,1.5493253767490387,1.3133180141448977
7070,876,Fabian Delph,Manchester City,D M S,22,1747,1,0.1995419217273593,2,1.3133191242814064,10,11,2,0,1,0.1995419217273593,14.307663494721057,13.98923991061747
7071,876,Fabian Delph,Everton,D M S,8,249,0,0.01495798304677,0,0.0544490125030279,1,2,1,0,0,0.01495798304677,1.060617944225669,1.0171574261039495
7072,876,Fabian Delph,Manchester City,M S,17,753,2,0.3005910199135542,0,0.426078949123621,13,2,0,0,2,0.3005910199135542,2.488794426433742,1.8802406853064888
7073,876,Fabian Delph,Manchester City,D S,11,723,0,0.0698102870956063,1,0.3856629505753517,4,3,1,1,0,0.0698102870956063,4.901690319180489,4.826938830316067
