,id,player_name,team_title,position,games,time,goals,xG,assists,xA,shots,key_passes,yellow_cards,red_cards,npg,npxG,xGChain,xGBuildup
7100,76,Fabian Schär,Newcastle United,D S,24,2007,4,2.165339669212699,1,0.7358655799180269,25,11,12,0,4,2.165339669212699,5.651489558629692,4.6570072108879685
7101,76,Fabian Schär,Newcastle United,D,7,614,0,0.1092057935893535,1,0.5773280076682568,4,3,2,0,0,0.1092057935893535,1.1113591380417347,1.054043523967266
7102,76,Fabian Schär,Hoffenheim,D M S,24,1726,1,0.8483023303560913,0,0.4421002250164747,18,7,3,0,1,0.8483023303560913,3.983061380684376,3.559022000059485
7103,76,Fabian Schär,Newcastle United,D S,18,1252,1,1.4605768583714962,0,0.0,12,0,4,1,0,0.699408020824194,0.9551226757466792,0.8735608421266079
7104,76,Fabian Schär,Newcastle United,D M S,22,1675,2,1.0595882823690772,0,0.1013798899948597,20,4,5,0,2,1.0595882823690772,2.578661961480975,1.8653056677430868
7105,76,Fabian Schär,Deportivo La Coruna,D,25,2221,2,3.208832329139113,2,0.7313740476965904,18,7,10,0,2,3.208832329139113,4.980488780885935,3.693452950567007
7106,76,Fabian Schär,Hoffenheim,D S,6,280,0,0.1318631693720817,0,0.0,2,0,2,0,0,0.1318631693720817,0.1794412806630134,0.1594783216714859
