,id,player_name,team_title,position,games,time,goals,xG,assists,xA,shots,key_passes,yellow_cards,red_cards,npg,npxG,xGChain,xGBuildup
7212,2855,Facundo Píriz,FK Akhmat,M S,11,344,0,0.0172898881137371,0,0.0361037626862525,1,1,0,0,0,0.0172898881137371,0.6949201077222824,0.6588163413107395
7213,2855,Facundo Píriz,FK Akhmat,M S,11,678,1,0.5653586350381374,0,0.0925928130745887,5,5,2,0,1,0.5653586350381374,1.8700489196926355,1.4120384845882654
7214,2855,Facundo Píriz,FK Akhmat,M S,26,2136,1,0.7091801092028618,0,0.8695178749039769,17,15,4,1,1,0.7091801092028618,3.900762087665498,3.3561605997383595
7215,2855,Facundo Píriz,Montpellier,M S,15,794,0,0.3114675916731357,0,0.0782081261277198,9,3,4,0,0,0.3114675916731357,2.193968264386058,2.0303039848804474
7216,2855,Facundo Píriz,Montpellier,S,6,104,0,0.0,0,0.0,0,0,0,0,0,0.0,0.4554223045706749,0.4554223045706749
