,id,player_name,team_title,position,games,time,goals,xG,assists,xA,shots,key_passes,yellow_cards,red_cards,npg,npxG,xGChain,xGBuildup
7217,1884,Facundo Roncaglia,Celta Vigo,D S,21,1490,0,0.5218231603503227,0,0.1155955772846937,4,2,2,0,0,0.5218231603503227,6.6788406651467085,6.573823099955916
7218,1884,Facundo Roncaglia,Osasuna,D S,16,1285,1,0.0475244270637631,0,0.3170647723600268,3,4,2,2,1,0.0475244270637631,1.0435966942459345,0.6944743413478136
7219,1884,Facundo Roncaglia,Osasuna,D S,17,1238,1,0.4307268857955932,1,0.5459753507748246,13,5,1,1,1,0.4307268857955932,2.679337048903108,1.880412204191089
7220,1884,Facundo Roncaglia,"Celta Vigo,Valencia",D,19,1676,0,0.2347711231559515,0,0.0533772017806768,4,2,6,1,0,0.2347711231559515,3.033971904311329,3.0256762714125216
7221,1884,Facundo Roncaglia,Fiorentina,D S,30,2439,1,0.1599718062207102,0,0.3908539917320013,11,9,9,0,1,0.1599718062207102,6.714051429182291,6.323249896988273
7222,1884,Facundo Roncaglia,Celta Vigo,D S,32,2720,2,1.1387296505272388,0,0.3583858832716942,19,7,7,1,2,1.1387296505272388,5.654142877086997,4.609826015308499
7223,1884,Facundo Roncaglia,Genoa,D,32,2761,0,0.4709099745377898,1,0.9376412332057952,20,6,11,2,0,0.4709099745377898,5.711062719114125,5.244060463272035
