,id,player_name,team_title,position,games,time,goals,xG,assists,xA,shots,key_passes,yellow_cards,red_cards,npg,npxG,xGChain,xGBuildup
7226,5635,Faitout Maouassa,Rennes,M S,19,879,0,0.5050051342695951,2,1.6549050137400627,15,9,1,0,0,0.5050051342695951,2.22555978782475,0.2564244903624058
7227,5635,Faitout Maouassa,Rennes,D S,23,1171,0,0.8861218141391873,1,0.7886587977409363,27,10,4,0,0,0.8861218141391873,2.355699623003602,1.2854437250643969
7228,5635,Faitout Maouassa,Nimes,D S,27,2134,0,0.564368643797934,1,0.6457077879458666,8,13,1,1,0,0.564368643797934,3.395863424986601,2.4858113257214427
7229,5635,Faitout Maouassa,Nancy,D F M S,14,1052,3,2.570398267358541,3,1.5378538444638252,25,9,3,1,3,2.570398267358541,2.905680008232593,0.2430707886815071
7230,5635,Faitout Maouassa,Rennes,D,23,1831,3,0.4727748986333608,1,0.9369050804525614,12,13,3,0,3,0.4727748986333608,4.239047948271036,3.497052015736699
