,id,player_name,team_title,position,games,time,goals,xG,assists,xA,shots,key_passes,yellow_cards,red_cards,npg,npxG,xGChain,xGBuildup
7240,8741,Fali,Cadiz,D M S,34,2649,0,0.5980398785322905,0,0.6468207500874996,11,8,11,0,0,0.5980398785322905,2.082372158765793,1.845708953216672
7241,8741,Fali,Cadiz,D M S,14,895,0,0.2769054099917412,1,0.741948127746582,6,2,3,0,0,0.2769054099917412,0.520079318434,0.1093733347952365
