,id,player_name,team_title,position,games,time,goals,xG,assists,xA,shots,key_passes,yellow_cards,red_cards,npg,npxG,xGChain,xGBuildup
7242,3593,Fallou Diagne,Metz,D M S,29,2249,1,0.3961503133177757,1,0.2305008890107274,14,8,8,2,1,0.3961503133177757,3.288594058714807,3.0589406192302704
7243,3593,Fallou Diagne,Rennes,D S,22,1860,5,2.4288209206424654,0,0.1734008025377988,15,3,7,0,3,0.9086306816898286,3.7418876234442,3.7021224219352007
7244,3593,Fallou Diagne,Rennes,D S,15,1172,0,0.2767008859664202,0,0.5385685563087463,7,3,1,1,0,0.2767008859664202,1.957291202619672,1.937841335311532
7245,3593,Fallou Diagne,Metz,D M,12,1011,0,0.737661468796432,0,0.151960989460349,10,5,3,1,0,0.737661468796432,1.5160914487205446,1.3588279485702517
7246,3593,Fallou Diagne,Werder Bremen,D,2,136,0,0.0,0,0.1338143646717071,0,2,0,0,0,0.0,0.0949074253439903,0.0949074253439903
