,id,player_name,team_title,position,games,time,goals,xG,assists,xA,shots,key_passes,yellow_cards,red_cards,npg,npxG,xGChain,xGBuildup
7249,1387,Faouzi Ghoulam,Napoli,D S,29,2377,0,0.6280846931040287,6,5.15974513720721,18,60,1,0,0,0.6280846931040287,13.107416659593582,11.02753919363022
7250,1387,Faouzi Ghoulam,Napoli,D,11,989,2,0.7626203317195177,3,2.030143292620778,10,28,1,0,2,0.7626203317195177,7.214758813381195,5.736425369977951
7251,1387,Faouzi Ghoulam,Napoli,D S,16,1162,1,1.1407536771148443,3,3.0239817295223475,9,25,2,0,1,1.1407536771148443,8.49893394857645,6.553519666194916
7252,1387,Faouzi Ghoulam,Napoli,S,2,5,0,0.0,0,0.0,0,0,0,0,0,0.0,0.0,0.0
7253,1387,Faouzi Ghoulam,Napoli,D S,11,273,0,0.1155938580632209,0,0.7508808299899101,3,7,1,0,0,0.1155938580632209,1.4422572031617165,1.3080625385046003
7254,1387,Faouzi Ghoulam,Napoli,D S,9,361,0,0.1857772404327988,1,1.3080249037593603,4,8,2,0,0,0.1857772404327988,2.134520687162876,1.4914661794900894
7255,1387,Faouzi Ghoulam,Napoli,D M S,21,1759,0,0.6378511348739266,2,2.655141872353852,18,24,6,1,0,0.6378511348739266,11.333742182701826,9.04891470912844
7256,1387,Faouzi Ghoulam,Napoli,D S,34,2920,0,0.615056287497282,3,2.637929327785969,22,32,3,0,0,0.615056287497282,16.6428515445441,14.430508954450488
