,id,player_name,team_title,position,games,time,goals,xG,assists,xA,shots,key_passes,yellow_cards,red_cards,npg,npxG,xGChain,xGBuildup
7257,3427,Fares Bahlouli,Monaco,M S,8,174,1,0.1720278831198811,0,0.5224557593464851,6,4,1,0,1,0.1720278831198811,1.0921180974692106,0.8631579503417015
7258,3427,Fares Bahlouli,Lyon,S,4,43,0,0.0167529098689556,0,0.211530715227127,1,3,0,0,0,0.0167529098689556,0.4965259283781051,0.4797730147838592
7259,3427,Fares Bahlouli,Lille,M S,3,97,0,0.093998996540904,0,0.0219396892935037,4,1,0,0,0,0.093998996540904,0.6797889955341816,0.6173217622563243
7260,3427,Fares Bahlouli,Lille,M S,11,292,1,0.2611525431275368,0,0.5953328795731068,4,11,2,0,1,0.2611525431275368,1.1294485554099083,0.7077028285712004
