,id,player_name,team_title,position,games,time,goals,xG,assists,xA,shots,key_passes,yellow_cards,red_cards,npg,npxG,xGChain,xGBuildup
7266,7064,Farid El Melali,Angers,S,18,290,0,0.4752604104578495,1,0.2081670695915818,8,4,1,0,0,0.4752604104578495,1.2130578756332395,0.6541169444099069
7267,7064,Farid El Melali,Angers,S,2,8,0,0.0333469547331333,0,0.0,1,0,0,0,0,0.0333469547331333,0.0333469547331333,0.0
7268,7064,Farid El Melali,Angers,M S,17,394,0,1.2199980169534683,0,0.1245901696383953,12,2,1,0,0,1.2199980169534683,1.956799607723952,0.640948785468936
7269,7064,Farid El Melali,Angers,M S,8,303,3,1.4777707308530807,0,0.0687741637229919,6,1,0,0,3,1.4777707308530807,3.4885295927524567,1.956706777215004
