,id,player_name,team_title,position,games,time,goals,xG,assists,xA,shots,key_passes,yellow_cards,red_cards,npg,npxG,xGChain,xGBuildup
7331,1449,Federico Di Francesco,Bologna,D F M S,24,1612,1,1.6128458697348833,2,1.6764196809381249,36,15,4,0,1,1.6128458697348833,5.389266742393374,2.5121934236958623
7332,1449,Federico Di Francesco,Sassuolo,D F M S,19,1088,2,3.556658234447241,2,1.07937066629529,25,11,2,0,2,3.556658234447241,5.448810031637549,1.5893209874629974
7333,1449,Federico Di Francesco,Bologna,F M S,24,1064,4,3.1726468289271,3,2.73124572262168,23,16,3,1,4,3.1726468289271,6.672318096272647,1.8624060368165367
7334,1449,Federico Di Francesco,Empoli,F M S,12,770,3,0.8090846631675959,0,0.8974650539457798,16,12,1,0,3,0.8090846631675959,2.166517723351717,0.6391674652695656
7335,1449,Federico Di Francesco,SPAL 2013,D F S,20,1091,2,1.949681967496872,0,0.9161817859858274,25,18,4,0,2,1.949681967496872,5.685652077198029,3.2551882583647966
