,id,player_name,team_title,position,games,time,goals,xG,assists,xA,shots,key_passes,yellow_cards,red_cards,npg,npxG,xGChain,xGBuildup
7303,1424,Federico Bernardeschi,Juventus,F M S,29,1591,1,4.681332679465413,1,3.652524087578058,50,35,6,0,1,4.681332679465413,10.562623396515846,4.678536173887551
7304,1424,Federico Bernardeschi,Juventus,F M S,22,820,4,2.813066097907722,6,2.1184719130396843,27,14,4,0,4,2.813066097907722,6.649151679128408,2.284281723201275
7305,1424,Federico Bernardeschi,Juventus,F M S,13,759,0,0.9119455423206092,1,0.8191747684031725,19,10,3,0,0,0.9119455423206092,3.753469966351986,2.514574021100998
7306,1424,Federico Bernardeschi,Juventus,D M S,27,945,0,1.6739851720631125,2,3.310401676222682,13,24,3,0,0,1.6739851720631125,6.390781851485372,3.2182797845453024
7307,1424,Federico Bernardeschi,Fiorentina,F M S,32,2322,11,7.315181166864932,4,7.2038305047899485,71,56,5,1,8,4.269985848106444,10.12863927334547,3.971925128251314
7308,1424,Federico Bernardeschi,Fiorentina,F S,7,210,1,1.4647126141935587,2,0.4992026463150978,9,2,2,0,1,1.4647126141935587,2.2144083995372057,0.3251210227608681
7309,1424,Federico Bernardeschi,Fiorentina,F M S,33,2276,2,2.6276371870189905,4,4.682446690276265,53,41,6,0,2,2.6276371870189905,9.230536358430982,4.108390550129116
7310,1424,Federico Bernardeschi,Juventus,F M S,28,1472,2,3.674777526408434,3,4.03174330201,54,32,5,1,2,3.674777526408434,9.727294623851776,4.521748283877969
