,id,player_name,team_title,position,games,time,goals,xG,assists,xA,shots,key_passes,yellow_cards,red_cards,npg,npxG,xGChain,xGBuildup
7365,1546,Federico Mattiello,"Chievo,Juventus",D S,5,155,0,0.1618424504995346,0,0.0361972600221633,4,1,0,0,0,0.1618424504995346,0.4039674028754234,0.2575921714305877
7366,1546,Federico Mattiello,SPAL 2013,D S,29,2173,0,0.6989755621179938,1,1.0502786682918668,17,10,6,1,0,0.6989755621179938,2.917484210804105,2.207360912114382
7367,1546,Federico Mattiello,Cagliari,D M S,18,926,0,0.1921349689364433,1,1.106098398566246,7,8,3,0,0,0.1921349689364433,2.204776303842664,1.875184625387192
7368,1546,Federico Mattiello,Chievo,D,1,90,0,0.1321810930967331,1,0.6288661956787109,3,4,0,0,0,0.1321810930967331,0.736197829246521,0.1252253651618957
7369,1546,Federico Mattiello,Bologna,D M S,17,1334,1,0.7735856976360083,1,1.4058937542140484,11,19,2,1,1,0.7735856976360083,3.799375854432583,2.125379755161702
7370,1546,Federico Mattiello,Spezia,S,1,33,0,0.0,0,0.0,0,0,0,0,0,0.0,0.0,0.0
