,id,player_name,team_title,position,games,time,goals,xG,assists,xA,shots,key_passes,yellow_cards,red_cards,npg,npxG,xGChain,xGBuildup
7296,1320,Federico Barba,Empoli,D S,18,1268,2,1.154898239299655,1,0.0842185579240322,5,3,2,0,2,1.154898239299655,1.676196458749473,1.6092736842110753
7297,1320,Federico Barba,Chievo,D S,30,2481,0,0.9821115508675576,0,1.476193564012647,9,11,5,2,0,0.9821115508675576,3.876550259999931,2.6253168070688844
7298,1320,Federico Barba,Real Valladolid,D,5,450,0,0.0446399413049221,0,0.0404540710151195,1,1,3,0,0,0.0446399413049221,0.1149024106562137,0.0744483396410942
7299,1320,Federico Barba,Empoli,D S,11,809,0,0.2289346568286419,0,0.0300548896193504,4,1,3,0,0,0.2289346568286419,0.8044939283281565,0.8044939283281565
7300,1320,Federico Barba,Empoli,D,10,891,0,0.1859274609014392,1,0.0408718585968017,3,1,3,0,0,0.1859274609014392,0.84448775742203,0.8314019273966551
7301,1320,Federico Barba,VfB Stuttgart,D,2,143,1,0.0608226917684078,0,0.0,1,0,0,0,1,0.0608226917684078,0.0301664099097251,0.0301664099097251
7302,1320,Federico Barba,Benevento,D S,32,2661,0,0.5403177961707115,2,1.5261473190039396,13,13,8,0,0,0.5403177961707115,4.667751777917147,4.175874948501587
