,id,player_name,team_title,position,games,time,goals,xG,assists,xA,shots,key_passes,yellow_cards,red_cards,npg,npxG,xGChain,xGBuildup
7396,6241,Federico Valverde,Real Madrid,D M S,13,767,0,0.3138026548549533,1,0.6581663452088833,10,5,0,0,0,0.3138026548549533,3.5172973945736885,3.085092591121793
7397,6241,Federico Valverde,Real Madrid,F M S,24,1345,3,2.588089810684324,1,3.192028494551778,21,22,0,0,3,2.588089810684324,10.64665836840868,6.482272490859032
7398,6241,Federico Valverde,Deportivo La Coruna,M S,24,1228,0,0.723203613422811,0,1.1039844499900937,18,10,0,0,0,0.723203613422811,5.276006366126239,3.866151925176382
7399,6241,Federico Valverde,Real Madrid,F M S,33,1897,2,1.9886517515406013,5,3.5550178699195385,22,20,1,0,2,1.9886517515406013,11.682359978556631,6.865320159122348
7400,6241,Federico Valverde,Real Madrid,M S,16,646,0,0.228160036727786,0,0.3381615653634071,7,9,4,0,0,0.228160036727786,2.8373662661761045,2.5284826140850782
