,id,player_name,team_title,position,games,time,goals,xG,assists,xA,shots,key_passes,yellow_cards,red_cards,npg,npxG,xGChain,xGBuildup
7414,2925,Fedor Smolov,Lokomotiv Moscow,F S,14,914,3,5.076216329354793,3,2.400928797200322,36,18,1,0,2,4.321941007394344,6.565690990537405,2.187030393630266
7415,2925,Fedor Smolov,Celta Vigo,F S,14,747,2,1.7390404772013426,0,0.1859359107911586,16,4,4,0,2,1.7390404772013426,2.1476090122014284,0.4836159311234951
7416,2925,Fedor Smolov,"FC Krasnodar,Lokomotiv Moscow",F S,24,1675,7,7.120407736860216,3,2.7856453242711723,54,25,0,0,7,6.3661324148997664,11.028213031589983,2.7178091760724783
7417,2925,Fedor Smolov,FC Krasnodar,F M,29,2547,20,12.90474139340222,7,3.685101337730885,114,40,3,0,20,12.90474139340222,18.038264136761427,3.4405197193846107
7418,2925,Fedor Smolov,FC Krasnodar,F S,22,1934,18,10.14167533069849,0,1.3780554672703147,102,25,4,0,14,7.124574087560177,8.174838453531265,1.588872321881354
7419,2925,Fedor Smolov,"Dinamo Moscow,Ural",D F S,24,1787,8,8.420771753415465,2,3.103393073193729,58,20,4,0,7,7.666496491059661,10.532535307109356,1.2713062148541212
7420,2925,Fedor Smolov,Lokomotiv Moscow,F S,21,1389,7,5.747676998376846,3,3.973087053745985,50,22,1,0,7,5.747676998376846,9.916914915665984,2.833044992759824
7421,2925,Fedor Smolov,FC Krasnodar,F S,22,1912,14,11.426447190344334,6,5.793061543256044,94,40,5,0,11,9.163621373474598,17.539101913571358,4.194941585883498
7422,2925,Fedor Smolov,Lokomotiv Moscow,F S,15,1243,7,4.9543152172118425,0,0.6161077599972486,48,15,0,0,6,4.200039917603135,5.637751704081893,1.8709243386983871
