,id,player_name,team_title,position,games,time,goals,xG,assists,xA,shots,key_passes,yellow_cards,red_cards,npg,npxG,xGChain,xGBuildup
7423,2836,Fegor Ogude,FC Yenisey Krasnoyarsk,M,26,2224,1,1.8749061580747368,1,0.365537229925394,19,11,8,1,1,1.8749061580747368,5.922893917188048,4.887014925479889
7424,2836,Fegor Ogude,Amkar,D M S,15,871,0,1.0302305966615677,0,0.0572450347244739,6,1,2,1,0,1.0302305966615677,1.119418578222394,0.9116547722369432
7425,2836,Fegor Ogude,Amkar,D F M S,18,1556,0,1.0316749848425388,0,0.1963148294016719,10,7,1,1,0,0.277399655431509,2.831630129367113,2.5402633622288704
7426,2836,Fegor Ogude,Amkar,M,22,1849,0,0.973753317259252,0,0.4050554968416691,17,10,10,2,0,0.973753317259252,2.342992560006678,2.006189966574312
7427,2836,Fegor Ogude,Amkar,D F M,24,2024,1,1.5808018073439598,0,0.538075971417129,17,10,9,1,1,1.5808018073439598,4.699458886869252,3.995357208885253
