,id,player_name,team_title,position,games,time,goals,xG,assists,xA,shots,key_passes,yellow_cards,red_cards,npg,npxG,xGChain,xGBuildup
7495,404,Felix Platte,"Darmstadt,Schalke 04",F S,12,137,0,0.3054882027208805,0,0.1229574531316757,4,2,2,0,0,0.3054882027208805,0.464821133762598,0.0363754816353321
7496,404,Felix Platte,Schalke 04,F S,2,80,0,0.4836584702134132,0,0.3317662924528122,3,2,0,0,0,0.4836584702134132,0.440508022904396,0.0273124799132347
7497,404,Felix Platte,Darmstadt,F M S,9,470,2,1.3793470934033394,1,0.5343266874551773,12,3,1,0,2,1.3793470934033394,1.9702232964336872,0.0960249118506908
