,id,player_name,team_title,position,games,time,goals,xG,assists,xA,shots,key_passes,yellow_cards,red_cards,npg,npxG,xGChain,xGBuildup
7498,6100,Felix Uduokhai,Augsburg,D,29,2610,1,1.388815937563777,0,0.177174437791109,13,3,5,0,1,1.388815937563777,4.391079170629382,4.208944467827678
7499,6100,Felix Uduokhai,Wolfsburg,D S,19,1552,1,0.1310820095241069,0,0.0292785130441188,4,1,1,1,1,0.1310820095241069,2.287329066544771,2.2580505572259426
7500,6100,Felix Uduokhai,Wolfsburg,D S,11,229,0,0.0133398408070206,0,0.0,1,0,2,0,0,0.0133398408070206,0.7786753699183464,0.7786753699183464
7501,6100,Felix Uduokhai,Augsburg,D S,26,1954,0,0.1490927562117576,0,0.2156751593574881,4,5,3,0,0,0.1490927562117576,2.1678212825208902,2.129004460759461
7502,6100,Felix Uduokhai,Augsburg,D,3,270,0,0.1593592800199985,0,0.0,2,0,0,0,0,0.1593592800199985,0.1201733462512493,0.1201733462512493
