,id,player_name,team_title,position,games,time,goals,xG,assists,xA,shots,key_passes,yellow_cards,red_cards,npg,npxG,xGChain,xGBuildup
7479,350,Felix Klaus,Freiburg,M S,31,2234,2,3.423728445544839,2,1.1110609844326973,41,17,5,0,2,3.423728445544839,6.368327697739005,2.188029847107828
7480,350,Felix Klaus,Wolfsburg,D S,6,126,0,0.0119415186345577,0,0.0,1,0,0,0,0,0.0119415186345577,0.6438089534640312,0.6318674348294735
7481,350,Felix Klaus,Wolfsburg,F M S,23,645,0,2.6142541337758303,1,1.5863904813304543,19,13,0,1,0,2.6142541337758303,3.724804730154574,0.2982863076031208
7482,350,Felix Klaus,Wolfsburg,F M S,15,430,1,1.991235508583486,1,2.214781502261758,16,5,0,0,1,1.991235508583486,4.115136882290244,1.9062559884041548
7483,350,Felix Klaus,Hannover 96,M S,18,799,1,0.8747929316014051,0,0.1472358517348766,19,5,1,0,1,0.8747929316014051,1.946200581267476,1.0740604670718312
7484,350,Felix Klaus,Hannover 96,F M S,28,1993,4,4.090186300687492,2,1.817517563700676,58,31,5,0,4,4.090186300687492,6.910010436549783,3.354722282849252
