,id,player_name,team_title,position,games,time,goals,xG,assists,xA,shots,key_passes,yellow_cards,red_cards,npg,npxG,xGChain,xGBuildup
7509,3698,Ferebory Dore,Angers,F S,9,164,0,0.5243361555039883,0,0.1502181887626648,6,4,0,0,0,0.5243361555039883,0.7430771477520466,0.0685228109359741
7510,3698,Ferebory Dore,Angers,F M S,9,622,0,1.1120387315750122,1,0.7195087261497974,11,6,2,0,0,1.1120387315750122,1.9925657184794543,0.5984493242576718
