,id,player_name,team_title,position,games,time,goals,xG,assists,xA,shots,key_passes,yellow_cards,red_cards,npg,npxG,xGChain,xGBuildup
7545,1728,Fernando Llorente,"Napoli,Udinese",F S,17,762,1,1.873421773314476,0,0.5758714154362679,13,12,2,0,1,1.873421773314476,3.4078295789659023,1.56666280888021
7546,1728,Fernando Llorente,Juventus,S,1,11,0,0.0,0,0.0,0,0,0,0,0,0.0,0.0,0.0
7547,1728,Fernando Llorente,Juventus,F S,31,1969,7,7.351269781589508,1,1.1787963593378663,49,23,0,0,7,7.351269781589508,11.054896329529583,5.162516835145652
7548,1728,Fernando Llorente,Napoli,F S,17,476,3,4.708129928447306,1,1.103617399930954,33,10,1,0,3,4.708129928447306,5.939209569245577,1.3550262618809938
7549,1728,Fernando Llorente,Swansea,F S,33,2462,15,8.028606227599084,1,2.0905658253468573,51,26,2,0,15,8.028606227599084,8.600844793021679,2.960022170096636
7550,1728,Fernando Llorente,Sevilla,F S,23,1161,4,5.5830822214484215,3,2.2316381335258484,29,17,4,0,4,5.5830822214484215,6.703842715360224,0.814848187379539
7551,1728,Fernando Llorente,Tottenham,F S,20,674,1,3.499189868569374,4,2.011737711727619,24,14,2,0,1,3.499189868569374,4.548179998993874,0.3444756660610437
7552,1728,Fernando Llorente,Tottenham,F S,16,206,1,1.1658476423472166,0,0.1289989370852708,6,4,1,0,1,1.1658476423472166,1.8205661624670029,0.9682343695312738
