,id,player_name,team_title,position,games,time,goals,xG,assists,xA,shots,key_passes,yellow_cards,red_cards,npg,npxG,xGChain,xGBuildup
7602,1213,Filip Djordjevic,Lazio,F S,24,1485,8,5.864980418235064,2,1.561488078907132,34,16,2,0,8,5.864980418235064,7.369786955416202,0.4915447710081935
7603,1213,Filip Djordjevic,Lazio,F S,17,440,0,0.7563111856579781,0,0.3055146485567093,7,2,0,0,0,0.7563111856579781,1.6804700810462236,0.8721575867384672
7604,1213,Filip Djordjevic,Chievo,F S,13,626,1,3.504359234124422,1,0.7069736775010824,14,5,1,0,1,3.504359234124422,3.601342363283038,0.5326015278697014
7605,1213,Filip Djordjevic,Lazio,F S,27,1290,3,4.330607004463673,2,0.7283723242580891,21,12,1,1,3,4.330607004463673,5.055359069257975,0.417621336877346
