,id,player_name,team_title,position,games,time,goals,xG,assists,xA,shots,key_passes,yellow_cards,red_cards,npg,npxG,xGChain,xGBuildup
7600,9413,Filip Dagerstål,Khimki,D M,16,1418,0,0.3476378601044416,0,0.5951116094365716,8,13,4,0,0,0.3476378601044416,3.467531672678888,2.849371302872896
7601,9413,Filip Dagerstål,Khimki,D M,10,900,0,0.0959161762148141,0,0.009296353906393,5,1,2,0,0,0.0959161762148141,0.9065916538238524,0.8306516483426094
