,id,player_name,team_title,position,games,time,goals,xG,assists,xA,shots,key_passes,yellow_cards,red_cards,npg,npxG,xGChain,xGBuildup
7716,116,Florian Grillitsch,Werder Bremen,M S,25,1993,1,2.362078050151468,2,1.9548526126891368,29,25,3,0,1,2.362078050151468,7.366747107356787,3.992824288085103
7717,116,Florian Grillitsch,Hoffenheim,D M S,10,837,0,0.9307487942278384,0,0.2621743753552437,6,5,4,0,0,0.9307487942278384,5.055523429065943,3.990837626159191
7718,116,Florian Grillitsch,Hoffenheim,D M S,30,2400,0,1.1982429530471563,3,2.95710645057261,32,27,8,0,0,1.1982429530471563,16.875577673316002,13.906854963861406
7719,116,Florian Grillitsch,Hoffenheim,M S,25,1893,1,1.1296484312042594,2,1.831863644067198,19,27,5,0,1,1.1296484312042594,7.965454204007983,5.452576223760843
7720,116,Florian Grillitsch,Werder Bremen,M S,23,1727,2,1.203807421028614,0,0.6731987427920103,18,5,4,0,2,1.203807421028614,4.70093696564436,3.197683162987232
7721,116,Florian Grillitsch,Hoffenheim,D F M S,26,1892,2,2.1440493557602167,1,1.89914445579052,20,16,4,1,2,2.1440493557602167,11.27082745358348,8.603486113250256
7722,116,Florian Grillitsch,Hoffenheim,D M S,31,2423,0,1.10772071685642,3,2.5671300617977977,17,18,3,0,0,1.10772071685642,10.513317582197487,8.101394731551409
