,id,player_name,team_title,position,games,time,goals,xG,assists,xA,shots,key_passes,yellow_cards,red_cards,npg,npxG,xGChain,xGBuildup
7760,7065,Florian Neuhaus,Borussia M.Gladbach,M S,32,2080,3,6.014863816089928,8,3.1526990849524736,51,28,5,0,3,6.014863816089928,17.510931497439742,8.793361485004425
7761,7065,Florian Neuhaus,Borussia M.Gladbach,M S,33,2636,6,3.026027103420347,5,2.886748790740967,48,23,9,0,6,3.026027103420347,13.019777096807957,9.189498022198675
7762,7065,Florian Neuhaus,Borussia M.Gladbach,M S,30,2356,4,6.46036116220057,2,3.1475250497460365,57,30,6,0,4,6.46036116220057,20.55045215785504,12.684583330526948
7763,7065,Florian Neuhaus,Borussia M.Gladbach,M S,11,646,2,1.6302963625639677,0,0.4676058143377304,16,8,1,0,2,1.6302963625639677,3.3906935155391693,1.8331726789474487
