,id,player_name,team_title,position,games,time,goals,xG,assists,xA,shots,key_passes,yellow_cards,red_cards,npg,npxG,xGChain,xGBuildup
7778,942,Florian Thauvin,Marseille,M S,16,942,2,1.5265649296343329,0,2.7206424959003925,17,22,0,1,2,1.5265649296343329,5.679250817745924,2.9405661411583424
7779,942,Florian Thauvin,Marseille,S,2,13,0,0.4253278896212578,0,0.0,3,0,0,0,0,0.4253278896212578,0.4253278896212578,0.0
7780,942,Florian Thauvin,Marseille,F M S,33,2640,16,12.113258797675371,8,5.518620133399963,100,47,5,1,14,10.593068558722734,16.527030110359192,6.639916637912393
7781,942,Florian Thauvin,Newcastle United,M S,13,412,0,0.3105262629687786,0,0.6077725123614073,8,5,1,0,0,0.3105262629687786,1.1896824231371284,0.346520509570837
7782,942,Florian Thauvin,Marseille,D F M S,36,2777,8,9.093646415509284,8,10.308668022975326,71,57,5,0,8,7.573521734215319,19.319557103328407,7.56785293854773
7783,942,Florian Thauvin,Marseille,F M S,38,2991,15,9.62995433434844,8,8.574127512983978,95,61,2,0,14,8.86985919252038,22.08928160741925,10.391087923198938
7784,942,Florian Thauvin,Marseille,D F M S,36,2609,5,7.032393453642726,4,4.5969975385814905,70,54,2,0,5,7.032393453642726,13.831920706667006,4.836701733060181
7785,942,Florian Thauvin,Marseille,F M,35,2973,22,17.187846526503563,11,13.00877857208252,129,75,6,0,19,14.148066140711308,29.72488236334175,10.166097710840404
