,id,player_name,team_title,position,games,time,goals,xG,assists,xA,shots,key_passes,yellow_cards,red_cards,npg,npxG,xGChain,xGBuildup
7764,306,Florian Niederlechner,Mainz 05,F S,12,173,0,1.005140133202076,0,0.0,5,0,2,0,0,1.005140133202076,1.0546969138085842,0.0495567806065082
7765,306,Florian Niederlechner,Augsburg,F M S,33,2762,13,14.08519545942545,6,5.857984284870327,78,29,1,0,12,12.569642134010792,17.579499386250973,1.623776776716113
7766,306,Florian Niederlechner,Freiburg,F S,24,979,4,4.557640086859465,1,0.7296591624617577,31,10,3,0,4,4.557640086859465,6.074769269675016,1.1601457176730037
7767,306,Florian Niederlechner,Freiburg,F M S,10,709,2,3.027391768991947,0,0.3269453905522823,24,7,1,0,2,2.269615091383457,2.925051476806402,0.7494596866890788
7768,306,Florian Niederlechner,Augsburg,F S,28,1776,5,6.1691593658179045,4,2.5173893622122705,47,13,2,1,5,6.1691593658179045,9.264831176027656,1.3977061286568642
7769,306,Florian Niederlechner,Freiburg,F S,34,2440,11,10.818595306016505,2,1.7293069204315543,78,17,4,0,8,8.545265183784068,10.007857725024223,1.3486022762954235
7770,306,Florian Niederlechner,Augsburg,F S,11,423,3,2.3855313137173653,0,0.4009238351136446,12,8,0,0,3,2.3855313137173653,2.108567751944065,0.0746750347316265
