,id,player_name,team_title,position,games,time,goals,xG,assists,xA,shots,key_passes,yellow_cards,red_cards,npg,npxG,xGChain,xGBuildup
7800,5803,Fode Toure,Lille,D M S,27,2068,0,0.1253869049251079,0,0.563324224203825,3,7,5,1,0,0.1253869049251079,5.063142836093903,4.769381947815418
7801,5803,Fode Toure,AC Milan,D S,8,344,0,0.2721812985837459,0,0.0987354414537549,2,3,2,0,0,0.2721812985837459,0.7448894828557968,0.6461540348827839
7802,5803,Fode Toure,Monaco,D S,21,1672,0,0.434067964553833,0,1.724589454010129,5,17,4,0,0,0.434067964553833,5.067152209579945,3.110597636550665
7803,5803,Fode Toure,Monaco,D S,24,629,0,0.1681030169129371,3,0.8315180689096451,2,8,2,0,0,0.1681030169129371,4.44239342212677,4.092338986694813
7804,5803,Fode Toure,"Lille,Monaco",D,36,3191,0,0.7110905442386866,4,3.4848937895149,8,26,7,0,0,0.7110905442386866,10.030462956056,8.274089644663036
