,id,player_name,team_title,position,games,time,goals,xG,assists,xA,shots,key_passes,yellow_cards,red_cards,npg,npxG,xGChain,xGBuildup
7805,8684,Fodé Doucouré,Reims,D S,7,325,0,0.4050367921590805,0,0.6190382279455662,3,5,0,0,0,0.4050367921590805,1.1219505295157433,0.754481129348278
7806,8684,Fodé Doucouré,Reims,D S,3,146,0,0.0,0,0.0243655666708946,0,1,0,0,0,0.0,0.8351528644561768,0.8107873201370239
