,id,player_name,team_title,position,games,time,goals,xG,assists,xA,shots,key_passes,yellow_cards,red_cards,npg,npxG,xGChain,xGBuildup
7808,2600,Fontàs,Celta Vigo,D,17,1462,1,0.5920173628255725,1,0.1055966317653656,3,2,6,1,1,0.5920173628255725,2.4615205861628056,2.441731546074152
7809,2600,Fontàs,Celta Vigo,D S,12,882,0,0.0383321940898895,1,0.2194119542837143,1,4,2,0,0,0.0383321940898895,3.0575477182865143,2.926620192825794
7810,2600,Fontàs,Celta Vigo,D S,34,2984,0,0.7042591450735927,0,0.5199444498866796,12,9,7,1,0,0.7042591450735927,9.356375712901354,9.147637579590082
7811,2600,Fontàs,Celta Vigo,D S,7,540,1,0.2135401144623756,0,0.0630222242325544,2,2,1,0,1,0.2135401144623756,0.9335915148258208,0.9335915148258208
