,id,player_name,team_title,position,games,time,goals,xG,assists,xA,shots,key_passes,yellow_cards,red_cards,npg,npxG,xGChain,xGBuildup
7821,634,Fraizer Campbell,Crystal Palace,S,12,125,1,0.4415298104286194,0,0.051130786538124,4,1,0,0,1,0.4415298104286194,0.5101623311638832,0.1331045553088188
7822,634,Fraizer Campbell,Crystal Palace,F S,11,354,0,0.7568929418921471,0,0.0803079158067703,4,1,1,0,0,0.7568929418921471,0.9301698431372644,0.2421930357813835
7823,634,Fraizer Campbell,Crystal Palace,F M S,20,1187,4,4.22113598138094,0,0.4663840346038341,25,8,5,0,4,4.22113598138094,3.951981191523373,0.7666492015123367
