,id,player_name,team_title,position,games,time,goals,xG,assists,xA,shots,key_passes,yellow_cards,red_cards,npg,npxG,xGChain,xGBuildup
7856,6980,Francesco Caputo,"Sampdoria,Sassuolo",F S,17,1284,4,5.049548441544175,4,2.55191919952631,26,21,1,0,4,5.049548441544175,8.900717286393046,1.9601188376545904
7857,6980,Francesco Caputo,Empoli,F,38,3420,16,18.35760855488479,3,5.176008229143918,96,45,3,0,13,13.789895532652736,21.86472198367119,6.738054249435663
7858,6980,Francesco Caputo,Sassuolo,F S,36,2940,21,14.3150632455945,7,5.517016798257828,73,53,3,0,19,12.79250555485487,20.52626783028245,4.791130544617772
7859,6980,Francesco Caputo,Sassuolo,F S,25,1703,11,10.661260874941943,5,2.4441555589437485,43,17,1,0,8,8.377364473417401,11.6144299171865,2.234466548077762
