,id,player_name,team_title,position,games,time,goals,xG,assists,xA,shots,key_passes,yellow_cards,red_cards,npg,npxG,xGChain,xGBuildup
7894,1161,Francesco Zampano,Udinese,D S,6,406,0,0.0933392457664012,1,0.2534618284553289,2,5,0,0,0,0.0933392457664012,0.9471213389188052,0.6936595179140568
7895,1161,Francesco Zampano,Frosinone,D M S,27,2107,0,0.7643694160506129,1,0.7197609022259712,15,15,1,0,0,0.7643694160506129,3.2725679706782103,2.024180167354644
7896,1161,Francesco Zampano,Pescara,D M S,34,2927,0,0.3898075958713889,5,3.527382956817746,12,22,2,0,0,0.3898075958713889,8.937984842807055,6.347043164074421
