,id,player_name,team_title,position,games,time,goals,xG,assists,xA,shots,key_passes,yellow_cards,red_cards,npg,npxG,xGChain,xGBuildup
7982,3457,Francois Bellugou,Troyes,M S,30,2190,0,0.0423761010169982,0,0.1997707011178136,1,6,6,1,0,0.0423761010169982,2.492580465972424,2.2928097685799003
7983,3457,Francois Bellugou,Lorient,D M S,33,2302,0,0.1112661967054009,1,0.5639897808432579,3,9,6,1,0,0.1112661967054009,5.151074975728989,4.65649695135653
7984,3457,Francois Bellugou,Lorient,D M S,20,1712,2,0.915913512930274,0,0.1247700899839401,5,3,4,0,2,0.915913512930274,1.4709661528468132,1.3461960591375828
7985,3457,Francois Bellugou,Lorient,D M S,26,1424,0,0.8179393112659454,0,0.3000828269869089,3,6,5,1,0,0.8179393112659454,4.3984607849270105,4.199391197413206
