,id,player_name,team_title,position,games,time,goals,xG,assists,xA,shots,key_passes,yellow_cards,red_cards,npg,npxG,xGChain,xGBuildup
7986,3759,Francois Clerc,Saint-Etienne,D,15,1320,0,0.2273636255413293,1,0.7817377485334873,8,8,0,0,0,0.2273636255413293,3.565373289398849,2.7885526726022363
7987,3759,Francois Clerc,Saint-Etienne,D M,10,872,0,0.1012459089979529,1,0.8178430832922459,4,5,0,0,0,0.1012459089979529,2.183523204177618,1.9536411296576264
