,id,player_name,team_title,position,games,time,goals,xG,assists,xA,shots,key_passes,yellow_cards,red_cards,npg,npxG,xGChain,xGBuildup
7869,1562,Francesco Lodi,Parma,M S,23,1647,2,1.2637033509090545,1,1.63316370267421,26,26,3,0,2,1.2637033509090545,3.6070569194853306,2.8091101720929146
7870,1562,Francesco Lodi,Udinese,S,1,10,0,0.0,0,0.0,0,0,0,0,0,0.0,0.0,0.0
7871,1562,Francesco Lodi,Udinese,M S,24,1868,1,1.2900150939822197,1,2.5309536810964346,25,32,3,0,1,1.2900150939822197,5.730327102355659,4.365141554735601
