,id,player_name,team_title,position,games,time,goals,xG,assists,xA,shots,key_passes,yellow_cards,red_cards,npg,npxG,xGChain,xGBuildup
7988,3333,Francois Kamano,Bordeaux,D M S,11,642,1,0.8637963905930519,0,0.3606836944818496,5,5,1,0,1,0.8637963905930519,1.6852589696645737,0.4607789032161236
7989,3333,Francois Kamano,Lokomotiv Moscow,F M S,13,1005,2,2.574204321950674,1,1.5408693850040436,19,11,4,0,2,2.574204321950674,5.2675856202840805,1.5056748166680336
7990,3333,Francois Kamano,Lokomotiv Moscow,F M S,25,1401,5,3.420794815756381,1,0.7967825336381793,36,15,1,0,5,3.420794815756381,7.292145848274231,3.28678685054183
7991,3333,Francois Kamano,Bordeaux,F M S,35,2035,8,8.288841200992465,4,3.0567369209602475,63,27,4,0,7,7.5287460666149855,11.61284278705716,2.6846147514879704
7992,3333,Francois Kamano,SC Bastia,F M S,23,1416,3,3.220278760418296,0,1.9556292574852705,40,17,2,2,3,3.220278760418296,5.981379730626941,1.6870373683050277
7993,3333,Francois Kamano,Bordeaux,D F M S,37,2588,10,9.832529433071612,1,2.535522065125406,81,34,6,0,6,6.792148806154728,11.495474744588137,3.3744218926876783
7994,3333,Francois Kamano,Bordeaux,F M S,30,1683,6,6.559593404643238,4,3.1874903328716755,65,19,4,0,6,6.559593404643238,11.437587204389274,2.9847478475421667
7995,3333,Francois Kamano,SC Bastia,F M S,24,1501,4,3.75524390488863,3,2.081722605973482,35,15,3,1,4,3.75524390488863,5.955294147133827,1.167401511222124
