,id,player_name,team_title,position,games,time,goals,xG,assists,xA,shots,key_passes,yellow_cards,red_cards,npg,npxG,xGChain,xGBuildup
7899,497,Francis Coquelin,Villarreal,M S,22,717,0,0.2065451703965664,0,0.6972062587738037,4,4,4,0,0,0.2065451703965664,3.3192014917731285,2.547327719628811
7900,497,Francis Coquelin,Arsenal,D S,7,155,0,0.083864189684391,0,0.5104955434799194,1,1,0,0,0,0.083864189684391,0.5776308551430702,0.4937666654586792
7901,497,Francis Coquelin,Arsenal,M S,29,1799,0,0.7722080182284117,0,0.6728746723383665,14,15,5,0,0,0.7722080182284117,9.351142644882202,8.483358202502131
7902,497,Francis Coquelin,Valencia,M S,26,1909,0,0.3680877182632684,0,0.1409557089209556,9,6,6,1,0,0.3680877182632684,7.6984386667609215,7.4098515855148435
7903,497,Francis Coquelin,Valencia,D M S,9,655,1,0.2711235806345939,0,0.0595140270888805,4,2,2,0,1,0.2711235806345939,1.2444432061165571,0.9741557333618402
7904,497,Francis Coquelin,Villarreal,M S,13,552,1,0.2087385207414627,1,0.4646448865532875,4,6,2,0,1,0.2087385207414627,4.257280059158802,3.6951975375413895
7905,497,Francis Coquelin,Valencia,M S,26,1767,0,0.3094245353713631,1,1.2799403201788664,9,18,5,0,0,0.3094245353713631,6.324323885142803,5.625169366598129
7906,497,Francis Coquelin,Arsenal,M S,26,1652,0,0.1550964098423719,0,0.3483759984374046,8,6,5,1,0,0.1550964098423719,10.673920917324722,10.341706699691713
7907,497,Francis Coquelin,Arsenal,M S,22,1667,0,0.0836224053055048,0,0.1876472104340791,5,5,5,0,0,0.0836224053055048,6.154336169362068,6.035230997949839
