,id,player_name,team_title,position,games,time,goals,xG,assists,xA,shots,key_passes,yellow_cards,red_cards,npg,npxG,xGChain,xGBuildup
7824,6931,Fran Beltr치n,Celta Vigo,M S,17,992,0,0.1436691666021943,0,0.2064222986809909,8,6,2,0,0,0.1436691666021943,2.5420211106538773,2.3846840374171734
7825,6931,Fran Beltr치n,Celta Vigo,M S,32,1385,3,1.4918140415102243,0,0.4340403359383344,19,4,3,0,3,1.4918140415102243,6.121933002024889,4.400579277426004
7826,6931,Fran Beltr치n,Celta Vigo,M S,30,1504,1,1.318530661985278,0,0.825522561557591,17,10,3,0,1,1.318530661985278,3.779185777530074,2.703285478055477
7827,6931,Fran Beltr치n,Celta Vigo,M S,28,1850,1,1.3939882833510635,0,0.6520107788965106,14,12,2,1,1,1.3939882833510635,5.097434192895889,3.3921475019305944
