,id,player_name,team_title,position,games,time,goals,xG,assists,xA,shots,key_passes,yellow_cards,red_cards,npg,npxG,xGChain,xGBuildup
8029,5621,Frederic Sammaritano,Dijon,F M S,10,527,1,0.4421987440437078,2,1.3877530805766582,9,20,0,0,1,0.4421987440437078,1.2478771451860666,0.5702951941639185
8030,5621,Frederic Sammaritano,Dijon,F M S,30,1103,0,1.2477869894355536,2,2.451322901062668,10,25,4,1,0,1.2477869894355536,3.2419700836762786,1.226767998188734
8031,5621,Frederic Sammaritano,Dijon,F M S,26,1442,0,1.896509936545044,4,2.16056951880455,31,23,2,0,0,1.896509936545044,5.932906633708626,2.59539682418108
8032,5621,Frederic Sammaritano,Dijon,F M S,31,1904,4,5.433984333649278,4,4.2553728222846985,48,54,3,0,3,3.913925955072045,7.497921373695135,1.3155793426558375
8033,5621,Frederic Sammaritano,Dijon,M S,14,531,0,0.3767534075304866,0,0.6015398390591145,10,6,2,1,0,0.3767534075304866,2.4801147412508726,1.7089580837637186
