,id,player_name,team_title,position,games,time,goals,xG,assists,xA,shots,key_passes,yellow_cards,red_cards,npg,npxG,xGChain,xGBuildup
8021,3253,Frederic Guilbert,Caen,D M S,34,2920,1,0.2974684555083513,2,2.839986054226756,11,24,9,1,1,0.2974684555083513,4.817089783959091,1.9790209559723733
8022,3253,Frederic Guilbert,Aston Villa,D S,25,2045,0,0.4175967816263437,2,1.389764118939638,8,13,6,0,0,0.4175967816263437,4.4209832437336445,3.741674721240997
8023,3253,Frederic Guilbert,Strasbourg,D S,14,1144,0,0.2806687243282795,3,2.312839617021382,11,21,1,0,0,0.2806687243282795,6.617515614256263,6.259167570620775
8024,3253,Frederic Guilbert,Caen,D F M,36,3240,1,1.1280754124745729,2,1.6111262319609525,14,16,12,0,1,1.1280754124745729,6.110795103944838,4.508794686757028
8025,3253,Frederic Guilbert,"Bordeaux,Caen",D M S,26,2264,0,1.1384984022006392,1,1.202269896864891,15,11,4,0,0,1.1384984022006392,6.713707774877548,4.870689975097776
8026,3253,Frederic Guilbert,Bordeaux,D S,30,2505,0,0.6819258853793144,0,0.523411937057972,10,7,4,0,0,0.6819258853793144,1.9642543531954288,1.357465460896492
8027,3253,Frederic Guilbert,Bordeaux,D S,3,170,0,0.0205229651182889,0,0.0117518808692693,1,1,1,0,0,0.0205229651182889,0.0470699314028024,0.0147950854152441
8028,3253,Frederic Guilbert,Strasbourg,D M,13,1119,1,0.4074918683618307,4,1.8144216509535909,15,13,2,1,1,0.4074918683618307,3.2989759165793657,1.683619266375899
