,id,player_name,team_title,position,games,time,goals,xG,assists,xA,shots,key_passes,yellow_cards,red_cards,npg,npxG,xGChain,xGBuildup
8121,5067,Gabriel Pires,Leganes,F M S,29,2390,5,5.147875795140863,2,1.5796974208205938,43,21,6,1,4,4.404598152264953,6.481578076258302,3.886729253455997
8122,5067,Gabriel Pires,Leganes,F M S,34,2757,5,3.848976778797805,2,3.0299519086256623,56,35,9,0,5,3.848976778797805,7.858490081503987,3.4300575433298945
