,id,player_name,team_title,position,games,time,goals,xG,assists,xA,shots,key_passes,yellow_cards,red_cards,npg,npxG,xGChain,xGBuildup
8117,1118,Gabriel Paletta,Atalanta,D,24,2012,1,0.2822362179867923,0,0.1004883684217929,8,3,5,2,1,0.2822362179867923,2.3597318027168512,2.2844359194859862
8118,1118,Gabriel Paletta,"AC Milan,Parma",D S,21,1710,0,0.113949678838253,0,0.0713582932949066,4,2,7,0,0,0.113949678838253,3.0758482571691275,3.008461555466056
8119,1118,Gabriel Paletta,AC Milan,D,30,2599,2,1.678348713554442,1,1.0925221256911757,21,9,3,5,2,1.678348713554442,5.240172814577818,5.11446400359273
