,id,player_name,team_title,position,games,time,goals,xG,assists,xA,shots,key_passes,yellow_cards,red_cards,npg,npxG,xGChain,xGBuildup
8158,6868,Gaetan Paquiez,Nimes,D S,20,1314,0,0.0949195250868797,0,0.2335921209305524,3,9,5,0,0,0.0949195250868797,2.0450403448194265,1.8906759452074768
8159,6868,Gaetan Paquiez,Nimes,D S,16,1046,0,0.0801345724612474,0,0.1498399227857589,5,4,1,0,0,0.0801345724612474,2.3766584619879723,2.2668512538075447
8160,6868,Gaetan Paquiez,Nimes,D M S,21,1534,0,0.1859573926776647,0,0.548566572368145,5,5,4,1,0,0.1859573926776647,2.164100947789848,1.9115650644525888
