,id,player_name,team_title,position,games,time,goals,xG,assists,xA,shots,key_passes,yellow_cards,red_cards,npg,npxG,xGChain,xGBuildup
8151,3746,Gaetan Laborde,Bordeaux,F S,20,950,3,3.90659287199378,0,0.3086421657353639,31,8,1,0,2,3.1464977525174618,5.15910457726568,1.970411209389568
8152,3746,Gaetan Laborde,Bordeaux,F S,36,2018,6,6.886098673567176,5,4.272024109959602,53,29,3,0,6,6.886098673567176,11.807453891262412,2.5135341212153435
8153,3746,Gaetan Laborde,"Bordeaux,Montpellier",F M S,37,3025,11,9.14070508815348,4,5.831150211393833,85,39,1,1,11,9.14070508815348,15.707102151587604,2.604267929680645
8154,3746,Gaetan Laborde,"Montpellier,Rennes",F M,18,1565,9,10.29517487436533,3,3.670283515006304,65,20,2,0,9,10.29517487436533,13.663764690980315,1.9588582813739777
8155,3746,Gaetan Laborde,Montpellier,F M,38,3297,16,11.37796942703426,8,5.432969443500042,101,37,3,0,16,11.37796942703426,15.379737148061396,4.29490464925766
8156,3746,Gaetan Laborde,Bordeaux,S,1,11,0,0.0555414482951164,0,0.0,1,0,0,0,0,0.0555414482951164,0.0555414482951164,0.0
8157,3746,Gaetan Laborde,Montpellier,F M S,28,2269,6,8.410031932406127,5,3.182375035248697,64,24,1,0,6,8.410031932406127,11.885985515080392,3.7191125890240073
