,id,player_name,team_title,position,games,time,goals,xG,assists,xA,shots,key_passes,yellow_cards,red_cards,npg,npxG,xGChain,xGBuildup
8172,4162,Gaizka Toquero,Alaves,D F M S,23,1235,1,0.92522581666708,1,1.2710245680063963,9,15,4,0,1,0.92522581666708,2.574777813628316,1.1770775746554136
8173,4162,Gaizka Toquero,Athletic Club,S,4,35,0,0.0326656401157379,0,0.0,1,0,0,0,0,0.0326656401157379,0.0326656401157379,0.0
