,id,player_name,team_title,position,games,time,goals,xG,assists,xA,shots,key_passes,yellow_cards,red_cards,npg,npxG,xGChain,xGBuildup
8174,6153,Gaku Shibasaki,Getafe,M S,7,394,0,0.1408734517171979,0,0.1121482849121093,6,3,0,0,0,0.1408734517171979,0.2804868957027793,0.0780277010053396
8175,6153,Gaku Shibasaki,Getafe,F M S,22,1003,1,0.886953410692513,0,0.8745918315835297,10,9,2,0,1,0.886953410692513,3.0653473921120167,1.6602153778076172
