,id,player_name,team_title,position,games,time,goals,xG,assists,xA,shots,key_passes,yellow_cards,red_cards,npg,npxG,xGChain,xGBuildup
8184,2251,Gareth Bale,Real Madrid,F M S,29,1786,8,9.418212609365582,3,3.250804353505373,76,18,4,0,7,8.674935007467866,12.782862301915884,3.2878286903724074
8185,2251,Gareth Bale,Real Madrid,F M S,31,2585,13,14.101817549206316,9,8.747159417718649,103,51,2,0,12,13.35853995475918,25.971962149254978,9.50409868825227
8186,2251,Gareth Bale,Real Madrid,F M S,26,1803,16,12.182469882071018,2,5.88704988360405,76,41,5,0,15,11.439192332327366,19.837875679135323,6.233250914141536
8187,2251,Gareth Bale,Real Madrid,F,3,199,1,0.6510773152112961,0,0.1145547069609165,7,2,1,0,1,0.6510773152112961,0.8895535320043564,0.2482041306793689
8188,2251,Gareth Bale,Tottenham,M S,20,909,11,5.797857677564025,2,1.842241395264864,38,21,1,0,11,5.797857677564025,8.149640910327435,2.5945137250237167
8189,2251,Gareth Bale,Real Madrid,F M S,23,1743,19,10.658595193177462,10,9.023393794894218,81,50,2,0,19,10.658595193177462,22.583058804273605,8.62553496286273
8190,2251,Gareth Bale,Real Madrid,F S,19,1428,7,7.642833262681961,2,2.7254345938563347,64,22,3,1,7,7.642833262681961,11.901035699993372,6.169071678072214
8191,2251,Gareth Bale,Real Madrid,F M S,16,1099,2,4.050731617957354,2,1.5648096445947886,34,12,2,1,2,4.050731617957354,8.203880578279495,3.1363065084442496
