,id,player_name,team_title,position,games,time,goals,xG,assists,xA,shots,key_passes,yellow_cards,red_cards,npg,npxG,xGChain,xGBuildup
8192,590,Gareth Barry,Everton,M S,33,2109,2,0.8615360390394926,1,1.3470328552648425,17,28,10,0,2,0.8615360390394926,7.230507669970393,6.293837856501341
8193,590,Gareth Barry,Everton,M S,33,2840,0,1.218813086859882,1,2.9007908180356026,15,34,5,1,0,1.218813086859882,14.019370082765818,11.217576503753662
8194,590,Gareth Barry,West Bromwich Albion,M S,25,1935,1,1.36405613925308,1,1.4177411030977964,16,17,4,0,1,1.36405613925308,4.19331219047308,3.3270817529410124
8195,590,Gareth Barry,Everton,D M,33,2832,0,1.3597604697570205,2,1.6736183194443583,16,16,10,1,0,1.3597604697570205,7.333153333514929,6.384344547986984
