,id,player_name,team_title,position,games,time,goals,xG,assists,xA,shots,key_passes,yellow_cards,red_cards,npg,npxG,xGChain,xGBuildup
8238,5727,Gauthier Hein,Metz,M S,13,520,0,0.2348182611167431,0,0.8228691928088665,7,7,1,0,0,0.2348182611167431,1.315411675721407,0.4196161665022373
8239,5727,Gauthier Hein,Metz,M S,3,79,0,0.0430543050169944,0,0.020742880180478,1,1,0,0,0,0.0430543050169944,0.0892034824937582,0.0254062972962856
