,id,player_name,team_title,position,games,time,goals,xG,assists,xA,shots,key_passes,yellow_cards,red_cards,npg,npxG,xGChain,xGBuildup
8245,4182,Gaztañaga,Real Sociedad,M S,3,144,0,0.0408347640186548,0,0.0,2,0,1,0,0,0.0408347640186548,0.1636253148317337,0.1410357616841793
8246,4182,Gaztañaga,Real Sociedad,S,2,24,0,0.0181944780051708,0,0.0,1,0,1,0,0,0.0181944780051708,0.0181944780051708,0.0
