,id,player_name,team_title,position,games,time,goals,xG,assists,xA,shots,key_passes,yellow_cards,red_cards,npg,npxG,xGChain,xGBuildup
8263,6105,Gaëtan Bong,Brighton,D,25,2243,0,0.0522682256996631,0,0.5265474775806069,4,9,2,0,0,0.0522682256996631,2.6286782575771213,2.277553342282772
8264,6105,Gaëtan Bong,Brighton,S,4,53,0,0.0,0,0.11898884922266,0,2,0,0,0,0.0,0.1566527094691991,0.0376638593152165
8265,6105,Gaëtan Bong,Brighton,D S,22,1802,0,0.069480637088418,0,0.4776688078418374,2,9,0,0,0,0.069480637088418,3.708820505067706,3.5306791868060827
