,id,player_name,team_title,position,games,time,goals,xG,assists,xA,shots,key_passes,yellow_cards,red_cards,npg,npxG,xGChain,xGBuildup
8247,613,Gaël Clichy,Manchester City,D S,14,1090,0,0.0381583236157894,1,1.0334120253100991,2,12,0,0,0,0.0381583236157894,4.19811249896884,3.666239308193326
8248,613,Gaël Clichy,Manchester City,D,23,2060,1,1.0792681593447924,3,2.304030353203416,8,26,1,0,1,1.0792681593447924,10.750698640942574,8.59553390275687
8249,613,Gaël Clichy,Manchester City,D M S,25,2127,1,0.0332834962755441,0,0.9297901224344968,2,16,2,0,1,0.0332834962755441,13.328614369034767,12.413375664502382
