,id,player_name,team_title,position,games,time,goals,xG,assists,xA,shots,key_passes,yellow_cards,red_cards,npg,npxG,xGChain,xGBuildup
8270,3243,Gaëtan Charbonnier,Reims,F M S,33,2423,6,6.645488999783993,5,3.469241385348141,55,32,9,0,4,5.125298790633678,10.836740288883448,4.975137550383806
8271,3243,Gaëtan Charbonnier,Brest,F M S,36,1564,6,5.053328339010477,1,2.619965387508273,36,23,4,0,5,4.293233219534159,8.882517752237618,4.091180679388344
8272,3243,Gaëtan Charbonnier,Brest,F M S,26,2071,4,6.551087295636535,5,2.8388341665267944,50,32,5,0,4,5.031095674261451,10.034702911973,3.0391215197741985
8273,3243,Gaëtan Charbonnier,Reims,F M S,22,1267,4,1.474052757024765,1,1.999974220059812,22,20,3,0,4,1.474052757024765,4.713716998696327,2.131763937883079
