,id,player_name,team_title,position,games,time,goals,xG,assists,xA,shots,key_passes,yellow_cards,red_cards,npg,npxG,xGChain,xGBuildup
8266,354,Gaëtan Bussmann,Mainz 05,D,1,90,0,0.0,0,0.0,0,0,0,0,0,0.0,0.1002350375056266,0.1002350375056266
8267,354,Gaëtan Bussmann,Metz,D,31,2678,2,1.271047323010862,4,1.2151025887578726,19,15,2,0,2,1.271047323010862,5.023640789091587,3.4200968048535287
8268,354,Gaëtan Bussmann,Mainz 05,D S,14,1050,0,0.4158468693494797,1,1.022423317655921,10,9,1,1,0,0.4158468693494797,2.4536836687475443,1.3159376941621304
8269,354,Gaëtan Bussmann,Mainz 05,D M,13,1170,1,0.3753196559846401,0,0.5854976680129766,7,11,3,0,1,0.3753196559846401,2.7039116863161325,2.2104709707200527
