,id,player_name,team_title,position,games,time,goals,xG,assists,xA,shots,key_passes,yellow_cards,red_cards,npg,npxG,xGChain,xGBuildup
8283,7012,Gelson Martins,Monaco,D F M S,17,1143,3,4.291332647204399,2,1.3551792185753584,18,12,1,0,3,4.291332647204399,7.084590381011367,2.096366693265736
8284,7012,Gelson Martins,Monaco,D F M S,21,1692,4,4.7354018650949,1,3.682581603527069,28,27,3,1,4,4.7354018650949,11.692911513149738,5.248751979321241
8285,7012,Gelson Martins,Monaco,D F M S,23,1585,3,3.3017430379986763,2,2.8295372761785984,26,20,3,0,3,3.3017430379986763,8.71959088742733,3.4889276437461376
8286,7012,Gelson Martins,Monaco,M,16,1398,4,3.430857341736555,2,2.162874665111304,30,16,1,0,4,3.430857341736555,6.8812096659094095,1.9962923023849728
8287,7012,Gelson Martins,Atletico Madrid,F S,8,212,0,0.3657926134765148,0,0.0539368130266666,5,2,0,0,0,0.3657926134765148,0.5062570385634899,0.0865276157855987
