,id,player_name,team_title,position,games,time,goals,xG,assists,xA,shots,key_passes,yellow_cards,red_cards,npg,npxG,xGChain,xGBuildup
8359,6792,Georgi Kostadinov,Arsenal Tula,D M S,14,1045,0,0.8019041623920202,0,0.4335052296519279,6,3,4,0,0,0.8019041623920202,1.7797441370785236,1.6562504433095455
8360,6792,Georgi Kostadinov,Arsenal Tula,M S,24,2029,0,0.7953868983313441,0,0.4089120421558618,12,11,8,0,0,0.7953868983313441,5.430777398869395,4.654929844662547
8361,6792,Georgi Kostadinov,Arsenal Tula,M S,26,1835,1,1.0304677728563547,0,0.5253910105675459,10,15,8,0,1,1.0304677728563547,4.690641166642308,3.4949023677036166
8362,6792,Georgi Kostadinov,Arsenal Tula,D M S,20,1503,0,0.6310407444834709,0,0.2801954504102468,7,7,4,0,0,0.6310407444834709,2.652509696781636,2.4196890853345394
