,id,player_name,team_title,position,games,time,goals,xG,assists,xA,shots,key_passes,yellow_cards,red_cards,npg,npxG,xGChain,xGBuildup
8392,8034,Georgios Kyriakopoulos,Sassuolo,D S,10,430,0,0.4690188076347112,1,0.549850556999445,4,4,1,0,0,0.4690188076347112,1.4738918542861938,1.2499754950404167
8393,8034,Georgios Kyriakopoulos,Sassuolo,D S,26,1622,0,0.6024996321648359,1,0.5695606842637062,21,8,4,0,0,0.6024996321648359,7.303974685259163,6.632143734022975
8394,8034,Georgios Kyriakopoulos,Sassuolo,D M S,23,1455,1,1.6583543494343758,0,1.386806908994913,24,15,1,1,1,1.6583543494343758,5.230023482814431,2.635903246700764
