,id,player_name,team_title,position,games,time,goals,xG,assists,xA,shots,key_passes,yellow_cards,red_cards,npg,npxG,xGChain,xGBuildup
8352,1729,Georges-Kévin Nkoudou,Nantes,F M S,28,1600,2,2.79125389829278,1,0.9766237689182162,27,15,2,0,2,2.79125389829278,4.858415484428406,1.4849147368222475
8353,1729,Georges-Kévin Nkoudou,"Burnley,Tottenham",M S,9,217,0,0.0876600071787834,0,0.0499318838119506,3,1,1,0,0,0.0876600071787834,0.1544860042631626,0.0439482219517231
8354,1729,Georges-Kévin Nkoudou,Tottenham,S,8,43,0,0.0626587439328432,0,0.0,2,0,0,0,0,0.0626587439328432,0.2630808819085359,0.2004221379756927
8355,1729,Georges-Kévin Nkoudou,Monaco,S,3,18,0,0.0993681922554969,0,0.0,1,0,0,0,0,0.0993681922554969,0.0993681922554969,0.0
8356,1729,Georges-Kévin Nkoudou,Marseille,F M S,28,2074,5,3.4798297472298145,3,2.835639273747802,46,25,0,0,5,3.4798297472298145,7.797267250716686,2.439274325966835
8357,1729,Georges-Kévin Nkoudou,Tottenham,S,1,1,0,0.0563584230840206,0,0.0,1,0,0,0,0,0.0563584230840206,0.0563584230840206,0.0
8358,1729,Georges-Kévin Nkoudou,Tottenham,S,1,3,0,0.0,1,0.6077455282211304,0,1,0,0,0,0.0,0.6077455282211304,0.0
