,id,player_name,team_title,position,games,time,goals,xG,assists,xA,shots,key_passes,yellow_cards,red_cards,npg,npxG,xGChain,xGBuildup
8323,58,Georg Niedermeier,VfB Stuttgart,D S,22,1683,1,2.698483072221279,1,0.3226322457194328,14,3,4,1,1,2.698483072221279,3.0709820184856653,2.952839719131589
8324,58,Georg Niedermeier,VfB Stuttgart,D S,18,1434,3,2.038489925675094,1,1.896821508184076,11,7,5,0,3,2.038489925675094,3.6584403845481575,2.3869728478603065
8325,58,Georg Niedermeier,Freiburg,S,6,86,0,0.095234990119934,0,0.0337135642766952,1,1,0,0,0,0.095234990119934,0.281311571598053,0.281311571598053
