,id,player_name,team_title,position,games,time,goals,xG,assists,xA,shots,key_passes,yellow_cards,red_cards,npg,npxG,xGChain,xGBuildup
8368,3152,Georgi Peev,Amkar,M S,15,797,5,2.917248019017279,3,0.4082651701755821,19,10,2,1,3,1.4086973601952195,2.250674743205309,0.6304699671454728
8369,3152,Georgi Peev,Amkar,M S,20,1264,3,3.7197037087753415,0,1.9458123967051504,31,29,3,0,1,2.211153064854443,3.700276862829924,0.3317235810682177
