,id,player_name,team_title,position,games,time,goals,xG,assists,xA,shots,key_passes,yellow_cards,red_cards,npg,npxG,xGChain,xGBuildup
8385,771,Georginio Wijnaldum,Paris Saint Germain,M S,15,751,1,1.7952469661831856,1,1.245955854654312,12,4,0,0,1,1.7952469661831856,7.559515327215195,4.7038402911275625
8386,771,Georginio Wijnaldum,Liverpool,D M S,33,2392,1,2.990428166463971,2,1.6406515073031187,38,22,1,0,1,2.990428166463971,9.85788979753852,6.88566056266427
8387,771,Georginio Wijnaldum,Liverpool,M S,35,2749,3,3.180203888565302,0,1.943438841961324,30,25,3,0,3,3.180203888565302,14.71228356473148,10.547691758722069
8388,771,Georginio Wijnaldum,Newcastle United,M S,38,3178,11,7.928207719698548,5,3.817440377548337,54,47,1,0,10,7.1670388747006655,14.63786890078336,5.733466842211783
8389,771,Georginio Wijnaldum,Liverpool,M S,36,2981,6,5.565248823724687,9,5.296918980777264,60,43,2,0,6,5.565248823724687,18.88097246736288,10.87472141906619
8390,771,Georginio Wijnaldum,Liverpool,M S,37,2980,4,2.651081571355462,0,0.8085457179695368,36,18,0,0,4,2.651081571355462,13.478653196245432,10.85671390965581
8391,771,Georginio Wijnaldum,Liverpool,M S,38,2961,2,2.817426797002554,0,1.6629218505695462,31,21,1,0,2,2.817426797002554,13.922181812115014,10.476276839151978
