,id,player_name,team_title,position,games,time,goals,xG,assists,xA,shots,key_passes,yellow_cards,red_cards,npg,npxG,xGChain,xGBuildup
8403,2915,Georgy Schennikov,CSKA Moscow,D M S,20,1395,1,0.8609115602448583,1,1.1105696111917496,6,12,3,0,1,0.8609115602448583,4.650196995586157,3.103735533542931
8404,2915,Georgy Schennikov,CSKA Moscow,D M,9,766,2,0.6527173966169357,0,0.0753567293286323,5,4,3,0,2,0.6527173966169357,3.183176686987281,2.455102590844035
8405,2915,Georgy Schennikov,CSKA Moscow,D,12,1009,0,0.120776243507862,0,0.5366542330011725,2,6,3,0,0,0.120776243507862,3.767091861926019,3.1774571798741817
8406,2915,Georgy Schennikov,CSKA Moscow,D M S,25,2050,0,0.1885829586535692,1,1.4820396890863776,4,17,4,0,0,0.1885829586535692,6.794416647404432,5.575336690992117
8407,2915,Georgy Schennikov,CSKA Moscow,D S,19,1551,0,0.2003328334540128,1,0.8544154968112707,4,10,1,0,0,0.2003328334540128,3.056845549494028,2.674105253070593
8408,2915,Georgy Schennikov,CSKA Moscow,D M S,19,1629,3,1.9640956744551656,1,0.854558733291924,9,19,2,0,3,1.9640956744551656,6.498510636389256,3.981678919866681
8409,2915,Georgy Schennikov,CSKA Moscow,D S,22,1750,0,0.5662787817418575,0,2.186660436913371,10,18,3,0,0,0.5662787817418575,6.583797659724951,4.802446253597736
8410,2915,Georgy Schennikov,CSKA Moscow,D S,6,349,0,0.0383992493152618,0,0.0993163250386715,1,3,0,0,0,0.0383992493152618,1.0663317553699017,1.0260583721101284
