,id,player_name,team_title,position,games,time,goals,xG,assists,xA,shots,key_passes,yellow_cards,red_cards,npg,npxG,xGChain,xGBuildup
8344,3872,George Puscas,Inter,F S,4,67,0,0.0936950035393238,0,0.1047407016158104,2,1,0,0,0,0.0936950035393238,0.1984357014298439,0.0
8345,3872,George Puscas,Benevento,F M S,11,694,1,2.202060049399733,0,0.3087570127099752,22,8,0,0,1,2.202060049399733,1.998624224215746,0.5940116792917252
