,id,player_name,team_title,position,games,time,goals,xG,assists,xA,shots,key_passes,yellow_cards,red_cards,npg,npxG,xGChain,xGBuildup
8433,2092,Gerard Piqué,Barcelona,D S,30,2634,2,2.6340292766690254,0,1.0530618522316215,18,6,9,0,2,2.6340292766690254,18.46478245034814,16.717335175722837
8434,2092,Gerard Piqué,Barcelona,D,25,2193,2,3.5219445154070854,0,0.7796937823295593,20,3,6,0,2,3.5219445154070854,15.20800957083702,12.700626581907272
8435,2092,Gerard Piqué,Barcelona,D,35,3102,1,2.5585095826536417,0,0.3847689982503652,14,5,15,0,1,2.5585095826536417,15.995200077071786,14.439008696004748
8436,2092,Gerard Piqué,Barcelona,D S,27,2383,5,3.753405377268791,1,0.8372067734599113,20,4,6,0,5,3.753405377268791,14.040410071611404,12.008071932941675
8437,2092,Gerard Piqué,Barcelona,D S,14,1020,1,1.0660947300493715,0,0.1168679296970367,6,1,5,0,1,1.0660947300493715,3.774232529103756,3.6238532066345215
8438,2092,Gerard Piqué,Barcelona,D,35,3150,4,4.12733706086874,2,1.386895578354597,18,6,6,0,4,4.12733706086874,14.633865851908922,13.671035397797825
8439,2092,Gerard Piqué,Barcelona,D,30,2595,2,3.142919586971402,1,1.2324169799685478,13,6,12,0,2,3.142919586971402,15.15146068483591,13.41568098217249
8440,2092,Gerard Piqué,Barcelona,D,18,1490,0,0.5799966752529144,0,0.5313427895307541,9,2,3,0,0,0.5799966752529144,8.81834627687931,8.523909449577332
