,id,player_name,team_title,position,games,time,goals,xG,assists,xA,shots,key_passes,yellow_cards,red_cards,npg,npxG,xGChain,xGBuildup
8453,2143,Germán Pezzella,Real Betis,D S,25,2166,3,1.1357177617028356,1,1.318506844341755,17,3,9,0,3,1.1357177617028356,1.9194867135956883,1.5098019689321518
8454,2143,Germán Pezzella,Real Betis,D,36,3102,1,1.1223392076790333,0,0.5071904417127371,17,7,10,0,1,1.1223392076790333,3.789279641583562,3.423125855624676
8455,2143,Germán Pezzella,Fiorentina,D,33,2836,3,3.262473564594984,1,1.0873984135687351,34,8,12,0,3,3.262473564594984,4.768499251455069,3.975888852030039
8456,2143,Germán Pezzella,Fiorentina,D,34,2988,1,2.2897971849888563,0,0.2707704752683639,24,8,12,0,1,2.2897971849888563,7.205845952033997,6.989757642149925
8457,2143,Germán Pezzella,Fiorentina,D,32,2855,2,2.23317829426378,1,0.7984389290213585,25,6,6,0,2,2.23317829426378,5.346834983676672,5.252893786877394
8458,2143,Germán Pezzella,Real Betis,D S,9,753,1,0.306016806513071,0,0.0,4,0,1,1,1,0.306016806513071,1.1923399791121485,1.1923399791121485
8459,2143,Germán Pezzella,Fiorentina,D,32,2749,1,1.232789452187717,0,0.6834293222054839,16,3,5,0,1,1.232789452187717,3.2205737084150314,3.158882349729538
