,id,player_name,team_title,position,games,time,goals,xG,assists,xA,shots,key_passes,yellow_cards,red_cards,npg,npxG,xGChain,xGBuildup
8443,8143,German Onugkha,FC Krasnodar,S,2,19,0,0.084300946444273,0,0.0,3,0,0,0,0,0.084300946444273,0.0474592372775077,0.0
8444,8143,German Onugkha,FC Tambov,F S,11,692,4,3.397149657830596,0,0.1713012903928756,21,2,5,0,3,1.8885990483686328,2.35272703692317,0.4104110915213823
8445,8143,German Onugkha,"Krylya Sovetov Samara,Rubin Kazan",F S,16,762,1,1.7617996484041214,0,0.2077377401292324,22,6,3,0,1,1.7617996484041214,2.194166347384453,0.4087540879845619
