,id,player_name,team_title,position,games,time,goals,xG,assists,xA,shots,key_passes,yellow_cards,red_cards,npg,npxG,xGChain,xGBuildup
8468,1258,Gerson,Marseille,F M S,16,938,3,2.5095180068165064,2,1.4149235654622316,12,11,1,0,3,2.5095180068165064,5.167956100776792,2.2334425821900368
8469,1258,Gerson,Roma,F M S,24,889,2,1.5774693842977283,1,0.8880923427641392,9,12,1,0,2,1.5774693842977283,3.363962162286043,1.8903241269290447
8470,1258,Gerson,Fiorentina,F M S,36,2435,3,2.637503031641245,3,2.90548698278144,39,37,8,0,3,2.637503031641245,9.830611187964678,5.672372169792652
8471,1258,Gerson,Roma,M S,4,131,0,0.0,0,0.0341994240880012,0,1,1,0,0,0.0,1.083593726158142,1.083593726158142
