,id,player_name,team_title,position,games,time,goals,xG,assists,xA,shots,key_passes,yellow_cards,red_cards,npg,npxG,xGChain,xGBuildup
8472,2874,Gerson Acevedo,Ural,F M S,22,1733,6,4.798294961452484,6,3.7776166098192334,51,39,1,1,5,3.2897443044930696,7.887428307905793,3.078648048453033
8473,2874,Gerson Acevedo,Ural,M S,23,1281,3,2.2639059335924685,1,1.979921938851476,29,23,5,0,3,1.5096306116320193,4.4000130370259285,2.242840317543596
