,id,player_name,team_title,position,games,time,goals,xG,assists,xA,shots,key_passes,yellow_cards,red_cards,npg,npxG,xGChain,xGBuildup
8496,6882,Ghislain Konan,Reims,D,20,1800,0,0.0148109309375286,1,1.6202763793990016,1,17,0,0,0,0.0148109309375286,4.236032055690885,2.710663886740804
8497,6882,Ghislain Konan,Reims,D M,16,1398,1,0.3103317776694894,1,2.385295484215021,13,17,1,0,1,0.3103317776694894,4.263718370348215,2.766422735527158
8498,6882,Ghislain Konan,Reims,D S,16,1331,0,0.0237479591742157,1,1.096171042881906,2,12,0,1,0,0.0237479591742157,2.8237298242747784,2.6248326934874058
8499,6882,Ghislain Konan,Reims,D S,31,2614,2,0.2512162253260612,1,0.932284007780254,8,18,5,0,2,0.2512162253260612,5.987438827753067,5.337640877813101
