,id,player_name,team_title,position,games,time,goals,xG,assists,xA,shots,key_passes,yellow_cards,red_cards,npg,npxG,xGChain,xGBuildup
8527,1911,Giampiero Pinzi,Chievo,M S,18,986,0,0.1185179390013217,0,0.2789073996245861,3,7,7,0,0,0.1185179390013217,2.0737483836710453,1.8138007335364816
8528,1911,Giampiero Pinzi,Udinese,M S,19,1291,1,0.3582043442875147,0,0.3873641584068537,10,7,11,0,1,0.3582043442875147,3.506238378584385,2.847394418902695
