,id,player_name,team_title,position,games,time,goals,xG,assists,xA,shots,key_passes,yellow_cards,red_cards,npg,npxG,xGChain,xGBuildup
8543,1534,Giancarlo Gonzalez,Palermo,D,28,2493,1,1.2988187610171735,1,0.7668711636215448,13,5,6,0,1,1.2988187610171735,4.727957006543875,4.609929379075766
8544,1534,Giancarlo Gonzalez,Palermo,D,35,3138,2,0.3816602807492018,0,0.2627854188904166,5,5,11,0,2,0.3816602807492018,2.552950284443796,2.5220943093299866
8545,1534,Giancarlo Gonzalez,Palermo,D M S,21,1659,1,1.1015830244868994,0,0.236379062756896,5,6,7,2,1,1.1015830244868994,1.0807445235550404,0.99979102704674
8546,1534,Giancarlo Gonzalez,Bologna,D S,12,744,0,0.1308103203773498,1,0.97873255610466,2,3,2,0,0,0.1308103203773498,1.088895390741527,1.088895390741527
8547,1534,Giancarlo Gonzalez,Bologna,D,22,1865,0,0.1333804316818714,0,0.0,2,0,4,2,0,0.1333804316818714,2.985097073018551,2.985097073018551
