,id,player_name,team_title,position,games,time,goals,xG,assists,xA,shots,key_passes,yellow_cards,red_cards,npg,npxG,xGChain,xGBuildup
8554,1170,Gianluca Caprari,Verona,F M S,15,1110,4,3.033160634338856,4,3.506008346565068,32,24,2,0,3,2.2718617990612984,10.690860010683537,5.658623039722443
8555,1170,Gianluca Caprari,Pescara,F M S,35,3113,9,10.757577680051329,4,5.715448755770922,107,48,8,0,8,8.473681308329105,16.081060152500868,5.737012503668666
8556,1170,Gianluca Caprari,Sampdoria,F M S,21,1033,6,2.3816134221851826,2,1.339919030666351,30,14,1,0,6,2.3816134221851826,4.803974989801645,1.6007588552311065
8557,1170,Gianluca Caprari,"Parma Calcio 1913,Sampdoria",F M S,30,1232,5,3.634027590043843,0,2.111815467476845,39,24,3,1,4,2.8727287547662854,6.652681480161846,2.6404264383018017
8558,1170,Gianluca Caprari,Benevento,F M S,30,1900,5,3.830051966942847,6,2.463299870491028,48,34,4,1,5,3.068753161467612,6.256533400155604,2.598371963016689
8559,1170,Gianluca Caprari,Sampdoria,F M S,34,1790,5,8.333225145936012,2,3.549483146518469,68,36,4,1,5,8.333225145936012,13.47790927067399,3.137258043512702
