,id,player_name,team_title,position,games,time,goals,xG,assists,xA,shots,key_passes,yellow_cards,red_cards,npg,npxG,xGChain,xGBuildup
8536,294,Gian-Luca Waldschmidt,Freiburg,F S,23,1273,7,5.223066927865148,1,1.6328163295984268,43,12,3,0,4,2.949817294254899,6.183821469545364,2.1079123578965664
8537,294,Gian-Luca Waldschmidt,Eintracht Frankfurt,S,12,221,0,0.9001066386699677,1,0.9392097406089306,5,9,0,0,0,0.9001066386699677,2.830586262047291,1.070807971060276
8538,294,Gian-Luca Waldschmidt,Freiburg,F M S,30,1705,9,7.428588226437569,1,2.396783926524222,64,23,1,0,6,5.155258126556873,9.611495083197951,4.248695028945804
8539,294,Gian-Luca Waldschmidt,Wolfsburg,M S,8,455,1,0.9095026850700378,0,0.1115417443215847,11,3,1,0,1,0.9095026850700378,1.134242495521903,0.1818616613745689
8540,294,Gian-Luca Waldschmidt,Hamburger SV,M S,14,350,1,0.6689112856984138,1,0.3047145660966635,9,4,0,0,1,0.6689112856984138,1.0246144775301218,0.2079890146851539
8541,294,Gian-Luca Waldschmidt,Eintracht Frankfurt,M S,3,103,0,0.0393698066473007,0,0.0,1,0,0,0,0,0.0393698066473007,0.0393698066473007,0.0
8542,294,Gian-Luca Waldschmidt,Hamburger SV,F M S,21,790,1,2.670811990275979,0,0.7165295816957951,31,7,0,0,1,2.670811990275979,3.1357355918735266,1.2869503758847711
