,id,player_name,team_title,position,games,time,goals,xG,assists,xA,shots,key_passes,yellow_cards,red_cards,npg,npxG,xGChain,xGBuildup
8631,3769,Gil Dias,Fiorentina,F M S,27,1173,2,2.00704287737608,2,1.1260776594281197,31,22,1,0,2,2.00704287737608,4.600293129682541,1.6550168078392744
8632,3769,Gil Dias,Granada,D M S,12,332,0,0.4167897831648588,1,0.4396671950817108,6,7,1,0,0,0.4167897831648588,1.2668174132704737,0.574800219386816
8633,3769,Gil Dias,Monaco,S,1,6,0,0.0369722917675972,0,0.0,1,0,0,0,0,0.0369722917675972,0.0369722917675972,0.0
8634,3769,Gil Dias,Monaco,D M S,14,1055,0,1.084066092967987,0,1.8822795543819664,17,13,3,0,0,1.084066092967987,7.543142315000296,5.475674629211426
