,id,player_name,team_title,position,games,time,goals,xG,assists,xA,shots,key_passes,yellow_cards,red_cards,npg,npxG,xGChain,xGBuildup
8675,1576,Giorgio Chiellini,Juventus,D S,21,1636,2,1.5418972168117762,1,0.1634859349578619,13,4,4,0,2,1.5418972168117762,7.870770180597901,7.666724154725671
8676,1576,Giorgio Chiellini,Juventus,D S,4,205,1,0.528497576713562,0,0.0,1,0,0,0,1,0.528497576713562,1.6591923218220472,1.6591923218220472
8677,1576,Giorgio Chiellini,Juventus,D S,17,1391,0,0.5776772666722536,1,0.6716464981436729,6,2,4,0,0,0.5776772666722536,8.073981806635857,8.073981806635857
8678,1576,Giorgio Chiellini,Juventus,D S,25,1993,1,1.0889896042644978,1,0.3884360436350107,13,8,3,0,1,1.0889896042644978,9.03277499973774,8.8878353536129
8679,1576,Giorgio Chiellini,Juventus,D S,24,1786,1,1.3935949662700295,0,1.241808399558067,15,11,4,1,1,1.3935949662700295,7.822256814688444,6.902480747550726
8680,1576,Giorgio Chiellini,Juventus,D S,26,2162,0,1.0300693456083536,2,0.6477243490517139,10,6,2,0,0,1.0300693456083536,8.50724908336997,8.16809881851077
8681,1576,Giorgio Chiellini,Juventus,D S,10,767,0,0.0200874432921409,0,0.046275807544589,1,2,2,0,0,0.0200874432921409,1.8170910477638245,1.8170910477638245
8682,1576,Giorgio Chiellini,Juventus,D S,28,2447,0,1.3960519470274448,1,0.8428824041038752,20,12,7,0,0,1.3960519470274448,8.653539441525936,8.382515527307987
