,id,player_name,team_title,position,games,time,goals,xG,assists,xA,shots,key_passes,yellow_cards,red_cards,npg,npxG,xGChain,xGBuildup
8652,5412,Giorgi Chanturia,Ural,M S,12,649,2,2.0115485601127148,1,0.1775957830250263,20,4,2,0,1,1.2572732381522655,1.8514935299754145,0.7132196370512247
8653,5412,Giorgi Chanturia,Ural,M S,18,784,3,2.3433767249807715,1,0.8831672295928001,21,16,2,0,1,0.8348260810598731,2.0351311806589365,0.9601915944367648
