,id,player_name,team_title,position,games,time,goals,xG,assists,xA,shots,key_passes,yellow_cards,red_cards,npg,npxG,xGChain,xGBuildup
8706,8191,Giovanni Reyna,Borussia Dortmund,M,3,227,2,1.1238229721784592,0,0.6669577658176422,6,9,0,0,2,1.1238229721784592,1.9325531721115112,0.5809863954782486
8707,8191,Giovanni Reyna,Borussia Dortmund,F M S,15,339,0,0.2257694825530052,1,0.9767964202910662,4,5,2,0,0,0.2257694825530052,3.927989225834608,3.267911355942488
8708,8191,Giovanni Reyna,Borussia Dortmund,M S,32,1985,4,4.295198937878013,5,4.956997659057379,38,35,1,0,4,4.295198937878013,14.308373365551232,8.147430300712585
