,id,player_name,team_title,position,games,time,goals,xG,assists,xA,shots,key_passes,yellow_cards,red_cards,npg,npxG,xGChain,xGBuildup
8694,6169,Giovanni Crociata,Crotone,F S,11,272,1,1.302966152317822,0,0.0878224084153771,9,3,0,0,1,1.302966152317822,2.1780935134738684,0.8552092686295509
8695,6169,Giovanni Crociata,Empoli,S,1,14,0,0.1248357370495796,0,0.0,1,0,0,0,0,0.1248357370495796,0.1432771831750869,0.0184414479881525
8696,6169,Giovanni Crociata,Crotone,S,2,21,0,0.0,0,0.0919831395149231,0,1,0,0,0,0.0,0.0919831395149231,0.0
