,id,player_name,team_title,position,games,time,goals,xG,assists,xA,shots,key_passes,yellow_cards,red_cards,npg,npxG,xGChain,xGBuildup
8764,944,Glen Johnson,Stoke,D,25,2191,0,0.809079946950078,3,3.0968161933124065,17,18,1,0,0,0.809079946950078,7.91455215960741,5.03968171402812
8765,944,Glen Johnson,Liverpool,D S,19,1324,1,1.052791423164308,0,0.3069630051031708,8,5,2,0,1,1.052791423164308,3.6360182091593742,2.420418879017234
8766,944,Glen Johnson,Stoke,D M S,23,1952,0,0.459941791370511,0,1.4694399908185003,8,11,1,0,0,0.459941791370511,6.955051695927978,5.458873128518462
8767,944,Glen Johnson,Stoke,D S,9,558,0,0.0881879217922687,0,0.1874536350369453,2,4,3,0,0,0.0881879217922687,0.365787923336029,0.1441455744206905
