,id,player_name,team_title,position,games,time,goals,xG,assists,xA,shots,key_passes,yellow_cards,red_cards,npg,npxG,xGChain,xGBuildup
8820,1418,Gonzalo Rodríguez,Fiorentina,D,30,2685,7,5.228588350117207,0,0.64558519795537,20,5,9,1,6,2.9446918442845345,7.647633573971689,7.009212790988386
8821,1418,Gonzalo Rodríguez,Fiorentina,D,35,3144,4,1.141474856995046,0,0.5001546200364828,11,7,7,0,4,1.141474856995046,8.926405841484666,8.566303383558989
8822,1418,Gonzalo Rodríguez,Fiorentina,D,26,2210,1,0.8750012861564755,0,0.2883657654747367,13,2,6,2,1,0.8750012861564755,5.070842988789082,4.774619337171316
