,id,player_name,team_title,position,games,time,goals,xG,assists,xA,shots,key_passes,yellow_cards,red_cards,npg,npxG,xGChain,xGBuildup
8814,6953,Gonzalo Melero,Levante,M S,10,671,1,0.8031904809176922,2,0.5261601191014051,7,6,3,0,1,0.8031904809176922,1.5577029827982187,0.4071173369884491
8815,6953,Gonzalo Melero,Levante,F M S,29,1868,7,3.866564702242613,1,1.599389766342938,28,20,4,0,7,3.866564702242613,11.250779751688242,8.103928638622165
8816,6953,Gonzalo Melero,SD Huesca,M S,22,1347,2,4.723770773038268,1,1.816194355487824,23,22,3,0,1,3.2372155394405127,7.075566790997982,2.6372956335544586
8817,6953,Gonzalo Melero,Levante,F M S,25,1235,2,3.043441175483167,1,1.9937744420021768,18,12,4,0,1,2.3001635065302253,5.693599343299866,2.851232588291168
