,id,player_name,team_title,position,games,time,goals,xG,assists,xA,shots,key_passes,yellow_cards,red_cards,npg,npxG,xGChain,xGBuildup
8845,1115,Goran Pandev,Genoa,F M S,29,1400,7,4.1411514254286885,3,1.401775412261486,20,14,5,0,6,3.379852590151131,9.656093129888175,5.691990000195801
8846,1115,Goran Pandev,Genoa,F M S,20,843,3,4.0598567686975,0,1.366409756243229,22,14,1,1,3,4.0598567686975,6.365824991837144,1.7521615456789732
8847,1115,Goran Pandev,Genoa,F M S,34,1673,9,6.46758465282619,1,2.3046125900000334,37,22,4,1,9,6.46758465282619,13.506866136565804,5.404654171317816
8848,1115,Goran Pandev,Genoa,F S,16,683,0,0.3169981800019741,1,0.8059350363910198,4,9,1,0,0,0.3169981800019741,1.6352395471185446,0.5123063242062926
8849,1115,Goran Pandev,Genoa,F M S,32,1830,5,5.177306738682091,1,3.615246399305761,43,31,4,1,5,5.177306738682091,11.404106201604009,4.609097575768828
8850,1115,Goran Pandev,Genoa,F M S,26,1123,4,3.15883390698582,2,1.5587782971560955,27,21,6,0,4,3.15883390698582,4.886693377047777,1.516345165669918
8851,1115,Goran Pandev,Genoa,F S,15,820,0,2.4453712441027164,0,0.5491249468177557,17,14,0,1,0,2.4453712441027164,3.669191379100084,0.8665920495986938
