,id,player_name,team_title,position,games,time,goals,xG,assists,xA,shots,key_passes,yellow_cards,red_cards,npg,npxG,xGChain,xGBuildup
8879,841,Graziano Pellè,Parma Calcio 1913,F S,13,604,1,1.602039970457554,2,2.1137655712664127,14,12,1,0,1,1.602039970457554,4.319592647254467,2.2076486945152283
8880,841,Graziano Pellè,Southampton,F S,30,2167,11,7.350174624472856,6,3.987357068806887,80,37,6,0,11,7.350174624472856,13.013468904420732,3.892818572930992
8881,841,Graziano Pellè,Southampton,F S,38,3291,12,18.616503284312785,2,4.481623747386038,123,43,6,0,12,18.616503284312785,24.785646935924888,5.598169405013323
