,id,player_name,team_title,position,games,time,goals,xG,assists,xA,shots,key_passes,yellow_cards,red_cards,npg,npxG,xGChain,xGBuildup
8916,2414,Grzegorz Krychowiak,West Bromwich Albion,M S,27,1644,0,0.4655824452638626,2,1.7196670453995466,15,13,2,0,0,0.4655824452638626,3.614705588668585,1.9804871566593647
8917,2414,Grzegorz Krychowiak,"FC Krasnodar,Lokomotiv Moscow",M,15,1287,4,5.120143961161375,3,3.143285119906068,41,28,0,2,1,2.103042660281062,8.790705785155296,5.516334554180503
8918,2414,Grzegorz Krychowiak,Lokomotiv Moscow,F M S,26,2263,9,5.416873384267092,3,3.238405905663967,63,23,7,1,8,4.66259952262044,14.046899534761906,8.223813746124506
8919,2414,Grzegorz Krychowiak,Paris Saint Germain,M S,11,658,0,0.4758803807199001,0,0.1213162112981081,5,3,2,0,0,0.4758803807199001,4.252391027286649,3.839772390201688
8920,2414,Grzegorz Krychowiak,Lokomotiv Moscow,M,26,2279,9,6.800339721143246,2,1.855442147701979,76,16,9,0,9,6.800339721143246,13.698831034824252,7.647074351087213
8921,2414,Grzegorz Krychowiak,Sevilla,M S,32,2718,2,2.0900040613487363,1,1.0514316819608212,34,5,13,1,2,2.0900040613487363,9.005105298012495,8.390256641432643
8922,2414,Grzegorz Krychowiak,Lokomotiv Moscow,D M,27,2406,2,4.115378242917359,2,0.7917053001001477,48,15,6,1,2,4.115378242917359,8.450986415147781,6.5577442198991776
8923,2414,Grzegorz Krychowiak,Sevilla,D M S,26,2269,0,1.5867934599518776,0,0.2103010881692171,20,6,6,0,0,1.5867934599518776,8.163909953087568,7.808827012777328
