,id,player_name,team_title,position,games,time,goals,xG,assists,xA,shots,key_passes,yellow_cards,red_cards,npg,npxG,xGChain,xGBuildup
8929,3809,Grégory Sertic,Bordeaux,D M S,27,2098,1,1.4908800525590775,0,1.4429257158190012,36,17,6,0,1,1.4908800525590775,8.410716203972697,7.879397409036756
8930,3809,Grégory Sertic,Bordeaux,D,1,24,0,0.0,0,0.0,0,0,0,0,0,0.0,0.0,0.0
8931,3809,Grégory Sertic,Marseille,D M S,7,339,0,0.6652105944231153,0,0.0898758098483085,6,1,1,0,0,0.6652105944231153,0.976751521229744,0.7235138937830925
8932,3809,Grégory Sertic,Marseille,M S,4,106,0,0.0549563579261302,0,0.0,1,0,1,0,0,0.0549563579261302,0.0712894387543201,0.0712894387543201
8933,3809,Grégory Sertic,"Bordeaux,Marseille",D M S,25,2018,1,0.956101031973958,0,0.616731483489275,13,10,2,0,1,0.956101031973958,4.0681373700499535,3.69794986769557
