,id,player_name,team_title,position,games,time,goals,xG,assists,xA,shots,key_passes,yellow_cards,red_cards,npg,npxG,xGChain,xGBuildup
8961,4734,Guido Milan,Metz,D S,22,1731,1,0.5775081608444452,0,0.1264172606170177,6,3,2,0,1,0.5775081608444452,1.6774089699611068,1.5903729712590575
8962,4734,Guido Milan,Metz,D S,24,1930,1,1.1204776465892792,0,0.2427880335599184,9,4,4,2,1,1.1204776465892792,1.3703081281855702,1.2350573325529697
