,id,player_name,team_title,position,games,time,goals,xG,assists,xA,shots,key_passes,yellow_cards,red_cards,npg,npxG,xGChain,xGBuildup
8995,6073,Guillermo Maripán,Alaves,D S,23,2008,2,2.122816235758364,2,1.2374654114246368,15,3,5,0,2,2.122816235758364,3.389126537367701,2.619978891685605
8996,6073,Guillermo Maripán,Alaves,D S,19,1528,0,0.7549394890666008,0,0.0124834217131137,4,1,4,0,0,0.7549394890666008,2.528810702264309,2.516327280551195
8997,6073,Guillermo Maripán,Alaves,D,1,90,0,0.0,0,0.0,0,0,0,0,0,0.0,0.0,0.0
8998,6073,Guillermo Maripán,Monaco,D S,12,919,0,0.1288761422038078,0,0.4735342860221863,3,1,3,0,0,0.1288761422038078,5.755810838192701,5.282276552170515
8999,6073,Guillermo Maripán,Monaco,D,20,1757,2,1.8745431089773767,0,0.0515955984592437,12,1,2,0,2,1.8745431089773767,4.788382742553949,4.694669922813773
9000,6073,Guillermo Maripán,Monaco,D S,28,2079,5,2.666299056261778,1,0.8172836676239967,15,3,7,0,5,2.666299056261778,6.939393173903227,6.939393173903227
