,id,player_name,team_title,position,games,time,goals,xG,assists,xA,shots,key_passes,yellow_cards,red_cards,npg,npxG,xGChain,xGBuildup
8987,3403,Guillaume Gillet,Nantes,M,19,1710,1,1.6433124896138906,0,0.969870213419199,21,10,5,0,1,1.6433124896138906,3.7048195665702224,2.6940023861825466
8988,3403,Guillaume Gillet,Nantes,M,38,3369,3,2.7264022724702954,0,1.772924305871129,47,21,5,0,3,2.7264022724702954,9.230737630277872,6.457961643114686
8989,3403,Guillaume Gillet,Nantes,S,1,15,0,0.0,0,0.0,0,0,1,0,0,0.0,0.0,0.0
8990,3403,Guillaume Gillet,SC Bastia,D M S,38,3350,2,2.07657799590379,2,2.452247316017747,26,18,6,0,2,2.07657799590379,4.1328642554581165,2.657713744789362
