,id,player_name,team_title,position,games,time,goals,xG,assists,xA,shots,key_passes,yellow_cards,red_cards,npg,npxG,xGChain,xGBuildup
9004,547,Guillermo Varela,Dinamo Moscow,D S,15,1056,0,0.044480625540018,2,1.3052523843944073,2,10,4,0,0,0.044480625540018,3.797873560339213,3.39533300884068
9005,547,Guillermo Varela,Dinamo Moscow,D S,17,1368,0,0.7548893159255385,0,0.6763908797875047,5,10,3,0,0,0.7548893159255385,4.223868252709508,2.9498857390135527
9006,547,Guillermo Varela,Eintracht Frankfurt,D M S,7,429,0,0.0,0,0.083120260387659,0,2,1,0,0,0.0,0.5910208113491535,0.5079005509614944
9007,547,Guillermo Varela,Manchester United,D S,4,312,0,0.0120516056194901,0,0.0229804050177335,1,1,1,0,0,0.0120516056194901,1.4535873495042324,1.4535873495042324
