,id,player_name,team_title,position,games,time,goals,xG,assists,xA,shots,key_passes,yellow_cards,red_cards,npg,npxG,xGChain,xGBuildup
9020,2408,Gurpegi,Athletic Club,D S,15,1142,0,0.146067245863378,0,0.040662758052349,5,1,4,0,0,0.146067245863378,1.708527196198702,1.6455705873668194
9021,2408,Gurpegi,Athletic Club,D S,23,1426,1,0.4146928554400801,0,0.073571965098381,4,1,7,0,1,0.4146928554400801,1.282212072983384,1.282212072983384
