,id,player_name,team_title,position,games,time,goals,xG,assists,xA,shots,key_passes,yellow_cards,red_cards,npg,npxG,xGChain,xGBuildup
9042,2971,Gökdeniz Karadeniz,Rubin Kazan,M S,9,411,0,0.3398611233569681,0,0.3907898012548685,7,8,0,0,0,0.3398611233569681,1.1503436975181105,0.5687119513750076
9043,2971,Gökdeniz Karadeniz,Rubin Kazan,F M S,21,1748,7,5.470507204532623,3,5.023026891052723,44,38,6,0,5,3.2076826840639114,9.682235565036535,4.759115733206272
9044,2971,Gökdeniz Karadeniz,Rubin Kazan,F M S,22,1554,5,3.620391109958291,2,3.321951011195779,33,29,1,0,5,3.620391109958291,7.39552997238934,1.351466005668044
9045,2971,Gökdeniz Karadeniz,Rubin Kazan,F M S,21,1012,2,1.3984863590449097,6,2.383903421461582,16,18,2,0,2,1.3984863590449097,3.3992703948169947,0.965027641505003
