,id,player_name,team_title,position,games,time,goals,xG,assists,xA,shots,key_passes,yellow_cards,red_cards,npg,npxG,xGChain,xGBuildup
9066,189,Hakan Calhanoglu,Bayer Leverkusen,F M S,15,1223,6,4.495483834296465,5,3.713459603488445,47,29,1,0,5,2.9800109043717384,7.142979346215725,4.036382552236319
9067,189,Hakan Calhanoglu,AC Milan,F M S,31,2179,6,5.179458333179355,8,7.270403755828738,86,71,4,1,6,5.179458333179355,15.279023475944996,6.795605609193444
9068,189,Hakan Calhanoglu,Bayer Leverkusen,F M S,33,2528,8,5.910272120498121,6,5.445561430417001,105,73,3,0,8,5.152495465241373,12.050513446331024,6.476270603947341
9069,189,Hakan Calhanoglu,AC Milan,F M S,35,2749,9,7.681595234200358,9,8.011519420892,101,69,6,0,8,6.920336274430156,19.854513060301542,8.756981942802668
9070,189,Hakan Calhanoglu,AC Milan,F M S,36,2913,3,5.535521266981959,6,6.494290472008288,102,84,3,0,3,5.535521266981959,16.508140441030264,8.498847278766334
9071,189,Hakan Calhanoglu,Bayer Leverkusen,F M S,31,2267,3,5.778483189642429,5,7.707713959738612,87,81,1,0,2,4.263091243803501,12.024914886802437,5.760756090283394
9072,189,Hakan Calhanoglu,Inter,M S,15,1017,6,3.434337118640542,5,3.0262617729604244,31,35,3,0,4,1.911739444360137,7.208437100052834,6.044858001172543
9073,189,Hakan Calhanoglu,AC Milan,M S,33,2641,4,4.757032563909888,9,8.855919186025858,84,97,4,0,3,3.9957337211817503,15.453609466552734,9.753074357286096
