,id,player_name,team_title,position,games,time,goals,xG,assists,xA,shots,key_passes,yellow_cards,red_cards,npg,npxG,xGChain,xGBuildup
9075,8992,Hakim Ziyech,Chelsea,F M S,23,1182,2,1.9873138703405857,3,4.478449191898108,35,34,3,0,2,1.9873138703405857,7.660671561956406,3.691924286074936
9076,8992,Hakim Ziyech,Chelsea,M S,8,389,1,1.987255621701479,2,1.2473087646067142,23,10,2,0,1,1.987255621701479,5.20397786796093,2.432141315191984
