,id,player_name,team_title,position,games,time,goals,xG,assists,xA,shots,key_passes,yellow_cards,red_cards,npg,npxG,xGChain,xGBuildup
9080,280,Halil Altintop,Augsburg,F M S,31,2485,3,3.877148231491448,4,5.7025832533836365,37,51,1,0,3,3.877148231491448,12.626767199486494,5.255558796226978
9081,280,Halil Altintop,Augsburg,F M S,31,1602,6,3.799999380484224,2,1.3146927561610935,16,15,1,0,6,3.799999380484224,7.89649820048362,2.958780725486577
9082,280,Halil Altintop,Augsburg,F M S,19,1212,1,1.7817077152431011,2,1.2878953255712986,14,15,1,0,1,1.7817077152431011,4.631014896556735,1.8571550166234367
