,id,player_name,team_title,position,games,time,goals,xG,assists,xA,shots,key_passes,yellow_cards,red_cards,npg,npxG,xGChain,xGBuildup
9133,291,Haris Seferovic,Eintracht Frankfurt,F M S,25,1055,3,4.280140567570925,0,1.3105132030323148,31,11,1,1,3,4.280140567570925,6.030856342054904,1.742909817956388
9134,291,Haris Seferovic,Eintracht Frankfurt,F M,32,2855,10,9.43424029648304,5,5.471468250267208,94,34,8,1,10,9.43424029648304,16.65021125972271,6.137011860497296
9135,291,Haris Seferovic,Eintracht Frankfurt,F M S,29,2210,3,5.8111019320786,5,3.5726396292448044,58,26,10,0,2,5.053325276821852,8.944220040924847,1.9424292175099247
