,id,player_name,team_title,position,games,time,goals,xG,assists,xA,shots,key_passes,yellow_cards,red_cards,npg,npxG,xGChain,xGBuildup
9130,2909,Haris Handzic,FC Ufa,F S,19,1002,1,1.0944280046969652,1,1.0734595931135118,15,9,4,0,1,1.0944280046969652,1.5968319438397884,0.2504632910713553
9131,2909,Haris Handzic,FC Ufa,F S,29,1830,4,6.019305419176817,2,0.3368972297757864,35,16,3,0,3,4.510754805058241,5.48689289111644,1.088723519816995
