,id,player_name,team_title,position,games,time,goals,xG,assists,xA,shots,key_passes,yellow_cards,red_cards,npg,npxG,xGChain,xGBuildup
9125,7732,Haris Belkebla,Brest,M S,16,1182,0,0.0,0,0.1015126341953873,0,4,0,0,0,0.0,1.752296457067132,1.7205246780067682
9126,7732,Haris Belkebla,Brest,M S,35,2753,0,0.1265446580946445,0,0.465087590739131,6,11,7,1,0,0.1265446580946445,7.260278960689902,6.698360253125429
9127,7732,Haris Belkebla,Brest,M S,23,1816,0,0.7541285138577223,0,0.4092821441590786,7,9,4,0,0,0.7541285138577223,4.139966523274779,3.0228137504309416
