,id,player_name,team_title,position,games,time,goals,xG,assists,xA,shots,key_passes,yellow_cards,red_cards,npg,npxG,xGChain,xGBuildup
9128,7774,Haris Duljevic,Nimes,F M S,20,760,0,0.7620022082701325,2,1.4047461170703173,15,13,1,0,0,0.7620022082701325,2.6155167864635587,0.5007371678948402
9129,7774,Haris Duljevic,Nimes,F M S,14,502,0,0.4387189205735922,3,1.1244255816563964,14,11,0,0,0,0.4387189205735922,3.1284677796065807,1.7823362573981285
