,id,player_name,team_title,position,games,time,goals,xG,assists,xA,shots,key_passes,yellow_cards,red_cards,npg,npxG,xGChain,xGBuildup
9140,5964,Harrison Manzala,Amiens,M S,37,1862,4,2.528071247041225,3,1.6858454793691635,32,8,3,0,3,1.7679761238396168,4.76626861654222,1.529608629643917
9141,5964,Harrison Manzala,Angers,S,8,56,0,0.215563952922821,0,0.0,2,0,0,0,0,0.215563952922821,0.2333343662321567,0.0177704133093357
