,id,player_name,team_title,position,games,time,goals,xG,assists,xA,shots,key_passes,yellow_cards,red_cards,npg,npxG,xGChain,xGBuildup
9172,6681,Harvey Barnes,Leicester,S,3,5,0,0.0542616583406925,0,0.0,1,0,0,0,0,0.0542616583406925,0.1033472940325737,0.1033472940325737
9173,6681,Harvey Barnes,Leicester,F M S,14,1050,2,2.268230486661196,2,1.2585084401071072,27,12,2,0,2,2.268230486661196,5.163021706044674,2.242656357586384
9174,6681,Harvey Barnes,Leicester,F M S,16,1014,1,3.6233876645565033,2,1.933094335719943,40,17,0,0,1,3.6233876645565033,7.837974512949586,3.3486895114183426
9175,6681,Harvey Barnes,Leicester,F M S,25,1954,9,6.697319919243455,4,1.7716880273073912,56,26,0,0,9,6.697319919243455,8.893774410709739,1.5948405284434557
9176,6681,Harvey Barnes,Leicester,F M S,36,2094,6,8.48061983473599,8,4.085434272885323,61,35,0,0,6,8.48061983473599,17.09378569200635,6.487783459946513
