,id,player_name,team_title,position,games,time,goals,xG,assists,xA,shots,key_passes,yellow_cards,red_cards,npg,npxG,xGChain,xGBuildup
9209,778,Henri Saivet,Bordeaux,M,18,1564,2,0.9880656972527504,0,0.6564866732805967,27,14,3,1,2,0.9880656972527504,3.94546720944345,3.61889036372304
9210,778,Henri Saivet,Newcastle United,M,1,86,1,0.039021398872137,0,0.0,1,0,0,0,1,0.039021398872137,0.5357736349105835,0.5357736349105835
9211,778,Henri Saivet,Saint-Etienne,M S,27,1776,1,2.9207061352208257,2,2.370255471207201,36,22,3,0,1,2.9207061352208257,5.05506103951484,1.9940535640344024
9212,778,Henri Saivet,Bordeaux,F M S,14,733,0,1.4244815586134791,0,0.2180023156106472,21,6,2,0,0,1.4244815586134791,3.3058116491884,2.075249720364809
9213,778,Henri Saivet,Newcastle United,M S,4,150,0,0.0,0,0.0153255937620997,0,1,0,0,0,0.0,0.2304729102179408,0.2304729102179408
