,id,player_name,team_title,position,games,time,goals,xG,assists,xA,shots,key_passes,yellow_cards,red_cards,npg,npxG,xGChain,xGBuildup
9243,2115,Hernán Pérez,Espanyol,F M S,19,797,1,1.2298352345824242,2,2.0980503018945456,15,15,1,0,1,1.2298352345824242,3.826244045048952,0.8537111328914762
9244,2115,Hernán Pérez,Espanyol,F M S,32,2446,7,5.450943760573864,1,2.69938494451344,47,30,12,0,7,5.450943760573864,10.358352575451136,4.038073357194662
9245,2115,Hernán Pérez,Espanyol,M S,32,1798,3,1.4634350463747978,1,0.8869745526462793,26,16,8,0,3,1.4634350463747978,2.9616326224058867,0.999085608869791
9246,2115,Hernán Pérez,"Alaves,Espanyol",M S,14,504,0,0.3496760688722133,0,0.416967824101448,8,6,3,0,0,0.3496760688722133,1.0859512686729431,0.430973183363676
