,id,player_name,team_title,position,games,time,goals,xG,assists,xA,shots,key_passes,yellow_cards,red_cards,npg,npxG,xGChain,xGBuildup
9240,2429,Hernán,Las Palmas,M S,7,350,0,0.999177873134613,0,0.0,5,0,1,0,0,0.999177873134613,1.828523840755224,0.9462119899690152
9241,2429,Hernán,Las Palmas,M S,10,283,0,0.243834801018238,0,0.0193942375481128,7,1,1,1,0,0.243834801018238,0.2906598411500454,0.1548760682344436
9242,2429,Hernán,Las Palmas,D M S,18,928,1,0.3646431099623441,0,0.0440392307937145,9,2,4,0,1,0.3646431099623441,2.704814214259386,2.6343835331499577
