,id,player_name,team_title,position,games,time,goals,xG,assists,xA,shots,key_passes,yellow_cards,red_cards,npg,npxG,xGChain,xGBuildup
9254,3598,Hervin Ongenda,SC Bastia,F M S,16,693,0,0.3941166047006845,0,0.0662382151931524,10,3,1,0,0,0.3941166047006845,0.5095335431396961,0.2217305414378643
9255,3598,Hervin Ongenda,Paris Saint Germain,F M S,5,349,1,0.8297279924154282,1,1.3553570583462715,5,7,0,0,1,0.8297279924154282,4.347870402038097,2.9367844462394714
