,id,player_name,team_title,position,games,time,goals,xG,assists,xA,shots,key_passes,yellow_cards,red_cards,npg,npxG,xGChain,xGBuildup
9266,8050,Hichem Boudaoui,Nice,M S,12,712,2,0.6933158747851849,1,1.440194956958294,7,5,3,0,2,0.6933158747851849,3.2195892836898565,1.8608865719288588
9267,8050,Hichem Boudaoui,Nice,F M S,9,501,0,0.8323803842067719,2,1.1448956727981567,4,7,2,1,0,0.8323803842067719,2.548858238384128,0.7147287409752607
9268,8050,Hichem Boudaoui,Nice,D F M S,25,1763,3,1.9591312566772103,2,1.841359555721283,16,9,9,0,3,1.9591312566772103,6.527605567127466,3.4769661277532578
