,id,player_name,team_title,position,games,time,goals,xG,assists,xA,shots,key_passes,yellow_cards,red_cards,npg,npxG,xGChain,xGBuildup
9281,92,Hiroki Sakai,Hannover 96,D S,26,2293,1,0.3454713812097907,0,0.729194076731801,11,12,1,0,1,0.3454713812097907,3.332325629889965,2.491795462556184
9282,92,Hiroki Sakai,Hannover 96,D M,27,2326,0,0.0,0,1.8999035535380244,0,22,5,1,0,0.0,5.343004383146763,3.792048754170537
9283,92,Hiroki Sakai,Marseille,D S,33,2521,0,0.1243474297225475,3,1.6876168623566628,3,13,1,0,0,0.1243474297225475,10.916600038297474,10.544562697410583
9284,92,Hiroki Sakai,Marseille,D M S,35,3011,0,0.2949549835175276,2,3.704027722589672,3,28,6,0,0,0.2949549835175276,12.472291469573976,10.538454994559288
9285,92,Hiroki Sakai,Marseille,D S,29,2394,0,0.6292660497128963,1,1.3204502323642373,3,18,6,1,0,0.6292660497128963,8.238194981589913,7.600139738060534
9286,92,Hiroki Sakai,Marseille,D S,27,2372,1,0.2643210310488939,4,3.175789183937013,6,26,3,0,1,0.2643210310488939,8.71898639947176,7.569023421034217
9287,92,Hiroki Sakai,Marseille,D S,21,1621,0,0.0962391067296266,0,1.5675213616341352,2,14,3,0,0,0.0962391067296266,5.1783762369304895,4.423508120700717
