,id,player_name,team_title,position,games,time,goals,xG,assists,xA,shots,key_passes,yellow_cards,red_cards,npg,npxG,xGChain,xGBuildup
9317,1162,Hugo Campagnaro,Inter,D S,10,729,0,0.0596892572939395,0,0.6136224800720811,1,7,3,0,0,0.0596892572939395,2.4861388355493546,1.903825957328081
9318,1162,Hugo Campagnaro,Pescara,D S,19,1568,2,0.9534764578565956,0,0.1150043085217475,5,3,8,0,2,0.9534764578565956,0.8309044614434242,0.7951422892510891
