,id,player_name,team_title,position,games,time,goals,xG,assists,xA,shots,key_passes,yellow_cards,red_cards,npg,npxG,xGChain,xGBuildup
9330,637,Hugo Lloris,Tottenham,GK,38,3420,0,0.0,0,0.0,0,0,0,0,0,0.0,4.801015069708228,4.801015069708228
9331,637,Hugo Lloris,Tottenham,GK,35,3063,0,0.0,0,0.0,0,0,0,0,0,0.0,3.1405891943722963,3.1405891943722963
9332,637,Hugo Lloris,Tottenham,GK,33,2970,0,0.0,0,0.0,0,0,0,0,0,0.0,3.5880960039794445,3.5880960039794445
9333,637,Hugo Lloris,Tottenham,GK,21,1808,0,0.0,0,0.0,0,0,0,0,0,0.0,0.6128968093544245,0.6128968093544245
9334,637,Hugo Lloris,Tottenham,GK,34,3004,0,0.0,0,0.0446446668356657,0,2,0,0,0,0.0,4.160327089950442,4.115682451054454
9335,637,Hugo Lloris,Tottenham,GK,36,3240,0,0.0,0,0.0,0,0,1,0,0,0.0,5.444235352799296,5.444235352799296
9336,637,Hugo Lloris,Tottenham,GK,14,1260,0,0.0,0,0.2063242979347705,0,2,0,0,0,0.0,0.9236837197095156,0.7173594180494547
9337,637,Hugo Lloris,Tottenham,GK,37,3330,0,0.0,0,0.0237200111150741,0,1,0,0,0,0.0,4.4387760907411575,4.415056079626083
