,id,player_name,team_title,position,games,time,goals,xG,assists,xA,shots,key_passes,yellow_cards,red_cards,npg,npxG,xGChain,xGBuildup
9313,2680,Hugo Almeida,Hannover 96,F S,7,525,1,0.8908130954951048,0,0.325572719797492,14,6,1,0,1,0.8908130954951048,0.8448018506169319,0.0384502708911895
9314,2680,Hugo Almeida,Anzhi Makhachkala,F S,12,753,2,2.7270435513928533,1,0.9327213186770678,17,7,1,0,2,2.7270435513928533,4.749788925051689,1.1852125907316804
9315,2680,Hugo Almeida,Cesena,F S,10,679,0,0.4406473226845264,1,0.4976075161248445,15,3,0,0,0,0.4406473226845264,0.5683733969926834,0.0851103700697422
9316,2680,Hugo Almeida,Kuban Krasnodar,F S,10,533,2,3.7685215594246975,0,0.6381201157346368,14,4,2,1,2,3.7685215594246975,3.874842496588826,0.3416667710989713
