,id,player_name,team_title,position,games,time,goals,xG,assists,xA,shots,key_passes,yellow_cards,red_cards,npg,npxG,xGChain,xGBuildup
9384,7893,Héctor Herrera,Atletico Madrid,M S,21,1111,0,0.6312573291361332,2,2.3951810877770185,14,21,1,0,0,0.6312573291361332,4.987689808011055,3.611177201382816
9385,7893,Héctor Herrera,Atletico Madrid,M S,8,247,0,0.2056152811273932,0,0.4004335775971412,4,6,1,0,0,0.2056152811273932,0.4561027651652694,0.1325416080653667
9386,7893,Héctor Herrera,Atletico Madrid,M S,16,669,0,0.3088603150099516,1,1.1008701100945473,7,7,2,0,0,0.3088603150099516,4.650032928213477,4.477017566561699
