,id,player_name,team_title,position,games,time,goals,xG,assists,xA,shots,key_passes,yellow_cards,red_cards,npg,npxG,xGChain,xGBuildup
9372,2237,Héctor,"Granada,Real Sociedad",D M S,17,1163,0,0.1828568009659648,2,0.5987451048567891,6,8,2,0,0,0.1828568009659648,2.285574596375227,1.5430301912128923
9373,2237,Héctor,Real Sociedad,D S,13,392,0,0.1582003086805343,1,0.3865287005901336,4,1,1,0,0,0.1582003086805343,0.9831937253475188,0.8909988775849342
9374,2237,Héctor,Alaves,S,1,15,0,0.0,0,0.0,0,0,0,0,0,0.0,0.0110529428347945,0.0110529428347945
9375,4232,Héctor,Atletico Madrid,S,1,15,0,0.0,0,0.0,0,0,0,0,0,0.0,0.0,0.0
