,id,player_name,team_title,position,games,time,goals,xG,assists,xA,shots,key_passes,yellow_cards,red_cards,npg,npxG,xGChain,xGBuildup
9402,3924,Hördur Bjorgvin Magnusson,Cesena,D M,12,996,0,0.1200729925185442,0,0.1939178369939327,6,3,1,0,0,0.1200729925185442,1.5690775774419308,1.4135920777916908
9403,3924,Hördur Bjorgvin Magnusson,CSKA Moscow,D M S,23,1814,2,2.0668118176981807,0,0.5245128814131021,21,9,7,0,2,2.0668118176981807,9.237543180584908,7.937338650226593
9404,3924,Hördur Bjorgvin Magnusson,CSKA Moscow,D S,27,2382,2,1.918521449901164,0,0.9210439017042518,27,13,7,0,2,1.918521449901164,7.978021455928683,6.919812086969614
9405,3924,Hördur Bjorgvin Magnusson,CSKA Moscow,D S,22,1857,1,0.2057798542082309,1,1.1980374921113253,9,10,1,1,1,0.2057798542082309,5.176923315040767,4.580848712474108
