,id,player_name,team_title,position,games,time,goals,xG,assists,xA,shots,key_passes,yellow_cards,red_cards,npg,npxG,xGChain,xGBuildup
9406,8065,Iago,Augsburg,D,18,1570,1,0.91649148799479,1,1.038291074335575,9,16,2,0,1,0.91649148799479,4.784234963357449,2.9207381028682
9407,8065,Iago,Augsburg,D M S,10,665,1,0.7234879210591316,1,0.4681991096585989,2,5,0,0,1,0.7234879210591316,1.1540066972374916,0.0903179729357361
9408,8065,Iago,Augsburg,D M S,11,857,0,0.5885302722454071,1,0.8961466811597347,3,12,1,0,0,0.5885302722454071,2.100861663930118,0.6611808696761727
