,id,player_name,team_title,position,games,time,goals,xG,assists,xA,shots,key_passes,yellow_cards,red_cards,npg,npxG,xGChain,xGBuildup
9435,2491,Ibai Gómez,Alaves,F M S,29,1838,5,2.8743830593302846,2,3.5622461438179016,51,36,2,0,5,2.8743830593302846,6.658579349517822,3.075810272246599
9436,2491,Ibai Gómez,Athletic Club,M S,21,998,1,1.296071583405137,2,2.693129090592265,31,24,2,0,1,1.296071583405137,3.165265504270792,1.3576821396127343
9437,2491,Ibai Gómez,"Alaves,Athletic Club",F M S,32,2045,3,3.817070795223117,4,2.800104613415897,51,36,0,0,3,3.0737931709736586,6.229776987805963,2.449585370719433
9438,2491,Ibai Gómez,Athletic Club,M S,5,113,0,0.111734053120017,0,0.0995465591549873,2,1,3,0,0,0.111734053120017,0.2348748128861189,0.1231407560408115
9439,2491,Ibai Gómez,Alaves,M S,34,2330,7,4.67850255779922,6,5.4189243614673615,54,39,1,0,6,3.935224888846278,9.004180941730738,3.4118280299007893
9440,2491,Ibai Gómez,Athletic Club,M S,17,670,0,0.8521735183894634,0,2.086670747026801,14,15,0,0,0,0.8521735183894634,1.7237479127943516,0.944320248439908
9441,2491,Ibai Gómez,Athletic Club,M S,13,414,0,0.1791672296822071,1,1.079052433371544,5,7,0,0,0,0.1791672296822071,1.6565183736383915,0.8240160346031189
