,id,player_name,team_title,position,games,time,goals,xG,assists,xA,shots,key_passes,yellow_cards,red_cards,npg,npxG,xGChain,xGBuildup
9463,2990,Ibrahim Tsallagov,PFC Sochi,M S,26,2216,1,1.600961059331894,0,0.8538268990814686,30,17,10,0,1,1.600961059331894,5.141360217705369,3.208359412848949
9464,2990,Ibrahim Tsallagov,"Krylya Sovetov Samara,Zenit St. Petersburg",D M S,25,2183,0,0.4344964087940752,2,1.295177216641605,17,17,1,0,0,0.4344964087940752,10.108730784151703,9.184636183083056
9465,2990,Ibrahim Tsallagov,PFC Sochi,M,17,1487,0,0.4668486258015036,2,1.321346677839756,20,13,0,0,0,0.4668486258015036,7.793546515516937,6.545861418358982
9466,2990,Ibrahim Tsallagov,PFC Sochi,D M S,26,2115,0,0.3915690863505006,1,0.842960961163044,10,16,3,2,0,0.3915690863505006,7.128933396190405,6.411935716867447
9467,2990,Ibrahim Tsallagov,Rubin Kazan,D,16,1440,0,0.966196283698082,0,0.5709819365292788,12,7,3,0,0,0.966196283698082,3.4295216221362352,2.343152903020382
9468,2990,Ibrahim Tsallagov,Krylya Sovetov Samara,D,30,2700,1,1.0797393508255482,1,1.6625805562362077,11,22,3,0,1,1.0797393508255482,6.124332051724196,3.762547928839922
9469,2990,Ibrahim Tsallagov,Dinamo Moscow,D M S,12,715,0,0.0549944844096899,0,0.3012412805110216,2,7,1,0,0,0.0549944844096899,1.245615677908063,0.980516228824854
