,id,player_name,team_title,position,games,time,goals,xG,assists,xA,shots,key_passes,yellow_cards,red_cards,npg,npxG,xGChain,xGBuildup
9478,6326,Ibrahima Konaté,RasenBallsport Leipzig,D S,16,1226,0,0.1514448188245296,0,0.3623630180954933,2,3,1,0,0,0.1514448188245296,2.7868301328271627,2.7868301328271627
9479,6326,Ibrahima Konaté,RasenBallsport Leipzig,D S,8,562,0,0.0505329594016075,0,0.043834064155817,1,1,2,0,0,0.0505329594016075,4.367094442248344,4.367094442248344
9480,6326,Ibrahima Konaté,RasenBallsport Leipzig,D S,28,2431,1,1.5469707194715738,1,0.3545756749808788,13,6,7,0,1,1.5469707194715738,7.260429952293634,7.060468144714832
9481,6326,Ibrahima Konaté,Liverpool,D,4,360,0,0.0,0,0.0,0,0,0,0,0,0.0,2.016964316368103,2.016964316368103
9482,6326,Ibrahima Konaté,RasenBallsport Leipzig,D S,14,695,1,0.7968814074993134,0,0.0,4,0,2,0,1,0.7968814074993134,1.9508075080811973,1.9508075080811973
