,id,player_name,team_title,position,games,time,goals,xG,assists,xA,shots,key_passes,yellow_cards,red_cards,npg,npxG,xGChain,xGBuildup
9515,6783,Idrissa Doumbia,FK Akhmat,F M S,16,1356,1,0.1468579769134521,1,0.185051679611206,4,7,2,0,1,0.1468579769134521,1.781177043914795,1.5688573066145182
9516,6783,Idrissa Doumbia,SD Huesca,M S,23,758,0,0.3778267614543438,0,0.0733167100697755,4,2,4,0,0,0.3778267614543438,2.336431570351124,1.939411820843816
