,id,player_name,team_title,position,games,time,goals,xG,assists,xA,shots,key_passes,yellow_cards,red_cards,npg,npxG,xGChain,xGBuildup
9517,668,Idrissa Gueye,Paris Saint Germain,M S,14,1009,3,0.5393482828512788,0,1.5256622694432735,13,12,1,0,3,0.5393482828512788,7.005078002810478,5.488331288099289
9518,668,Idrissa Gueye,Everton,M S,33,2769,2,1.503594011068344,1,1.2061091382056477,24,15,6,1,2,1.503594011068344,8.812394165433943,6.786361281760037
9519,668,Idrissa Gueye,Paris Saint Germain,M S,20,1658,1,1.4595130402594805,2,2.730157990939915,11,23,2,0,1,1.4595130402594805,20.51253356784582,18.06167548149824
9520,668,Idrissa Gueye,Aston Villa,M,35,3085,0,0.8781898710876703,1,0.9875789536163212,30,28,10,0,0,0.8781898710876703,6.672485649585724,5.5509093049913645
9521,668,Idrissa Gueye,Lille,M S,32,2734,4,1.98140577878803,2,1.3283924832940102,35,30,4,0,4,1.98140577878803,8.734489500522614,7.012296844273806
9522,668,Idrissa Gueye,Paris Saint Germain,M S,28,1580,2,0.889866572804749,1,0.8164573851972818,19,13,3,0,2,0.889866572804749,12.363533725962045,11.06494352594018
9523,668,Idrissa Gueye,Everton,M S,33,2700,1,1.9894388015381992,1,2.139618571847677,25,25,11,0,1,1.9894388015381992,13.02122470550239,10.614259293302894
9524,668,Idrissa Gueye,Everton,M S,33,2828,0,0.5945744486525655,2,0.9329115226864816,19,18,6,0,0,0.5945744486525655,11.30564052797854,10.310356261208652
