,id,player_name,team_title,position,games,time,goals,xG,assists,xA,shots,key_passes,yellow_cards,red_cards,npg,npxG,xGChain,xGBuildup
9606,2862,Igor Lebedenko,FK Akhmat,M S,29,2265,4,4.420762473717332,2,2.398955263197422,46,24,6,0,4,4.420762473717332,9.312164005823432,3.708506035618484
9607,2862,Igor Lebedenko,FK Akhmat,M S,17,933,3,1.869575168006122,0,0.4758384227752685,23,5,0,0,3,1.869575168006122,3.5983934802934527,2.2330934712663293
9608,2862,Igor Lebedenko,FK Akhmat,M S,25,1449,2,1.6637132074683905,2,0.6570701748132706,26,11,1,1,2,1.6637132074683905,3.465463196858764,1.4446963761001823
