,id,player_name,team_title,position,games,time,goals,xG,assists,xA,shots,key_passes,yellow_cards,red_cards,npg,npxG,xGChain,xGBuildup
9548,2876,Igor Akinfeev,CSKA Moscow,GK,30,2700,0,0.0,0,0.0,0,0,0,0,0,0.0,3.0199426915496588,3.0199426915496588
9549,2876,Igor Akinfeev,CSKA Moscow,GK,28,2520,0,0.0,0,0.0,0,0,2,0,0,0.0,2.525667477399111,2.525667477399111
9550,2876,Igor Akinfeev,CSKA Moscow,GK,29,2610,0,0.0,0,0.0328889768570661,0,2,1,0,0,0.0,2.8665249617770314,2.8527074707672
9551,2876,Igor Akinfeev,CSKA Moscow,GK,28,2520,0,0.0,0,0.0658825915306806,0,2,1,0,0,0.0,3.4226598227396607,3.35677722748369
9552,2876,Igor Akinfeev,CSKA Moscow,GK,30,2700,0,0.0,0,0.1763144247233867,0,3,2,0,0,0.0,2.3385019805282354,2.1621875520795584
9553,2876,Igor Akinfeev,CSKA Moscow,GK,30,2700,0,0.0,0,0.0191979669034481,0,1,2,0,0,0.0,3.618262799456716,3.5990648362785578
9554,2876,Igor Akinfeev,CSKA Moscow,GK,30,2700,0,0.0,0,0.0168910436332225,0,1,1,0,0,0.0,1.3045604396611452,1.2876693960279226
9555,2876,Igor Akinfeev,CSKA Moscow,GK,18,1620,0,0.0,0,0.0,0,0,0,0,0,0.0,1.3172770235687494,1.3172770235687494
