,id,player_name,team_title,position,games,time,goals,xG,assists,xA,shots,key_passes,yellow_cards,red_cards,npg,npxG,xGChain,xGBuildup
9586,7943,Igor Julio,Fiorentina,D S,10,609,0,0.0229892879724502,0,0.0855466369539499,1,2,1,0,0,0.0229892879724502,3.034968249499798,2.9573799297213554
9587,7943,Igor Julio,"Fiorentina,SPAL 2013",D S,26,1948,0,0.1418676888570189,1,1.104036532342434,5,7,9,0,0,0.1418676888570189,4.7750116884708405,3.800214059650898
9588,7943,Igor Julio,Fiorentina,D S,21,1155,0,0.5328999161720276,0,0.1196160838007927,1,3,5,0,0,0.5328999161720276,1.7743162252008915,1.731270644813776
