,id,player_name,team_title,position,games,time,goals,xG,assists,xA,shots,key_passes,yellow_cards,red_cards,npg,npxG,xGChain,xGBuildup
9652,6271,Ihlas Bebou,Hannover 96,F M S,30,2133,5,5.656040549278259,2,4.939566180109978,50,41,3,0,5,5.656040549278259,11.758730430155993,3.572962790727616
9653,6271,Ihlas Bebou,Hannover 96,D F M,12,1070,4,4.621491476893425,3,1.813125476241112,27,17,1,0,3,3.86371485888958,6.999684430658817,2.084783986210823
9654,6271,Ihlas Bebou,Hoffenheim,F M,11,872,5,5.769980926066637,0,0.2041600486263632,21,4,0,0,5,5.769980926066637,7.866107117384672,1.926647547632456
9655,6271,Ihlas Bebou,Hoffenheim,D F M S,32,2193,9,9.11997422017157,7,5.329365938901901,48,39,3,0,9,9.11997422017157,15.29217778146267,5.086644762195647
9656,6271,Ihlas Bebou,Hoffenheim,F M S,32,2085,6,4.25261614471674,1,2.92891736375168,35,31,1,0,6,4.25261614471674,9.961641021538526,3.805832017213106
