,id,player_name,team_title,position,games,time,goals,xG,assists,xA,shots,key_passes,yellow_cards,red_cards,npg,npxG,xGChain,xGBuildup
9657,5982,Ihsan Sacko,"Nice,Strasbourg",F M S,25,958,0,0.5172391356900334,1,1.4312587659806013,12,7,2,0,0,0.5172391356900334,3.4025057228282094,1.5925771864131093
9658,5982,Ihsan Sacko,Nice,F S,3,153,0,0.0,0,0.4550111591815948,0,2,0,0,0,0.0,1.0400754511356354,0.5850642919540405
9659,5982,Ihsan Sacko,Nice,F S,13,431,0,1.1517058163881302,1,0.9120889343321325,6,5,0,1,0,1.1517058163881302,1.762495867908001,0.0926473028957843
