,id,player_name,team_title,position,games,time,goals,xG,assists,xA,shots,key_passes,yellow_cards,red_cards,npg,npxG,xGChain,xGBuildup
9674,8342,Ilia Shkurin,CSKA Moscow,F S,9,348,3,1.8397421780973675,0,0.4980634246021509,9,7,0,1,3,1.8397421780973675,2.345478320494294,0.0642643459141254
9675,8342,Ilia Shkurin,CSKA Moscow,S,4,104,0,0.2379683852195739,0,0.0725196097046136,4,3,0,0,0,0.2379683852195739,0.2953153280541301,0.0737013230100274
