,id,player_name,team_title,position,games,time,goals,xG,assists,xA,shots,key_passes,yellow_cards,red_cards,npg,npxG,xGChain,xGBuildup
9679,1272,Ilija Nestorovski,Palermo,F S,37,3106,11,8.045289490371943,3,2.056670462712645,76,37,5,0,10,7.2839906848967075,9.82910406962037,2.4159801257774234
9680,1272,Ilija Nestorovski,Udinese,F S,22,666,2,5.14358844794333,2,1.8310505552217364,25,14,1,0,2,5.14358844794333,6.923710269853473,0.840439023450017
9681,1272,Ilija Nestorovski,Udinese,F S,28,1246,3,4.309608951210976,1,1.2902547204867003,35,17,4,0,3,4.309608951210976,7.813535848632455,2.722375585697592
9682,1272,Ilija Nestorovski,Udinese,S,1,11,0,0.039072185754776,0,0.0,1,0,1,0,0,0.039072185754776,0.039072185754776,0.0
