,id,player_name,team_title,position,games,time,goals,xG,assists,xA,shots,key_passes,yellow_cards,red_cards,npg,npxG,xGChain,xGBuildup
9708,2811,Ilya Kutepov,Spartak Moscow,D,3,234,0,0.0272543579339981,0,0.0,1,0,0,0,0,0.0272543579339981,0.2912123762071132,0.2912123762071132
9709,2811,Ilya Kutepov,Spartak Moscow,D S,11,820,0,0.667124249972403,0,0.0,3,0,4,0,0,0.667124249972403,1.2610688284039495,1.2497832998633385
9710,2811,Ilya Kutepov,Spartak Moscow,D S,18,1445,1,0.1454031495377421,0,0.1607145424932241,4,2,5,0,1,0.1454031495377421,4.310037905350328,4.138970503583551
9711,2811,Ilya Kutepov,Spartak Moscow,D,9,810,0,0.4276190958917141,0,0.0066722710616886,3,1,4,0,0,0.4276190958917141,3.884424649178982,3.884424649178982
9712,2811,Ilya Kutepov,Spartak Moscow,D S,10,805,0,0.1590590719133615,0,0.0689562894403934,3,3,1,0,0,0.1590590719133615,0.8962512202560902,0.881259847432375
9713,2811,Ilya Kutepov,Spartak Moscow,D S,16,855,0,0.2218572609126567,0,0.2397235324606299,7,6,6,0,0,0.2218572609126567,2.222722784616053,2.0073147341609
9714,2811,Ilya Kutepov,Spartak Moscow,D,24,2130,0,0.4788327850401401,0,0.0780266607180237,10,3,3,0,0,0.4788327850401401,5.145034200511873,5.072688637301326
