,id,player_name,team_title,position,games,time,goals,xG,assists,xA,shots,key_passes,yellow_cards,red_cards,npg,npxG,xGChain,xGBuildup
9704,9005,Ilya Kamyshev,Khimki,M S,7,162,0,0.0,0,0.9190238118171692,0,2,2,1,0,0.0,1.1933308839797974,0.8019042015075684
9705,9005,Ilya Kamyshev,Khimki,M S,7,280,0,0.0770993344485759,0,0.0334628336131572,3,2,1,0,0,0.0770993344485759,0.1448922697454691,0.0804808177053928
