,id,player_name,team_title,position,games,time,goals,xG,assists,xA,shots,key_passes,yellow_cards,red_cards,npg,npxG,xGChain,xGBuildup
9725,8362,Ilya Samoshnikov,Rubin Kazan,D,13,1081,1,0.8446852136403322,0,0.2631412222981453,16,6,3,0,1,0.8446852136403322,2.6628980319947004,2.107794040814042
9726,8362,Ilya Samoshnikov,Rubin Kazan,D S,24,1835,2,1.053070267662406,0,0.5477458899840713,15,9,6,1,2,1.053070267662406,5.7080406015738845,4.214354309253395
9727,8362,Ilya Samoshnikov,Rubin Kazan,D S,6,472,0,0.0955959483981132,0,0.7700955867767334,2,6,4,0,0,0.0955959483981132,1.4493162520229816,1.1619514934718609
