,id,player_name,team_title,position,games,time,goals,xG,assists,xA,shots,key_passes,yellow_cards,red_cards,npg,npxG,xGChain,xGBuildup
9784,2081,Isaac Cuenca,Granada,D F M S,25,1739,2,0.9838080611079932,0,1.0244854539632795,17,20,4,0,2,0.9838080611079932,3.198550039902329,1.8066056426614523
9785,2081,Isaac Cuenca,Deportivo La Coruna,M S,27,1482,2,2.288198266178369,2,1.1277906745672226,29,16,1,0,1,1.5449206419289112,3.5131728146225214,1.2548534404486418
9786,2081,Isaac Cuenca,Granada,F M S,12,787,2,1.451748859137297,2,0.7997354306280613,10,6,0,0,2,1.451748859137297,3.273885935544968,1.502920974045992
