,id,player_name,team_title,position,games,time,goals,xG,assists,xA,shots,key_passes,yellow_cards,red_cards,npg,npxG,xGChain,xGBuildup
9822,3834,Ishak Belfodil,Parma,F S,23,1350,1,1.8952483478933573,2,0.763304902240634,26,19,4,0,1,1.8952483478933573,2.8068295251578093,0.8865922633558512
9823,3834,Ishak Belfodil,Hoffenheim,F S,14,601,0,1.485704567283392,1,0.6725003831088543,11,7,0,0,0,1.485704567283392,3.248613972216845,1.2448654510080814
9824,3834,Ishak Belfodil,Hoffenheim,F M S,28,1867,16,12.273321896791458,3,5.104059521108866,89,30,3,0,16,12.273321896791458,18.454887218773365,3.812879858538509
9825,3834,Ishak Belfodil,Hertha Berlin,F S,10,527,0,1.2258280543610454,2,2.0084637086838484,12,11,0,0,0,1.2258280543610454,3.271575825288892,0.5807347167283297
9826,3834,Ishak Belfodil,Werder Bremen,F M S,26,1341,4,4.201676782220602,1,2.721357878297568,45,17,1,0,4,4.201676782220602,6.731648743152618,2.261061204597354
9827,3834,Ishak Belfodil,Hoffenheim,F M S,5,268,0,0.8831252157688141,0,0.2737299986183643,9,5,0,0,0,0.8831252157688141,1.110991982743144,0.25968380831182
