,id,player_name,team_title,position,games,time,goals,xG,assists,xA,shots,key_passes,yellow_cards,red_cards,npg,npxG,xGChain,xGBuildup
9831,1682,Islam Slimani,Leicester,S,1,17,0,0.1003691926598548,0,0.076834462583065,1,1,0,0,0,0.1003691926598548,0.1772036552429199,0.0
9832,1682,Islam Slimani,Lyon,F S,18,555,3,3.06567107886076,1,2.2296374421566725,18,11,0,1,3,3.06567107886076,5.262965152040124,2.3745116237550974
9833,1682,Islam Slimani,Monaco,F S,18,1285,9,9.753110736608503,7,4.1906912997365,53,32,4,1,8,8.993015736341476,15.541194021701813,4.605790950357914
9834,1682,Islam Slimani,Lyon,F S,11,566,1,1.9936815230175853,1,0.8291244618594646,10,5,3,0,1,1.9936815230175853,4.820058042183518,2.178905673325062
9835,1682,Islam Slimani,"Leicester,Newcastle United",F S,16,353,1,1.3148719388991594,1,0.5046323146671057,7,6,1,0,1,1.3148719388991594,1.986601328477264,0.6662204917520285
9836,1682,Islam Slimani,Leicester,F S,23,1275,7,6.82391251809895,4,2.0667083468288183,35,17,1,0,6,6.062743680551648,7.70701452717185,2.0830837078392506
