,id,player_name,team_title,position,games,time,goals,xG,assists,xA,shots,key_passes,yellow_cards,red_cards,npg,npxG,xGChain,xGBuildup
9842,7683,Islamzhan Nasyrov,Ural,D S,7,154,0,0.0276759900152683,0,0.3259449042379856,2,4,0,0,0,0.0276759900152683,0.3150450214743614,0.2481461875140667
9843,7683,Islamzhan Nasyrov,Ural,S,1,30,0,0.0164359901100397,0,0.0,1,0,0,0,0,0.0164359901100397,0.1114225909113884,0.0949866026639938
