,id,player_name,team_title,position,games,time,goals,xG,assists,xA,shots,key_passes,yellow_cards,red_cards,npg,npxG,xGChain,xGBuildup
9857,8667,Ismael Boura,Lens,D S,5,94,0,0.0141099346801638,0,0.0,1,0,0,0,0,0.0141099346801638,0.4958001971244812,0.4958001971244812
9858,8667,Ismael Boura,Lens,D M S,19,807,0,0.1022875178605318,0,0.5033971220254898,2,7,1,0,0,0.1022875178605318,3.281652767211199,2.9621976129710674
