,id,player_name,team_title,position,games,time,goals,xG,assists,xA,shots,key_passes,yellow_cards,red_cards,npg,npxG,xGChain,xGBuildup
9904,3370,Issiaga Sylla,Toulouse,D M S,27,1686,1,1.7202755203470588,1,1.4315777719020844,16,19,6,0,1,1.7202755203470588,3.748014522716403,2.238774087280035
9905,3370,Issiaga Sylla,Toulouse,D,28,2520,0,0.7567160343751311,2,1.9643196938559413,21,25,2,0,0,0.7567160343751311,4.475370773114264,2.91570096462965
9906,3370,Issiaga Sylla,Toulouse,D M S,12,747,1,0.8807718092575669,1,0.2994923293590545,11,5,1,0,1,0.8807718092575669,1.653440272435546,0.6734182294458151
9907,3370,Issiaga Sylla,GFC Ajaccio,D M S,34,2690,0,0.6709251599386334,4,2.5922741759568453,22,31,7,2,0,0.6709251599386334,4.30713626369834,2.0443079778924584
9908,3370,Issiaga Sylla,Toulouse,D M S,24,1994,2,2.02077651116997,0,1.6562224980443716,16,17,5,0,2,2.02077651116997,6.427676782011986,3.995925693772733
9909,3370,Issiaga Sylla,Lens,D M S,20,1113,1,1.4066355116665363,0,1.0226900652050972,10,8,0,1,1,1.4066355116665363,3.851796900853514,3.048515455797314
9910,3370,Issiaga Sylla,Toulouse,D F M S,25,1593,1,0.3534811958670616,3,2.09610082115978,14,21,5,0,1,0.3534811958670616,4.341506586410105,2.9412057269364595
