,id,player_name,team_title,position,games,time,goals,xG,assists,xA,shots,key_passes,yellow_cards,red_cards,npg,npxG,xGChain,xGBuildup
9966,2768,Ivan Novoseltsev,Arsenal Tula,D,2,180,0,0.0,0,0.0,0,0,1,0,0,0.0,0.0317194294184446,0.0317194294184446
9967,2768,Ivan Novoseltsev,PFC Sochi,D M,18,1557,1,1.1413876693695784,1,0.6799037493765354,6,7,3,0,1,1.1413876693695784,2.3217875324189663,1.941832961514592
9968,2768,Ivan Novoseltsev,"FC Rostov,Torpedo Moscow",D S,26,2093,0,0.1782461181282997,2,0.574424859136343,3,8,4,0,0,0.1782461181282997,3.579256635159254,3.137504934333265
9969,2768,Ivan Novoseltsev,Arsenal Tula,D,13,1170,1,0.6175612956285477,0,0.0,5,0,4,0,1,0.6175612956285477,1.1899730060249567,1.051005465909839
9970,2768,Ivan Novoseltsev,"Anzhi Makhachkala,FC Rostov",D S,20,1717,1,0.5326922237873077,0,0.0997663382440805,13,4,6,0,1,0.5326922237873077,1.7407793570309875,1.5090564619749784
9971,2768,Ivan Novoseltsev,"FC Rostov,Zenit St. Petersburg",D S,10,761,2,0.7701356038451195,0,0.0189948081970214,4,1,0,0,2,0.7701356038451195,1.0369680989533665,0.9388312418013812
9972,2768,Ivan Novoseltsev,PFC Sochi,D S,15,909,0,0.6711574643850327,1,0.3091438598930836,6,4,2,0,0,0.6711574643850327,2.782923609018326,2.6055063977837563
9973,2768,Ivan Novoseltsev,FC Rostov,D,28,2520,0,0.292196792550385,1,0.7271910840645432,8,11,3,0,0,0.292196792550385,4.438071331009269,3.928842269815505
