,id,player_name,team_title,position,games,time,goals,xG,assists,xA,shots,key_passes,yellow_cards,red_cards,npg,npxG,xGChain,xGBuildup
9935,6025,Ivan Ignatyev,FC Krasnodar,F S,20,1206,7,6.4191660434007645,4,2.8569307681173086,44,12,2,0,7,6.4191660434007645,10.072689704596996,1.9546714667230844
9936,6025,Ivan Ignatyev,FC Krasnodar,F,4,290,2,1.0671407282352448,1,0.3232591152191162,7,4,0,0,2,1.0671407282352448,1.4061864614486694,0.074152871966362
9937,6025,Ivan Ignatyev,"FC Krasnodar,Rubin Kazan",F S,24,1384,5,5.953722149133682,1,0.952904624864459,43,10,2,0,4,4.445171520113945,6.416033256798983,1.3539111902937293
9938,6025,Ivan Ignatyev,Rubin Kazan,F S,17,688,2,4.731059079989791,2,0.9581446945667268,23,8,1,1,0,3.222508462145925,4.188825046643615,0.5612553721293807
9939,6025,Ivan Ignatyev,Rubin Kazan,S,9,241,0,0.6921442523598671,0,0.2154897134751081,5,4,1,0,0,0.6921442523598671,0.4633931759744882,0.046682171523571
