,id,player_name,team_title,position,games,time,goals,xG,assists,xA,shots,key_passes,yellow_cards,red_cards,npg,npxG,xGChain,xGBuildup
10083,2127,Iván Ramis,Eibar,D S,7,463,1,0.2054823338985443,0,0.0807705149054527,4,1,1,0,1,0.2054823338985443,0.4778907746076584,0.3971202597022056
10084,2127,Iván Ramis,Levante,D,13,1118,0,0.3359002433717251,0,0.0,4,0,5,1,0,0.3359002433717251,1.298769315704703,1.1442129723727703
10085,2127,Iván Ramis,Eibar,D S,23,1792,0,0.9595000706613064,1,1.3763178251683712,8,4,7,1,0,0.9595000706613064,1.9958871603012085,1.9958871603012085
10086,2127,Iván Ramis,Eibar,D S,22,1723,3,0.9528124975040556,0,0.0,10,0,5,0,3,0.9528124975040556,2.6213983558118343,2.6130237840116024
10087,2127,Iván Ramis,Eibar,D S,16,1307,3,1.100479818880558,0,0.0,14,0,4,0,3,1.100479818880558,1.2125258054584265,1.1724489945918322
10088,2127,Iván Ramis,Eibar,D S,21,1688,0,0.5919048469513655,0,0.0565205328166484,15,1,4,0,0,0.5919048469513655,1.8170648086816072,1.802067944779992
