,id,player_name,team_title,position,games,time,goals,xG,assists,xA,shots,key_passes,yellow_cards,red_cards,npg,npxG,xGChain,xGBuildup
10110,6150,Iñigo Córdoba,Athletic Club,M S,30,1459,1,1.3143234439194202,1,2.064089873805642,18,16,3,0,1,1.3143234439194202,6.316429832950234,3.4248522892594337
10111,6150,Iñigo Córdoba,Athletic Club,M S,23,1322,0,1.355091106146574,5,2.0039351750165224,23,18,4,0,0,1.355091106146574,4.946530342102051,1.7904416546225548
10112,6150,Iñigo Córdoba,Athletic Club,M S,24,1480,1,2.3163349330425262,4,1.6533640623092651,28,12,4,0,1,2.3163349330425262,5.712781107053161,2.8952585514634848
10113,6150,Iñigo Córdoba,"Alaves,Athletic Club",M S,10,302,0,0.1341181751340627,0,0.1767531707882881,3,3,0,0,0,0.1341181751340627,0.3334738686680794,0.0617769956588745
