,id,player_name,team_title,position,games,time,goals,xG,assists,xA,shots,key_passes,yellow_cards,red_cards,npg,npxG,xGChain,xGBuildup
10122,8131,Iñigo Pérez,Osasuna,D M S,22,1359,0,0.2396470345556736,0,1.0919821141287684,8,14,2,1,0,0.2396470345556736,3.6318079605698586,3.036819502711296
10123,8131,Iñigo Pérez,Osasuna,M S,5,157,1,0.1430934518575668,0,0.5336658954620361,4,1,0,0,1,0.1430934518575668,0.0800362378358841,0.0
10124,8131,Iñigo Pérez,Osasuna,D M S,22,1064,2,1.0757134007290006,1,0.6365123651921749,19,15,4,0,2,1.0757134007290006,4.467537522315979,3.2654620558023453
