,id,player_name,team_title,position,games,time,goals,xG,assists,xA,shots,key_passes,yellow_cards,red_cards,npg,npxG,xGChain,xGBuildup
10138,767,Jack Colback,Newcastle United,D M S,29,2409,1,0.8832457968965173,1,1.208109748084098,15,16,11,0,1,0.8832457968965173,6.735096261836588,5.063953893259168
10139,767,Jack Colback,Newcastle United,D M,35,3130,4,2.8249619929119945,6,2.3404143704101443,27,44,12,0,4,2.8249619929119945,7.598446445539594,4.668527426198125
