,id,player_name,team_title,position,games,time,goals,xG,assists,xA,shots,key_passes,yellow_cards,red_cards,npg,npxG,xGChain,xGBuildup
10174,1036,Jack Wilshere,Arsenal,M S,20,1179,1,1.1624420005828142,3,2.281369647011161,15,15,6,0,1,1.1624420005828142,7.735982984304428,5.041470183059573
10175,1036,Jack Wilshere,Arsenal,M S,3,141,0,0.3181200623512268,0,0.116531878709793,1,1,0,0,0,0.3181200623512268,0.8949845284223557,0.4603325761854648
10176,1036,Jack Wilshere,Arsenal,M S,14,739,2,2.4192265793681145,1,1.4338911147788167,18,16,4,0,2,2.4192265793681145,7.234430808573961,4.517602872103453
10177,1036,Jack Wilshere,West Ham,M S,8,197,0,0.0,0,0.0,0,0,0,0,0,0.0,0.5077891945838928,0.5077891945838928
10178,1036,Jack Wilshere,"Arsenal,Bournemouth",M S,29,1955,0,2.166445776820183,2,2.82325116544962,27,34,4,0,0,2.166445776820183,8.226202206686139,4.711438476108015
10179,1036,Jack Wilshere,West Ham,M S,8,384,0,0.1778226047754287,1,0.5347961513325572,2,5,2,0,0,0.1778226047754287,1.100212037563324,0.6268099565058947
