,id,player_name,team_title,position,games,time,goals,xG,assists,xA,shots,key_passes,yellow_cards,red_cards,npg,npxG,xGChain,xGBuildup
10192,8941,Jacob Ramsey,Aston Villa,F M S,14,829,1,0.978421911597252,0,0.6818266548216343,13,8,2,0,1,0.978421911597252,2.9158699698746204,1.495030004531145
10193,8941,Jacob Ramsey,Aston Villa,M S,22,593,0,0.5745489113032818,0,0.2119083032011985,11,6,0,0,0,0.5745489113032818,2.227643296122551,1.6948828250169754
