,id,player_name,team_title,position,games,time,goals,xG,assists,xA,shots,key_passes,yellow_cards,red_cards,npg,npxG,xGChain,xGBuildup
10181,5355,Jacob Bruun Larsen,Hoffenheim,M S,2,88,0,0.0,0,0.0288131963461637,0,1,0,0,0,0.0,0.1301618795841932,0.1013486832380294
10182,5355,Jacob Bruun Larsen,"Borussia Dortmund,VfB Stuttgart",D S,5,110,0,0.0,0,0.0,0,0,0,0,0,0.0,0.1867271587252617,0.1867271587252617
10183,5355,Jacob Bruun Larsen,Borussia Dortmund,F M S,24,1267,2,3.269546516239643,2,3.163939002901316,26,17,0,0,2,3.269546516239643,8.775734489783645,4.02460846118629
10184,5355,Jacob Bruun Larsen,"Borussia Dortmund,Hoffenheim",F M S,15,443,0,0.2243112223222851,2,2.346461556851864,4,14,0,0,0,0.2243112223222851,3.0403986731544137,1.1071167774498465
10185,5355,Jacob Bruun Larsen,Hoffenheim,M S,10,436,3,1.3822105545550585,0,0.4367380253970623,9,6,0,0,3,1.3822105545550585,2.70499037951231,0.9911527372896672
