,id,player_name,team_title,position,games,time,goals,xG,assists,xA,shots,key_passes,yellow_cards,red_cards,npg,npxG,xGChain,xGBuildup
10188,6063,Jacob Murphy,Newcastle United,M S,9,293,0,0.0330767882987856,1,0.6086342334747314,2,1,0,0,0,0.0330767882987856,0.6417110217735171,0.0
10189,6063,Jacob Murphy,Newcastle United,D M S,26,1611,2,1.4909526873379946,3,3.4334888719022274,30,19,3,0,2,1.4909526873379946,8.043614191003144,4.10231579374522
10190,6063,Jacob Murphy,Newcastle United,M S,25,1147,1,1.6504778596572578,1,1.3907678872346878,23,10,0,0,1,1.6504778596572578,4.082330683246255,1.0817430708557367
10191,6063,Jacob Murphy,Newcastle United,D S,13,536,1,0.8820914104580879,1,0.8055024505592883,11,7,2,0,1,0.8820914104580879,2.010219613555819,0.4832574995234608
