,id,player_name,team_title,position,games,time,goals,xG,assists,xA,shots,key_passes,yellow_cards,red_cards,npg,npxG,xGChain,xGBuildup
10203,1221,Jacopo Sala,Sampdoria,D S,13,998,0,0.0667883809655904,0,0.1540874755010008,3,5,1,1,0,0.0667883809655904,2.762663150206208,2.6523633617907763
10204,1221,Jacopo Sala,Verona,D F M,16,1199,2,0.6323188208043575,2,2.308067796751857,7,25,2,2,2,0.6323188208043575,6.186454514041543,3.887604543939233
10205,1221,Jacopo Sala,Spezia,M S,11,588,1,0.0498211802914738,0,0.369158461689949,3,5,3,0,1,0.0498211802914738,1.6017835969105363,1.2281559761613607
10206,1221,Jacopo Sala,Sampdoria,D S,20,1568,0,0.0460501825436949,0,1.196027871221304,4,19,5,0,0,0.0460501825436949,4.807166833430529,4.10902277007699
10207,1221,Jacopo Sala,Sampdoria,D S,21,1520,0,0.2515355600044131,1,1.568087263032794,8,19,5,0,0,0.2515355600044131,5.861986458301544,4.6808944111689925
10208,1221,Jacopo Sala,Spezia,D S,6,383,0,0.0,0,0.8362631499767303,0,3,1,0,0,0.0,1.2708783149719238,0.4346151351928711
10209,1221,Jacopo Sala,SPAL 2013,D S,16,840,0,0.4433456640690565,0,0.1546099176630377,15,7,1,0,0,0.4433456640690565,1.3599193692207336,0.9065939951688052
10210,1221,Jacopo Sala,"Sampdoria,Verona",D F M S,23,1684,0,0.3847964396700263,1,1.0787752028554678,11,19,8,0,0,0.3847964396700263,3.390393487177789,2.3575341468676925
