,id,player_name,team_title,position,games,time,goals,xG,assists,xA,shots,key_passes,yellow_cards,red_cards,npg,npxG,xGChain,xGBuildup
10214,3391,Jacques-Alaixys Romao,Reims,M S,22,1793,0,0.5812155045568943,0,0.5767160151153803,12,12,7,2,0,0.5812155045568943,3.3195179626345634,2.562655560672283
10215,3391,Jacques-Alaixys Romao,Marseille,D M S,32,2405,1,1.3581451838836074,2,0.8090242277830839,12,11,6,1,1,1.3581451838836074,6.975397164002061,6.431661542505026
10216,3391,Jacques-Alaixys Romao,Marseille,M S,23,1234,1,0.2755000367760658,1,0.2254275828599929,8,6,4,2,1,0.2755000367760658,1.9520884733647108,1.7404147256165745
10217,3391,Jacques-Alaixys Romao,Reims,M,36,3172,0,1.0649717319756746,3,2.655339843593538,15,11,8,1,0,1.0649717319756746,6.883906283415854,4.988072351552546
