,id,player_name,team_title,position,games,time,goals,xG,assists,xA,shots,key_passes,yellow_cards,red_cards,npg,npxG,xGChain,xGBuildup
10229,7009,Jaime Mata,Getafe,F S,15,499,1,1.1104431301355362,0,0.5528178922832012,10,6,5,0,1,1.1104431301355362,1.7472044676542282,0.15117709338665
10230,7009,Jaime Mata,Getafe,F S,34,2792,11,11.404724339023232,3,3.577842734754085,56,29,14,0,8,8.43225901760161,13.855682404711844,4.461362952366471
10231,7009,Jaime Mata,Getafe,F S,33,2050,5,7.800480900332332,0,1.3467824310064316,40,16,9,1,4,6.314053563401103,7.969261547550559,2.96824673563242
10232,7009,Jaime Mata,Getafe,F M S,34,2450,14,12.554690098389983,6,2.739033158868552,59,19,10,0,10,9.581579541787503,12.742755003273489,2.8516541346907616
