,id,player_name,team_title,position,games,time,goals,xG,assists,xA,shots,key_passes,yellow_cards,red_cards,npg,npxG,xGChain,xGBuildup
10262,1966,Jakub Blaszczykowski,Wolfsburg,M S,9,518,1,0.0965588688850402,0,0.4511065296828747,1,7,0,0,1,0.0965588688850402,1.6816642694175243,1.2522961907088757
10263,1966,Jakub Blaszczykowski,Wolfsburg,S,1,11,0,0.0,0,0.0,0,0,0,0,0,0.0,0.0222257990390062,0.0222257990390062
10264,1966,Jakub Blaszczykowski,Fiorentina,F M S,15,762,2,0.8821002021431923,1,0.6185560431331396,8,12,1,0,2,0.8821002021431923,4.069271555170417,2.671354591846466
10265,1966,Jakub Blaszczykowski,Wolfsburg,D M S,28,1687,0,0.4397621918469667,1,1.9414196610450745,11,19,2,0,0,0.4397621918469667,6.757488269358873,5.097277842462063
10266,1966,Jakub Blaszczykowski,Borussia Dortmund,M S,13,599,0,1.2101372759789228,0,0.8835856132209301,7,15,0,0,0,1.2101372759789228,4.451464792713523,2.6871454399079084
