,id,player_name,team_title,position,games,time,goals,xG,assists,xA,shots,key_passes,yellow_cards,red_cards,npg,npxG,xGChain,xGBuildup
10275,9284,Jakub Moder,Brighton,D M S,14,784,0,1.5783834476023912,2,1.588932190090418,15,9,1,0,0,1.5783834476023912,4.12175964564085,1.8667026069015265
10276,9284,Jakub Moder,Brighton,D M S,12,643,0,0.9168107472360134,0,0.205124169588089,13,3,0,0,0,0.9168107472360134,1.8570123128592968,1.1862611919641497
