,id,player_name,team_title,position,games,time,goals,xG,assists,xA,shots,key_passes,yellow_cards,red_cards,npg,npxG,xGChain,xGBuildup
10284,7691,Jamal Lewis,Newcastle United,D S,4,247,0,0.0,0,0.0268902331590652,0,1,1,0,0,0.0,0.2706957459449768,0.2438055127859115
10285,7691,Jamal Lewis,Newcastle United,D S,24,1824,0,0.1195766255259513,1,0.9897835236042738,3,14,4,0,0,0.1195766255259513,4.688646201044321,3.727763444185257
10286,7691,Jamal Lewis,Norwich,D S,28,2311,1,0.3487264607101679,0,1.0117010083049536,9,15,4,0,1,0.3487264607101679,4.066843003034592,2.8907426008954644
