,id,player_name,team_title,position,games,time,goals,xG,assists,xA,shots,key_passes,yellow_cards,red_cards,npg,npxG,xGChain,xGBuildup
10330,814,James McClean,West Bromwich Albion,F M S,34,1444,1,1.4911537757143378,2,2.328659441322088,23,19,9,0,1,1.4911537757143378,3.110250416211784,1.207628961652517
10331,814,James McClean,West Bromwich Albion,F M S,30,1378,1,1.7565353401005268,0,0.7149935914203525,30,17,7,0,1,1.7565353401005268,2.992329962551594,0.937092916108668
10332,814,James McClean,West Bromwich Albion,F M S,35,2414,2,2.1684154272079468,2,3.0264106979593635,31,29,7,1,2,2.1684154272079468,5.108418434858322,1.4000565391033888
