,id,player_name,team_title,position,games,time,goals,xG,assists,xA,shots,key_passes,yellow_cards,red_cards,npg,npxG,xGChain,xGBuildup
10310,6818,James Maddison,Leicester,F M S,36,2877,7,7.372484354302287,7,7.935438400134444,83,100,3,1,6,5.850146671757102,15.30455419793725,6.967955323401839
10311,6818,James Maddison,Leicester,M S,31,2632,6,5.0217749159783125,3,5.768516240641475,74,79,4,0,6,5.0217749159783125,14.379001699388027,8.763976752758026
10312,6818,James Maddison,Leicester,F M S,16,1028,4,2.256988210603595,3,2.1982676927000284,29,15,1,0,4,2.256988210603595,4.844492632895708,1.497092217206955
10313,6818,James Maddison,Leicester,M S,31,2123,8,3.827569866552949,5,5.386723920702934,75,50,4,0,8,3.827569866552949,11.743431102484465,6.073130352422595
