,id,player_name,team_title,position,games,time,goals,xG,assists,xA,shots,key_passes,yellow_cards,red_cards,npg,npxG,xGChain,xGBuildup
10382,755,Jamie Vardy,Leicester,F S,34,2848,15,19.94294610992074,9,5.087881522253156,82,28,1,0,7,13.0924265794456,18.227907367050648,2.41258773393929
10383,755,Jamie Vardy,Leicester,F,36,3154,24,22.135407269001007,6,6.267152491956949,115,48,5,1,19,17.56843115389347,24.5959712676704,2.8863560035824776
10384,755,Jamie Vardy,Leicester,F M S,34,2261,5,7.851606417447329,8,5.18264844827354,48,35,5,0,5,7.851606417447329,14.46846075169742,2.142568826675415
10385,755,Jamie Vardy,Leicester,F S,35,3034,23,18.903537318110462,5,6.3682975601404905,89,32,3,0,19,15.097693115472794,21.02660731226206,1.7243406660854816
10386,755,Jamie Vardy,Leicester,F S,15,1235,9,5.914180956780911,1,0.8631523139774799,34,13,2,0,9,5.914180956780911,7.207758314907551,1.25945988856256
10387,755,Jamie Vardy,Leicester,F S,35,2822,13,9.947158509865403,5,4.675952479243279,53,31,2,1,13,9.947158509865403,14.123056959360838,2.7869283128529787
10388,755,Jamie Vardy,Leicester,F,37,3269,20,15.266967067494988,1,3.6308264825493097,70,33,3,0,15,10.699990747496486,15.584633570164442,1.9777417127043009
10389,755,Jamie Vardy,Leicester,F S,34,2740,18,19.11597566306591,4,5.13733013253659,79,32,3,1,14,15.310131333768368,20.782562378793955,1.9056932125240564
