,id,player_name,team_title,position,games,time,goals,xG,assists,xA,shots,key_passes,yellow_cards,red_cards,npg,npxG,xGChain,xGBuildup
10422,8205,Jan Thielmann,FC Cologne,M S,12,519,0,0.1306926822289824,1,0.6902146330103278,7,9,1,0,0,0.1306926822289824,1.9655746556818483,1.1600095182657242
10423,8205,Jan Thielmann,FC Cologne,M S,12,556,0,0.2835383508354425,1,0.1197511749342084,8,3,2,0,0,0.2835383508354425,0.498570017516613,0.1346218921244144
10424,8205,Jan Thielmann,FC Cologne,F M S,24,1021,2,1.2892955746501684,3,1.113642431795597,12,10,0,0,2,1.2892955746501684,3.8304030066356063,2.041329992935061
