,id,player_name,team_title,position,games,time,goals,xG,assists,xA,shots,key_passes,yellow_cards,red_cards,npg,npxG,xGChain,xGBuildup
10396,2722,Jan Durica,Lokomotiv Moscow,D,21,1872,0,0.8412659224122763,0,0.1138400174677372,16,2,4,0,0,0.8412659224122763,2.366578902117908,2.2015623562037945
10397,2722,Jan Durica,Lokomotiv Moscow,D,13,1170,1,0.7409838438034058,0,0.0,4,0,2,0,1,0.7409838438034058,1.6808152608573437,1.6808152608573437
