,id,player_name,team_title,position,games,time,goals,xG,assists,xA,shots,key_passes,yellow_cards,red_cards,npg,npxG,xGChain,xGBuildup
10439,124,Janek Sternberg,Werder Bremen,D S,14,1018,0,0.2264985535293817,0,0.1823819540441036,8,6,2,0,0,0.2264985535293817,2.0037908777594566,1.6872830968350172
10440,124,Janek Sternberg,Werder Bremen,D M S,9,439,0,0.0997206345200538,0,0.1431884095072746,2,2,2,0,0,0.0997206345200538,1.1920423610135913,1.0767701072618363
10441,124,Janek Sternberg,Werder Bremen,S,2,69,0,0.0107716852799057,0,0.0,1,0,1,0,0,0.0107716852799057,0.0949074253439903,0.0949074253439903
