,id,player_name,team_title,position,games,time,goals,xG,assists,xA,shots,key_passes,yellow_cards,red_cards,npg,npxG,xGChain,xGBuildup
10458,111,Jannik Vestergaard,Leicester,D S,7,380,0,0.0387555845081806,0,0.0672715455293655,1,1,1,0,0,0.0387555845081806,1.8302377723157408,1.8302377723157408
10459,111,Jannik Vestergaard,Southampton,D S,19,1500,1,0.6769367195665836,0,0.7554682996124029,12,6,3,0,1,0.6769367195665836,3.913532881066203,3.750416284427047
10460,111,Jannik Vestergaard,Borussia M.Gladbach,D S,34,2650,4,3.615552330389619,1,0.7439237982034683,35,5,1,0,4,3.615552330389619,6.603208175860345,5.817853390239179
10461,111,Jannik Vestergaard,Werder Bremen,D M,33,2970,2,1.77804719703272,0,0.1873637363314628,35,5,2,0,2,1.77804719703272,4.458679761737585,4.268493313342333
10462,111,Jannik Vestergaard,Southampton,D S,30,2571,3,2.1054082941263914,0,0.7408252637833357,23,7,3,1,3,2.1054082941263914,6.064834667369723,5.990050286054611
10463,111,Jannik Vestergaard,Borussia M.Gladbach,D,32,2880,3,1.9636476943269368,0,0.6901250258088112,24,5,5,0,3,1.9636476943269368,6.887582687661052,6.206824289634824
10464,111,Jannik Vestergaard,"Hoffenheim,Werder Bremen",D M S,21,1434,2,1.135067774914205,0,0.0,13,0,3,0,2,1.135067774914205,1.5671746609732509,0.980963702313602
10465,111,Jannik Vestergaard,Southampton,D,23,2033,0,0.6773965805768967,0,0.5291911493986845,14,5,2,0,0,0.6773965805768967,4.749757433310151,4.323440970852971
