,id,player_name,team_title,position,games,time,goals,xG,assists,xA,shots,key_passes,yellow_cards,red_cards,npg,npxG,xGChain,xGBuildup
10466,2816,Jano Ananidze,"Krylya Sovetov Samara,Spartak Moscow",F M S,9,662,1,0.933712400496006,2,1.4111951254308224,12,20,1,0,1,0.933712400496006,2.7566361129283905,0.718943321146071
10467,2816,Jano Ananidze,Spartak Moscow,M S,6,174,0,0.143022084608674,0,0.0759105756878852,4,1,0,0,0,0.143022084608674,0.7418501600623131,0.6766274124383926
10468,2816,Jano Ananidze,Spartak Moscow,M S,6,327,0,0.2116803135722875,0,0.7502741478383541,7,9,0,0,0,0.2116803135722875,1.6094256043434143,1.3138277269899843
10469,2816,Jano Ananidze,Spartak Moscow,M S,11,593,0,0.1470699468627572,3,2.596064488403499,5,17,0,0,0,0.1470699468627572,4.257601913064718,1.7061334922909737
10470,2816,Jano Ananidze,Spartak Moscow,F M S,22,1265,4,1.1347028436139226,2,1.887966396287084,21,32,0,0,4,1.1347028436139226,5.726299135945737,3.8456825762987137
10471,2816,Jano Ananidze,Spartak Moscow,D F M S,15,739,0,0.9451993834227324,0,1.2706656977534294,13,15,0,0,0,0.9451993834227324,3.183745611459017,1.3370532244443891
