,id,player_name,team_title,position,games,time,goals,xG,assists,xA,shots,key_passes,yellow_cards,red_cards,npg,npxG,xGChain,xGBuildup
10571,2108,Javi López,Espanyol,D M S,28,2188,0,0.945057775825262,1,1.263535251840949,9,8,8,0,0,0.945057775825262,2.440234985202551,2.1352171190083027
10572,2108,Javi López,Espanyol,D S,23,1956,0,0.8089726129546762,0,0.8078197445720434,7,17,3,1,0,0.8089726129546762,7.094818530604243,5.916660411283374
10573,2108,Javi López,Espanyol,D S,17,1395,0,0.073070210404694,0,0.8982740584760904,3,10,3,1,0,0.073070210404694,3.58519684150815,3.453887198120356
10574,2108,Javi López,Espanyol,D M S,31,2420,0,0.0620086276903748,2,0.946151931770146,3,7,11,0,0,0.0620086276903748,5.232678709551692,4.690202152356505
10575,2108,Javi López,Espanyol,D S,19,1527,0,0.0389365963637828,1,0.5328357890248299,1,5,3,0,0,0.0389365963637828,1.5576335154473782,0.9858611263334752
10576,2108,Javi López,Espanyol,D S,14,965,0,0.1327721467241644,0,0.6702019646763802,3,5,4,0,0,0.1327721467241644,2.473367507569492,2.269936199299991
