,id,player_name,team_title,position,games,time,goals,xG,assists,xA,shots,key_passes,yellow_cards,red_cards,npg,npxG,xGChain,xGBuildup
10614,8413,Javier López,Alaves,D,1,90,0,0.0,0,0.0,0,0,0,0,0,0.0,0.0593637637794017,0.0593637637794017
10615,8413,Javier López,Alaves,D S,4,192,0,0.0,0,0.1605616435408592,0,3,1,0,0,0.0,0.2476040869951248,0.0870424397289753
10616,8413,Javier López,Alaves,D S,9,236,0,0.0902613699436187,0,0.1190703436732292,1,3,1,0,0,0.0902613699436187,0.1654321402311325,0.0198419652879238
