,id,player_name,team_title,position,games,time,goals,xG,assists,xA,shots,key_passes,yellow_cards,red_cards,npg,npxG,xGChain,xGBuildup
10560,3061,Javi García,Real Betis,D M S,13,518,0,0.0,0,0.0,0,0,0,1,0,0.0,1.7391370255500078,1.7391370255500078
10561,3061,Javi García,Zenit St. Petersburg,D M S,26,1911,2,2.297551861032844,0,0.2990959119051695,13,6,7,0,2,2.297551861032844,5.422235289588571,5.223357705399394
10562,3061,Javi García,Zenit St. Petersburg,M,22,1925,1,1.5911282198503611,0,0.227824923582375,17,9,8,0,1,1.5911282198503611,4.066665226593614,3.501433039084077
10563,3061,Javi García,Real Betis,M S,8,366,0,0.1481200084090232,0,0.0,3,0,2,0,0,0.1481200084090232,0.8653457649052143,0.8436328358948231
10564,3061,Javi García,Zenit St. Petersburg,M S,24,1907,3,2.0181753747165203,0,0.0373703017830848,10,2,5,0,3,2.0181753747165203,4.342785758897662,4.260350572876632
10565,3061,Javi García,Zenit St. Petersburg,D,1,90,0,0.0,0,0.0,0,0,0,0,0,0.0,0.5644345879554749,0.5644345879554749
10566,3061,Javi García,Real Betis,D M S,32,2407,1,1.0119610503315926,0,0.6768278684467077,11,10,7,0,1,1.0119610503315926,6.69012963399291,5.942953251302242
