,id,player_name,team_title,position,games,time,goals,xG,assists,xA,shots,key_passes,yellow_cards,red_cards,npg,npxG,xGChain,xGBuildup
10591,2422,Javi Márquez,Granada,F M S,25,1424,0,1.9664442157372832,0,1.0591987669467926,39,15,5,0,0,1.9664442157372832,4.215060421265662,2.377545680850744
10592,2422,Javi Márquez,Granada,M S,7,397,0,0.3109358996152878,0,0.0768174491822719,11,3,2,0,0,0.3109358996152878,0.3165323343127966,0.1709972918033599
10593,2422,Javi Márquez,Granada,M S,19,1319,0,1.0004673320800066,1,0.4740533572621643,21,12,6,0,0,1.0004673320800066,3.624236263334751,2.903479617089033
