,id,player_name,team_title,position,games,time,goals,xG,assists,xA,shots,key_passes,yellow_cards,red_cards,npg,npxG,xGChain,xGBuildup
10552,2377,Javi Fuego,Valencia,M S,26,2046,0,0.1562421098351478,0,0.7667001355439425,5,10,10,1,0,0.1562421098351478,6.250139968469739,5.433015987277031
10553,2377,Javi Fuego,"Espanyol,Villarreal",M S,28,1884,0,0.5636671278625727,0,0.0336995860561728,7,2,8,0,0,0.5636671278625727,4.2017776016145945,4.170193238183856
10554,2377,Javi Fuego,Espanyol,M S,31,2564,1,0.3733688909560442,0,0.6241725850850344,8,6,8,1,1,0.3733688909560442,2.6648820089176297,1.921542747411877
10555,2377,Javi Fuego,Villarreal,M S,5,237,0,0.0,0,0.0,0,0,1,0,0,0.0,0.2829331830143928,0.2829331830143928
10556,2377,Javi Fuego,Valencia,M S,35,3007,3,0.5582952871918678,1,1.0493713784962893,9,5,8,1,3,0.5582952871918678,8.5427615493536,8.341209068894386
