,id,player_name,team_title,position,games,time,goals,xG,assists,xA,shots,key_passes,yellow_cards,red_cards,npg,npxG,xGChain,xGBuildup
10638,6546,Jawad El Yamiq,Genoa,D,4,360,0,0.0102967247366905,0,0.0,1,0,0,0,0,0.0102967247366905,0.1307424288243055,0.1307424288243055
10639,6546,Jawad El Yamiq,Genoa,D S,3,192,0,0.0879434151574969,0,0.0247344747185707,2,2,1,0,0,0.0879434151574969,0.2152048088610172,0.1935779210180044
10640,6546,Jawad El Yamiq,Real Valladolid,D S,19,1371,0,0.5668982295319438,1,0.0396119337528944,8,2,6,0,0,0.5668982295319438,2.683349816128612,2.311753837391734
