,id,player_name,team_title,position,games,time,goals,xG,assists,xA,shots,key_passes,yellow_cards,red_cards,npg,npxG,xGChain,xGBuildup
10720,7107,Jean-Paul Boëtius,Mainz 05,F M S,31,2086,2,3.368301765061915,4,6.803744727745652,29,34,5,0,2,3.368301765061915,13.28143072873354,6.524875469505787
10721,7107,Jean-Paul Boëtius,Mainz 05,F M S,28,2272,4,3.6848212722688913,5,2.9675981467589736,36,36,5,0,4,3.6848212722688913,10.24495805054903,4.831556260585785
10722,7107,Jean-Paul Boëtius,Mainz 05,M S,14,919,0,0.510194786824286,1,2.3696407340466976,14,19,3,0,0,0.510194786824286,3.660254707559943,2.834748446941376
10723,7107,Jean-Paul Boëtius,Mainz 05,F M S,30,2133,4,2.640575673431158,7,4.636650364845991,47,31,8,0,4,2.640575673431158,12.327529724687338,5.505721589550376
