,id,player_name,team_title,position,games,time,goals,xG,assists,xA,shots,key_passes,yellow_cards,red_cards,npg,npxG,xGChain,xGBuildup
10724,4764,Jean-Philippe Gbamin,Mainz 05,M S,25,1825,0,1.4383702743798494,0,0.158107353374362,23,5,2,3,0,1.4383702743798494,3.569398444145918,3.1843897588551044
10725,4764,Jean-Philippe Gbamin,Everton,M S,2,49,0,0.0,0,0.0,0,0,0,0,0,0.0,0.0582825951278209,0.0582825951278209
10726,4764,Jean-Philippe Gbamin,Mainz 05,D M S,31,2675,2,1.2989504979923368,1,1.945369217544794,35,23,3,0,2,1.2989504979923368,7.881922625005245,5.7939332239329815
10727,4764,Jean-Philippe Gbamin,Everton,S,1,9,0,0.0,0,0.0,0,0,0,0,0,0.0,0.0,0.0
10728,4764,Jean-Philippe Gbamin,Lens,D M S,33,2718,0,0.6341339610517025,0,0.6352235106751323,8,8,3,1,0,0.6341339610517025,5.239674282260239,4.776154877617955
10729,4764,Jean-Philippe Gbamin,Everton,M S,2,135,0,0.0,0,0.0,0,0,0,0,0,0.0,0.0,0.0
10730,4764,Jean-Philippe Gbamin,Mainz 05,D M S,30,2592,1,0.8871507104486227,3,1.4264171225950122,26,13,5,0,1,0.8871507104486227,4.448860769160092,3.291052056476474
