,id,player_name,team_title,position,games,time,goals,xG,assists,xA,shots,key_passes,yellow_cards,red_cards,npg,npxG,xGChain,xGBuildup
10696,3209,Jean-Daniel Akpa-Akpro,Lazio,D M S,32,1009,0,1.1854079412296414,1,0.7609777599573135,12,12,9,0,0,1.1854079412296414,5.454459183849394,3.60369345266372
10697,3209,Jean-Daniel Akpa-Akpro,Toulouse,D M S,32,2413,2,1.4402675237506628,3,2.0103866467252374,21,21,5,0,2,1.4402675237506628,6.329951906576753,3.61428807862103
10698,3209,Jean-Daniel Akpa-Akpro,Toulouse,S,2,71,0,0.0,0,0.0,0,0,1,0,0,0.0,0.058281909674406,0.058281909674406
10699,3209,Jean-Daniel Akpa-Akpro,Lazio,M S,8,302,0,0.1648644804954528,0,0.0257920548319816,2,2,1,0,0,0.1648644804954528,0.1309625580906868,0.0765194222331047
10700,3209,Jean-Daniel Akpa-Akpro,Toulouse,D M S,33,2560,1,1.2485694624483583,4,3.6797820115461946,18,24,12,0,1,1.2485694624483583,6.553957710042596,4.516286315396428
