,id,player_name,team_title,position,games,time,goals,xG,assists,xA,shots,key_passes,yellow_cards,red_cards,npg,npxG,xGChain,xGBuildup
10684,1531,Jean-Christophe Bahebeck,Saint-Etienne,F M S,16,846,1,3.0019710389897227,0,0.4281779611483216,29,8,2,0,1,2.24187585990876,3.618071331642568,1.4535552198067307
10685,1531,Jean-Christophe Bahebeck,Pescara,F S,15,825,4,3.326400052756071,1,1.2496167607605455,29,4,0,0,4,3.326400052756071,5.838333185762167,2.321187609806657
10686,1531,Jean-Christophe Bahebeck,Paris Saint Germain,F S,15,542,2,1.137460233643651,3,0.9752257242798804,16,7,2,0,2,1.137460233643651,2.0091224927455187,0.5994090810418129
