,id,player_name,team_title,position,games,time,goals,xG,assists,xA,shots,key_passes,yellow_cards,red_cards,npg,npxG,xGChain,xGBuildup
10764,1056,Jeff Reine-Adelaide,"Lyon,Nice",F M S,15,1083,1,1.5740413954481485,2,2.08809632062912,16,18,1,0,1,1.5740413954481485,4.2399255856871605,0.9444218771532178
10765,1056,Jeff Reine-Adelaide,Angers,F M S,35,2575,3,5.5752772353589535,3,2.521100172773004,38,32,2,0,3,4.815182086080313,11.620502354577184,6.066216813400388
10766,1056,Jeff Reine-Adelaide,Angers,M S,10,442,0,0.1834631040692329,0,0.4869046211242676,4,5,0,0,0,0.1834631040692329,2.425090216100216,1.81957346200943
10767,1056,Jeff Reine-Adelaide,"Angers,Lyon",M S,15,884,3,1.6282945573329926,2,1.3373254872858524,6,12,3,0,3,1.6282945573329926,4.929997812956572,2.2411742135882378
