,id,player_name,team_title,position,games,time,goals,xG,assists,xA,shots,key_passes,yellow_cards,red_cards,npg,npxG,xGChain,xGBuildup
10756,1746,Jeff Hendrick,Burnley,M S,34,2363,2,2.092277029529214,2,2.6957107335329056,26,26,1,0,2,2.092277029529214,6.184883074834943,2.066745288670063
10757,1746,Jeff Hendrick,Newcastle United,S,2,56,1,0.01774762570858,0,0.0,1,0,0,0,1,0.01774762570858,0.1380431614816188,0.1202955357730388
10758,1746,Jeff Hendrick,Burnley,M S,24,1944,2,2.102083634585142,2,1.3787488536909225,22,14,8,0,2,2.102083634585142,4.952221877872944,2.434791434556246
10759,1746,Jeff Hendrick,Newcastle United,M S,22,1436,2,1.107993796467781,1,1.4332300974056125,10,6,1,1,2,1.107993796467781,3.6056416034698486,1.3866964289918542
10760,1746,Jeff Hendrick,Burnley,M S,32,2089,3,1.7896255142986774,0,1.0732653569430113,19,12,4,0,3,1.7896255142986774,3.25222853012383,1.3670612163841724
10761,1746,Jeff Hendrick,Burnley,M S,32,2698,2,1.3130612196400762,1,0.6539573492482305,31,13,6,1,2,1.3130612196400762,2.777807946316898,1.8422749498859048
