,id,player_name,team_title,position,games,time,goals,xG,assists,xA,shots,key_passes,yellow_cards,red_cards,npg,npxG,xGChain,xGBuildup
10825,6262,Jens Stryger Larsen,Udinese,D S,33,2805,1,1.228252051398158,3,2.2160784918814898,12,24,5,0,1,1.228252051398158,8.114472495391965,5.91184164956212
10826,6262,Jens Stryger Larsen,Udinese,D S,11,692,0,0.7249361090362072,1,0.8821039451286197,9,10,0,0,0,0.7249361090362072,2.0988861890509725,0.6537568923085928
10827,6262,Jens Stryger Larsen,Udinese,D M S,33,2657,2,3.671282019931823,0,1.1915194587782023,23,10,0,0,2,3.671282019931823,7.993512134999037,4.437160758301616
10828,6262,Jens Stryger Larsen,Udinese,D M,36,3240,1,1.9279866572469475,4,2.5133443446829915,16,30,6,0,1,1.9279866572469475,10.393118008039892,7.097407764755189
10829,6262,Jens Stryger Larsen,Udinese,D S,30,2528,1,1.6415865048766136,1,1.126763615757227,19,9,5,0,1,1.6415865048766136,7.580411195755005,6.236223928630352
