,id,player_name,team_title,position,games,time,goals,xG,assists,xA,shots,key_passes,yellow_cards,red_cards,npg,npxG,xGChain,xGBuildup
10831,7933,Jerdy Schouten,Bologna,M S,2,115,0,0.0240057781338691,1,0.0765509828925132,1,1,0,1,0,0.0240057781338691,0.4618585258722305,0.3613017648458481
10832,7933,Jerdy Schouten,Bologna,M S,34,2518,1,0.1680347053334117,1,2.569763194769621,9,24,8,1,1,0.1680347053334117,10.763231042772532,8.724707122892141
10833,7933,Jerdy Schouten,Bologna,M S,19,1087,0,0.1530366316437721,0,0.3150186939164996,7,9,6,1,0,0.1530366316437721,3.658010771498084,3.356116099283099
