,id,player_name,team_title,position,games,time,goals,xG,assists,xA,shots,key_passes,yellow_cards,red_cards,npg,npxG,xGChain,xGBuildup
10867,8235,Jeremy Ngakia,West Ham,D,5,442,0,0.0140365045517683,0,0.0,1,0,0,0,0,0.0140365045517683,0.8919648202136159,0.8779283137992024
10868,8235,Jeremy Ngakia,Watford,D S,10,481,0,0.0445784516632556,0,0.1035380437970161,2,1,0,0,0,0.0445784516632556,1.4341832548379898,1.3123562084510922
