,id,player_name,team_title,position,games,time,goals,xG,assists,xA,shots,key_passes,yellow_cards,red_cards,npg,npxG,xGChain,xGBuildup
10855,3788,Jeremy Gelin,Rennes,D M S,28,2311,0,0.1603599432855844,2,0.5032995236106217,5,13,2,0,0,0.1603599432855844,3.109650691971183,2.83328746445477
10856,3788,Jeremy Gelin,Rennes,D M S,22,1258,0,0.4062479510903358,0,0.10640559066087,7,5,3,1,0,0.4062479510903358,2.4563537295907736,2.16049063578248
10857,3788,Jeremy Gelin,Rennes,D M S,14,919,0,0.2235777853056788,0,0.0426270458847284,4,2,1,0,0,0.2235777853056788,1.445152481086552,1.4203119473531842
