,id,player_name,team_title,position,games,time,goals,xG,assists,xA,shots,key_passes,yellow_cards,red_cards,npg,npxG,xGChain,xGBuildup
10837,7813,Jeremiah St. Juste,Mainz 05,D S,6,418,0,0.5214005596935749,0,0.1409030994400382,7,3,0,0,0,0.5214005596935749,0.948947086930275,0.808465838432312
10838,7813,Jeremiah St. Juste,Mainz 05,D M S,25,2118,2,0.5927175134420395,2,1.2162432223558426,12,5,7,0,2,0.5927175134420395,4.642858546227217,4.120781723409891
10839,7813,Jeremiah St. Juste,Mainz 05,D,32,2880,0,1.6637206841260197,1,0.2569551607593894,22,6,4,0,0,1.6637206841260197,7.274294894188642,7.078404575586319
