,id,player_name,team_title,position,games,time,goals,xG,assists,xA,shots,key_passes,yellow_cards,red_cards,npg,npxG,xGChain,xGBuildup
10949,5234,Jesús Vallejo,Real Madrid,D S,5,309,1,0.7584502696990967,0,0.0,1,0,1,1,1,0.7584502696990967,0.7301774621009827,0.7301774621009827
10950,5234,Jesús Vallejo,Real Madrid,D,7,630,0,0.0,0,0.0,0,0,0,0,0,0.0,1.7618550807237623,1.7618550807237623
10951,5234,Jesús Vallejo,Wolverhampton Wanderers,D S,2,163,0,0.0,0,0.0,0,0,1,0,0,0.0,0.0583947114646434,0.0583947114646434
10952,5234,Jesús Vallejo,Real Madrid,S,1,6,0,0.0,0,0.0,0,0,0,0,0,0.0,0.0,0.0
10953,5234,Jesús Vallejo,Granada,D S,11,621,0,0.0781469121575355,0,0.0,1,0,1,0,0,0.0781469121575355,0.9510282278060912,0.9510282278060912
10954,5234,Jesús Vallejo,Granada,D M S,21,1360,0,0.1089806482195854,0,0.0839043706655502,1,1,2,1,0,0.1089806482195854,1.6639776024967432,1.6639776024967432
10955,5234,Jesús Vallejo,Eintracht Frankfurt,D S,25,2052,1,0.8067882126197219,0,0.0980794914066791,5,3,4,0,1,0.8067882126197219,4.207328257150948,4.207328257150948
