,id,player_name,team_title,position,games,time,goals,xG,assists,xA,shots,key_passes,yellow_cards,red_cards,npg,npxG,xGChain,xGBuildup
10974,2689,Jiloan Hamad,Hoffenheim,M S,7,321,1,0.600897341966629,0,0.1320135183632373,4,3,1,0,1,0.600897341966629,0.7823359668254852,0.1434898003935814
10975,2689,Jiloan Hamad,Hoffenheim,S,1,13,0,0.0428256057202816,0,0.0,1,0,0,0,0,0.0428256057202816,0.0428256057202816,0.0
