,id,player_name,team_title,position,games,time,goals,xG,assists,xA,shots,key_passes,yellow_cards,red_cards,npg,npxG,xGChain,xGBuildup
10994,6003,Jimmy Giraudon,Troyes,D,17,1530,0,0.0,0,0.2553470432758331,0,1,2,1,0,0.0,2.6651861742138863,2.4098391346633434
10995,6003,Jimmy Giraudon,Troyes,D S,25,2091,0,0.305837795138359,0,0.0392572209239006,4,1,4,1,0,0.305837795138359,4.929197462275624,4.889940241351724
