,id,player_name,team_title,position,games,time,goals,xG,assists,xA,shots,key_passes,yellow_cards,red_cards,npg,npxG,xGChain,xGBuildup
10986,3456,Jimmy Cabot,Angers,D M,18,1607,0,0.2359190583229065,5,2.3834432531148195,10,16,2,0,0,0.2359190583229065,3.6840640418231487,2.5028983876109123
10987,3456,Jimmy Cabot,Angers,M S,22,923,1,0.8478854717686772,1,1.1565887350589037,10,10,1,0,1,0.8478854717686772,4.0316796619445086,2.1466445960104465
10988,3456,Jimmy Cabot,"Lorient,Troyes",F M S,28,1469,4,1.729951148852706,4,4.238303830847144,31,28,2,0,4,1.729951148852706,6.260510734282434,1.6588027188554406
10989,3456,Jimmy Cabot,Lorient,F M S,25,1262,5,3.6990998219698654,4,2.779626615345478,25,27,1,0,5,3.6990998219698654,7.185711044818163,3.449299255385995
