,id,player_name,team_title,position,games,time,goals,xG,assists,xA,shots,key_passes,yellow_cards,red_cards,npg,npxG,xGChain,xGBuildup
11001,77,Jin-Su Kim,Hoffenheim,D S,15,1314,0,0.1489607691764831,0,0.1986879389733076,7,4,3,0,0,0.1489607691764831,1.8068164195865395,1.4736653789877892
11002,77,Jin-Su Kim,Hoffenheim,D S,19,1502,0,0.1567079257220029,1,1.8989903181791303,6,14,4,0,0,0.1567079257220029,2.8223716146312654,1.7473542694933712
