,id,player_name,team_title,position,games,time,goals,xG,assists,xA,shots,key_passes,yellow_cards,red_cards,npg,npxG,xGChain,xGBuildup
11030,7784,Joao Victor,Wolfsburg,F M S,32,1637,2,4.583161223679781,2,2.175634102895856,29,14,4,0,2,4.583161223679781,8.529213478788733,2.471169804222882
11031,7784,Joao Victor,Wolfsburg,F M S,21,442,1,0.4429292995482683,1,1.1767483865842223,10,11,0,0,1,0.4429292995482683,1.9760354151949289,0.6359077170491219
