,id,player_name,team_title,position,games,time,goals,xG,assists,xA,shots,key_passes,yellow_cards,red_cards,npg,npxG,xGChain,xGBuildup
11049,7233,Joaquín Fernández,Real Valladolid,D M S,20,1662,2,0.6073466502130032,0,0.0913874506950378,10,4,9,0,2,0.6073466502130032,1.8171836528927088,1.7587185129523275
11050,7233,Joaquín Fernández,Real Valladolid,D M S,13,835,1,0.3302144454792142,0,0.011703185737133,7,1,2,0,1,0.3302144454792142,0.3545180633664131,0.3428148776292801
11051,7233,Joaquín Fernández,Real Valladolid,D M S,25,2084,1,0.9834429686889052,0,0.2227610051631927,8,2,8,0,1,0.9834429686889052,2.974670883268118,2.795569483190775
