,id,player_name,team_title,position,games,time,goals,xG,assists,xA,shots,key_passes,yellow_cards,red_cards,npg,npxG,xGChain,xGBuildup
11032,2148,Joaquín,Real Betis,F M S,35,2492,4,4.059843428432941,7,6.733999530784786,33,50,7,0,4,4.059843428432941,13.777013082057238,7.674063252285123
11033,2148,Joaquín,Real Betis,F M S,27,1310,2,0.5915279816836119,5,2.578598689287901,10,31,2,0,2,0.5915279816836119,4.876311080530286,3.305245271883905
11034,2148,Joaquín,Real Betis,F M S,28,1680,3,2.7702685110270977,4,1.900615856051445,27,35,2,0,3,2.7702685110270977,8.0767801143229,5.060624904930592
11035,2148,Joaquín,Real Betis,M S,30,1961,1,2.706136830151081,5,4.531402045860887,27,50,3,0,1,2.706136830151081,7.081443792209029,3.823922071605921
11036,2148,Joaquín,Real Betis,F M S,34,2090,8,6.193383297882974,3,5.542067240923643,34,61,4,0,6,3.963678351603448,12.628123693168163,5.559414276853204
11037,2148,Joaquín,Real Betis,D F M S,30,1688,6,4.244644002057612,0,3.8507550060749054,23,45,5,0,6,4.244644002057612,11.094103310257196,5.677002982236445
11038,2148,Joaquín,Fiorentina,D F M S,23,1420,2,1.1562362350523472,3,4.231035698205233,16,34,1,0,2,1.1562362350523472,6.792500680312514,3.6273408867418766
11039,2148,Joaquín,Real Betis,S,8,79,0,0.3527170196175575,1,0.671107105910778,6,4,0,0,0,0.3527170196175575,1.2829856276512146,0.546777568757534
