,id,player_name,team_title,position,games,time,goals,xG,assists,xA,shots,key_passes,yellow_cards,red_cards,npg,npxG,xGChain,xGBuildup
11056,480,Joe Allen,Stoke,M S,36,2942,6,5.681928787380457,2,4.653246657922864,40,28,9,0,6,5.681928787380457,13.03703092597425,6.203423120081425
11057,480,Joe Allen,Stoke,M,36,3143,2,2.120809627696872,6,2.568119597621262,24,31,8,0,2,2.120809627696872,7.955894265323877,4.571832289919257
11058,480,Joe Allen,Liverpool,M S,21,1477,1,0.700470419600606,0,0.5434274133294821,12,15,3,0,1,0.700470419600606,3.1091924281790853,2.211216335184872
11059,480,Joe Allen,Liverpool,M S,19,720,2,1.3847464006394148,1,1.3596448935568333,12,12,0,0,2,1.3847464006394148,3.9975137235596776,2.38746877014637
