,id,player_name,team_title,position,games,time,goals,xG,assists,xA,shots,key_passes,yellow_cards,red_cards,npg,npxG,xGChain,xGBuildup
11120,510,Joel Ward,Crystal Palace,D,19,1621,0,0.1989610325545072,1,0.8787016943097115,5,8,4,0,0,0.1989610325545072,3.602487899363041,2.8047743067145348
11121,510,Joel Ward,Crystal Palace,D S,29,2383,0,0.1988261006772518,0,0.2505737356841564,5,5,4,0,0,0.1988261006772518,2.546270210295916,2.205837968736887
11122,510,Joel Ward,Crystal Palace,D,15,1350,0,0.2097512781620025,0,0.2521415762603283,6,4,5,0,0,0.2097512781620025,4.627576369792223,4.308253485709429
11123,510,Joel Ward,Crystal Palace,D M,38,3420,0,0.9386277562007308,1,0.8645513318479061,14,11,7,0,0,0.9386277562007308,4.739609081298113,3.5180687122046947
11124,510,Joel Ward,Crystal Palace,D S,7,550,1,0.917661726474762,0,0.1186030199751257,2,2,1,0,1,0.917661726474762,1.673132285475731,0.9782976806163788
11125,510,Joel Ward,Crystal Palace,D,30,2694,2,1.1507400255650282,1,1.8000701358541846,17,13,4,0,2,1.1507400255650282,7.403060941025615,5.379452860914171
11126,510,Joel Ward,Crystal Palace,D S,26,2252,0,0.0517113739624619,1,0.473003345541656,2,7,5,0,0,0.0517113739624619,3.116230333223939,2.8893981855362654
11127,510,Joel Ward,Crystal Palace,D M,37,3330,1,0.3118087574839592,0,0.8839990291744471,12,22,4,0,1,0.3118087574839592,2.6755145201459527,2.126584354788065
