,id,player_name,team_title,position,games,time,goals,xG,assists,xA,shots,key_passes,yellow_cards,red_cards,npg,npxG,xGChain,xGBuildup
11137,3409,Johan Audel,Nantes,F M S,29,1259,2,3.65742550045252,3,1.4132557939738035,33,14,4,0,2,3.65742550045252,6.431217438541353,2.2010301714763045
11138,3409,Johan Audel,Nantes,F M S,24,1265,3,2.919964738190174,1,1.3091418631374836,30,18,0,0,3,2.919964738190174,4.814793024212122,2.039320779964328
