,id,player_name,team_title,position,games,time,goals,xG,assists,xA,shots,key_passes,yellow_cards,red_cards,npg,npxG,xGChain,xGBuildup
11147,6242,Johan Mojica,Elche,D S,16,1356,1,0.335206801071763,2,2.863531455397606,8,14,1,0,1,0.335206801071763,4.365947458893061,2.6577391624450684
11148,6242,Johan Mojica,Girona,D M S,30,2131,0,0.7097378196194768,4,2.6742169177159667,22,24,6,0,0,0.7097378196194768,3.2627365747466683,1.3355570351704955
11149,6242,Johan Mojica,Atalanta,D M S,11,293,0,0.1116732954978942,0,0.6511010229587555,4,4,1,0,0,0.1116732954978942,1.437824763357639,1.2386872880160809
11150,6242,Johan Mojica,Girona,S,1,14,0,0.0,0,0.0,0,0,0,0,0,0.0,0.0,0.0
11151,6242,Johan Mojica,Elche,D S,17,1201,0,0.1339231161400675,0,0.8998931730166078,7,10,3,0,0,0.1339231161400675,1.701528748497367,1.460625620558858
