,id,player_name,team_title,position,games,time,goals,xG,assists,xA,shots,key_passes,yellow_cards,red_cards,npg,npxG,xGChain,xGBuildup
11186,7703,John Egan,Sheffield United,D,36,3193,2,2.686708400025964,0,0.4515925049781799,27,1,3,1,2,2.686708400025964,3.889271326363087,3.759345158934593
11187,7703,John Egan,Sheffield United,D S,31,2628,0,0.4912481810897589,1,0.6186049580574036,14,3,7,1,0,0.4912481810897589,4.387040738016367,3.74502813257277
