,id,player_name,team_title,position,games,time,goals,xG,assists,xA,shots,key_passes,yellow_cards,red_cards,npg,npxG,xGChain,xGBuildup
11230,5977,Joia Nuno Da Costa,Strasbourg,F M S,34,2061,8,5.291800880804658,5,2.896340135484934,47,20,3,0,7,4.531705716624856,9.591683987528086,3.0422864258289337
11231,5977,Joia Nuno Da Costa,Strasbourg,F M S,26,1749,5,4.002440132200718,2,0.5881516141816974,31,13,4,1,5,4.002440132200718,5.035876974463463,0.8873173091560602
11232,5977,Joia Nuno Da Costa,Strasbourg,F S,14,512,1,1.3081414122134447,0,0.1481375358998775,18,5,4,0,1,1.3081414122134447,1.7486482337117195,0.3788060061633587
