,id,player_name,team_title,position,games,time,goals,xG,assists,xA,shots,key_passes,yellow_cards,red_cards,npg,npxG,xGChain,xGBuildup
11252,7857,Jon Moncayola,Osasuna,M S,36,2660,2,1.17062326380983,0,1.024519474245608,38,17,5,1,2,1.17062326380983,5.869024038314819,4.47281987965107
11253,7857,Jon Moncayola,Osasuna,D M S,27,1484,1,0.6885527484118938,0,0.5456314240582287,13,11,4,0,1,0.6885527484118938,4.028217932675034,2.994008786976337
11254,7857,Jon Moncayola,Osasuna,M S,16,1237,1,1.068455100990832,2,0.377101176418364,15,10,2,0,1,1.068455100990832,2.794353775214404,1.6214356417767704
