,id,player_name,team_title,position,games,time,goals,xG,assists,xA,shots,key_passes,yellow_cards,red_cards,npg,npxG,xGChain,xGBuildup
11331,8636,Jonathan Christian David,Lille,F S,18,1276,11,10.572485867887735,0,1.8396522756665945,35,16,1,0,9,8.29220062866807,11.3941557854414,2.441294852644205
11332,8636,Jonathan Christian David,Lille,F M S,37,2375,13,10.193992603570225,2,2.657282277010381,55,34,0,0,13,10.193992603570225,15.72020023316145,3.3598841540515423
