,id,player_name,team_title,position,games,time,goals,xG,assists,xA,shots,key_passes,yellow_cards,red_cards,npg,npxG,xGChain,xGBuildup
11314,1600,Jonathan Biabiany,Inter,S,1,1,0,0.1211263015866279,0,0.0,1,0,0,0,0,0.1211263015866279,0.1211263015866279,0.0
11315,1600,Jonathan Biabiany,Inter,M S,20,849,1,1.26847555488348,2,2.9200670132413507,20,19,3,0,1,1.26847555488348,3.959347514435649,1.6203299388289452
11316,1600,Jonathan Biabiany,Parma Calcio 1913,F M S,18,1072,0,0.5070669054985046,0,1.161269429139793,4,9,4,0,0,0.5070669054985046,2.4273645505309105,0.8746476098895073
11317,1600,Jonathan Biabiany,Parma,F,1,74,0,0.0288572572171688,0,0.0,1,0,0,0,0,0.0288572572171688,0.0288572572171688,0.0
