,id,player_name,team_title,position,games,time,goals,xG,assists,xA,shots,key_passes,yellow_cards,red_cards,npg,npxG,xGChain,xGBuildup
11417,769,Jonjo Shelvey,Newcastle United,M S,26,2136,6,2.2422137800604105,2,4.141612278297544,45,44,3,0,6,2.2422137800604105,7.4871279345825315,4.892644166946411
11418,769,Jonjo Shelvey,Newcastle United,M S,9,637,0,0.2072515469044447,0,0.3934127576649189,10,11,2,1,0,0.2072515469044447,0.9603525130078197,0.5184340914711356
11419,769,Jonjo Shelvey,"Newcastle United,Swansea",M S,31,2270,1,2.540728971362114,5,4.389030738733709,56,43,8,0,0,1.779560126364231,10.940085470676422,7.2602969305589795
11420,769,Jonjo Shelvey,Newcastle United,M S,30,2268,1,2.1764802299439907,3,2.6017928682267666,42,41,2,2,1,2.1764802299439907,7.696285851299763,4.693056767806411
11421,769,Jonjo Shelvey,Newcastle United,M S,16,932,1,0.7167939725331962,1,1.857972823549062,23,25,1,0,1,0.7167939725331962,3.2687313170172274,1.9959062775596976
11422,769,Jonjo Shelvey,Swansea,M S,31,2471,3,4.547879750840366,5,2.943916641175747,62,30,8,1,2,3.786710913293064,11.989973668009045,7.097531778737903
11423,769,Jonjo Shelvey,Newcastle United,M S,30,2617,1,2.452838398516178,3,2.62552472576499,42,37,7,0,1,2.452838398516178,9.463527981191874,7.525889337062836
