,id,player_name,team_title,position,games,time,goals,xG,assists,xA,shots,key_passes,yellow_cards,red_cards,npg,npxG,xGChain,xGBuildup
11424,1084,Jonjoe Kenny,Schalke 04,D,31,2732,2,1.1650710506364703,3,1.1544621596112847,12,15,5,0,2,1.1650710506364703,5.362750198692083,4.135392604395747
11425,1084,Jonjoe Kenny,Everton,S,1,62,0,0.093649685382843,0,0.0,1,0,0,0,0,0.093649685382843,0.093649685382843,0.0
11426,1084,Jonjoe Kenny,Everton,D S,10,791,0,0.0850523598492145,1,0.8401080034673214,3,6,1,0,0,0.0850523598492145,2.841430392116308,1.9637693352997303
11427,1084,Jonjoe Kenny,Everton,S,1,8,0,0.0,0,0.0,0,0,0,0,0,0.0,0.0130245517939329,0.0130245517939329
11428,1084,Jonjoe Kenny,Everton,D M S,19,1585,0,0.1779693309217691,1,1.7238539010286331,3,10,2,0,0,0.1779693309217691,3.2733704205602407,2.2353804875165224
11429,1084,Jonjoe Kenny,Everton,S,1,11,0,0.0,0,0.0,0,0,0,0,0,0.0,0.0,0.0
11430,1084,Jonjoe Kenny,Everton,D S,4,81,0,0.0,0,0.0,0,0,0,0,0,0.0,0.2406445145606994,0.2406445145606994
