,id,player_name,team_title,position,games,time,goals,xG,assists,xA,shots,key_passes,yellow_cards,red_cards,npg,npxG,xGChain,xGBuildup
11438,807,Jonny Evans,Leicester,D S,24,1993,1,0.5250390954315662,0,0.2806595526635647,11,5,2,0,1,0.5250390954315662,3.3353215726092458,3.055660733021796
11439,807,Jonny Evans,West Bromwich Albion,D S,28,2276,2,1.737643737345934,2,1.045009071007371,10,8,7,0,2,1.737643737345934,3.967964116483927,3.88960431329906
11440,807,Jonny Evans,West Bromwich Albion,D M S,31,2635,2,1.8058079509064555,1,0.3334588399156928,9,7,8,0,2,1.8058079509064555,3.0564954495057464,3.042245832271874
11441,807,Jonny Evans,West Bromwich Albion,D M,30,2600,1,1.2419001087546349,1,0.7815929464995861,7,9,4,0,1,1.2419001087546349,2.822651037015021,2.2188000408932567
11442,807,Jonny Evans,Leicester,D,38,3390,1,2.4807436261326075,1,0.3810349116101861,23,8,8,1,1,2.4807436261326075,10.93947145715356,10.734535921365024
11443,807,Jonny Evans,Leicester,D,28,2483,2,1.8557127667590976,2,0.5386310797184706,8,10,7,0,2,1.8557127667590976,8.730609510093927,7.94296670332551
11444,807,Jonny Evans,Manchester United,D S,14,1095,0,0.0100949145853519,0,0.0366076827049255,1,1,1,0,0,0.0100949145853519,3.5060561150312424,3.4593535140156746
11445,807,Jonny Evans,Leicester,D S,10,752,1,1.2847998961806295,1,0.4210729673504829,3,3,2,0,1,1.2847998961806295,1.8027391880750656,1.7074244618415833
