,id,player_name,team_title,position,games,time,goals,xG,assists,xA,shots,key_passes,yellow_cards,red_cards,npg,npxG,xGChain,xGBuildup
11459,322,Joo-Ho Park,Mainz 05,D M,16,1413,0,0.2511219978332519,0,0.1400247272104025,8,5,2,0,0,0.2511219978332519,1.9644190166145563,1.6897624097764492
11460,322,Joo-Ho Park,Borussia Dortmund,D S,2,65,0,0.0,0,0.0584986796602606,0,2,0,0,0,0.0,0.0943742878735065,0.0358756072819232
11461,322,Joo-Ho Park,"Borussia Dortmund,Mainz 05",D S,6,399,0,0.3785921540111303,0,0.0719899907708168,3,2,0,0,0,0.3785921540111303,2.4128127694129944,2.064914137125016
