,id,player_name,team_title,position,games,time,goals,xG,assists,xA,shots,key_passes,yellow_cards,red_cards,npg,npxG,xGChain,xGBuildup
11502,7770,Jordan Larsson,Spartak Moscow,F M,29,2539,15,12.243045318871737,5,4.853524178266525,80,56,6,0,14,10.734494660049675,18.47791014239192,5.657541151158512
11503,7770,Jordan Larsson,Spartak Moscow,F M S,14,915,0,1.9475454278290272,0,2.8740975661203265,23,38,1,0,0,1.9475454278290272,3.340389806777239,0.94639010168612
11504,7770,Jordan Larsson,Spartak Moscow,F M S,26,1635,7,5.072909070178866,3,2.3318449575454,45,22,2,0,6,4.3186352383345366,9.932394191622734,3.9364236695691934
