,id,player_name,team_title,position,games,time,goals,xG,assists,xA,shots,key_passes,yellow_cards,red_cards,npg,npxG,xGChain,xGBuildup
11582,481,Jordon Ibe,Bournemouth,F M S,32,2005,2,2.9314239975065,6,3.7532155672088265,54,37,1,0,2,2.9314239975065,6.119110468775034,2.6754802893847227
11583,481,Jordon Ibe,Liverpool,F M S,27,1161,1,1.4264613203704355,2,1.6390911489725113,29,20,0,0,1,1.4264613203704355,5.980749741196632,3.4140845835208893
11584,481,Jordon Ibe,Bournemouth,F M S,25,1067,0,0.8431022940203547,0,1.0524154882878065,15,18,0,0,0,0.8431022940203547,3.2017985051497817,1.8253075368702407
11585,481,Jordon Ibe,Liverpool,F M S,12,616,0,0.5851623583585024,0,0.3594917170703411,10,6,0,0,0,0.5851623583585024,2.3427459467202425,1.721344729885459
11586,481,Jordon Ibe,Bournemouth,S,2,39,0,0.0,0,0.0,0,0,0,0,0,0.0,0.0219984911382198,0.0219984911382198
11587,481,Jordon Ibe,Bournemouth,D M S,19,799,1,0.775267081335187,1,0.4199866168200969,9,10,1,0,1,0.775267081335187,1.8733184821903703,1.1102917455136776
