,id,player_name,team_title,position,games,time,goals,xG,assists,xA,shots,key_passes,yellow_cards,red_cards,npg,npxG,xGChain,xGBuildup
11481,3275,Jordan Ferri,Montpellier,M S,16,1166,0,0.4291311483830213,0,1.222050371579826,11,22,1,1,0,0.4291311483830213,2.427210996858776,1.9231030754745009
11482,3275,Jordan Ferri,Lyon,M S,34,2462,2,1.900268935598433,5,5.25555313564837,32,45,8,0,2,1.900268935598433,13.859362837858498,8.142959898337722
11483,3275,Jordan Ferri,Lyon,M S,27,933,1,0.9341003485023976,2,2.775599727407098,10,19,4,0,1,0.9341003485023976,5.808131750673056,2.4631224423646927
11484,3275,Jordan Ferri,Montpellier,M S,34,2609,0,0.091136428527534,3,1.3749869838356972,4,22,6,0,0,0.091136428527534,8.79340467788279,8.03578089736402
11485,3275,Jordan Ferri,"Lyon,Nimes",M S,28,2001,2,0.7511057620868087,1,2.876369198784232,15,26,5,0,2,0.7511057620868087,8.16009972896427,4.925698159262538
11486,3275,Jordan Ferri,Lyon,M S,24,606,0,0.3650580681860447,1,0.8907508365809917,7,8,4,0,0,0.3650580681860447,5.846433149650693,4.908258944749832
11487,3275,Jordan Ferri,Montpellier,M,16,1397,0,0.1122388895601034,1,2.152391020208597,5,16,5,1,0,0.1122388895601034,4.477189587429166,2.975076394155621
11488,3275,Jordan Ferri,Lyon,M S,35,2635,1,3.8070487026125193,6,3.778140863403678,40,34,7,0,1,3.8070487026125193,15.92987066693604,9.209805123507977
