,id,player_name,team_title,position,games,time,goals,xG,assists,xA,shots,key_passes,yellow_cards,red_cards,npg,npxG,xGChain,xGBuildup
11612,2155,Jorge Molina,Granada,F M S,33,1604,8,5.957675330340862,2,1.94753972068429,24,20,3,0,8,5.214397720992565,8.624797951430082,2.0131927356123924
11613,2155,Jorge Molina,Getafe,F S,34,1879,5,6.393966186791658,3,3.7396231833845377,32,24,6,1,3,4.907538820058107,9.537519197911024,1.4652844425290823
11614,2155,Jorge Molina,Getafe,F S,36,2799,7,14.992219988256693,4,3.469279852695763,64,34,10,0,4,10.532554309815168,13.092449811287224,2.281355656683445
11615,2155,Jorge Molina,Getafe,F S,38,2657,14,11.42651876527816,5,6.8675405932590365,57,44,2,0,12,9.94361284095794,16.507737524807453,3.672793222591281
11616,2155,Jorge Molina,Real Betis,F S,23,914,1,2.2003607656806707,1,1.6286562457680702,14,10,4,0,1,2.2003607656806707,3.62462942302227,1.2454693764448166
11617,2155,Jorge Molina,Granada,F S,13,563,2,2.322290513664484,1,0.3623371846042573,14,7,1,0,2,2.322290513664484,2.76068801432848,0.380387432873249
