,id,player_name,team_title,position,games,time,goals,xG,assists,xA,shots,key_passes,yellow_cards,red_cards,npg,npxG,xGChain,xGBuildup
11596,5606,Jorge,Monaco,D M,22,1928,1,0.1882939096540212,2,1.82437658123672,7,13,8,0,1,0.1882939096540212,5.7229706812649965,4.411113176494837
11597,5606,Jorge,Monaco,D S,2,91,1,0.5063497424125671,0,0.1166004613041877,4,2,0,0,1,0.5063497424125671,0.639685869216919,0.0167356915771961
