,id,player_name,team_title,position,games,time,goals,xG,assists,xA,shots,key_passes,yellow_cards,red_cards,npg,npxG,xGChain,xGBuildup
11599,8107,Jorge De Frutos,Real Valladolid,S,3,53,0,0.0499700270593166,0,0.0975034162402153,1,1,0,0,0,0.0499700270593166,0.0499700270593166,0.0
11600,8107,Jorge De Frutos,Levante,F M S,15,1051,2,3.3731941282749176,4,2.0757790971547365,25,11,2,0,2,3.3731941282749176,5.225988827645779,1.7256813310086727
11601,8107,Jorge De Frutos,Levante,D M S,37,2186,4,3.8012582026422015,9,4.080366284586489,26,42,3,0,4,3.8012582026422015,11.209641821682451,5.312310367822647
