,id,player_name,team_title,position,games,time,goals,xG,assists,xA,shots,key_passes,yellow_cards,red_cards,npg,npxG,xGChain,xGBuildup
11632,7739,Joris Chotard,Montpellier,M S,20,1244,0,0.1612835177220404,1,0.3660634141415357,9,11,3,1,0,0.1612835177220404,3.737362432293594,3.431478766724468
11633,7739,Joris Chotard,Montpellier,M S,29,1149,0,0.7657310198992491,0,0.4868645574897527,9,10,3,0,0,0.7657310198992491,1.8755820374935863,1.4463153956457973
11634,7739,Joris Chotard,Montpellier,M S,17,1418,0,0.225053128786385,0,0.1172984447330236,6,4,3,0,0,0.225053128786385,3.346040407195688,3.0605009254068136
