,id,player_name,team_title,position,games,time,goals,xG,assists,xA,shots,key_passes,yellow_cards,red_cards,npg,npxG,xGChain,xGBuildup
11685,5587,Josh Maja,Fulham,F S,15,809,3,4.918053388595581,0,0.7428302690386772,21,7,0,0,2,4.156884551048279,4.449021197855473,0.6455439738929272
11686,5587,Josh Maja,Bordeaux,F S,21,703,6,3.470821237191558,2,1.2687124945223331,18,11,0,0,6,3.470821237191558,5.036477506160736,0.7821611352264881
11687,5587,Josh Maja,Bordeaux,F S,7,197,1,0.7579841483384371,0,0.0435716733336448,5,1,1,0,1,0.7579841483384371,0.6645058896392584,0.0
11688,5587,Josh Maja,Bordeaux,F S,17,814,2,2.4465226717293262,0,0.3399665271863341,19,8,2,0,2,2.4465226717293262,2.5557917691767216,1.0005804635584354
