,id,player_name,team_title,position,games,time,goals,xG,assists,xA,shots,key_passes,yellow_cards,red_cards,npg,npxG,xGChain,xGBuildup
11691,661,Josh Onomah,Tottenham,S,8,69,0,0.1788646578788757,0,0.0354382582008838,3,1,0,0,0,0.1788646578788757,0.6771606411784887,0.498295983299613
11692,661,Josh Onomah,Tottenham,S,5,11,0,0.0865196138620376,0,0.0,1,0,0,0,0,0.0865196138620376,0.1104355826973915,0.0239159688353538
11693,661,Josh Onomah,Fulham,M S,11,368,0,0.5561960740014911,0,0.0329759269952774,6,1,1,0,0,0.5561960740014911,1.3664658088237047,0.8782037142664194
