,id,player_name,team_title,position,games,time,goals,xG,assists,xA,shots,key_passes,yellow_cards,red_cards,npg,npxG,xGChain,xGBuildup
11758,150,Josuha Guilavogui,Wolfsburg,M S,30,2332,2,1.6257883431389928,0,0.5513488547876477,23,20,3,0,2,1.6257883431389928,9.202816195786,8.40460262261331
11759,150,Josuha Guilavogui,Wolfsburg,M S,27,1775,1,0.9732919111847878,0,0.3873039186000824,17,9,4,1,1,0.9732919111847878,6.749369753524661,5.8165648598223925
11760,150,Josuha Guilavogui,Wolfsburg,D M S,20,723,0,0.614740926772356,0,0.666401301510632,5,5,3,0,0,0.614740926772356,2.833742135204375,2.623879235237837
11761,150,Josuha Guilavogui,Wolfsburg,D M S,14,926,0,0.4492828892543912,0,0.122770357877016,8,2,4,0,0,0.4492828892543912,1.6369853876531124,1.5338116455823183
11762,150,Josuha Guilavogui,Wolfsburg,M S,19,1543,0,1.4260854367166758,0,0.3439043723046779,7,11,6,0,0,1.4260854367166758,4.154028661549091,3.821689710021019
11763,150,Josuha Guilavogui,Wolfsburg,M S,29,2411,3,1.5654179845005274,2,1.8085391018539667,22,22,6,1,3,1.5654179845005274,7.311011916957796,5.993522332981229
11764,150,Josuha Guilavogui,Wolfsburg,M S,19,1573,2,1.1815636064857244,1,0.1972080580890178,7,8,5,0,2,1.1815636064857244,3.688592318445444,3.5580689879134297
11765,150,Josuha Guilavogui,Wolfsburg,D M S,25,2068,0,1.0062792114913464,1,0.9491915795952082,24,9,5,1,0,1.0062792114913464,5.899390392005444,5.091332962736487
