,id,player_name,team_title,position,games,time,goals,xG,assists,xA,shots,key_passes,yellow_cards,red_cards,npg,npxG,xGChain,xGBuildup
11854,4117,José Ángel,Elche,D M S,13,664,0,0.0290382578969001,0,0.0,1,0,6,0,0,0.0290382578969001,0.4275988116860389,0.3985605537891388
11855,5126,José Ángel,Villarreal,D,7,630,0,0.2077631615102291,1,0.8551581874489784,7,8,2,0,0,0.2077631615102291,3.3287068493664265,2.5842824447900057
11856,5126,José Ángel,Eibar,D S,28,2362,1,0.7736442359164357,1,3.155100952833891,24,25,4,0,1,0.7736442359164357,5.401424529030919,3.864311020821333
11857,5126,José Ángel,Eibar,D M S,14,906,0,0.0262069124728441,0,1.009625807404518,2,9,3,0,0,0.0262069124728441,1.99950410798192,1.160021347925067
11858,5126,José Ángel,Eibar,D S,35,3040,1,0.7073930483311415,2,4.716636217199266,24,56,9,0,1,0.7073930483311415,9.71521470323205,7.233156168833375
11859,5126,José Ángel,Eibar,D S,30,2438,0,0.4209415838122368,8,4.384689906612039,15,45,4,0,0,0.4209415838122368,6.488190770149231,4.291849549859762
11860,5126,José Ángel,Osasuna,D S,11,379,1,0.0949738891795277,1,0.8519944846630096,6,4,0,1,1,0.0949738891795277,2.119060881435871,1.5992922484874723
