,id,player_name,team_title,position,games,time,goals,xG,assists,xA,shots,key_passes,yellow_cards,red_cards,npg,npxG,xGChain,xGBuildup
11826,8433,José Manuel Fontán,Celta Vigo,D S,4,174,0,0.0724600628018379,0,0.0,1,0,2,0,0,0.0724600628018379,0.0816629538312554,0.0092028910294175
11827,8433,José Manuel Fontán,Celta Vigo,D S,14,640,0,0.3547506295144558,0,0.0,5,0,1,1,0,0.3547506295144558,1.2516295537352562,1.2187822945415974
