,id,player_name,team_title,position,games,time,goals,xG,assists,xA,shots,key_passes,yellow_cards,red_cards,npg,npxG,xGChain,xGBuildup
11836,4485,José Pozo,Rayo Vallecano,S,5,57,0,0.1412354987114668,0,0.3643430173397064,3,3,0,0,0,0.1412354987114668,0.7251034080982208,0.3874395787715912
11837,4485,José Pozo,Manchester City,F S,3,141,0,0.5196043290197849,0,0.1819095313549041,3,2,0,0,0,0.5196043290197849,0.6281030476093292,0.0309115834534168
11838,4485,José Pozo,Rayo Vallecano,M S,29,1613,3,3.1025851164013147,0,1.6310933148488402,22,30,4,0,3,3.1025851164013147,8.859109994024038,5.137124687433243
