,id,player_name,team_title,position,games,time,goals,xG,assists,xA,shots,key_passes,yellow_cards,red_cards,npg,npxG,xGChain,xGBuildup
11869,2165,Jozabed,Celta Vigo,M S,24,1484,0,1.830877522006631,4,2.4206293616443872,18,21,7,0,0,1.830877522006631,9.27473460882902,6.677976105362177
11870,2165,Jozabed,Rayo Vallecano,M S,23,1158,1,0.263365819118917,1,1.6281083654612305,11,19,2,0,1,0.263365819118917,3.6392310662195086,2.74018634390086
11871,2165,Jozabed,Celta Vigo,F M S,19,1096,2,1.0731485653668642,2,1.441830992233008,16,17,2,0,2,1.0731485653668642,4.09213204914704,2.2811458716169
11872,2165,Jozabed,Celta Vigo,M S,20,1161,0,0.4593561952933669,0,0.6089111156761646,11,8,1,0,0,0.4593561952933669,5.564015338197351,4.667821703478694
11873,2165,Jozabed,Rayo Vallecano,M S,27,2068,9,5.239051036536694,2,2.268520209938288,45,28,3,0,9,5.239051036536694,11.391130946576595,5.959241542033851
