,id,player_name,team_title,position,games,time,goals,xG,assists,xA,shots,key_passes,yellow_cards,red_cards,npg,npxG,xGChain,xGBuildup
11897,1512,João Mário,Inter,M S,14,548,0,1.532603157684207,3,1.673550397157669,12,17,0,0,0,1.532603157684207,4.666060229763389,2.642190104350448
11898,1512,João Mário,Inter,M S,30,1999,3,4.814515642821789,5,4.550246623344719,32,55,5,0,3,4.814515642821789,16.245481435209513,9.530040631070731
11899,1512,João Mário,Lokomotiv Moscow,F M S,18,1482,1,3.1959581542760134,4,3.5917525477707386,36,44,3,0,1,3.1959581542760134,7.818326270207763,3.7668845523148775
11900,1512,João Mário,West Ham,F M S,13,1037,2,1.7682288475334644,1,1.1529976166784763,16,16,0,0,2,1.7682288475334644,3.532231591641903,1.0783332958817482
11901,1512,João Mário,Inter,M S,20,1081,1,1.1253598593175411,2,1.8842777851969004,16,18,2,0,1,1.1253598593175411,6.405341504141688,4.276856929063797
