,id,player_name,team_title,position,games,time,goals,xG,assists,xA,shots,key_passes,yellow_cards,red_cards,npg,npxG,xGChain,xGBuildup
12023,2448,Juan Vargas,Fiorentina,D M S,19,808,1,0.5105586387217045,1,1.6087945587933064,19,14,2,0,1,0.5105586387217045,3.6312192790210247,1.7526431679725647
12024,2448,Juan Vargas,Real Betis,D M,20,1721,2,0.7141242614015937,2,1.8079845737665887,17,25,5,1,2,0.7141242614015937,3.161336148157716,2.3954870868474245
