,id,player_name,team_title,position,games,time,goals,xG,assists,xA,shots,key_passes,yellow_cards,red_cards,npg,npxG,xGChain,xGBuildup
12044,2525,Juankar,Granada,D M S,21,1340,0,0.1982006467878818,1,0.5007295534014702,5,7,5,1,0,0.1982006467878818,2.6101746782660484,2.2470409404486418
12045,2525,Juankar,Malaga,D M S,19,1247,1,1.7536433073692024,2,1.242882501333952,15,15,1,0,1,1.7536433073692024,4.0318061131984,2.09126590937376
12046,2525,Juankar,Malaga,D S,10,783,0,0.0333133749663829,0,0.8715994991362095,2,11,2,0,0,0.0333133749663829,1.1928655235096812,0.6892260173335671
12047,2525,Juankar,Malaga,D M S,28,2058,2,2.161997082643211,4,2.8592871446162462,15,23,8,1,2,2.161997082643211,5.689194421283901,2.0770611111074686
