,id,player_name,team_title,position,games,time,goals,xG,assists,xA,shots,key_passes,yellow_cards,red_cards,npg,npxG,xGChain,xGBuildup
11972,9218,Juan Iglesias,Getafe,D S,10,332,0,0.0114668244495987,0,0.6242482271045446,1,4,0,0,0,0.0114668244495987,0.7586778737604618,0.1769203618168831
11973,9218,Juan Iglesias,Getafe,D F M S,10,602,0,0.1584149026311934,0,0.1414717826992273,4,4,2,0,0,0.1584149026311934,0.8295016828924417,0.5296149998903275
