,id,player_name,team_title,position,games,time,goals,xG,assists,xA,shots,key_passes,yellow_cards,red_cards,npg,npxG,xGChain,xGBuildup
11962,5919,Juan Eduardo Lescano,"Anzhi Makhachkala,SKA-Khabarovsk",F M S,19,1209,5,3.3339521158486605,1,0.7405940899625421,29,13,2,0,5,3.3339521158486605,3.691160617396236,0.4719117693603039
11963,5919,Juan Eduardo Lescano,Anzhi Makhachkala,S,4,57,0,0.0513388374820351,0,0.0728947632014751,2,2,0,0,0,0.0513388374820351,0.0515482956543564,0.0
