,id,player_name,team_title,position,games,time,goals,xG,assists,xA,shots,key_passes,yellow_cards,red_cards,npg,npxG,xGChain,xGBuildup
12018,6257,Juan Soriano,Sevilla,GK,4,360,0,0.0,0,0.0,0,0,0,1,0,0.0,0.2268945630639791,0.2268945630639791
12019,6257,Juan Soriano,Leganes,GK,11,990,0,0.5701468586921692,0,0.0,1,0,2,0,0,0.5701468586921692,0.5599132496863604,0.5599132496863604
