,id,player_name,team_title,position,games,time,goals,xG,assists,xA,shots,key_passes,yellow_cards,red_cards,npg,npxG,xGChain,xGBuildup
11979,1247,Juan Jesus,Roma,S,5,150,0,0.0,0,0.0,0,0,0,0,0,0.0,0.836048174649477,0.836048174649477
11980,1247,Juan Jesus,Inter,D S,19,1415,0,0.4658159865066409,0,1.2203093958087263,4,9,3,0,0,0.4658159865066409,4.433991197962314,3.1084283515810966
11981,1247,Juan Jesus,Roma,D S,4,136,0,0.0,0,0.0,0,0,2,0,0,0.0,1.618155688047409,1.618155688047409
11982,1247,Juan Jesus,Roma,D S,22,1654,0,0.5653084293007851,0,0.1435516234487295,2,3,4,1,0,0.5653084293007851,4.693673603236675,4.662472970783711
11983,1247,Juan Jesus,Roma,D S,20,1396,1,0.8784500360488892,0,0.0168995223939418,1,1,4,0,1,0.8784500360488892,4.922954496927559,4.922954496927559
11984,1247,Juan Jesus,Napoli,D S,7,288,0,0.1589265316724777,0,0.1049340367317199,2,1,0,0,0,0.1589265316724777,0.996560413390398,0.996560413390398
11985,1247,Juan Jesus,Inter,D,32,2850,0,0.3172192056663334,0,0.5488531496375799,10,14,14,0,0,0.3172192056663334,8.545695720240474,8.168879488483071
11986,1247,Juan Jesus,Roma,D M S,20,1186,0,0.2997511886060238,0,0.2874440383166075,3,4,5,0,0,0.2997511886060238,4.232307493686676,4.053087987005711
