,id,player_name,team_title,position,games,time,goals,xG,assists,xA,shots,key_passes,yellow_cards,red_cards,npg,npxG,xGChain,xGBuildup
12069,3413,Jules Iloki,Nantes,M S,26,1418,0,1.6621087677776814,0,2.448896946385503,11,26,1,0,0,1.6621087677776814,5.567675238475204,2.2488472424447536
12070,3413,Jules Iloki,Nantes,F M S,23,1222,1,2.290175709873438,4,2.21445182710886,19,16,2,0,1,2.290175709873438,5.522357400506735,1.3825387246906755
12071,3413,Jules Iloki,Nantes,S,2,24,0,0.0,0,0.1772514581680297,0,2,0,0,0,0.0,0.1772514581680297,0.0
12072,3413,Jules Iloki,Nantes,M S,21,1002,1,2.6768982745707035,1,1.723416045308113,19,20,2,0,1,2.6768982745707035,6.268280101940036,3.209211269393564
