,id,player_name,team_title,position,games,time,goals,xG,assists,xA,shots,key_passes,yellow_cards,red_cards,npg,npxG,xGChain,xGBuildup
12075,6433,Jules Koundé,Sevilla,D S,29,2303,1,1.944048762321472,1,0.3688607942312956,23,4,6,0,1,1.944048762321472,6.3954496728256345,5.913280074484646
12076,6433,Jules Koundé,Bordeaux,D,37,3330,0,1.1549599915742874,1,0.5455886386334896,13,9,4,0,0,1.1549599915742874,6.995121724903584,6.557065278291702
12077,6433,Jules Koundé,Bordeaux,D S,18,1589,2,1.8205989403650165,0,0.0564980842173099,10,3,1,0,2,1.8205989403650165,4.760896537452936,4.615612830966711
12078,6433,Jules Koundé,Sevilla,D S,34,2973,2,2.1386615186929703,1,0.9389715101569892,21,9,4,0,2,2.1386615186929703,8.625751812011003,8.34719854965806
12079,6433,Jules Koundé,Sevilla,D,14,1260,0,0.2954646684229374,0,0.9823627956211568,6,9,1,0,0,0.2954646684229374,6.119553299620748,5.855545373633504
