,id,player_name,team_title,position,games,time,goals,xG,assists,xA,shots,key_passes,yellow_cards,red_cards,npg,npxG,xGChain,xGBuildup
12096,7937,Julian Chabot,Sampdoria,D S,9,297,0,0.0460566598922014,0,0.0,3,0,4,0,0,0.0460566598922014,0.2664502933621406,0.2664502933621406
12097,7937,Julian Chabot,Sampdoria,D S,8,566,1,0.0511925742030143,0,0.0,1,0,1,1,1,0.0511925742030143,1.254902422428131,1.254902422428131
12098,7937,Julian Chabot,Spezia,D S,25,1651,1,0.8326529283076525,1,0.6921413196250796,9,5,9,1,1,0.8326529283076525,3.354885783046484,3.23951805010438
