,id,player_name,team_title,position,games,time,goals,xG,assists,xA,shots,key_passes,yellow_cards,red_cards,npg,npxG,xGChain,xGBuildup
12099,152,Julian Draxler,Paris Saint Germain,M S,11,681,0,1.2819562498480082,4,1.6335733644664288,13,12,5,0,0,1.2819562498480082,8.084419876337051,5.723595082759857
12100,152,Julian Draxler,Paris Saint Germain,F M S,17,1019,4,2.9870047997683287,1,1.6623531505465508,24,21,2,0,4,2.9870047997683287,9.99673805385828,6.0710532404482365
12101,152,Julian Draxler,Paris Saint Germain,M S,24,1063,4,1.810737928375601,3,3.940170451998711,11,28,3,0,4,1.810737928375601,10.625068597495556,7.244153810665011
12102,152,Julian Draxler,Schalke 04,M S,15,768,2,2.0694434801116586,1,0.6216063015162945,23,11,1,1,2,2.0694434801116586,3.220121995545924,1.288850391283631
12103,152,Julian Draxler,Paris Saint Germain,F M S,31,2047,3,4.211330272257328,7,4.584110092371702,31,39,6,0,3,4.211330272257328,19.029010012745857,13.210812767967582
12104,152,Julian Draxler,Paris Saint Germain,F M S,30,1714,4,3.33409583568573,5,4.629305370151997,23,26,1,0,4,3.33409583568573,21.66060758009553,15.135941304266453
12105,152,Julian Draxler,"Schalke 04,Wolfsburg",F M S,24,1777,6,4.504197682254016,5,4.092097207903862,44,37,5,1,6,4.504197682254016,13.26459694840014,6.369839306920767
12106,152,Julian Draxler,Wolfsburg,F M S,13,1055,0,2.94555239751935,2,2.408824428915977,29,27,0,0,0,2.94555239751935,7.315367646515369,3.67278803139925
12107,152,Julian Draxler,Paris Saint Germain,F M S,10,372,2,1.6206103414297104,2,0.735381593927741,7,5,0,0,2,1.6206103414297104,4.551368207670748,2.331736977212131
