,id,player_name,team_title,position,games,time,goals,xG,assists,xA,shots,key_passes,yellow_cards,red_cards,npg,npxG,xGChain,xGBuildup
12140,372,Julian Weigl,Borussia Dortmund,M S,30,2244,0,0.2261082381010055,0,1.269574030302465,9,16,5,0,0,0.2261082381010055,19.77127939276397,19.31920680962503
12141,372,Julian Weigl,Borussia Dortmund,D M S,25,1944,1,0.1150161940604448,0,0.179366922006011,5,7,4,0,1,0.1150161940604448,11.31991401873529,11.116093693301082
12142,372,Julian Weigl,Borussia Dortmund,D M S,13,1027,1,0.2332165585830807,0,0.3514006184414029,9,4,4,0,1,0.2332165585830807,2.778993435204029,2.5712316259741783
12143,372,Julian Weigl,Borussia Dortmund,M S,30,2419,0,0.2416692078113556,0,0.7143927328288555,7,7,2,0,0,0.2416692078113556,17.386700759641826,16.63891893904656
12144,372,Julian Weigl,Borussia Dortmund,D M S,18,1456,1,0.1827375665307045,0,0.1065926104784011,3,2,3,0,1,0.1827375665307045,6.748360775411129,6.561164774000645
