,id,player_name,team_title,position,games,time,goals,xG,assists,xA,shots,key_passes,yellow_cards,red_cards,npg,npxG,xGChain,xGBuildup
12270,3339,Jérôme Roussillon,Montpellier,D M,22,1894,3,1.651258175261319,3,4.296398643404245,20,27,2,0,3,1.651258175261319,7.34334716014564,4.854509571567178
12271,3339,Jérôme Roussillon,Wolfsburg,D,28,2475,3,1.737441936507821,4,3.246265140362084,20,30,4,0,3,1.737441936507821,7.653750337660313,5.374840289354324
12272,3339,Jérôme Roussillon,Montpellier,D M S,32,2749,1,0.5036460300907493,1,3.1354256896302104,17,36,3,0,1,0.5036460300907493,5.942858913913369,3.0107315126806498
12273,3339,Jérôme Roussillon,Wolfsburg,D S,20,1236,0,0.8446733858436346,2,1.9913508808240288,10,16,0,0,0,0.8446733858436346,5.678017353639007,3.663169940933585
12274,3339,Jérôme Roussillon,Wolfsburg,D S,11,673,1,0.5564199360087514,0,0.1658643875271082,5,6,4,0,1,0.5564199360087514,2.215755758807063,1.5847455952316525
12275,3339,Jérôme Roussillon,Montpellier,D M S,33,2679,3,1.1908604791387916,3,2.970549159683287,16,25,4,0,3,1.1908604791387916,7.667059003375471,4.785002433694899
12276,3339,Jérôme Roussillon,Wolfsburg,D S,29,2376,1,1.0615823967382312,1,3.0398294776678085,19,24,4,0,1,1.0615823967382312,9.557260263711214,6.062775742262602
