,id,player_name,team_title,position,games,time,goals,xG,assists,xA,shots,key_passes,yellow_cards,red_cards,npg,npxG,xGChain,xGBuildup
12240,1784,Jérémy Pied,"Guingamp,Nice",F M S,30,2144,2,0.8751029595732689,7,4.704547181725502,23,51,6,0,2,0.8751029595732689,6.239252511411905,3.132246594876051
12241,1784,Jérémy Pied,Lille,D S,6,324,0,0.0253455191850662,0,0.4590108133852482,1,5,1,0,0,0.0253455191850662,2.2095451168715954,2.0150964856147766
12242,1784,Jérémy Pied,Southampton,D S,4,119,0,0.096701368689537,0,0.0714898183941841,3,1,0,0,0,0.096701368689537,0.5148209854960442,0.4181196168065071
12243,1784,Jérémy Pied,Lille,D S,11,445,0,0.0,2,1.1761693842709064,0,7,0,0,0,0.0,2.446328669786453,1.6917488053441048
12244,1784,Jérémy Pied,Lille,D,5,450,0,0.0736862253397703,0,0.1698204725980758,2,2,2,0,0,0.0736862253397703,0.7275050096213818,0.6538187824189663
12245,1784,Jérémy Pied,Nice,D,33,2961,0,0.8071500984951854,3,3.875780707225204,22,33,10,0,0,0.8071500984951854,10.430634876713157,7.924725696444511
12246,1784,Jérémy Pied,Southampton,D,2,180,0,0.0282767042517662,1,0.2431478500366211,2,2,0,0,0,0.0282767042517662,0.4706534594297409,0.2141725309193134
