,id,player_name,team_title,position,games,time,goals,xG,assists,xA,shots,key_passes,yellow_cards,red_cards,npg,npxG,xGChain,xGBuildup
12286,15,Júnior Díaz,Darmstadt,D S,12,869,0,0.1892372779548168,0,0.2494962569326162,5,5,2,0,0,0.1892372779548168,0.7916850354522467,0.5618813931941986
12287,15,Júnior Díaz,Mainz 05,D M S,19,1435,1,1.4027025643736124,1,1.8244203347712755,16,10,4,0,1,1.4027025643736124,2.372001616284251,0.8312683319672942
