,id,player_name,team_title,position,games,time,goals,xG,assists,xA,shots,key_passes,yellow_cards,red_cards,npg,npxG,xGChain,xGBuildup
12324,1376,Kalidou Koulibaly,Napoli,D,27,2425,1,0.4426224306225776,1,0.9187676087021828,10,5,8,1,1,0.4426224306225776,7.298343054950237,6.8110183998942375
12325,1376,Kalidou Koulibaly,Napoli,D,28,2471,2,1.463578576222062,0,0.6010835422202945,10,6,6,0,2,1.463578576222062,13.53188611380756,13.436206175014377
12326,1376,Kalidou Koulibaly,Napoli,D S,25,2110,0,0.7850796394050121,0,0.4353707656264305,14,10,7,1,0,0.7850796394050121,9.785449218004942,9.437469128519297
12327,1376,Kalidou Koulibaly,Napoli,D S,33,2889,0,0.3517350573092699,0,0.3715865453705191,5,9,11,0,0,0.3517350573092699,12.45337274298072,12.20485545322299
12328,1376,Kalidou Koulibaly,Napoli,D S,26,2212,0,0.9780297055840492,0,0.2972739897668361,11,7,8,1,0,0.9780297055840492,9.8992672637105,9.789261497557163
12329,1376,Kalidou Koulibaly,Napoli,D,35,3065,5,3.0816444978117943,1,0.3092675944790244,17,8,5,1,5,3.0816444978117943,14.116569969803097,13.863201070576906
12330,1376,Kalidou Koulibaly,Napoli,D,35,3137,2,3.0728670675307512,2,0.3285905383527279,19,8,9,1,2,3.0728670675307512,17.302079018205404,16.894909139722586
12331,1376,Kalidou Koulibaly,Napoli,D,14,1241,2,1.2624653112143278,2,0.8375662993639708,6,4,2,1,2,1.2624653112143278,3.775249376893044,3.594232777133584
