,id,player_name,team_title,position,games,time,goals,xG,assists,xA,shots,key_passes,yellow_cards,red_cards,npg,npxG,xGChain,xGBuildup
12340,8719,Kalvin Phillips,Leeds,D M,12,1006,0,0.6855863500386477,1,1.1149944383651018,12,7,2,0,0,0.6855863500386477,2.590105138719082,2.3312252536416054
12341,8719,Kalvin Phillips,Leeds,M S,29,2435,1,0.3886227561160922,2,3.2330581322312355,15,35,10,0,1,0.3886227561160922,8.959227515384555,7.550635194405913
