,id,player_name,team_title,position,games,time,goals,xG,assists,xA,shots,key_passes,yellow_cards,red_cards,npg,npxG,xGChain,xGBuildup
12370,3440,Karim Azamoum,Troyes,D S,7,379,0,0.1048477124422788,0,0.0,3,0,2,0,0,0.1048477124422788,0.5830933330580592,0.5830933330580592
12371,3440,Karim Azamoum,Troyes,M S,14,753,2,0.9868210842832924,1,1.6336723044514656,14,15,2,0,2,0.9868210842832924,2.9117051027715206,1.6653694547712805
12372,3440,Karim Azamoum,Troyes,M S,30,2259,1,1.268063542433083,0,1.2962318938225508,23,21,5,1,1,1.268063542433083,4.725442725233734,3.3586726523935795
