,id,player_name,team_title,position,games,time,goals,xG,assists,xA,shots,key_passes,yellow_cards,red_cards,npg,npxG,xGChain,xGBuildup
12393,2631,Karim Onisiwo,Mainz 05,M S,9,328,1,1.1677992474287748,1,2.08787089586258,11,5,1,0,1,1.1677992474287748,2.8170911353081465,0.0260979384183883
12394,2631,Karim Onisiwo,Mainz 05,F S,13,953,2,5.145025989040732,5,3.302947601303458,36,14,0,0,2,5.145025989040732,8.27938487380743,0.8516772147268057
12395,2631,Karim Onisiwo,Mainz 05,F M S,26,1136,7,4.853994466364384,3,3.4237979613244534,39,21,2,0,7,4.853994466364384,9.38474815711379,2.397985365241766
12396,2631,Karim Onisiwo,Mainz 05,F M S,32,1728,4,4.738797701895237,6,3.7333422396332026,41,31,3,0,4,4.738797701895237,9.808765534311531,2.011384787969291
12397,2631,Karim Onisiwo,Mainz 05,F M S,31,1844,4,4.849361934699118,0,1.9522582720965147,55,19,2,0,4,4.849361934699118,8.321957217529416,2.1716365814208984
12398,2631,Karim Onisiwo,Mainz 05,F M S,16,908,1,1.5227549858391285,0,0.3290254264138639,15,6,4,0,1,1.5227549858391285,2.732541048899293,1.0936464611440897
12399,2631,Karim Onisiwo,Mainz 05,M S,8,246,0,0.1122270636260509,0,0.6821450889110565,2,3,0,0,0,0.1122270636260509,1.0608237944543362,0.9485967196524144
