,id,player_name,team_title,position,games,time,goals,xG,assists,xA,shots,key_passes,yellow_cards,red_cards,npg,npxG,xGChain,xGBuildup
12424,2942,Karlen Mkrtchyan,Anzhi Makhachkala,M S,20,1472,1,0.4900649441406131,0,0.0625316780060529,19,2,3,0,1,0.4900649441406131,3.06222374830395,2.5559704564511776
12425,2942,Karlen Mkrtchyan,Anzhi Makhachkala,M S,2,95,0,0.0,0,0.0,0,0,0,0,0,0.0,0.0218617413192987,0.0218617413192987
