,id,player_name,team_title,position,games,time,goals,xG,assists,xA,shots,key_passes,yellow_cards,red_cards,npg,npxG,xGChain,xGBuildup
12486,8951,Keita Endo,Union Berlin,M S,16,433,1,1.5071731060743332,0,1.7034718673676252,8,7,0,0,1,1.5071731060743332,3.1080437079072,1.3424458112567663
12487,8951,Keita Endo,Union Berlin,S,2,21,0,0.0269678998738527,0,0.0268900319933891,1,1,0,0,0,0.0269678998738527,0.0268900319933891,0.0
