,id,player_name,team_title,position,games,time,goals,xG,assists,xA,shots,key_passes,yellow_cards,red_cards,npg,npxG,xGChain,xGBuildup
12525,689,Kenedy,"Chelsea,Watford",M S,2,91,0,0.1576310247182846,0,0.0422700308263301,3,1,0,0,0,0.1576310247182846,0.1779348999261856,0.0
12526,689,Kenedy,Newcastle United,D M S,25,1347,1,2.407706096768379,1,0.8153682351112366,31,11,1,0,1,1.6465372741222382,4.687831139191985,2.716441136784852
12527,689,Kenedy,Chelsea,D M S,14,544,1,0.3206859976053238,0,0.5036234222352505,13,6,0,0,1,0.3206859976053238,2.955372128635645,2.2893560379743576
12528,689,Kenedy,Newcastle United,D M,13,1039,2,2.4043993381783366,2,1.8154452815651887,23,13,1,0,2,2.4043993381783366,4.30187433026731,0.9611964393407106
12529,689,Kenedy,Granada,D F M S,28,1494,4,2.000488879159093,3,3.70757713727653,37,18,3,0,4,2.000488879159093,4.927282754331827,1.6200027000159023
12530,689,Kenedy,Getafe,M S,19,551,1,0.943226559087634,3,2.0048472210764885,14,10,2,0,1,0.943226559087634,5.201807612553239,2.9135958030819893
