,id,player_name,team_title,position,games,time,goals,xG,assists,xA,shots,key_passes,yellow_cards,red_cards,npg,npxG,xGChain,xGBuildup
12557,7265,Kephren Thuram,Nice,M S,14,590,0,0.0649985745549202,0,0.1210251860320568,1,3,1,0,0,0.0649985745549202,2.6532798670232296,2.570629145950079
12558,7265,Kephren Thuram,Nice,M S,18,720,1,0.1748608108609914,2,1.847901705652476,5,14,1,0,1,0.1748608108609914,4.562311267480254,2.7076393887400627
12559,7265,Kephren Thuram,Nice,M S,29,1511,2,1.2186179924756289,0,0.1981383953243494,11,5,3,0,2,1.2186179924756289,5.036268976517022,3.897490871138871
