,id,player_name,team_title,position,games,time,goals,xG,assists,xA,shots,key_passes,yellow_cards,red_cards,npg,npxG,xGChain,xGBuildup
12560,5273,Kerem Demirbay,Hoffenheim,M S,19,1205,2,2.0495501067489386,2,2.291623342782259,23,31,3,0,1,1.29177342960611,5.467798445373774,3.591797421686352
12561,5273,Kerem Demirbay,Hoffenheim,M S,26,2029,4,3.756516376510264,9,9.05142917484045,59,80,6,0,4,3.756516376510264,16.878031607717276,12.135409031063318
12562,5273,Kerem Demirbay,Hoffenheim,M S,28,2188,6,4.123178846202791,8,7.029907808639109,51,60,4,0,6,4.123178846202791,13.096705737523736,7.276779092848301
12563,5273,Kerem Demirbay,Bayer Leverkusen,M S,15,1050,1,1.6465438548475504,1,1.225201416760683,16,18,4,0,0,0.8887671921402216,4.8908180221915245,4.132117121480405
12564,5273,Kerem Demirbay,Bayer Leverkusen,M S,29,1745,4,3.542005028575659,3,3.290907084941864,44,35,2,0,4,3.542005028575659,8.61181745864451,4.132406678982079
12565,5273,Kerem Demirbay,Bayer Leverkusen,F M S,25,1580,1,3.1821088306605816,5,4.525013193488121,30,41,2,1,1,3.1821088306605816,11.6556481346488,8.764036484062672
