,id,player_name,team_title,position,games,time,goals,xG,assists,xA,shots,key_passes,yellow_cards,red_cards,npg,npxG,xGChain,xGBuildup
12630,255,Kevin Kurányi,Dinamo Moscow,F S,24,1573,10,7.399495963007212,4,2.6432695649564266,45,20,2,0,7,5.136670012027025,7.498468894511461,2.656133461743593
12631,255,Kevin Kurányi,Hoffenheim,F S,14,520,0,1.5007543824613094,0,0.1585407573729753,9,4,0,0,0,1.5007543824613094,1.5269650164991615,0.2653733398765325
