,id,player_name,team_title,position,games,time,goals,xG,assists,xA,shots,key_passes,yellow_cards,red_cards,npg,npxG,xGChain,xGBuildup
12715,83,Kevin Volland,Bayer Leverkusen,F M S,31,2607,14,10.532188460230827,2,5.164173441007733,55,33,5,0,14,10.532188460230827,17.41034341417253,4.32119206013158
12716,83,Kevin Volland,Monaco,F M S,35,2820,16,11.1362447720021,7,5.541549302637577,56,32,4,0,16,11.1362447720021,18.23225424438715,4.0623098984360695
12717,83,Kevin Volland,Bayer Leverkusen,F M S,23,1462,6,5.223864407278597,2,2.952836196869612,34,25,3,1,5,4.466087699867785,8.703980946913362,2.9844379778951406
12718,83,Kevin Volland,Monaco,F M S,16,1133,4,3.7813812009990215,5,2.2295699175447226,25,13,6,0,3,3.021286081522703,6.005434824153781,2.0897815134376287
12719,83,Kevin Volland,Bayer Leverkusen,D F M S,27,2060,10,11.828392572700976,7,5.832277292385697,77,34,3,0,10,11.828392572700976,22.596518989652395,6.917994666844606
12720,83,Kevin Volland,Hoffenheim,F M S,32,2674,8,5.710136819630861,5,5.175809207372367,84,46,6,0,8,5.710136819630861,14.622143365442753,5.201547811739147
12721,83,Kevin Volland,Hoffenheim,F M S,33,2733,8,7.727520177140832,7,5.882112313061953,64,44,8,0,6,5.454190125688911,13.467995904386044,4.618115868419409
12722,83,Kevin Volland,Bayer Leverkusen,D F M S,34,2829,14,15.157771278172731,9,8.729120729491115,87,43,4,0,14,15.157771278172731,24.608725138008595,5.735533520579338
