,id,player_name,team_title,position,games,time,goals,xG,assists,xA,shots,key_passes,yellow_cards,red_cards,npg,npxG,xGChain,xGBuildup
12694,7058,Kevin Stöger,Fortuna Duesseldorf,M S,25,2124,1,2.379443382844329,7,6.725917854346335,33,54,8,0,1,2.379443382844329,11.191878039389849,7.171978845261037
12695,7058,Kevin Stöger,Mainz 05,S,9,100,1,0.7190037164837122,0,0.2931445483118295,5,7,1,0,1,0.7190037164837122,1.5030721388757229,0.6528152711689472
12696,7058,Kevin Stöger,Mainz 05,M S,19,514,3,1.6995512284338474,0,1.0567374350503087,9,11,3,0,3,1.6995512284338474,4.13003826700151,1.7573256203904748
12697,7058,Kevin Stöger,Fortuna Duesseldorf,M S,17,1269,0,0.6478029731661081,4,2.2150276955217123,21,26,3,0,0,0.6478029731661081,5.222525365650654,3.613299890421331
