,id,player_name,team_title,position,games,time,goals,xG,assists,xA,shots,key_passes,yellow_cards,red_cards,npg,npxG,xGChain,xGBuildup
12632,1903,Kevin Lasagna,Carpi,F M S,36,1441,5,4.217363702133298,2,2.03283148445189,44,23,1,0,5,4.217363702133298,6.48420755751431,0.6971577294170856
12633,1903,Kevin Lasagna,Udinese,F S,36,2447,6,8.61249372921884,2,2.198559660464525,64,19,2,0,6,7.851194908842444,11.12278540059924,2.5486589008942246
12634,1903,Kevin Lasagna,Udinese,F S,36,2578,10,10.628195509314535,1,2.274702586233616,78,23,1,0,10,10.628195509314535,13.4455058965832,1.9855333911255
12635,1903,Kevin Lasagna,Udinese,F M S,29,2159,12,12.898388519883156,1,0.6069352943450212,72,11,1,0,12,12.898388519883156,15.62803928554058,2.5372137520462275
12636,1903,Kevin Lasagna,"Udinese,Verona",F M S,36,2372,4,11.374924171715977,1,3.267692799679935,72,25,1,0,4,11.374924171715977,15.326302723959088,1.6668750727549195
12637,1903,Kevin Lasagna,Verona,F M S,10,327,0,0.8860446643084288,1,0.3501762170344591,10,5,0,0,0,0.8860446643084288,1.1700786780565977,0.040893830358982
