,id,player_name,team_title,position,games,time,goals,xG,assists,xA,shots,key_passes,yellow_cards,red_cards,npg,npxG,xGChain,xGBuildup
12592,5261,Kevin Danso,Lens,D S,16,1314,0,0.8293804824352264,0,0.0535231065005064,5,2,3,1,0,0.8293804824352264,6.276554232463241,6.223031049594283
12593,5261,Kevin Danso,Augsburg,D S,18,1245,1,0.4038978395983577,1,0.3355115354061126,10,2,3,0,1,0.4038978395983577,2.4546149279922247,2.3769480492919683
12594,5261,Kevin Danso,Augsburg,D S,16,1112,2,2.1475581638515,0,0.268210232257843,9,4,2,0,2,2.1475581638515,1.1688269106671214,1.0582477552816272
12595,5261,Kevin Danso,Southampton,D S,6,272,0,0.0780709087848663,1,0.0789782106876373,1,1,0,1,0,0.0780709087848663,0.4979414828121662,0.4979414828121662
12596,5261,Kevin Danso,Augsburg,D,7,617,0,0.2016710331663489,0,0.0475105326622724,3,2,0,0,0,0.2016710331663489,0.3054197672754526,0.2579092346131801
