,id,player_name,team_title,position,games,time,goals,xG,assists,xA,shots,key_passes,yellow_cards,red_cards,npg,npxG,xGChain,xGBuildup
12580,6327,Kevin Akpoguma,"Hannover 96,Hoffenheim",D S,12,807,0,0.0,0,0.0,0,0,4,0,0,0.0,2.4578600376844406,2.4578600376844406
12581,6327,Kevin Akpoguma,Hoffenheim,D M S,16,1184,1,0.0835450692102313,0,0.3715796433389187,2,2,1,0,1,0.0835450692102313,2.555943261831999,2.174354650080204
12582,6327,Kevin Akpoguma,Hoffenheim,D M S,13,892,1,0.978407382965088,2,2.206155091524124,9,7,2,0,1,0.978407382965088,5.643514576368034,3.674992558546364
12583,6327,Kevin Akpoguma,Hoffenheim,D F S,18,1131,0,0.0852596471086144,0,0.0870887078344821,2,2,2,0,0,0.0852596471086144,2.902339555323124,2.8152508288621902
12584,6327,Kevin Akpoguma,Hoffenheim,D S,22,1682,0,0.1939688585698604,1,1.138906693086028,5,7,1,0,0,0.1939688585698604,4.951899614185095,4.40318388864398
