,id,player_name,team_title,position,games,time,goals,xG,assists,xA,shots,key_passes,yellow_cards,red_cards,npg,npxG,xGChain,xGBuildup
12573,4202,Kevin,Celta Vigo,D S,8,556,0,0.0238718912005424,0,0.0,1,0,3,0,0,0.0238718912005424,1.0938647016882896,1.0699928104877472
12574,4202,Kevin,Celta Vigo,D S,17,1348,0,0.011576373130083,0,0.3244162239134311,1,6,6,0,0,0.011576373130083,2.568452797830105,2.473543345928192
12575,4202,Kevin,Celta Vigo,D S,7,583,0,0.0,1,0.1099808290600776,0,2,1,0,0,0.0,1.0242260619997978,0.9691478833556176
12576,4202,Kevin,Celta Vigo,D S,4,213,0,0.0,0,0.009251938201487,0,1,0,0,0,0.0,0.6358037292957306,0.6358037292957306
