,id,player_name,team_title,position,games,time,goals,xG,assists,xA,shots,key_passes,yellow_cards,red_cards,npg,npxG,xGChain,xGBuildup
12656,595,Kevin Mirallas,Fiorentina,D F M S,27,1304,2,3.605403477326036,1,1.5064731631428003,29,27,2,0,2,3.605403477326036,5.833899030461907,1.878974411636591
12657,595,Kevin Mirallas,Everton,F M S,5,140,0,0.1882505249232053,0,0.0587481521070003,4,1,1,0,0,0.1882505249232053,0.291795939207077,0.044797258451581
12658,595,Kevin Mirallas,Everton,F M S,29,1430,7,4.718503348529339,1,1.5895477198064327,52,18,3,0,7,3.957334525883198,6.504366559907794,2.2814471749588847
12659,595,Kevin Mirallas,Everton,F M S,23,985,4,3.339747339487076,2,1.830295286141336,41,18,0,2,4,3.339747339487076,5.200867925770581,1.27415251173079
12660,595,Kevin Mirallas,Everton,F M S,35,2100,4,3.5472985189408064,6,3.730523212812841,61,43,2,0,4,3.5472985189408064,9.559377007186413,4.927002524957061
