,id,player_name,team_title,position,games,time,goals,xG,assists,xA,shots,key_passes,yellow_cards,red_cards,npg,npxG,xGChain,xGBuildup
12621,188,Kevin Kampl,Bayer Leverkusen,F M S,30,2538,1,1.7644139416515827,2,3.1671408116817474,34,39,4,0,1,1.7644139416515827,13.388181116431952,10.11624495871365
12622,188,Kevin Kampl,RasenBallsport Leipzig,M S,11,677,2,0.2825135504826903,2,2.754296720027924,5,10,1,0,2,0.2825135504826903,8.29010347276926,6.8479791432619095
12623,188,Kevin Kampl,RasenBallsport Leipzig,M S,27,2131,2,1.8713851608335967,5,4.733274506404996,34,48,5,0,2,1.8713851608335967,16.188607193529606,11.856288911774756
12624,188,Kevin Kampl,RasenBallsport Leipzig,M S,27,1954,0,1.217918910086155,1,1.6691297506913545,14,15,6,0,0,1.217918910086155,12.201563440263271,10.11917306482792
12625,188,Kevin Kampl,Borussia Dortmund,M S,13,723,0,0.6272457111626863,1,1.5446477169170976,11,10,2,0,0,0.6272457111626863,3.823810003697872,2.683469843119383
12626,188,Kevin Kampl,"Bayer Leverkusen,RasenBallsport Leipzig",M S,27,2051,1,1.3723174035549164,3,3.186478660441935,29,52,3,0,1,1.3723174035549164,9.498845010995865,7.130957208573818
12627,188,Kevin Kampl,"Bayer Leverkusen,Borussia Dortmund",M S,23,1760,3,1.861630343832076,2,2.593172108754516,28,19,4,0,3,1.861630343832076,9.920215111225843,6.770244233310223
12628,188,Kevin Kampl,RasenBallsport Leipzig,M S,13,857,0,0.1819036807864904,1,1.3737568315118551,4,9,2,0,0,0.1819036807864904,4.735131744295359,4.002727290615439
