,id,player_name,team_title,position,games,time,goals,xG,assists,xA,shots,key_passes,yellow_cards,red_cards,npg,npxG,xGChain,xGBuildup
12736,2243,Keylor Navas,Paris Saint Germain,GK,21,1890,0,0.0,0,0.0,0,0,0,0,0,0.0,6.878719046711922,6.878719046711922
12737,2243,Keylor Navas,Real Madrid,GK,27,2430,0,0.0,0,0.0,0,0,1,0,0,0.0,6.859304524958134,6.859304524958134
12738,2243,Keylor Navas,Real Madrid,GK,27,2430,0,0.0,0,0.0305559299886226,0,1,2,0,0,0.0,5.530159996822476,5.499604066833854
12739,2243,Keylor Navas,Real Madrid,GK,10,900,0,0.0,0,0.0,0,0,1,0,0,0.0,0.8796361014246941,0.8796361014246941
12740,2243,Keylor Navas,Real Madrid,GK,34,3060,0,0.0,0,0.0,0,0,0,0,0,0.0,5.330800393596292,5.330800393596292
12741,2243,Keylor Navas,Paris Saint Germain,GK,29,2527,0,0.0,0,0.0,0,0,0,0,0,0.0,7.291407641023397,7.291407641023397
12742,2243,Keylor Navas,Paris Saint Germain,GK,10,877,0,0.0,0,0.0,0,0,0,1,0,0.0,3.222542241215706,3.222542241215706
12743,2243,Keylor Navas,Real Madrid,GK,6,540,0,0.0,0,0.0,0,0,1,0,0,0.0,1.6877138502895832,1.6877138502895832
