,id,player_name,team_title,position,games,time,goals,xG,assists,xA,shots,key_passes,yellow_cards,red_cards,npg,npxG,xGChain,xGBuildup
12747,2868,Khalid Kadyrov,FK Akhmat,M S,4,84,0,0.2663189731538296,0,0.0076603349298238,5,1,0,0,0,0.2663189731538296,0.298512365669012,0.0321933850646019
12748,2868,Khalid Kadyrov,FK Akhmat,M S,5,141,0,0.1977696418762207,0,0.1343649923801422,5,2,0,0,0,0.1977696418762207,0.3321346342563629,0.1211090013384819
12749,2868,Khalid Kadyrov,FK Akhmat,S,2,43,0,0.0241350997239351,0,0.0639155134558677,1,1,1,0,0,0.0241350997239351,0.0880506187677383,0.0
12750,2868,Khalid Kadyrov,FK Akhmat,S,1,14,0,0.0,0,0.0,0,0,0,0,0,0.0,0.0722530856728553,0.0722530856728553
12751,2868,Khalid Kadyrov,FK Akhmat,S,1,1,0,0.5168773531913757,0,0.0,1,0,0,0,0,0.5168773531913757,0.5168773531913757,0.0
12752,2868,Khalid Kadyrov,FK Akhmat,S,5,50,0,0.0192862097173929,0,0.0,1,0,0,0,0,0.0192862097173929,0.5276542473584414,0.5083680376410484
