,id,player_name,team_title,position,games,time,goals,xG,assists,xA,shots,key_passes,yellow_cards,red_cards,npg,npxG,xGChain,xGBuildup
12760,3162,Khoren Bayramyan,FC Rostov,M S,7,238,0,0.3236220479011535,0,0.2258675601333379,1,5,2,0,0,0.3236220479011535,0.4684606706723571,0.052902122028172
12761,3162,Khoren Bayramyan,FC Rostov,D F M S,26,1897,4,2.979835939593613,4,2.6707750288769603,23,40,5,0,4,2.979835939593613,9.25389612838626,5.040922456420958
12762,3162,Khoren Bayramyan,FC Rostov,D F M S,16,983,1,1.0507417302578688,0,0.3463473636656999,10,11,1,1,1,1.0507417302578688,2.7222157698124647,1.4755344446748495
12763,3162,Khoren Bayramyan,Rubin Kazan,D F M S,24,1825,2,3.29721280746162,2,2.1928925565443933,23,25,5,0,2,2.54293748550117,5.367650793865323,1.0154398940503595
12764,3162,Khoren Bayramyan,FC Rostov,D F M S,15,1010,1,0.5297507829964161,1,0.9232588009908796,5,13,3,0,1,0.5297507829964161,2.7464140970259905,1.4672716474160552
12765,3162,Khoren Bayramyan,FC Rostov,F M S,23,1291,3,2.2292762361466885,1,1.9798450032249093,24,15,4,0,3,2.2292762361466885,5.106527889147401,1.1517003513872623
12766,3162,Khoren Bayramyan,FC Rostov,D M S,20,1236,0,0.0839485060423612,0,0.5403996044769883,3,10,5,0,0,0.0839485060423612,1.2686020247638226,0.7349367719143629
