,id,player_name,team_title,position,games,time,goals,xG,assists,xA,shots,key_passes,yellow_cards,red_cards,npg,npxG,xGChain,xGBuildup
12767,1434,Khouma Babacar,Sassuolo,F S,29,1486,7,8.066391919739544,2,1.2737187575548887,60,10,0,0,5,6.543834243901074,8.835465860553086,2.004462957382202
12768,1434,Khouma Babacar,Fiorentina,F S,20,1151,7,6.163025353103876,2,1.9176645800471304,40,11,2,0,7,5.401726517826319,7.65267364308238,0.9927620254456996
12769,1434,Khouma Babacar,Fiorentina,F S,18,801,5,4.323414199054241,1,0.8216866236180067,30,6,2,0,4,3.562115363776684,4.468282077461481,0.5135938553139567
12770,1434,Khouma Babacar,"Fiorentina,Sassuolo",F S,29,1162,6,7.095494304783642,2,2.363201543688774,49,14,1,0,3,4.811597813852131,6.402926693670452,1.43728207051754
12771,1434,Khouma Babacar,Fiorentina,F S,22,1318,10,5.074566328898072,1,0.7919193394482136,45,7,0,0,9,4.313267523422837,5.8136442974209785,1.877731580287218
12772,1434,Khouma Babacar,Lecce,F S,25,1435,3,7.006526753306389,0,1.3971459921449425,49,16,4,0,3,5.483929082751274,5.6564787197858095,0.9886049693450332
