,id,player_name,team_title,position,games,time,goals,xG,assists,xA,shots,key_passes,yellow_cards,red_cards,npg,npxG,xGChain,xGBuildup
12822,8470,Kike Pérez,Real Valladolid,F M S,24,1150,0,0.7296110987663269,0,0.8635856751352549,15,12,3,0,0,0.7296110987663269,2.6198971550911665,1.5693764705210924
12823,8470,Kike Pérez,Real Valladolid,M S,6,210,0,0.3822607956826687,0,0.12551552336663,5,4,1,0,0,0.3822607956826687,0.8886645212769508,0.4122751168906688
