,id,player_name,team_title,position,games,time,goals,xG,assists,xA,shots,key_passes,yellow_cards,red_cards,npg,npxG,xGChain,xGBuildup
12900,2887,Kirill Panchenko,Dinamo Moscow,F M S,23,1594,5,5.338765753433108,1,2.0387902911752462,76,27,3,0,5,5.338765753433108,8.021248321048915,1.1445729448460042
12901,2887,Kirill Panchenko,CSKA Moscow,M S,15,404,1,1.4336661733686924,1,0.5579370111227036,19,7,0,0,1,1.4336661733686924,1.9473718479275703,0.4461932443082332
12902,2887,Kirill Panchenko,Arsenal Tula,M S,6,141,0,0.1315716691315174,0,0.6679213838651776,5,5,1,0,0,0.1315716691315174,0.4587997645139694,0.2591677689924836
12903,2887,Kirill Panchenko,Dinamo Moscow,M S,22,1069,2,5.872217662632465,0,1.6789013668894768,71,17,3,0,2,5.117942340672016,6.774867095053196,1.4102740716189146
12904,2887,Kirill Panchenko,"Arsenal Tula,FC Tambov",F M S,26,1432,3,4.26376261562109,1,0.7263027280569077,62,10,4,0,3,4.26376261562109,4.269278363324702,1.3315204735845327
12905,2887,Kirill Panchenko,CSKA Moscow,M S,14,360,2,1.5900912135839462,1,0.3590309433639049,18,7,2,0,2,1.5900912135839462,2.530301369726658,1.2072615027427671
12906,2887,Kirill Panchenko,Dinamo Moscow,F M S,19,1408,5,4.127879111096263,1,1.0208121705800297,53,21,0,0,4,2.6193508338183165,5.455042583867908,2.522072703577578
