,id,player_name,team_title,position,games,time,goals,xG,assists,xA,shots,key_passes,yellow_cards,red_cards,npg,npxG,xGChain,xGBuildup
12881,3128,Kirill Kombarov,Arsenal Tula,D S,4,207,0,0.0685765775851905,0,0.0130515154451131,3,1,1,0,0,0.0685765775851905,0.1529987789690494,0.1117991991341114
12882,3128,Kirill Kombarov,"Arsenal Tula,Tom Tomsk",D M,26,2249,1,1.8554720962420104,1,1.0645451778545976,29,21,3,0,1,1.8554720962420104,3.5452593211084604,1.6739705316722393
12883,3128,Kirill Kombarov,Arsenal Tula,D S,22,1842,0,0.6240977002307773,3,1.5550836082547903,17,19,2,0,0,0.6240977002307773,3.624149220995605,2.8632595147937536
12884,3128,Kirill Kombarov,Arsenal Tula,D S,19,1402,0,0.7147675789892673,3,1.681493024341762,8,17,2,1,0,0.7147675789892673,5.156792152673006,3.67774186655879
12885,3128,Kirill Kombarov,Spartak Moscow,D S,12,762,0,0.7268871506676078,0,0.5848724618554115,13,4,1,0,0,0.7268871506676078,2.270980967208743,1.4683961477130651
12886,3128,Kirill Kombarov,Arsenal Tula,D F M,24,2090,0,1.210195223800838,6,2.3788950415328145,20,33,3,0,0,1.210195223800838,7.518625669181347,5.221819357946515
12887,3128,Kirill Kombarov,Torpedo Moscow,D M,23,2036,3,1.2008933499455452,0,1.960962281562388,36,19,4,0,3,1.2008933499455452,4.779522834345698,3.0379106858745217
