,id,player_name,team_title,position,games,time,goals,xG,assists,xA,shots,key_passes,yellow_cards,red_cards,npg,npxG,xGChain,xGBuildup
12913,340,Klaas-Jan Huntelaar,Schalke 04,F S,16,756,2,3.3234719038009644,0,0.1030804328620433,24,3,1,0,2,3.3234719038009644,3.4040352068841457,0.8150787949562073
12914,340,Klaas-Jan Huntelaar,Schalke 04,F S,28,2439,9,10.226353514939548,3,2.183024755679071,74,29,5,1,9,10.226353514939548,13.090867407619951,3.1366674043238163
12915,340,Klaas-Jan Huntelaar,Schalke 04,F S,9,600,2,3.837375022470951,1,0.476700410246849,13,5,2,0,2,3.0797598138451576,3.266612410545349,0.545866783708334
12916,340,Klaas-Jan Huntelaar,Schalke 04,F S,31,2485,12,13.099349036812782,3,3.978565903380513,72,26,2,0,10,10.068242266774178,15.58320763707161,2.715465985238552
