,id,player_name,team_title,position,games,time,goals,xG,assists,xA,shots,key_passes,yellow_cards,red_cards,npg,npxG,xGChain,xGBuildup
12931,3550,Koffi Djidji,Nantes,D S,22,1797,0,0.213021419942379,0,0.068774789571762,3,1,4,0,0,0.213021419942379,1.676216945052147,1.676216945052147
12932,3550,Koffi Djidji,Nantes,D,1,90,0,0.0,0,0.0,0,0,0,0,0,0.0,0.5117617249488831,0.5117617249488831
12933,3550,Koffi Djidji,Torino,D S,17,1386,0,0.0286992518231272,0,0.0,2,0,2,0,0,0.0286992518231272,2.3102063331753016,2.281507084146142
12934,3550,Koffi Djidji,Torino,D,12,965,0,0.3831019811332226,0,0.0655343094840645,5,3,2,1,0,0.3831019811332226,3.356502071022988,3.290804155170917
12935,3550,Koffi Djidji,Nantes,D S,5,361,0,0.0,0,0.0,0,0,1,0,0,0.0,0.3321203887462616,0.3321203887462616
12936,3550,Koffi Djidji,Crotone,D S,20,1517,1,0.3537639789283275,0,0.2551993569359183,4,4,4,0,1,0.3537639789283275,3.897352658212185,3.631723292171955
12937,3550,Koffi Djidji,Nantes,D S,29,2418,0,0.3294275822117924,0,0.26500054448843,9,5,2,0,0,0.3294275822117924,1.9510894198901951,1.6029345546849072
12938,3550,Koffi Djidji,Torino,D S,17,834,0,0.0,0,0.0193578600883483,0,1,1,0,0,0.0,1.231516908854246,1.2121590487658978
12939,3550,Koffi Djidji,Nantes,D M,28,2498,0,0.2523548658937216,0,0.0496408455073833,7,1,7,0,0,0.2523548658937216,2.16877181828022,2.112609456293285
