,id,player_name,team_title,position,games,time,goals,xG,assists,xA,shots,key_passes,yellow_cards,red_cards,npg,npxG,xGChain,xGBuildup
12984,13,Konstantin Rausch,VfB Stuttgart,S,4,71,0,0.1209386363625526,0,0.0,1,0,0,0,0,0.1209386363625526,0.0,0.0
12985,13,Konstantin Rausch,FC Cologne,D M S,12,932,0,0.3688142374157905,1,0.5826863432303071,12,8,3,0,0,0.3688142374157905,2.3276438862085342,2.034851886332035
12986,13,Konstantin Rausch,Dinamo Moscow,D M S,18,1388,1,1.0549010215327144,3,2.65951337851584,18,19,3,0,1,1.0549010215327144,6.207717031240463,4.457113452255726
12987,13,Konstantin Rausch,Dinamo Moscow,D S,16,1171,0,0.3701015394181013,2,3.221192764118314,11,19,2,1,0,0.3701015394181013,3.325641795992852,2.589848812669516
12988,13,Konstantin Rausch,Darmstadt,M S,31,2140,2,2.310374341905117,5,3.4916145969182253,40,35,7,0,2,2.310374341905117,5.380679405294359,2.2470173370093107
12989,13,Konstantin Rausch,Dinamo Moscow,S,4,32,1,0.4512026011943817,0,0.4630546569824219,1,2,0,0,1,0.4512026011943817,0.6312979161739349,0.1800953149795532
12990,13,Konstantin Rausch,Dinamo Moscow,D M,10,840,0,0.7836606157943606,1,0.9415778955444694,11,10,2,0,0,0.7836606157943606,2.203390779905021,1.5974565539509058
12991,13,Konstantin Rausch,FC Cologne,D M S,28,1940,0,1.3149417666718364,2,2.736844165250659,25,28,4,0,0,1.3149417666718364,7.915913430973887,5.299585164524615
