,id,player_name,team_title,position,games,time,goals,xG,assists,xA,shots,key_passes,yellow_cards,red_cards,npg,npxG,xGChain,xGBuildup
12992,5541,Konstantin Savichev,"Anzhi Makhachkala,FC Yenisey Krasnoyarsk",D M S,22,1712,0,0.7088852683082223,1,1.2701186938211322,15,18,4,0,0,0.7088852683082223,2.522356986999512,1.0775881567969918
12993,5541,Konstantin Savichev,SKA-Khabarovsk,D M S,18,1176,1,0.795363450422883,1,1.5562731698155403,9,15,2,0,1,0.795363450422883,3.119141356088221,1.196287889033556
