,id,player_name,team_title,position,games,time,goals,xG,assists,xA,shots,key_passes,yellow_cards,red_cards,npg,npxG,xGChain,xGBuildup
13012,7092,Koray G端nter,Verona,D,13,1103,0,0.1512426733970642,0,0.0997542217373848,3,2,3,0,0,0.1512426733970642,3.816350368782878,3.6971468906849614
13013,7092,Koray G端nter,Genoa,D S,14,824,0,0.1373535767197609,0,0.5377518236637115,3,6,1,0,0,0.1373535767197609,1.3788270354270935,0.9674203433096408
13014,7092,Koray G端nter,Verona,D S,32,2740,0,0.1509816059842705,0,0.0450517302379012,6,2,7,0,0,0.1509816059842705,6.281711472198367,6.222311330959201
13015,7092,Koray G端nter,Verona,D S,27,1780,0,0.2133454224094748,2,0.7406261134892702,6,6,4,0,0,0.2133454224094748,4.777396449819207,4.640501730144024
