,id,player_name,team_title,position,games,time,goals,xG,assists,xA,shots,key_passes,yellow_cards,red_cards,npg,npxG,xGChain,xGBuildup
13084,5625,Kwon Chang-Hoon,Freiburg,F M S,23,656,2,2.065084821544588,0,1.1701442897319794,15,13,0,0,2,2.065084821544588,4.472674518823624,1.797187864780426
13085,5625,Kwon Chang-Hoon,Dijon,F M S,19,928,2,1.647795718163252,0,0.6692495997995138,20,13,1,0,2,1.647795718163252,2.701242493465543,0.7488426882773638
13086,5625,Kwon Chang-Hoon,Dijon,F S,8,220,0,0.4089872799813747,0,0.4896507151424885,8,4,1,0,0,0.4089872799813747,0.5964466482400894,0.0788799291476607
13087,5625,Kwon Chang-Hoon,Dijon,F M S,34,2147,11,6.593942429870367,3,2.5274941688403487,67,34,3,0,11,6.593942429870367,9.188769288361073,1.869607737287879
13088,5625,Kwon Chang-Hoon,Freiburg,F S,12,197,0,0.1708926558494568,0,0.1182655952870845,2,3,2,0,0,0.1708926558494568,0.3941920269280672,0.1050337757915258
