,id,player_name,team_title,position,games,time,goals,xG,assists,xA,shots,key_passes,yellow_cards,red_cards,npg,npxG,xGChain,xGBuildup
13161,1447,Ladislav Krejci,Bologna,D S,14,1041,1,0.5932149514555931,0,1.4752922784537077,3,9,1,0,1,0.5932149514555931,3.618187934160233,2.723717175424099
13162,1447,Ladislav Krejci,Bologna,D F M S,37,2798,1,4.942053526639938,8,6.289424933493137,36,55,2,0,0,4.180794566869736,11.90681954473257,3.657201365567744
13163,1447,Ladislav Krejci,Bologna,D M S,18,1055,0,0.4428112562745809,3,2.482799852266908,9,17,2,0,0,0.4428112562745809,5.308757111430168,3.376363728195429
13164,1447,Ladislav Krejci,Bologna,F S,12,389,0,0.424254722893238,0,0.0858711944893002,3,3,0,0,0,0.424254722893238,0.6129761571064591,0.1652722964063286
