,id,player_name,team_title,position,games,time,goals,xG,assists,xA,shots,key_passes,yellow_cards,red_cards,npg,npxG,xGChain,xGBuildup
13165,7843,Lago Junior,Mallorca,D F M S,35,2167,4,5.973528080619872,0,1.3432321911677718,41,20,3,0,1,3.743695222772658,7.306507650762796,3.4805421391502023
13166,7843,Lago Junior,Mallorca,M S,6,157,0,0.6457212064415216,0,0.0,6,0,0,0,0,0.6457212064415216,0.3039132673293352,0.0703833978623151
