,id,player_name,team_title,position,games,time,goals,xG,assists,xA,shots,key_passes,yellow_cards,red_cards,npg,npxG,xGChain,xGBuildup
13173,3607,Lamine Gassama,Lorient,D,31,2711,1,0.0338431484997272,1,1.23845786601305,1,15,6,0,1,0.0338431484997272,6.189134618267417,5.7999770315364
13174,3607,Lamine Gassama,Lorient,D,31,2715,0,0.0,1,1.007078460417688,0,12,6,2,0,0.0,5.644900632090867,4.703306207433343
