,id,player_name,team_title,position,games,time,goals,xG,assists,xA,shots,key_passes,yellow_cards,red_cards,npg,npxG,xGChain,xGBuildup
13177,8749,Lamine Gueye,Metz,F M S,13,540,0,1.8301447741687296,3,1.2168652275577188,13,16,0,0,0,1.8301447741687296,2.6498510017991066,0.4133639670908451
13178,8749,Lamine Gueye,Metz,F M S,26,1476,3,4.391321379691362,2,2.099495830014348,40,19,1,0,3,4.391321379691362,6.803008455783129,0.7099966472014785
