,id,player_name,team_title,position,games,time,goals,xG,assists,xA,shots,key_passes,yellow_cards,red_cards,npg,npxG,xGChain,xGBuildup
13194,421,Lars Bender,Bayer Leverkusen,D M S,21,1611,2,1.3075130013749003,4,2.115783039946109,20,20,5,0,2,1.3075130013749003,6.548246908001602,4.683776031248272
13195,421,Lars Bender,Bayer Leverkusen,D M,11,890,1,1.181182554922998,1,0.8114385530352592,11,8,3,0,1,1.181182554922998,2.668897833675146,2.30499304831028
13196,421,Lars Bender,Bayer Leverkusen,D M S,26,2038,1,1.4392667710781095,3,2.1752522261813283,22,19,5,0,1,1.4392667710781095,6.143334999680519,4.494489414617419
13197,421,Lars Bender,Bayer Leverkusen,D M S,20,1371,1,0.8526316937059164,4,1.3830137625336647,15,14,2,0,1,0.8526316937059164,5.217820592224598,3.883170560002327
13198,421,Lars Bender,Bayer Leverkusen,D S,14,947,1,1.5258317636325955,2,0.6567943636327982,9,7,2,0,0,0.7680550860241055,3.728747952729464,3.030533170327544
13199,421,Lars Bender,Bayer Leverkusen,D M,9,617,0,0.1344282058998942,1,1.7825235277414322,5,7,4,0,0,0.1344282058998942,1.9617645647376776,1.140699364244938
13200,421,Lars Bender,Bayer Leverkusen,D M S,18,1377,2,0.7787648010998964,1,1.3037349805235865,14,18,3,0,2,0.7787648010998964,6.17320092394948,4.990368507802486
