,id,player_name,team_title,position,games,time,goals,xG,assists,xA,shots,key_passes,yellow_cards,red_cards,npg,npxG,xGChain,xGBuildup
13215,3557,Lass Diarra,Marseille,M S,11,725,0,0.053656973876059,0,0.3651350270956754,3,3,2,0,0,0.053656973876059,2.5403344556689262,2.4026680067181587
13216,3557,Lass Diarra,Paris Saint Germain,M S,10,610,0,0.0,1,0.233961284160614,0,4,4,0,0,0.0,3.628476366400719,3.5815742164850235
13217,3557,Lass Diarra,Paris Saint Germain,M S,3,159,0,0.0,0,0.038105446845293,0,1,0,0,0,0.0,0.5673756971955299,0.5673756971955299
13218,3557,Lass Diarra,Marseille,M S,26,2096,1,0.2888862760737538,1,0.5309407878667116,10,19,4,0,1,0.2888862760737538,6.2602986469864845,6.0016461201012135
