,id,player_name,team_title,position,games,time,goals,xG,assists,xA,shots,key_passes,yellow_cards,red_cards,npg,npxG,xGChain,xGBuildup
13235,6038,Laurent Depoitre,Huddersfield,F S,23,1039,0,2.672080432064832,1,0.4564108727499842,30,9,1,0,0,2.672080432064832,2.7286373591050506,0.0916027873754501
13236,6038,Laurent Depoitre,Huddersfield,F S,33,1794,6,3.591188936494291,1,1.3660858180373907,24,13,1,0,6,3.591188936494291,4.533495036885142,1.0141412885859609
