,id,player_name,team_title,position,games,time,goals,xG,assists,xA,shots,key_passes,yellow_cards,red_cards,npg,npxG,xGChain,xGBuildup
13251,7006,Lautaro Martínez,Inter,F M S,27,1327,6,8.02005267329514,2,2.7824807949364185,65,21,4,0,5,7.258753838017583,8.111923228949308,0.5353266857564449
13252,7006,Lautaro Martínez,Inter,F M S,38,2598,17,16.88719903305173,6,6.310354245826602,109,38,5,0,15,15.364601392298937,23.094210781157017,3.861114533618093
13253,7006,Lautaro Martínez,Inter,F S,35,2487,14,15.720711936242878,3,3.1426601633429527,125,31,8,1,12,13.436815460212529,19.05866105109453,5.423431476578116
13254,7006,Lautaro Martínez,Inter,F M S,15,981,10,11.930159317329526,2,1.4456353932619097,50,11,4,0,7,8.123665289953351,9.77613457851112,1.174000013619661
