,id,player_name,team_title,position,games,time,goals,xG,assists,xA,shots,key_passes,yellow_cards,red_cards,npg,npxG,xGChain,xGBuildup
13257,3298,Layvin Kurzawa,Paris Saint Germain,D S,14,850,1,0.9466651044785976,0,0.459380205720663,6,2,4,0,1,0.9466651044785976,6.462776586413384,5.977553114295006
13258,3298,Layvin Kurzawa,"Monaco,Paris Saint Germain",D S,19,1518,4,3.525124251842499,5,3.631549309939146,20,20,2,0,4,3.525124251842499,12.657329833135009,8.61405536904931
13259,3298,Layvin Kurzawa,Paris Saint Germain,D S,19,1291,1,0.928409894928336,1,2.018484426662326,11,10,4,1,1,0.928409894928336,6.05328106880188,5.410362364724279
13260,3298,Layvin Kurzawa,Paris Saint Germain,D M S,19,1006,1,1.3100896030664444,2,3.7320197531953454,6,12,4,0,1,1.3100896030664444,6.144673892296851,3.4897602144628763
13261,3298,Layvin Kurzawa,Paris Saint Germain,D,18,1529,2,2.697669668123126,2,2.704293144866824,24,16,3,0,2,2.697669668123126,9.235694540664554,6.917725009843707
13262,3298,Layvin Kurzawa,Paris Saint Germain,D S,20,1706,2,1.303482186049223,1,1.4333960860967636,21,12,1,0,2,1.303482186049223,7.959586525335908,6.622185841202736
13263,3298,Layvin Kurzawa,Monaco,D S,27,2204,0,2.911326373927295,4,3.7237161863595247,32,37,1,0,0,2.151231254450977,9.459722911939023,7.026324393227696
