,id,player_name,team_title,position,games,time,goals,xG,assists,xA,shots,key_passes,yellow_cards,red_cards,npg,npxG,xGChain,xGBuildup
13264,4406,Lazar Markovic,Liverpool,M S,19,932,2,1.8803791087120767,1,1.461945510469377,16,20,0,0,2,1.8803791087120767,5.297791848890483,2.2078902926296
13265,4406,Lazar Markovic,Fulham,S,1,42,0,0.0,0,0.0136247351765632,0,1,0,0,0,0.0,0.0136247351765632,0.0
13266,4406,Lazar Markovic,Hull,M,12,1024,2,2.220669209957123,0,0.4459654353559017,12,8,4,0,2,2.220669209957123,3.597357613965869,1.0627347361296415
