,id,player_name,team_title,position,games,time,goals,xG,assists,xA,shots,key_passes,yellow_cards,red_cards,npg,npxG,xGChain,xGBuildup
13276,674,Leandro Bacuna,Aston Villa,D F M S,31,2421,1,1.9050845922902224,0,1.1993910828605294,32,16,8,0,1,1.9050845922902224,6.015960603021085,4.071640757843852
13277,674,Leandro Bacuna,Cardiff,D M S,11,543,0,0.0774941183626651,0,0.0256153866648674,5,1,2,0,0,0.0774941183626651,0.674971355125308,0.5819015428423882
13278,674,Leandro Bacuna,Aston Villa,D M S,19,970,0,0.996757009997964,5,1.846682097762823,17,17,1,0,0,0.996757009997964,3.605835674330592,2.1702732602134347
