,id,player_name,team_title,position,games,time,goals,xG,assists,xA,shots,key_passes,yellow_cards,red_cards,npg,npxG,xGChain,xGBuildup
13313,5991,Lebogang Phiri,Guingamp,M S,22,1013,0,0.1760044554248452,1,0.6037533134222031,6,7,1,0,0,0.1760044554248452,2.784539356827736,2.439145445823669
13314,5991,Lebogang Phiri,Guingamp,M S,24,1937,0,0.3444150853902101,0,0.4762589605525136,12,14,3,0,0,0.3444150853902101,3.332947790622711,2.8020078539848328
