,id,player_name,team_title,position,games,time,goals,xG,assists,xA,shots,key_passes,yellow_cards,red_cards,npg,npxG,xGChain,xGBuildup
13330,7313,Lee Kang-In,Valencia,F M S,17,420,2,1.112540758214891,0,0.5011452352628112,11,6,1,2,2,1.112540758214891,2.6012861682102084,1.1109963059425354
13331,7313,Lee Kang-In,Valencia,S,3,15,0,0.0181626975536346,0,0.1015261858701706,1,1,1,0,0,0.0181626975536346,0.0897832736372947,0.0897832736372947
13332,7313,Lee Kang-In,Valencia,F M S,24,1291,0,1.2403599005192518,4,2.0719966385513544,25,21,1,0,0,1.2403599005192518,3.905091121792793,2.38148208335042
13333,7313,Lee Kang-In,Mallorca,M S,13,893,1,0.8697629421949387,2,2.090176293626428,24,17,2,1,1,0.8697629421949387,2.488682789728045,0.6649829624220729
