,id,player_name,team_title,position,games,time,goals,xG,assists,xA,shots,key_passes,yellow_cards,red_cards,npg,npxG,xGChain,xGBuildup
13364,5679,Leo Lacroix,Saint-Etienne,D S,20,1677,0,0.5537130013108253,0,0.1261364184319973,8,2,6,0,0,0.5537130013108253,1.8344374066218727,1.700759801082313
13365,5679,Leo Lacroix,Saint-Etienne,D S,11,779,0,0.4159790687263012,0,0.0386153534054756,8,1,3,1,0,0.4159790687263012,1.1702734027057886,1.1702734027057886
