,id,player_name,team_title,position,games,time,goals,xG,assists,xA,shots,key_passes,yellow_cards,red_cards,npg,npxG,xGChain,xGBuildup
13367,6991,Leo Stulac,Parma Calcio 1913,M S,26,1451,0,0.6587115619331598,2,1.9355539046227928,22,21,3,1,0,0.6587115619331598,4.103184875100851,2.606623938307166
13368,6991,Leo Stulac,Empoli,M S,12,516,1,0.0957985781133174,2,0.2469938234426081,3,6,1,0,1,0.0957985781133174,1.165413685142994,0.9511063415557146
