,id,player_name,team_title,position,games,time,goals,xG,assists,xA,shots,key_passes,yellow_cards,red_cards,npg,npxG,xGChain,xGBuildup
13400,2692,Leon Guwara,Darmstadt,D M S,17,1095,0,0.0580552145838737,0,0.8551318272948265,2,10,1,1,0,0.0580552145838737,2.199592279270292,1.9251676462590688
13401,2692,Leon Guwara,Werder Bremen,D,1,90,0,0.0,0,0.0,0,0,0,0,0,0.0,0.0364366434514522,0.0364366434514522
