,id,player_name,team_title,position,games,time,goals,xG,assists,xA,shots,key_passes,yellow_cards,red_cards,npg,npxG,xGChain,xGBuildup
13392,335,Leon Goretzka,Bayern Munich,M,12,907,2,2.817202625796199,2,2.604088985361159,30,20,0,0,2,2.817202625796199,10.240828081965446,6.337642803788185
13393,335,Leon Goretzka,Schalke 04,M S,10,373,0,0.4153659418225288,0,0.2462741732597351,8,6,1,0,0,0.4153659418225288,1.1084346882998943,0.844199039041996
13394,335,Leon Goretzka,Bayern Munich,M S,24,1707,5,3.7410918660461903,5,3.053967172279954,42,20,2,0,5,3.7410918660461903,14.009992886334658,9.2703747022897
13395,335,Leon Goretzka,Schalke 04,M,30,2570,5,4.402243886142969,3,3.2980477726086974,51,34,2,0,5,4.402243886142969,11.584344818256795,4.791745698079467
13396,335,Leon Goretzka,Schalke 04,M S,26,1984,4,4.5417598355561495,2,1.1002842672169209,45,17,3,0,3,3.7839831430464974,4.973800983279944,2.1078677801415324
13397,335,Leon Goretzka,Schalke 04,M S,25,1995,1,2.699432568624616,3,2.670843647792936,37,24,5,0,1,2.699432568624616,10.021244766190648,6.649556580930948
13398,335,Leon Goretzka,Bayern Munich,D M S,30,2008,8,7.112090826034546,4,3.493873892351985,55,19,3,0,8,7.112090826034546,20.7934934720397,13.48184086754918
13399,335,Leon Goretzka,Bayern Munich,M S,24,1521,6,5.848046842962503,5,3.0933351814746857,40,20,2,0,6,5.848046842962503,18.59417151287198,12.21879992634058
