,id,player_name,team_title,position,games,time,goals,xG,assists,xA,shots,key_passes,yellow_cards,red_cards,npg,npxG,xGChain,xGBuildup
13412,262,Leonardo Bittencourt,Werder Bremen,F M S,27,1535,4,3.811714452691376,1,0.8802234353497624,43,17,3,0,3,3.0539377899840474,5.218879213556647,2.151505369693041
13413,262,Leonardo Bittencourt,FC Cologne,M S,29,2223,3,3.570865427143872,4,4.4767319317907095,37,38,2,1,3,3.570865427143872,11.674549881368876,5.209981597959995
13414,262,Leonardo Bittencourt,FC Cologne,F M S,22,1624,5,3.3172343699261546,3,2.3650261545553803,32,24,4,0,5,3.3172343699261546,7.31653824262321,2.0573676712811
13415,262,Leonardo Bittencourt,Hannover 96,M S,26,1375,1,2.397034777328372,3,1.7181868040934205,30,16,5,1,1,2.397034777328372,5.028438188135624,1.4611548446118832
13416,262,Leonardo Bittencourt,Hoffenheim,M S,21,1070,1,3.2785088811069727,3,2.745621407404542,23,22,1,0,1,3.2785088811069727,10.359188606962562,5.390217326581478
13417,262,Leonardo Bittencourt,"Hoffenheim,Werder Bremen",D F M S,29,1913,4,2.667939715087414,2,1.8783597145229576,43,32,7,0,4,2.667939715087414,6.091322205960751,2.427910686470568
13418,262,Leonardo Bittencourt,FC Cologne,F M S,16,983,3,4.503080321475864,5,3.5929372319951653,22,15,3,0,3,4.503080321475864,9.675838192924855,3.55115925706923
