,id,player_name,team_title,position,games,time,goals,xG,assists,xA,shots,key_passes,yellow_cards,red_cards,npg,npxG,xGChain,xGBuildup
13420,1287,Leonardo Bonucci,Juventus,D S,34,3013,3,1.574202842079103,0,1.0706108156591654,25,10,8,0,3,1.574202842079103,10.467808770015836,10.110411521047354
13421,1287,Leonardo Bonucci,Juventus,D,13,1170,3,3.561362935230136,1,0.6809182483702898,11,9,1,0,0,1.2774664591997862,4.002355337142944,3.612570475786925
13422,1287,Leonardo Bonucci,Juventus,D S,29,2471,3,2.1717018792405725,0,1.068898543715477,15,8,2,0,3,2.1717018792405725,8.520247597247362,8.106417864561081
13423,1287,Leonardo Bonucci,Juventus,D S,26,2037,2,3.64591883122921,0,0.8696581423282623,16,3,3,0,2,3.64591883122921,8.378460876643658,8.037180066108704
13424,1287,Leonardo Bonucci,AC Milan,D,35,3084,2,2.2747477418743074,0,0.8507587825879455,23,15,5,1,2,2.2747477418743074,8.466072992887348,7.517738442867994
13425,1287,Leonardo Bonucci,Juventus,D S,29,2404,3,2.405667772516608,0,0.6668812111020088,19,10,5,0,3,2.405667772516608,12.957793049514294,12.37864051386714
13426,1287,Leonardo Bonucci,Juventus,D S,36,3156,3,3.197835094295442,1,0.8443257194012403,27,15,6,0,3,3.197835094295442,9.470905664376916,8.703574542887509
13427,1287,Leonardo Bonucci,Juventus,D,35,3091,3,4.169219736941159,0,0.5999917006120086,23,11,9,0,3,4.169219736941159,12.23824667185545,11.824288621544838
