,id,player_name,team_title,position,games,time,goals,xG,assists,xA,shots,key_passes,yellow_cards,red_cards,npg,npxG,xGChain,xGBuildup
13437,1104,Leonardo Pavoletti,Cagliari,F S,33,1576,4,7.449655855074525,3,1.420117225497961,44,12,8,0,4,7.449655855074525,8.040112026035786,1.0224450286477804
13438,1104,Leonardo Pavoletti,Genoa,F S,25,1916,14,10.40239254385233,3,2.015460602939129,67,23,3,1,14,10.40239254385233,14.476563148200512,3.779202876612544
13439,1104,Leonardo Pavoletti,Cagliari,F S,2,45,0,0.0711769983172416,0,0.0,2,0,0,0,0,0.0711769983172416,0.3974672555923462,0.3732659220695495
13440,1104,Leonardo Pavoletti,Cagliari,F S,32,2748,16,12.38432938978076,1,1.5758431246504188,85,24,6,0,16,12.38432938978076,10.769815703853965,2.614385169930756
13441,1104,Leonardo Pavoletti,Cagliari,F S,33,2728,11,11.58760891109705,0,1.844642630778253,86,23,8,0,11,11.58760891109705,12.568768659606576,3.4487020233646035
13442,1104,Leonardo Pavoletti,"Genoa,Sassuolo",F S,19,633,7,5.597619662061334,3,0.5380689296871424,26,9,4,0,7,5.597619662061334,5.821299161761999,1.1754418034106493
13443,1104,Leonardo Pavoletti,Cagliari,F S,15,533,2,3.186145331710577,0,0.4025312885642051,15,7,3,0,2,3.186145331710577,3.776486534625292,0.5529813207685947
13444,1104,Leonardo Pavoletti,"Genoa,Napoli",F S,15,770,3,3.8955900631845,0,0.3385421000421047,36,7,2,0,3,3.8955900631845,4.5306405778974295,1.3114686086773872
