,id,player_name,team_title,position,games,time,goals,xG,assists,xA,shots,key_passes,yellow_cards,red_cards,npg,npxG,xGChain,xGBuildup
13452,756,Leonardo Ulloa,Leicester,F S,37,2434,11,8.92391943745315,3,3.791994614526629,49,36,3,0,9,7.401581762358546,9.963016773574054,2.509369350038469
13453,756,Leonardo Ulloa,Leicester,F S,29,942,6,6.906460586935282,2,1.4666873449459672,34,14,0,0,5,6.14529174938798,9.505025332793592,3.4823960699141026
13454,756,Leonardo Ulloa,Leicester,F S,16,412,1,1.9004442617297173,0,0.1030394025146961,11,2,0,0,1,1.9004442617297173,1.47361870855093,0.630716560408473
13455,756,Leonardo Ulloa,"Brighton,Leicester",F S,14,264,1,0.6826690509915352,0,0.2092032199725508,3,7,0,0,1,0.6826690509915352,1.095957987010479,0.3659404516220093
