,id,player_name,team_title,position,games,time,goals,xG,assists,xA,shots,key_passes,yellow_cards,red_cards,npg,npxG,xGChain,xGBuildup
13464,337,Leroy Sané,Schalke 04,F M S,33,2315,8,6.593435367569327,6,4.827641695737839,68,28,4,0,8,6.593435367569327,13.50855529680848,3.082219149917364
13465,337,Leroy Sané,Bayern Munich,M S,15,968,4,7.044194344431162,4,4.268506264314055,45,30,2,0,4,7.044194344431162,14.077337060123682,4.9904051050543785
13466,337,Leroy Sané,Manchester City,F M S,31,1866,10,6.981944473460317,10,8.101670823991299,56,40,1,0,10,6.981944473460317,21.35401276499033,10.5583228841424
13467,337,Leroy Sané,Manchester City,F M S,26,1793,5,5.8207272328436375,3,5.704548614099622,33,35,4,0,5,5.8207272328436375,14.744570719078183,6.493141442537308
13468,337,Leroy Sané,Bayern Munich,M S,32,1819,6,5.361089196056128,9,6.477919186465442,57,33,2,0,6,5.361089196056128,20.605438098311424,9.688476155512037
13469,337,Leroy Sané,Manchester City,S,1,6,0,0.0981592610478401,0,0.0,2,0,0,0,0,0.0981592610478401,0.1721694022417068,0.1210349798202514
13470,337,Leroy Sané,Schalke 04,F M S,13,607,3,2.0758412703871727,0,0.8094684854149818,12,5,1,0,3,2.0758412703871727,3.176600635051728,1.1063842363655567
13471,337,Leroy Sané,Manchester City,D F M S,32,2421,10,6.24107522983104,15,9.04887653980404,56,58,4,0,10,6.24107522983104,19.683995423838496,11.8986874576658
