,id,player_name,team_title,position,games,time,goals,xG,assists,xA,shots,key_passes,yellow_cards,red_cards,npg,npxG,xGChain,xGBuildup
13493,6048,Lewis Dunk,Brighton,D,38,3420,1,3.159658663906157,1,1.364956807345152,27,11,7,0,1,3.159658663906157,3.488032517954707,3.034448152408004
13494,6048,Lewis Dunk,Brighton,D,36,3233,3,3.719277739524841,3,1.2634232500568032,31,14,9,0,3,3.719277739524841,8.553321623243392,8.34768174868077
13495,6048,Lewis Dunk,Brighton,D,14,1260,0,0.4929457604885101,0,0.095023937523365,6,1,0,0,0,0.4929457604885101,3.02082334458828,3.02082334458828
13496,6048,Lewis Dunk,Brighton,D,33,2934,5,2.7090762509033084,0,0.830638368614018,32,10,5,2,5,2.7090762509033084,8.376229837536812,7.971441999077797
13497,6048,Lewis Dunk,Brighton,D,36,3154,2,1.7627595653757453,1,0.7536891559138894,20,11,5,1,2,1.7627595653757453,3.7396439108997583,3.5237328745424747
