,id,player_name,team_title,position,games,time,goals,xG,assists,xA,shots,key_passes,yellow_cards,red_cards,npg,npxG,xGChain,xGBuildup
13498,467,Lewis Grabban,Bournemouth,S,3,51,0,0.0744960531592369,1,0.0892584472894668,1,1,0,0,0,0.0744960531592369,0.3032285124063492,0.139474019408226
13499,467,Lewis Grabban,"Bournemouth,Norwich",F M S,21,806,1,2.31165393255651,0,0.4200645573437214,19,8,2,0,1,2.31165393255651,3.1663807658478618,0.5758635802194476
