,id,player_name,team_title,position,games,time,goals,xG,assists,xA,shots,key_passes,yellow_cards,red_cards,npg,npxG,xGChain,xGBuildup
13507,8816,Liam Cooper,Leeds,D,15,1274,0,0.1779925245791673,1,0.0830003097653389,4,3,4,0,0,0.1779925245791673,2.869983445852995,2.841204088181257
13508,8816,Liam Cooper,Leeds,D,25,2189,1,2.094512293115258,0,0.0,15,0,4,1,1,2.094512293115258,7.37991644628346,7.37991644628346
