,id,player_name,team_title,position,games,time,goals,xG,assists,xA,shots,key_passes,yellow_cards,red_cards,npg,npxG,xGChain,xGBuildup
13517,8677,Lilian Brassier,Brest,D,11,966,1,0.4126729080453515,1,0.7718646880239248,6,5,3,0,1,0.4126729080453515,1.1507157236337662,1.0661021154373884
13518,8677,Lilian Brassier,Brest,D S,14,1067,0,0.0712252715602517,0,0.1528803464025259,4,3,3,0,0,0.0712252715602517,1.508074956946075,1.389956722036004
