,id,player_name,team_title,position,games,time,goals,xG,assists,xA,shots,key_passes,yellow_cards,red_cards,npg,npxG,xGChain,xGBuildup
13533,6318,Lionel Carole,Strasbourg,D M S,23,1734,0,0.3961947225034237,3,1.6606077933683991,8,22,2,0,0,0.3961947225034237,3.5824846867471933,2.346610153093934
13534,6318,Lionel Carole,Strasbourg,D S,27,1312,0,0.0930801266804337,1,1.5916710905730724,3,11,2,0,0,0.0930801266804337,2.6841456200927496,1.6139607410877943
13535,6318,Lionel Carole,Sevilla,D,6,540,0,0.356521119363606,1,0.0858690766617655,3,3,0,0,0,0.356521119363606,1.2935457974672318,1.225059024989605
13536,6318,Lionel Carole,Strasbourg,D M S,18,1278,0,0.1397092845290899,0,0.8239279864355922,5,14,3,0,0,0.1397092845290899,2.872910127975046,2.406423568725586
