,id,player_name,team_title,position,games,time,goals,xG,assists,xA,shots,key_passes,yellow_cards,red_cards,npg,npxG,xGChain,xGBuildup
13549,8029,Lisandro Magallán,Crotone,D S,28,2192,1,0.8408089722506702,2,0.3478553406894207,8,9,10,0,1,0.8408089722506702,4.786471668630838,4.124260794371367
13550,8029,Lisandro Magallán,Alaves,D S,16,1196,1,1.0177773628383875,1,0.3868636153638363,6,4,4,0,1,1.0177773628383875,0.8636526688933372,0.7839124528691173
