,id,player_name,team_title,position,games,time,goals,xG,assists,xA,shots,key_passes,yellow_cards,red_cards,npg,npxG,xGChain,xGBuildup
13577,2085,Lomb치n,Granada,D S,31,2625,0,0.776460331864655,0,0.1949379872530698,13,5,6,0,0,0.776460331864655,2.857060797512532,2.811686785891652
13578,2085,Lomb치n,Granada,D S,21,1840,2,2.0636530481278896,0,0.0650845821946859,10,4,6,0,2,2.0636530481278896,1.2996026538312435,1.2506805583834648
13579,2085,Lomb치n,Eibar,D S,13,993,1,0.2033440954983234,0,0.018710846081376,4,1,3,0,1,0.2033440954983234,0.5163960158824921,0.5163960158824921
13580,2085,Lomb치n,Elche,D S,34,2986,5,3.346559440717101,0,0.099745137616992,19,3,10,0,2,1.1168545093387363,3.7685733381658792,3.7170973289757967
