,id,player_name,team_title,position,games,time,goals,xG,assists,xA,shots,key_passes,yellow_cards,red_cards,npg,npxG,xGChain,xGBuildup
13590,1797,Lorenzo Ariaudo,Sassuolo,D,2,180,0,0.0,0,0.0915242582559585,0,1,1,0,0,0.0,0.3203206062316894,0.2287963479757309
13591,1797,Lorenzo Ariaudo,Frosinone,D,19,1686,0,0.5538380704820156,0,0.5444601410999894,6,4,2,0,0,0.5538380704820156,2.046123834326864,2.03062997572124
13592,1797,Lorenzo Ariaudo,"Empoli,Sassuolo",D S,9,654,0,0.0791287310421466,0,0.0,2,0,0,0,0,0.0791287310421466,0.3721109572798013,0.3721109572798013
