,id,player_name,team_title,position,games,time,goals,xG,assists,xA,shots,key_passes,yellow_cards,red_cards,npg,npxG,xGChain,xGBuildup
13625,2819,Lorenzo Melgarejo,Spartak Moscow,D F M S,12,608,1,2.3013827558606863,0,1.3029703199863434,15,10,0,0,1,2.3013827558606863,4.510465502738953,1.7777423597872255
13626,2819,Lorenzo Melgarejo,Spartak Moscow,D M S,21,1027,3,4.216947991400957,3,2.417578089982271,39,14,1,0,3,4.216947991400957,7.837963409721851,2.415831597521901
13627,2819,Lorenzo Melgarejo,Kuban Krasnodar,F M S,14,878,1,1.3511823248118162,0,0.3333372483029961,15,6,1,0,1,1.3511823248118162,1.7855685614049437,0.617405186407268
13628,2819,Lorenzo Melgarejo,Spartak Moscow,D F M S,23,1637,3,4.221457291394472,2,0.9498490914702415,41,14,3,0,3,4.221457291394472,8.132404568605125,4.163263484835625
13629,2819,Lorenzo Melgarejo,"Kuban Krasnodar,Spartak Moscow",F M S,27,1707,10,9.375659231096506,3,1.3622770002111793,54,16,3,0,10,8.621383879333735,9.419014886021614,1.2315337304025888
13630,2819,Lorenzo Melgarejo,Spartak Moscow,F M S,21,798,2,1.9876048918813467,0,0.4922352442517876,19,10,1,0,2,1.9876048918813467,3.0092620085924864,0.7824115715920925
