,id,player_name,team_title,position,games,time,goals,xG,assists,xA,shots,key_passes,yellow_cards,red_cards,npg,npxG,xGChain,xGBuildup
13644,1394,Lorenzo Tonelli,Sampdoria,D S,19,1655,1,0.4882117491215467,0,0.0103784557431936,7,1,6,0,1,0.4882117491215467,2.1888147573918104,2.178436299785972
13645,1394,Lorenzo Tonelli,Napoli,D S,4,351,1,0.1487129107117653,0,0.0,3,0,0,0,1,0.1487129107117653,1.410703219473362,1.410703219473362
13646,1394,Lorenzo Tonelli,Napoli,D,3,270,2,0.9723086953163148,0,0.08463666588068,2,1,2,0,2,0.9723086953163148,2.413784921169281,1.884420096874237
13647,1394,Lorenzo Tonelli,Empoli,D S,7,493,0,0.6292609497904778,0,0.2670494839549064,5,4,2,0,0,0.6292609497904778,0.6111493855714798,0.5057584661990404
13648,1394,Lorenzo Tonelli,Empoli,D,26,2287,2,0.7199023952707648,0,0.1094754417426884,7,5,8,1,2,0.7199023952707648,4.194159945473075,4.091652549803257
13649,1394,Lorenzo Tonelli,Sampdoria,D S,23,1787,1,2.15802232734859,0,0.0,13,0,11,0,1,2.15802232734859,2.5239516254514456,2.464731762185693
13650,1394,Lorenzo Tonelli,Empoli,D S,28,2296,5,2.5469793789088726,0,0.118959903717041,14,2,4,2,5,2.5469793789088726,5.629268556833267,5.613192468881607
13651,1394,Lorenzo Tonelli,Sampdoria,D,9,707,0,0.1173763126134872,0,0.0,5,0,4,0,0,0.1173763126134872,0.8883355408906937,0.8270849734544754
