,id,player_name,team_title,position,games,time,goals,xG,assists,xA,shots,key_passes,yellow_cards,red_cards,npg,npxG,xGChain,xGBuildup
13658,7745,Loris Benito,Bordeaux,D S,23,1899,1,0.6588641181588173,0,0.8777908524498343,12,17,5,0,1,0.6588641181588173,3.923111173324287,3.5580591866746545
13659,7745,Loris Benito,Bordeaux,D S,31,2658,0,0.3981997109949589,0,1.1009286995977163,8,14,7,1,0,0.3981997109949589,9.392462180927396,8.735332677140832
13660,7745,Loris Benito,Bordeaux,D,1,63,0,0.0,0,0.0,0,0,0,0,0,0.0,0.0659262686967849,0.0659262686967849
