,id,player_name,team_title,position,games,time,goals,xG,assists,xA,shots,key_passes,yellow_cards,red_cards,npg,npxG,xGChain,xGBuildup
13941,3743,Lucas Tousart,Lyon,M S,22,1634,1,0.8347989656031132,1,0.4908564621582627,19,6,1,0,1,0.8347989656031132,6.019946292042732,5.34184577036649
13942,3743,Lucas Tousart,Lyon,M S,30,1719,0,0.7528008753433824,0,0.4514270080253482,24,10,1,2,0,0.7528008753433824,7.444657552987337,6.552284978330135
13943,3743,Lucas Tousart,Lyon,M S,24,1765,2,1.8296940019354224,2,0.5704550929367542,28,10,5,0,2,1.8296940019354224,5.281324379146099,3.5632931794971228
13944,3743,Lucas Tousart,Hertha Berlin,M S,26,2113,1,1.3263678131625056,0,1.2730728723108768,30,9,7,0,1,1.3263678131625056,6.389479193836451,4.662129547446966
13945,3743,Lucas Tousart,Lyon,M,1,63,0,0.0,0,0.0,0,0,0,0,0,0.0,0.0221424140036106,0.0221424140036106
13946,3743,Lucas Tousart,Lyon,M,37,3154,0,1.6198035422712564,0,0.5322068240493536,16,13,8,0,0,1.6198035422712564,13.56363844498992,12.94572851806879
13947,3743,Lucas Tousart,Hertha Berlin,D M S,12,618,0,0.2665096083655953,0,0.3653788715600967,7,6,1,0,0,0.2665096083655953,1.010912975296378,0.6541689392179251
