,id,player_name,team_title,position,games,time,goals,xG,assists,xA,shots,key_passes,yellow_cards,red_cards,npg,npxG,xGChain,xGBuildup
13762,1963,Luca Paganini,Frosinone,D M S,14,1118,2,2.221346855163574,0,0.2926517743617296,28,9,2,0,2,2.221346855163574,2.380846932530403,1.2886960869655013
13763,1963,Luca Paganini,Frosinone,F M S,27,1850,2,2.769826052710414,2,1.674337892793119,25,22,6,0,2,2.769826052710414,5.482806168496609,1.893387271091342
