,id,player_name,team_title,position,games,time,goals,xG,assists,xA,shots,key_passes,yellow_cards,red_cards,npg,npxG,xGChain,xGBuildup
13949,2253,Lucas Vázquez,Real Madrid,F M S,33,1369,2,5.261809937655926,7,6.269767476245761,30,42,4,0,2,5.261809937655926,15.427588252350688,6.851867932826281
13950,2253,Lucas Vázquez,Real Madrid,D F M S,18,834,2,1.411832444369793,1,1.5634441301226616,10,17,1,0,2,1.411832444369793,7.373622566461563,5.005392843857408
13951,2253,Lucas Vázquez,Real Madrid,F M S,33,1659,4,4.909966269508004,7,6.137834614142776,33,52,3,0,4,4.909966269508004,17.651769230142236,9.382657846435905
13952,2253,Lucas Vázquez,Real Madrid,D S,12,615,1,0.8488205187022686,0,0.6823778599500656,7,11,0,0,1,0.8488205187022686,3.94159401766956,2.896383721381426
13953,2253,Lucas Vázquez,Real Madrid,F M S,31,1493,1,2.856384789571166,3,4.716956842690706,24,30,4,1,1,2.856384789571166,10.790258074179292,5.393271401524544
13954,2253,Lucas Vázquez,Espanyol,M S,33,2751,3,4.0999104445800185,6,5.402851461432874,37,53,5,0,3,4.0999104445800185,11.46831637620926,4.502105021849275
13955,2253,Lucas Vázquez,Real Madrid,D F M S,25,1221,4,3.562784818932414,6,4.366746205836535,23,28,4,0,4,3.562784818932414,11.477450624108316,6.134503588080406
13956,2253,Lucas Vázquez,Real Madrid,D F M S,24,1860,2,1.994531499221921,5,4.362610215321183,21,44,3,0,2,1.994531499221921,11.267124086618423,7.678971312940121
