,id,player_name,team_title,position,games,time,goals,xG,assists,xA,shots,key_passes,yellow_cards,red_cards,npg,npxG,xGChain,xGBuildup
13750,1643,Luca Marrone,Crotone,D S,21,1590,0,0.2153854668140411,0,0.0,4,0,8,0,0,0.2153854668140411,1.0895811095833778,1.0442487075924871
13751,1643,Luca Marrone,"Carpi,Verona",M S,21,1603,1,0.537486475892365,3,1.8340479275211687,12,22,7,0,1,0.537486475892365,1.895870314911008,1.5261201411485672
