,id,player_name,team_title,position,games,time,goals,xG,assists,xA,shots,key_passes,yellow_cards,red_cards,npg,npxG,xGChain,xGBuildup
13771,1101,Luca Rigoni,Palermo,M,31,2704,9,5.997137866914272,1,1.8997528227046128,30,23,11,0,9,5.997137866914272,10.247754727490246,4.148251068778336
13772,1101,Luca Rigoni,Genoa,F M S,31,2368,3,3.938862954266369,1,0.9708823263645172,28,13,13,0,3,3.938862954266369,7.7551043052226305,4.2742873057723045
13773,1101,Luca Rigoni,Genoa,M S,23,1594,2,4.7869780492037535,2,1.6667657475918531,20,13,5,0,2,4.7869780492037535,6.988264057785273,2.873225251212716
13774,1101,Luca Rigoni,"Genoa,Palermo",M S,28,1885,4,5.486748021095991,0,2.5179842012003064,34,21,4,1,4,5.486748021095991,8.780944677069783,3.0070932134985924
13775,1101,Luca Rigoni,Parma Calcio 1913,M S,23,1774,2,3.114809229038656,1,0.613574686460197,16,10,5,0,2,3.114809229038656,3.328558364883065,1.6156169399619102
