,id,player_name,team_title,position,games,time,goals,xG,assists,xA,shots,key_passes,yellow_cards,red_cards,npg,npxG,xGChain,xGBuildup
13780,1180,Luca Rossettini,Cagliari,D,32,2837,3,2.939154610037804,3,3.856693059206009,20,11,12,0,3,2.939154610037804,6.249134724959731,5.162736436352134
13781,1180,Luca Rossettini,Lecce,D S,26,2265,0,0.1377469021826982,2,0.9569102674722672,4,4,5,0,0,0.1377469021826982,3.565648049116134,3.240526892244816
13782,1180,Luca Rossettini,Chievo,D S,21,1822,0,0.2719970904290676,0,0.0940595269203186,4,1,5,0,0,0.2719970904290676,2.7017241530120373,2.7017241530120373
13783,1180,Luca Rossettini,Torino,D S,30,2653,1,1.982325907796621,0,0.0818879585713148,12,3,8,0,1,1.982325907796621,5.0283735720440745,4.946485637687147
13784,1180,Luca Rossettini,Genoa,D S,23,2027,0,0.6498428313061595,0,0.1168139679357409,11,3,7,0,0,0.6498428313061595,3.302607042714953,3.225671550258994
13785,1180,Luca Rossettini,Bologna,D S,29,2542,3,3.022103574126959,1,0.8613879196345806,14,10,5,0,3,3.022103574126959,2.38160877302289,2.2610822692513466
