,id,player_name,team_title,position,games,time,goals,xG,assists,xA,shots,key_passes,yellow_cards,red_cards,npg,npxG,xGChain,xGBuildup
13714,3,Luca Caldirola,Benevento,D S,25,1560,2,0.5324269495904446,0,0.1576358098536729,7,6,3,1,2,0.5324269495904446,2.15018835105002,2.036787203513086
13715,3,Luca Caldirola,Werder Bremen,D S,7,470,1,0.432699590921402,0,0.0606867261230945,1,1,2,1,1,0.432699590921402,0.5550532136112452,0.1223536226898431
13716,3,Luca Caldirola,Darmstadt,D,34,3060,0,2.5274624628946185,1,1.320658976212144,15,8,4,0,0,2.5274624628946185,1.9972496051341293,1.3167492393404243
13717,3,Luca Caldirola,Werder Bremen,D,5,413,0,0.0519768521189689,0,0.0,2,0,1,0,0,0.0519768521189689,0.8035613372921944,0.7859238609671593
13718,3,Luca Caldirola,Werder Bremen,D,1,90,0,0.0,0,0.0,0,0,0,0,0,0.0,0.0,0.0
