,id,player_name,team_title,position,games,time,goals,xG,assists,xA,shots,key_passes,yellow_cards,red_cards,npg,npxG,xGChain,xGBuildup
13902,7514,Lucas Olaza,Celta Vigo,D,10,898,0,0.0,2,0.5657829325646162,0,7,2,0,0,0.0,2.2472422923892736,2.0641780346632004
13903,7514,Lucas Olaza,Celta Vigo,D,35,3148,1,0.8008359875530005,3,4.100371007807553,18,36,5,0,1,0.8008359875530005,8.23619643971324,5.541801469400525
13904,7514,Lucas Olaza,"Celta Vigo,Real Valladolid",D,32,2879,1,1.0358576150611043,3,4.199540257453919,22,29,8,0,1,1.0358576150611043,12.144514456391336,9.843419992364945
