,id,player_name,team_title,position,games,time,goals,xG,assists,xA,shots,key_passes,yellow_cards,red_cards,npg,npxG,xGChain,xGBuildup
13828,1333,Lucas Castro,Cagliari,M S,12,895,1,0.5138832600787282,3,2.4765516510233283,9,15,1,0,1,0.5138832600787282,3.637137490324676,1.1934639532119036
13829,1333,Lucas Castro,Chievo,M S,25,1991,3,3.7267152592539774,4,2.943037413060665,39,28,3,0,3,3.7267152592539774,7.72304954752326,3.1529194805771112
13830,1333,Lucas Castro,"Cagliari,SPAL 2013",M S,22,1025,2,1.445868732407689,0,1.178795444779098,24,16,2,0,2,1.445868732407689,3.5612648436799645,1.6070829583331945
13831,1333,Lucas Castro,Chievo,M,33,2779,5,4.417582618072629,6,4.557387854903936,52,39,5,1,5,4.417582618072629,12.832495235837996,5.4596863752231
13832,1333,Lucas Castro,Chievo,M S,34,2791,3,3.613444771617651,1,3.268991916440428,45,30,9,0,3,3.613444771617651,8.61776558868587,4.985436802729964
