,id,player_name,team_title,position,games,time,goals,xG,assists,xA,shots,key_passes,yellow_cards,red_cards,npg,npxG,xGChain,xGBuildup
13769,6696,Luca Ranieri,Fiorentina,D S,3,233,0,0.0583583116531372,0,0.2408725023269653,3,5,0,1,0,0.0583583116531372,0.8099205270409584,0.5690480284392834
13770,6696,Luca Ranieri,Salernitana,D M S,15,1234,1,1.045050609856844,0,1.149532487615943,6,11,4,0,1,1.045050609856844,4.3404745645821095,2.264514774084091
