,id,player_name,team_title,position,games,time,goals,xG,assists,xA,shots,key_passes,yellow_cards,red_cards,npg,npxG,xGChain,xGBuildup
13764,4970,Luca Pellegrini,Genoa,D M S,11,642,0,0.1023795530200004,1,2.2238008715212345,5,8,2,0,0,0.1023795530200004,2.267124228179455,0.8205670192837715
13765,4970,Luca Pellegrini,Cagliari,D M S,24,1925,0,0.666807574685663,5,2.318151358515024,14,21,10,0,0,0.666807574685663,5.067570555955172,3.45139925647527
13766,4970,Luca Pellegrini,Juventus,D M S,7,389,0,0.0,1,0.5914937816560268,0,5,2,0,0,0.0,1.4395255632698536,0.8617899641394615
13767,4970,Luca Pellegrini,"Cagliari,Roma",D S,16,1102,0,0.0289536612108349,2,1.2467427253723145,2,11,4,1,0,0.0289536612108349,2.884914349764585,2.4712427854537964
