,id,player_name,team_title,position,games,time,goals,xG,assists,xA,shots,key_passes,yellow_cards,red_cards,npg,npxG,xGChain,xGBuildup
13912,7614,Lucas Perrin,Strasbourg,D S,14,1039,0,0.2672963887453079,0,0.3893267074599862,4,4,1,0,0,0.2672963887453079,4.821472018025816,4.481898324564099
13913,7614,Lucas Perrin,Marseille,D S,7,300,1,0.5621693693101406,0,0.0573954433202743,3,1,1,0,1,0.5621693693101406,0.8274448160082102,0.7700493726879358
13914,7614,Lucas Perrin,Marseille,D,4,360,0,0.5234931111335754,0,0.0,3,0,2,0,0,0.5234931111335754,1.0290070474147797,0.5701160132884979
