,id,player_name,team_title,position,games,time,goals,xG,assists,xA,shots,key_passes,yellow_cards,red_cards,npg,npxG,xGChain,xGBuildup
13915,4275,Lucas Piazon,Eintracht Frankfurt,F M S,22,1046,2,1.4780404567718506,0,2.431697255000472,10,20,3,0,2,1.4780404567718506,5.719160195440054,2.985392028465867
13916,4275,Lucas Piazon,Chievo,S,4,77,0,0.1624064147472381,0,0.0100649772211909,1,1,0,0,0,0.1624064147472381,0.0530809788033366,0.0430160015821456
