,id,player_name,team_title,position,games,time,goals,xG,assists,xA,shots,key_passes,yellow_cards,red_cards,npg,npxG,xGChain,xGBuildup
13796,3998,Luca Valzania,"Atalanta,Frosinone",M S,15,983,2,1.574247264303267,1,1.931026928126812,21,11,4,0,2,1.574247264303267,3.857128910720349,0.9717193469405174
13797,3998,Luca Valzania,Cesena,M,2,155,0,0.0643398575484752,0,0.0685663819313049,3,2,1,0,0,0.0643398575484752,0.3106380216777324,0.1932215839624405
