,id,player_name,team_title,position,games,time,goals,xG,assists,xA,shots,key_passes,yellow_cards,red_cards,npg,npxG,xGChain,xGBuildup
13863,6475,Lucas Höler,Freiburg,F M S,34,2502,8,9.118671707808971,2,2.4033966585993767,52,31,4,0,8,8.360975474119186,11.835267437621953,3.1390281300991774
13864,6475,Lucas Höler,Freiburg,F M,15,1258,4,4.891607947647572,1,2.723221231251955,32,16,1,0,4,4.891607947647572,8.019525907933712,2.3711639046669006
13865,6475,Lucas Höler,Freiburg,F M S,33,2100,4,8.568918896839023,4,2.53854997549206,44,21,5,0,4,8.568918896839023,12.476926220580935,3.4745118226856
13866,6475,Lucas Höler,Freiburg,F M S,14,928,1,2.106137275695801,0,0.1590252853929996,13,5,0,0,1,2.106137275695801,2.153290849179029,0.7017466351389885
13867,6475,Lucas Höler,Freiburg,F M S,26,1003,4,4.337980585172772,0,0.4694011025130749,26,9,0,0,4,4.337980585172772,4.671011442318559,0.653999550268054
