,id,player_name,team_title,position,games,time,goals,xG,assists,xA,shots,key_passes,yellow_cards,red_cards,npg,npxG,xGChain,xGBuildup
13812,4694,Lucas Barrios,Montpellier,F S,31,2313,11,9.533604423049836,3,3.2381259724497795,46,23,0,0,9,6.493223855737597,12.349557053297758,3.3974849302321672
13813,4694,Lucas Barrios,Spartak Moscow,S,1,8,1,0.93565034866333,0,0.0,1,0,1,0,1,0.93565034866333,0.0,0.0
