,id,player_name,team_title,position,games,time,goals,xG,assists,xA,shots,key_passes,yellow_cards,red_cards,npg,npxG,xGChain,xGBuildup
13960,2274,Luciano Vietto,Atletico Madrid,F S,19,984,1,3.3160819858312607,3,2.744446912780404,25,14,3,0,1,3.3160819858312607,7.420578377321362,2.498324504122138
13961,2274,Luciano Vietto,Sevilla,F S,21,1314,6,5.301371220499277,3,3.066623032093048,31,16,3,0,6,5.301371220499277,8.65375842526555,2.213658324442804
13962,2274,Luciano Vietto,Fulham,F M S,20,975,1,2.8408027347177267,4,2.4374760249629617,24,22,1,0,1,2.8408027347177267,8.292682817205787,3.3229366205632687
13963,2274,Luciano Vietto,"Atletico Madrid,Valencia",F S,20,790,2,1.7277363818138838,1,1.599652536213398,13,15,2,0,2,1.7277363818138838,4.1001625545322895,1.6515394654124975
13964,2274,Luciano Vietto,Villarreal,F S,32,1886,12,11.41036382317543,2,2.559807416051626,78,23,5,0,12,11.41036382317543,16.552209248766303,4.973202749621123
