,id,player_name,team_title,position,games,time,goals,xG,assists,xA,shots,key_passes,yellow_cards,red_cards,npg,npxG,xGChain,xGBuildup
13965,8165,Lucien Agoume,Spezia,M S,12,799,0,0.105689663439989,0,0.1013585738837719,2,2,2,0,0,0.105689663439989,1.4813133031129837,1.3267131000757215
13966,8165,Lucien Agoume,Inter,S,3,58,0,0.0,0,0.1026782914996147,0,1,1,0,0,0.0,0.7498413845896721,0.6471630930900574
13967,8165,Lucien Agoume,Brest,M S,12,801,0,0.3273717910051346,0,0.831866942346096,6,7,2,0,0,0.3273717910051346,1.741860993206501,1.5044379457831385
