,id,player_name,team_title,position,games,time,goals,xG,assists,xA,shots,key_passes,yellow_cards,red_cards,npg,npxG,xGChain,xGBuildup
13957,5554,Luciano Narsingh,Swansea,F S,13,400,0,0.1758510917425155,3,0.6974842622876167,2,7,0,0,0,0.1758510917425155,1.5234710276126862,0.7816400416195393
13958,5554,Luciano Narsingh,Swansea,F S,18,607,1,1.1216856576502323,0,0.9455571677535772,9,10,0,0,1,1.1216856576502323,2.355178378522396,1.061137855052948
