,id,player_name,team_title,position,games,time,goals,xG,assists,xA,shots,key_passes,yellow_cards,red_cards,npg,npxG,xGChain,xGBuildup
14055,2500,Luisinho,Deportivo La Coruna,D M S,26,1908,0,0.4115870185196399,2,1.1455675214529035,12,12,6,0,0,0.4115870185196399,2.72128756903112,1.4659049697220323
14056,2500,Luisinho,SD Huesca,D S,5,175,0,0.0106179397553205,0,0.0739191472530365,1,1,1,0,0,0.0106179397553205,0.2344489600509405,0.1499118767678737
14057,2500,Luisinho,Deportivo La Coruna,D S,30,2622,1,0.403957650065422,1,2.188492726534605,16,18,12,0,1,0.403957650065422,6.557681321166456,4.928552170284092
14058,2500,Luisinho,Deportivo La Coruna,D M S,35,2993,0,0.2300322260707616,1,2.303035045042634,9,21,10,1,0,0.2300322260707616,4.4910864271223545,2.7966452091932297
14059,2500,Luisinho,SD Huesca,D S,7,512,0,0.0693660527467727,0,0.5743993297219276,3,3,4,0,0,0.0693660527467727,1.026081534102559,0.4002102706581354
14060,2500,Luisinho,Deportivo La Coruna,D M S,20,1088,0,0.3001557439565658,0,0.5975393541157246,8,5,5,1,0,0.3001557439565658,3.604289287701249,2.7885794192552567
