,id,player_name,team_title,position,games,time,goals,xG,assists,xA,shots,key_passes,yellow_cards,red_cards,npg,npxG,xGChain,xGBuildup
14025,8725,Luis Milla,Granada,M S,11,864,1,0.8673385046422482,2,0.529466986656189,5,10,1,0,0,0.124060895293951,1.331556772813201,1.110494963824749
14026,8725,Luis Milla,Granada,M S,16,1266,1,0.5871904287487268,1,2.580032631754875,10,17,1,0,1,0.5871904287487268,2.103717438876629,1.0486405957490206
