,id,player_name,team_title,position,games,time,goals,xG,assists,xA,shots,key_passes,yellow_cards,red_cards,npg,npxG,xGChain,xGBuildup
14006,1219,Luis Alberto,Malaga,M S,15,572,2,2.305773863568902,1,0.8801655378192663,19,16,1,0,2,1.56249619461596,1.533396964892745,0.3431383445858955
14007,1219,Luis Alberto,Deportivo La Coruna,F M S,29,2110,6,7.40366992354393,7,4.7290908712893724,80,32,3,0,6,7.40366992354393,13.30167310871184,2.936416018754244
14008,1219,Luis Alberto,Lazio,F M,36,3131,6,7.025783577933908,15,10.833037413656712,99,106,5,0,5,6.264484779909253,21.28823015093804,10.857128132134676
14009,1219,Luis Alberto,Lazio,F M S,27,2018,4,4.027842650189996,5,5.985769006423652,68,77,5,1,3,3.266543800011277,12.733088620007038,8.11641338095069
14010,1219,Luis Alberto,Lazio,F M S,9,362,1,0.4239709712564945,2,1.0474748685956,12,18,0,0,1,0.4239709712564945,1.1899239793419838,0.4153989553451538
14011,1219,Luis Alberto,Lazio,M S,15,1054,2,1.0667956061661243,4,2.219795013777912,20,21,3,0,2,1.0667956061661243,5.593314982950687,4.187106611207128
14012,1219,Luis Alberto,Lazio,M S,34,2663,9,5.5373052498325706,2,6.699443064630032,69,80,5,0,9,5.5373052498325706,18.11697393655777,8.427640976384282
14013,1219,Luis Alberto,Lazio,F M S,34,2688,11,7.415717927739024,14,10.925710506737232,80,87,5,0,10,5.893120309337974,18.8960938025266,9.985808063298464
