,id,player_name,team_title,position,games,time,goals,xG,assists,xA,shots,key_passes,yellow_cards,red_cards,npg,npxG,xGChain,xGBuildup
14073,6177,Luiz Felipe,Lazio,D S,14,911,0,0.156601145863533,0,0.4233523327857256,4,3,5,0,0,0.156601145863533,2.801658559590578,2.409346679225564
14074,6177,Luiz Felipe,Lazio,D S,17,1294,1,0.3686037743464112,1,0.7035873048007488,8,4,4,0,1,0.3686037743464112,2.096606235951185,2.03560096770525
14075,6177,Luiz Felipe,Lazio,D S,18,1155,0,0.5127236843109131,0,0.0581902451813221,2,1,6,0,0,0.5127236843109131,5.109657353721559,5.109657353721559
14076,6177,Luiz Felipe,Lazio,D,14,1230,0,0.0762926656752824,0,0.1284241266548633,2,2,5,1,0,0.0762926656752824,3.0030817333608866,2.8746575992554426
14077,6177,Luiz Felipe,Lazio,D S,26,2026,1,0.531046986579895,1,0.4858948867768049,8,4,6,0,1,0.531046986579895,6.169889103621244,5.678064752370119
