,id,player_name,team_title,position,games,time,goals,xG,assists,xA,shots,key_passes,yellow_cards,red_cards,npg,npxG,xGChain,xGBuildup
14085,3813,Luka Djordjevic,Arsenal Tula,F,23,1934,7,6.523629928007722,4,3.640023120678961,51,26,6,0,7,6.523629928007722,10.328541815280914,1.0928850136697292
14086,3813,Luka Djordjevic,Sampdoria,F S,3,94,0,0.543914258480072,0,0.4053882956504822,3,2,0,0,0,0.543914258480072,0.8683237433433533,0.3533235788345337
14087,3813,Luka Djordjevic,Zenit St. Petersburg,F S,10,274,1,0.922701159492135,1,0.9170866776257752,11,4,2,0,1,0.922701159492135,2.264729989692569,0.4249420948326587
14088,3813,Luka Djordjevic,Arsenal Tula,F M S,22,1643,7,7.551826408132911,0,1.705492539331317,50,19,2,0,7,6.797551114112139,8.836965444497764,2.6051329504698515
14089,3813,Luka Djordjevic,Arsenal Tula,F S,14,842,2,1.8735621273517609,0,0.4363788040354848,16,8,4,0,2,1.8735621273517609,2.6546453684568405,0.4766755029559135
14090,3813,Luka Djordjevic,Lokomotiv Moscow,F S,4,75,0,0.7610766887664795,1,0.108448751270771,1,1,0,0,0,0.7610766887664795,0.8695254400372505,0.0
