,id,player_name,team_title,position,games,time,goals,xG,assists,xA,shots,key_passes,yellow_cards,red_cards,npg,npxG,xGChain,xGBuildup
14123,242,Lukas Hinterseer,Ingolstadt,F S,28,1721,6,5.191209444776177,0,0.939489190466702,30,14,3,0,5,4.433432767167687,5.535970297642052,1.3609116589650512
14124,242,Lukas Hinterseer,Ingolstadt,F M S,28,942,3,3.944002196192741,1,1.870581523515284,20,13,2,0,1,2.42844881862402,4.161612501367927,1.2202111519873142
