,id,player_name,team_title,position,games,time,goals,xG,assists,xA,shots,key_passes,yellow_cards,red_cards,npg,npxG,xGChain,xGBuildup
14184,310,Lukasz Piszczek,Borussia Dortmund,D,24,2141,0,0.8720737555995584,3,2.8346481062471867,20,18,3,0,0,0.8720737555995584,13.321453880518677,11.979963790625334
14185,310,Lukasz Piszczek,Borussia Dortmund,D S,20,1513,0,0.3331488948315382,3,3.74099307321012,13,21,3,0,0,0.3331488948315382,13.241723684594035,10.3850285615772
14186,310,Lukasz Piszczek,Borussia Dortmund,D S,29,2112,1,0.3422869332134723,3,2.29825721308589,8,14,3,0,1,0.3422869332134723,13.673876299522815,12.737801774404945
14187,310,Lukasz Piszczek,Borussia Dortmund,D S,11,444,0,0.0339098945260047,0,0.1879693269729614,1,3,0,0,0,0.0339098945260047,3.71789550036192,3.541498713195324
14188,310,Lukasz Piszczek,Borussia Dortmund,D S,22,1652,0,0.9348000064492226,1,1.4224047316238284,12,16,4,0,0,0.9348000064492226,6.482338234782219,4.76804312504828
14189,310,Lukasz Piszczek,Borussia Dortmund,D,20,1764,1,0.5159248225390911,6,3.0280609084293246,12,21,3,0,1,0.5159248225390911,9.902747083455324,8.08453363366425
14190,310,Lukasz Piszczek,Borussia Dortmund,D M S,25,2033,5,2.6324565624818206,1,2.1495317947119474,19,18,1,0,5,2.6324565624818206,12.804802350699902,10.118609257042408
