,id,player_name,team_title,position,games,time,goals,xG,assists,xA,shots,key_passes,yellow_cards,red_cards,npg,npxG,xGChain,xGBuildup
14098,1242,Luka Krajnc,Frosinone,D,9,792,0,0.1359422877430915,0,0.0812894701957702,3,1,3,0,0,0.1359422877430915,1.920048477128148,1.8387589994817968
14099,1242,Luka Krajnc,Cesena,D S,22,1825,0,0.2337082661688327,1,1.0674652121961117,4,5,3,0,0,0.2337082661688327,0.7430088855326176,0.7106406800448895
