,id,player_name,team_title,position,games,time,goals,xG,assists,xA,shots,key_passes,yellow_cards,red_cards,npg,npxG,xGChain,xGBuildup
14135,5358,Lukas Klostermann,RasenBallsport Leipzig,D S,26,2200,1,1.045294627547264,0,1.60145625192672,11,15,2,0,1,1.045294627547264,5.779499426484108,3.577521398663521
14136,5358,Lukas Klostermann,RasenBallsport Leipzig,D M,31,2655,3,3.48921306617558,1,3.3518055705353618,12,16,1,0,3,3.48921306617558,13.82010542601347,10.806204656139016
14137,5358,Lukas Klostermann,RasenBallsport Leipzig,D,1,90,0,0.0197099242359399,0,0.0,1,0,1,0,0,0.0197099242359399,0.0197099242359399,0.0
14138,5358,Lukas Klostermann,RasenBallsport Leipzig,D M S,26,1995,5,2.034454103559256,1,1.985150903463364,13,20,1,0,5,2.034454103559256,7.231759320944548,3.802194837480784
14139,5358,Lukas Klostermann,RasenBallsport Leipzig,D S,23,1440,1,1.0159587366506455,0,0.7593967281281948,12,5,2,0,1,1.0159587366506455,7.435064043849707,7.249282669275999
14140,5358,Lukas Klostermann,RasenBallsport Leipzig,D S,10,786,0,0.2274930290877819,1,0.5810261368751526,3,4,1,0,0,0.2274930290877819,2.181078726425767,1.6777890343219042
