,id,player_name,team_title,position,games,time,goals,xG,assists,xA,shots,key_passes,yellow_cards,red_cards,npg,npxG,xGChain,xGBuildup
14165,3871,Lukas Podolski,Inter,F M S,17,823,1,1.973280919715762,1,2.042531518265605,27,15,2,0,1,1.973280919715762,6.045710873790085,3.3783726608380675
14166,3871,Lukas Podolski,Arsenal,S,7,83,0,0.9136217646300792,0,0.3546023815870285,9,2,0,0,0,0.9136217646300792,0.5932805873453617,0.1195431388914585
