,id,player_name,team_title,position,games,time,goals,xG,assists,xA,shots,key_passes,yellow_cards,red_cards,npg,npxG,xGChain,xGBuildup
14204,8716,Luke Ayling,Leeds,D M,38,3400,0,1.4397504469379785,0,2.9888541754335165,24,26,7,0,0,1.4397504469379785,14.196261551231146,11.8843642459251
14205,8716,Luke Ayling,Leeds,D M,7,630,1,0.3074767850339412,1,0.5823933938518167,7,2,0,0,1,0.3074767850339412,1.2123248875141144,1.0957446414977312
