,id,player_name,team_title,position,games,time,goals,xG,assists,xA,shots,key_passes,yellow_cards,red_cards,npg,npxG,xGChain,xGBuildup
14237,6252,Lyanco,Torino,D S,17,1193,0,0.1939462013542652,0,0.2315504252910614,5,1,5,0,0,0.1939462013542652,1.73720296099782,1.3356881812214851
14238,6252,Lyanco,"Bologna,Torino",D S,15,1215,1,0.3947580978274345,0,0.3519626911729574,8,3,2,1,1,0.3947580978274345,2.7047676239162683,2.6269763819873333
14239,6252,Lyanco,Southampton,D S,7,251,0,0.0366269946098327,0,0.1741071790456771,1,3,0,0,0,0.0366269946098327,0.6894225627183914,0.6572319120168686
14240,6252,Lyanco,Torino,D,4,321,0,0.0781217059120535,0,0.0,2,0,0,0,0,0.0781217059120535,0.2511044032871723,0.242568988353014
14241,6252,Lyanco,Torino,D S,23,1954,0,1.5229800208471715,0,0.3598373159766197,12,4,8,0,0,1.5229800208471715,5.267021845560521,4.748613961040974
