,id,player_name,team_title,position,games,time,goals,xG,assists,xA,shots,key_passes,yellow_cards,red_cards,npg,npxG,xGChain,xGBuildup
14246,1748,Lys Mousset,Bournemouth,F S,24,308,1,1.5274576433002949,0,0.2928338311612606,12,4,1,0,1,1.5274576433002949,2.117037557065487,0.6616333052515984
14247,1748,Lys Mousset,Bournemouth,F S,11,254,0,1.523589225485921,0,0.0885770367458462,10,3,0,0,0,1.523589225485921,2.513379284180701,1.0303754806518557
14248,1748,Lys Mousset,Bournemouth,F M S,23,569,2,1.1464900393038988,0,1.106688562780619,22,4,1,0,2,1.1464900393038988,1.8265794273465872,0.7021866571158171
14249,1748,Lys Mousset,Sheffield United,F S,30,1220,6,6.072983540594578,4,3.612106991931796,37,12,1,0,6,6.072983540594578,9.62127878330648,2.463755715638399
14250,1748,Lys Mousset,Sheffield United,F S,11,284,0,0.8426320925354958,0,0.4371888861060142,4,3,0,0,0,0.8426320925354958,1.540307693183422,0.2604867666959762
