,id,player_name,team_title,position,games,time,goals,xG,assists,xA,shots,key_passes,yellow_cards,red_cards,npg,npxG,xGChain,xGBuildup
14262,3412,Léo Dubois,Lyon,D M S,25,2048,1,0.9943912252783776,6,4.529638655483723,18,26,2,0,1,0.9943912252783776,12.71718392893672,8.86531613394618
14263,3412,Léo Dubois,Lyon,D M S,37,2939,2,1.077470574527979,4,6.283730663359165,20,68,3,0,2,1.077470574527979,18.47382994741201,15.005935022607446
14264,3412,Léo Dubois,Nantes,D S,24,1982,0,0.5440951669588685,0,1.1164389438927174,11,19,3,0,0,0.5440951669588685,4.260618176311255,3.1590622756630182
14265,3412,Léo Dubois,Nantes,D S,36,3137,0,1.2532123681157827,7,4.486750138923526,27,38,2,0,0,1.2532123681157827,8.637073343619704,4.296372834593058
14266,3412,Léo Dubois,Nantes,D S,2,89,0,0.0,0,0.1176250502467155,0,2,0,0,0,0.0,0.1944665312767028,0.1342806071043014
14267,3412,Léo Dubois,Nantes,D M,34,3027,3,1.9624037193134427,4,5.463109809905291,45,57,5,0,3,1.9624037193134427,9.137507004663348,4.876656643580645
14268,3412,Léo Dubois,Lyon,D M S,16,1348,0,0.1348438579589128,0,1.1476657474413514,5,13,3,0,0,0.1348438579589128,3.5092210099101067,2.612421864643693
14269,3412,Léo Dubois,Lyon,D S,12,919,0,0.068070076406002,0,0.6524855718016624,3,8,2,0,0,0.068070076406002,2.92199432104826,2.7471785098314285
