,id,player_name,team_title,position,games,time,goals,xG,assists,xA,shots,key_passes,yellow_cards,red_cards,npg,npxG,xGChain,xGBuildup
14312,5532,Magomed Elmurzaev,Anzhi Makhachkala,S,3,19,0,0.042209155857563,0,0.0618363097310066,1,1,0,0,0,0.042209155857563,0.1040454655885696,0.0
14313,5532,Magomed Elmurzaev,Anzhi Makhachkala,D S,4,136,0,0.0932768434286117,0,0.0,1,0,1,0,0,0.0932768434286117,0.7391903400421143,0.6459135413169861
