,id,player_name,team_title,position,games,time,goals,xG,assists,xA,shots,key_passes,yellow_cards,red_cards,npg,npxG,xGChain,xGBuildup
14351,205,Mahmoud Dahoud,Borussia Dortmund,M,9,702,0,0.3215793035924434,0,1.5945877991616726,8,13,2,1,0,0.3215793035924434,5.998973665758967,4.565919561311603
14352,205,Mahmoud Dahoud,Borussia M.Gladbach,M S,28,2286,2,2.34135646186769,6,4.402352213859558,44,29,3,0,2,2.34135646186769,14.505005629733205,9.996672524139283
14353,205,Mahmoud Dahoud,Borussia Dortmund,M S,14,683,1,1.3133121747523546,0,0.8961174413561821,11,8,2,0,1,1.3133121747523546,5.730368226766586,3.64614394120872
14354,205,Mahmoud Dahoud,Borussia Dortmund,M S,12,556,0,0.9311557747423648,1,0.8663267754018307,12,8,1,0,0,0.9311557747423648,3.3808877654373646,2.413254596292973
14355,205,Mahmoud Dahoud,Borussia M.Gladbach,S,1,1,0,0.0,0,0.0,0,0,0,0,0,0.0,0.0,0.0
14356,205,Mahmoud Dahoud,Borussia Dortmund,M S,21,1267,1,0.5515011437237263,1,1.290791081264615,16,11,3,0,1,0.5515011437237263,9.184467397630216,7.81013778783381
14357,205,Mahmoud Dahoud,Borussia M.Gladbach,M S,32,2089,5,2.818859110586345,8,4.181591151282191,39,31,4,0,5,2.818859110586345,13.978135902434587,7.945748968049884
14358,205,Mahmoud Dahoud,Borussia Dortmund,M S,23,1120,0,1.9200193975120785,4,4.645975286141038,26,23,4,0,0,1.9200193975120785,12.480250414460896,6.504587635397911
