,id,player_name,team_title,position,games,time,goals,xG,assists,xA,shots,key_passes,yellow_cards,red_cards,npg,npxG,xGChain,xGBuildup
14361,3121,Maicón,Lokomotiv Moscow,F M S,24,1446,5,4.521982146427035,1,1.983709754422307,32,17,3,0,4,3.7677083145827055,7.726778514683247,2.895187262445688
14362,3121,Maicón,Lokomotiv Moscow,M S,14,437,3,2.2017107401043177,1,0.4645223207771778,15,9,3,0,3,1.447435402311385,2.651313811540604,1.0703412927687168
14363,3121,Maicón,Lokomotiv Moscow,F M S,24,1186,0,1.5550349690020084,1,1.9084947491064668,20,14,5,0,0,1.5550349690020084,4.50431926175952,1.6450066529214382
