,id,player_name,team_title,position,games,time,goals,xG,assists,xA,shots,key_passes,yellow_cards,red_cards,npg,npxG,xGChain,xGBuildup
14364,3461,Majeed Waris,Spartak Moscow,F S,4,167,0,0.1553141698241233,0,0.0243258569389581,2,1,0,0,0,0.1553141698241233,0.116933062672615,0.0700095295906066
14365,3461,Majeed Waris,Lorient,F S,21,1659,11,9.397260405123234,3,1.9309384021908045,55,20,1,1,9,7.877070136368275,11.071755014359953,2.965995445847512
14366,3461,Majeed Waris,Strasbourg,F M S,15,540,1,1.8654381120577448,0,0.0705281943082809,9,1,0,0,0,1.105342955328524,1.1255366057157516,0.0093233464285731
14367,3461,Majeed Waris,Strasbourg,F M S,7,372,2,1.3207960594445467,1,0.619460329413414,6,5,1,0,2,1.3207960594445467,2.838206008076668,1.6264557242393494
14368,3461,Majeed Waris,Nantes,F M S,33,2269,5,5.392245352268219,3,2.5892539341002703,40,25,3,0,4,4.632150217890739,8.854780421592295,3.179486430250108
14369,3461,Majeed Waris,Strasbourg,M S,10,179,0,0.4307104051113128,0,0.609854631125927,5,3,1,0,0,0.4307104051113128,1.359746865928173,0.3378512784838676
14370,3461,Majeed Waris,Lorient,F M S,35,2839,9,11.802635362371802,5,4.03849115408957,79,28,5,0,8,9.522349996492268,16.786057306453586,5.407948020845652
