,id,player_name,team_title,position,games,time,goals,xG,assists,xA,shots,key_passes,yellow_cards,red_cards,npg,npxG,xGChain,xGBuildup
14372,282,Makoto Hasebe,Eintracht Frankfurt,D M S,23,1967,0,0.0,0,0.3459344748407602,0,9,3,0,0,0.0,7.357063526287675,7.225837118923664
14373,282,Makoto Hasebe,Eintracht Frankfurt,M,33,2857,0,0.0642328653484582,2,1.7586571536958218,3,26,6,0,0,0.0642328653484582,7.359620869159698,6.47342724353075
14374,282,Makoto Hasebe,Eintracht Frankfurt,D M,28,2520,0,0.0621421234682202,0,0.6329771066084504,2,7,4,0,0,0.0621421234682202,5.292461652308703,4.597342421300709
14375,282,Makoto Hasebe,Eintracht Frankfurt,D M S,22,1890,1,1.7415451612323525,1,1.0709022749215364,8,15,2,0,0,0.225991828367114,5.674556873738766,4.95583082549274
14376,282,Makoto Hasebe,Eintracht Frankfurt,D M S,29,2297,0,0.0979869943112135,0,0.2315134909003973,2,6,5,0,0,0.0979869943112135,9.711281530559065,9.38178103417158
14377,282,Makoto Hasebe,Eintracht Frankfurt,D M S,32,2676,1,0.1388472998514771,2,2.577510653063655,7,29,9,0,1,0.1388472998514771,5.909336067736149,3.9715746976435184
14378,282,Makoto Hasebe,Eintracht Frankfurt,D M S,24,2089,0,0.0798876211047172,0,0.1013317350298166,2,4,3,1,0,0.0798876211047172,4.88341848179698,4.740530520677567
14379,282,Makoto Hasebe,Eintracht Frankfurt,D M S,7,528,0,0.0,0,0.0426017940044403,0,1,0,0,0,0.0,1.5488807410001757,1.5488807410001757
