,id,player_name,team_title,position,games,time,goals,xG,assists,xA,shots,key_passes,yellow_cards,red_cards,npg,npxG,xGChain,xGBuildup
14391,4604,Maksim Bordachev,"FC Orenburg,Tom Tomsk",D,11,990,0,0.2357421480119228,2,0.6914474964141846,4,7,1,0,0,0.2357421480119228,1.476006867364049,0.9095613192766904
14392,4604,Maksim Bordachev,FC Rostov,D M S,19,1502,0,0.2334627471864223,0,0.2004627715796232,3,4,5,0,0,0.2334627471864223,1.8143512923270464,1.6242658328264952
