,id,player_name,team_title,position,games,time,goals,xG,assists,xA,shots,key_passes,yellow_cards,red_cards,npg,npxG,xGChain,xGBuildup
14447,3262,Malcom,Bordeaux,F M S,35,2881,12,8.719054065644741,7,9.64098390378058,75,87,2,0,10,6.43876863270998,19.38125843741,10.258708549663424
14448,3262,Malcom,Bordeaux,F M S,37,2749,7,6.8045259565114975,4,5.195939343422651,67,51,2,0,7,6.044430792331696,12.898421960882844,5.22419800516218
14449,3262,Malcom,Zenit St. Petersburg,F M S,21,1645,3,4.2969986237585545,3,4.651069538667798,64,44,2,0,3,4.2969986237585545,14.674901507794855,8.835158752277493
14450,3262,Malcom,Zenit St. Petersburg,F M S,13,941,3,3.405097020789981,6,4.776096828281879,39,40,1,0,3,3.405097020789981,12.10323566198349,6.816422834992409
14451,3262,Malcom,Bordeaux,F M S,12,530,1,0.9645013362169266,1,1.829779272899032,10,10,0,0,1,0.9645013362169266,2.3461450207978487,0.3367883958853781
14452,3262,Malcom,Zenit St. Petersburg,F M S,12,828,4,3.883712276816368,1,2.087646539323032,27,25,0,0,4,3.883712276816368,7.60642397403717,2.797396272420883
14453,3262,Malcom,Barcelona,F M S,15,603,1,1.884870111942292,2,1.66761068161577,11,13,0,0,1,1.884870111942292,5.358553718775511,2.1640744805336
