,id,player_name,team_title,position,games,time,goals,xG,assists,xA,shots,key_passes,yellow_cards,red_cards,npg,npxG,xGChain,xGBuildup
14476,485,Mamadou Sakho,Montpellier,D,14,1256,0,0.0,0,0.0258354488760232,0,1,2,0,0,0.0,1.7949885074049234,1.7691530603915453
14477,485,Mamadou Sakho,Liverpool,D S,22,1856,1,0.8336911760270596,0,0.071453858166933,6,4,1,0,1,0.8336911760270596,3.4503712076693773,3.4237607810646296
14478,485,Mamadou Sakho,Crystal Palace,D S,19,1598,1,1.4854774698615074,2,1.0133862495422363,3,2,1,0,1,1.4854774698615074,3.2793321534991264,2.2659458592534065
14479,485,Mamadou Sakho,Crystal Palace,D,27,2418,0,0.8266514092683792,0,0.1948235081508755,4,6,2,0,0,0.8266514092683792,5.196555461734533,5.178611315786839
14480,485,Mamadou Sakho,Crystal Palace,D S,4,274,0,0.0188349187374115,0,0.0,1,0,0,0,0,0.0188349187374115,0.5140529274940491,0.5140529274940491
14481,485,Mamadou Sakho,Crystal Palace,D S,14,928,0,0.0,0,0.0295728351920843,0,1,1,1,0,0.0,1.738452710211277,1.7088798731565475
14482,485,Mamadou Sakho,Crystal Palace,D,8,688,0,0.135858092457056,0,0.2737868167459965,2,4,0,0,0,0.135858092457056,1.615465166978538,1.5743998540565372
14483,485,Mamadou Sakho,Liverpool,D S,16,1419,0,0.1116890665143728,0,0.1159198051318526,2,5,1,0,0,0.1116890665143728,4.231289123184979,4.145990308374167
