,id,player_name,team_title,position,games,time,goals,xG,assists,xA,shots,key_passes,yellow_cards,red_cards,npg,npxG,xGChain,xGBuildup
14610,1318,Manuel Pucciarelli,Empoli,F S,38,3033,6,6.813966544345021,3,3.7011773996055126,56,44,2,0,6,6.813966544345021,12.14799009822309,3.9745408417657018
14611,1318,Manuel Pucciarelli,Chievo,F S,22,1390,2,2.1179346218705177,0,0.6476075034588575,26,16,3,0,2,2.1179346218705177,3.055021785199642,0.7703677620738745
14612,1318,Manuel Pucciarelli,Empoli,F S,34,2275,5,8.530193481594324,2,2.220867021009326,50,29,2,0,5,8.530193481594324,11.188450231216848,2.524867362342775
14613,1318,Manuel Pucciarelli,Empoli,F M S,32,2298,3,5.283019561320543,1,1.6944526061415672,39,15,2,0,2,3.76042184792459,6.649377144873142,2.544384118169546
14614,1318,Manuel Pucciarelli,Chievo,F S,10,291,0,0.0215594489127397,0,0.0111404415220022,1,1,1,0,0,0.0215594489127397,0.4771089451387524,0.4444090602919459
