,id,player_name,team_title,position,games,time,goals,xG,assists,xA,shots,key_passes,yellow_cards,red_cards,npg,npxG,xGChain,xGBuildup
14530,2301,Manu Trigueros,Villarreal,M S,31,2119,2,1.1663357624784112,1,0.9497251473367214,28,16,5,0,2,1.1663357624784112,8.015146540477872,6.427016766741872
14531,2301,Manu Trigueros,Villarreal,F M S,35,2558,1,2.225357067771256,6,4.772482514381409,30,34,6,1,1,2.225357067771256,16.826004434376955,11.419214013963938
14532,2301,Manu Trigueros,Villarreal,M S,34,2721,3,2.8056843942031264,4,3.517186850309372,28,43,9,1,2,1.3195145418867469,14.649349993094802,11.352454446721822
14533,2301,Manu Trigueros,Villarreal,M S,24,1547,0,1.0221165241673589,0,1.858679361641407,18,18,3,0,0,1.0221165241673589,7.542649840936065,5.869130777195096
14534,2301,Manu Trigueros,Villarreal,M S,37,3051,5,2.8287196792662144,1,3.4479267951101065,46,43,4,0,5,2.8287196792662144,13.079299569129944,8.479448990896344
14535,2301,Manu Trigueros,Villarreal,M S,29,1532,2,3.147053239867091,4,3.6415594462305294,26,32,6,0,1,2.40390351228416,10.15094643831253,5.400210835039616
14536,2301,Manu Trigueros,Villarreal,M S,33,2423,1,2.567545348778367,1,2.5628996193408966,38,42,9,0,1,2.567545348778367,10.112212961539626,7.565562646836042
14537,2301,Manu Trigueros,Villarreal,F M S,15,992,3,2.539718598127365,0,1.2180914916098118,20,10,1,0,3,2.539718598127365,5.463323786854744,3.023450948297977
