,id,player_name,team_title,position,games,time,goals,xG,assists,xA,shots,key_passes,yellow_cards,red_cards,npg,npxG,xGChain,xGBuildup
14565,1977,Manuel Iturra,Malaga,D M S,20,1585,0,0.4006094485521316,0,0.6600474361330271,2,7,6,0,0,0.4006094485521316,4.4247658662498,3.7937072180211535
14566,1977,Manuel Iturra,Udinese,M S,17,1040,0,0.5550435595214367,1,0.653440810739994,4,5,8,0,0,0.5550435595214367,2.8827453330159187,1.6991592571139336
14567,1977,Manuel Iturra,Villarreal,M S,3,72,0,0.0,0,0.0,0,0,1,0,0,0.0,0.0850156396627426,0.0850156396627426
14568,1977,Manuel Iturra,Rayo Vallecano,M S,6,384,0,0.0,0,0.0295778717845678,0,2,2,1,0,0.0,0.8503209669142962,0.8207430951297283
14569,1977,Manuel Iturra,Granada,M S,30,2364,0,1.0484062880277634,1,0.9597722366452216,11,12,6,0,0,1.0484062880277634,4.51642962731421,3.953648617491126
