,id,player_name,team_title,position,games,time,goals,xG,assists,xA,shots,key_passes,yellow_cards,red_cards,npg,npxG,xGChain,xGBuildup
14538,7834,Manu Vallejo,Valencia,F M S,30,914,5,3.726255981251597,0,0.6798150036484003,19,7,2,0,5,3.726255981251597,5.246969671919942,1.9919272689148784
14539,7834,Manu Vallejo,Valencia,F M S,11,403,2,1.9359984993934631,0,0.6558038853108883,8,4,0,0,2,1.9359984993934631,3.139709491282701,0.6082691010087729
14540,7834,Manu Vallejo,Valencia,S,8,49,0,0.0527691170573234,0,0.1159968972206115,2,1,3,0,0,0.0527691170573234,0.7588348388671875,0.7060657143592834
