,id,player_name,team_title,position,games,time,goals,xG,assists,xA,shots,key_passes,yellow_cards,red_cards,npg,npxG,xGChain,xGBuildup
14691,945,Marc Wilson,Stoke,D S,27,2127,0,0.2635967517271638,0,0.2408034149557352,6,6,4,1,0,0.2635967517271638,2.258252792060375,2.0109073854982853
14692,945,Marc Wilson,Stoke,D S,4,257,0,0.0,0,0.0655407384037971,0,1,0,0,0,0.0,0.4531540274620056,0.387613296508789
14693,945,Marc Wilson,West Bromwich Albion,D S,4,258,0,0.0140891801565885,0,0.1204100996255874,1,2,3,0,0,0.0140891801565885,0.099403865635395,0.099403865635395
