,id,player_name,team_title,position,games,time,goals,xG,assists,xA,shots,key_passes,yellow_cards,red_cards,npg,npxG,xGChain,xGBuildup
14835,1405,Marco Borriello,Cagliari,F S,36,2605,16,8.682236978784204,1,2.325727296061814,81,24,4,0,15,7.159679232165217,11.108963285572829,3.750046148896217
14836,1405,Marco Borriello,SPAL 2013,F S,15,767,1,0.5760804666206241,0,0.7839423809200525,12,9,6,0,1,0.5760804666206241,1.7671304559335113,0.648865258321166
14837,1405,Marco Borriello,"Atalanta,Carpi",F S,27,1595,8,6.974054582417011,4,3.007811688818037,55,21,4,1,7,6.212755769491196,8.016172803938389,0.965125683695078
14838,1405,Marco Borriello,Genoa,F S,8,255,0,0.3224558606743812,2,1.227758839726448,5,6,1,0,0,0.3224558606743812,1.8577541634440424,0.4245818182826042
