,id,player_name,team_title,position,games,time,goals,xG,assists,xA,shots,key_passes,yellow_cards,red_cards,npg,npxG,xGChain,xGBuildup
14841,1408,Marco Capuano,"Cagliari,Crotone",D S,25,2095,0,0.3357368782162666,0,0.1531048621982336,3,4,5,1,0,0.3357368782162666,1.7236403450369835,1.6979159638285637
14842,1408,Marco Capuano,Cagliari,D S,15,1123,0,0.0866155698895454,0,0.0615429375320673,1,3,2,0,0,0.0866155698895454,2.765579342842102,2.742896620184183
14843,1408,Marco Capuano,Frosinone,D,27,2323,0,0.6968153463676572,0,0.2839134894311428,7,6,5,1,0,0.6968153463676572,2.58712737262249,2.431070417165756
14844,1408,Marco Capuano,Cagliari,D S,12,766,1,0.5316512770950794,0,0.2451258823275566,4,4,0,1,1,0.5316512770950794,0.9932141341269016,0.7977508939802647
