,id,player_name,team_title,position,games,time,goals,xG,assists,xA,shots,key_passes,yellow_cards,red_cards,npg,npxG,xGChain,xGBuildup
14948,1621,Marcos Alonso,Chelsea,D,31,2764,2,3.561836655251682,4,3.921598087064922,45,32,6,0,2,3.561836655251682,13.036232767626643,9.47683704830706
14949,1621,Marcos Alonso,Chelsea,D S,18,1436,4,2.5468264957889915,2,2.9914873391389847,30,25,4,0,4,2.5468264957889915,10.606778636574743,7.1116813570261
14950,1621,Marcos Alonso,Fiorentina,D M,2,180,0,0.0,0,0.0,0,0,0,0,0,0.0,0.2354812324047088,0.2354812324047088
14951,1621,Marcos Alonso,Chelsea,D S,13,962,2,1.8240782842040064,0,1.7216993779875338,22,15,2,0,2,1.8240782842040064,4.643395733088255,2.536423623561859
14952,1621,Marcos Alonso,Chelsea,M S,31,2696,6,4.146676734089851,3,3.1470432318747044,46,24,2,0,6,4.146676734089851,13.073827413842082,8.174821026623249
14953,1621,Marcos Alonso,Fiorentina,D M S,22,1686,1,1.8805137751623988,3,2.8786765253171325,29,19,4,0,1,1.8805137751623988,6.346216846257448,3.330215146765113
14954,1621,Marcos Alonso,Chelsea,D M,33,2869,7,4.369033532217145,2,3.057155713438988,65,34,6,0,7,4.369033532217145,12.986705735325812,8.145295701920986
14955,1621,Marcos Alonso,Chelsea,D,10,870,1,1.1391083113849163,2,1.3402314484119415,14,16,3,0,1,1.1391083113849163,5.893368497490883,4.884103246033192
14956,1621,Marcos Alonso,Fiorentina,D M S,31,2343,3,3.475173701532185,4,4.196654203347862,55,43,8,0,3,3.475173701532185,10.369991577230394,6.222390600480139
