,id,player_name,team_title,position,games,time,goals,xG,assists,xA,shots,key_passes,yellow_cards,red_cards,npg,npxG,xGChain,xGBuildup
14732,5248,Marcel Sabitzer,RasenBallsport Leipzig,M S,27,2041,8,7.702279316261411,3,2.8926499374210835,60,30,8,0,4,4.67125298269093,13.024154171347618,6.877323979511857
14733,5248,Marcel Sabitzer,"Bayern Munich,RasenBallsport Leipzig",M S,10,340,0,0.8825916340574622,0,0.8649682402610779,8,3,1,0,0,0.8825916340574622,3.269009754061699,1.5343658532947302
14734,5248,Marcel Sabitzer,RasenBallsport Leipzig,F M S,30,2351,4,5.327915746718645,3,5.115502040833235,63,36,9,0,4,5.327915746718645,16.479355059564114,9.90726724639535
14735,5248,Marcel Sabitzer,RasenBallsport Leipzig,F M S,22,1792,3,3.1637195348739624,5,3.699146008118987,61,34,4,0,3,3.1637195348739624,10.188227588310838,5.231484243646264
14736,5248,Marcel Sabitzer,RasenBallsport Leipzig,D F M S,32,2510,9,6.577641958370805,7,5.927560870535672,70,60,4,0,9,6.577641958370805,19.50988619029522,11.217100314795973
14737,5248,Marcel Sabitzer,RasenBallsport Leipzig,F M S,32,2604,8,9.127260168083012,4,4.050317391753197,79,35,3,0,8,9.127260168083012,19.47974051348865,9.02825772203505
