,id,player_name,team_title,position,games,time,goals,xG,assists,xA,shots,key_passes,yellow_cards,red_cards,npg,npxG,xGChain,xGBuildup
14934,3552,Marco Verratti,Paris Saint Germain,M S,18,1060,0,0.0376929007470607,3,1.6477561686187985,2,20,2,0,0,0.0376929007470607,8.780267272144556,8.368265386670828
14935,3552,Marco Verratti,Paris Saint Germain,M S,32,2466,2,1.5046178065240383,8,6.781945621594787,12,38,11,0,2,1.5046178065240383,17.602350801229477,13.127254456281662
14936,3552,Marco Verratti,Paris Saint Germain,M S,20,1483,0,0.2029929161071777,5,3.5086834714747965,2,27,6,0,0,0.2029929161071777,19.04938006401062,17.73516970872879
14937,3552,Marco Verratti,Paris Saint Germain,M S,22,1728,0,0.3777228947728872,3,1.9426180850714443,8,28,8,1,0,0.3777228947728872,12.531042940914633,11.354260589927437
14938,3552,Marco Verratti,Paris Saint Germain,M S,21,1496,0,1.5776715073734522,2,2.5874065551906824,10,24,7,0,0,1.5776715073734522,13.491839624941347,10.772366680204868
14939,3552,Marco Verratti,Paris Saint Germain,M S,28,2162,3,1.167392797768116,5,5.925053656101227,12,39,6,0,3,1.167392797768116,21.391431659460068,18.042390421032906
14940,3552,Marco Verratti,Paris Saint Germain,M S,9,648,0,0.0525832064449787,0,0.4643657561391592,1,8,6,0,0,0.0525832064449787,4.837729100137949,4.706916470080614
14941,3552,Marco Verratti,Paris Saint Germain,M S,26,1887,0,0.1130491439253091,2,3.661136377602816,3,30,7,0,0,0.1130491439253091,18.480411052703857,17.112321250140667
