,id,player_name,team_title,position,games,time,goals,xG,assists,xA,shots,key_passes,yellow_cards,red_cards,npg,npxG,xGChain,xGBuildup
14790,177,Marcelo Díaz,Hamburger SV,M S,11,453,0,0.3262221710756421,0,0.1378142330795526,10,6,1,0,0,0.3262221710756421,0.7080228244885802,0.5531740980222821
14791,177,Marcelo Díaz,Celta Vigo,M S,26,1636,1,0.5768367582932115,2,0.6551499590277672,12,15,5,0,1,0.5768367582932115,5.975504152476788,5.742661123163998
14792,177,Marcelo Díaz,Celta Vigo,M S,14,984,0,0.4140274059027433,1,0.341701790690422,12,2,3,0,0,0.4140274059027433,5.0961127281188965,4.548956915736198
14793,177,Marcelo Díaz,Hamburger SV,M S,6,376,0,0.0771494209766388,0,0.0148071134462952,1,1,2,0,0,0.0771494209766388,0.4542118934914469,0.4542118934914469
