,id,player_name,team_title,position,games,time,goals,xG,assists,xA,shots,key_passes,yellow_cards,red_cards,npg,npxG,xGChain,xGBuildup
14719,2645,Marcel Hartel,FC Cologne,S,6,71,0,0.2125812210142612,0,0.0,4,0,0,0,0,0.2125812210142612,0.3176977299153805,0.1051165163516998
14720,2645,Marcel Hartel,Arminia Bielefeld,M S,22,1694,0,1.0239291433244944,0,1.1070015905424953,21,15,1,0,0,1.0239291433244944,2.697701631113887,1.0578258140012622
14721,2645,Marcel Hartel,FC Cologne,S,2,90,0,0.5551666468381882,0,0.0,4,0,0,0,0,0.5551666468381882,1.1574708968400955,0.6161121651530266
