,id,player_name,team_title,position,games,time,goals,xG,assists,xA,shots,key_passes,yellow_cards,red_cards,npg,npxG,xGChain,xGBuildup
14811,2603,Marco Andreolli,Inter,D S,6,446,0,0.011812443844974,0,0.0621956009417772,1,2,0,0,0,0.011812443844974,2.059960233047605,1.99776460416615
14812,2603,Marco Andreolli,Cagliari,D S,23,1815,0,0.1443745139986276,0,0.0224914527498185,3,2,6,0,0,0.1443745139986276,1.487076667137444,1.487076667137444
14813,2603,Marco Andreolli,Inter,D S,6,362,1,0.551407054066658,0,0.0,5,0,0,0,1,0.551407054066658,0.658845130354166,0.658845130354166
14814,2603,Marco Andreolli,"Cagliari,Chievo",D S,11,746,0,0.1288833329454064,0,0.0,3,0,3,0,0,0.1288833329454064,0.738020159304142,0.738020159304142
14815,2603,Marco Andreolli,Sevilla,D,7,555,0,0.2396843284368515,0,0.0869843363761901,3,2,2,0,0,0.2396843284368515,0.5950005650520325,0.5739178955554962
