,id,player_name,team_title,position,games,time,goals,xG,assists,xA,shots,key_passes,yellow_cards,red_cards,npg,npxG,xGChain,xGBuildup
14944,946,Marco van Ginkel,Stoke,M S,17,735,0,1.0349854417145252,0,0.1119261775165796,12,5,0,0,0,1.0349854417145252,2.472127623856068,1.57853133790195
14945,946,Marco van Ginkel,AC Milan,M S,17,1310,1,1.5997486226260662,1,1.9190565925091505,10,15,3,0,1,1.5997486226260662,5.089323312044144,2.60022216849029
