,id,player_name,team_title,position,games,time,goals,xG,assists,xA,shots,key_passes,yellow_cards,red_cards,npg,npxG,xGChain,xGBuildup
14816,6948,Marco Aratore,Ural,M S,19,783,0,1.0373362079262731,4,1.5950099602341652,16,21,1,0,0,1.0373362079262731,3.185574006289244,2.062949327751994
14817,6948,Marco Aratore,Ural,M,2,150,0,0.1493503302335739,0,0.2163364663720131,4,3,2,0,0,0.1493503302335739,0.3289403617382049,0.0854607038199901
