,id,player_name,team_title,position,games,time,goals,xG,assists,xA,shots,key_passes,yellow_cards,red_cards,npg,npxG,xGChain,xGBuildup
14968,550,Marcos Rojo,Manchester United,D S,16,1264,0,0.2959692627191543,1,0.8043278129771352,8,10,3,0,0,0.2959692627191543,1.8204299211502075,1.1858385875821114
14969,550,Marcos Rojo,Manchester United,D S,21,1658,1,1.0273047853261232,0,0.2739332001656294,14,5,5,0,1,1.0273047853261232,4.780628763139248,4.355802126228809
14970,550,Marcos Rojo,Manchester United,D S,5,208,0,0.2353721857070922,0,0.0,6,0,2,0,0,0.2353721857070922,0.7415014356374741,0.7083711922168732
14971,550,Marcos Rojo,Manchester United,D S,9,649,0,0.0711889388039708,0,0.0729224756360054,5,2,6,0,0,0.0711889388039708,2.267773699015379,2.214658137410879
14972,550,Marcos Rojo,Manchester United,D S,3,119,0,0.1320688426494598,0,0.0,1,0,1,0,0,0.1320688426494598,0.0324193723499774,0.0324193723499774
14973,550,Marcos Rojo,Manchester United,D S,22,1767,0,1.5299111232161522,0,0.3383658956736326,16,10,6,0,0,1.5299111232161522,5.804767649620771,5.482039045542479
