,id,player_name,team_title,position,games,time,goals,xG,assists,xA,shots,key_passes,yellow_cards,red_cards,npg,npxG,xGChain,xGBuildup
14711,1325,Marcel Büchel,Verona,M S,23,1705,0,0.1588542759418487,0,0.2682303469628095,9,13,9,0,0,0.1588542759418487,1.6509393462911248,1.3475415399298072
14712,1325,Marcel Büchel,Empoli,M S,28,1578,2,1.1992414090782404,1,1.486101631540805,35,22,10,0,2,1.1992414090782404,5.491546436212957,3.392855303362012
14713,1325,Marcel Büchel,Empoli,M S,15,821,0,0.1622978085651993,0,0.0172463115304708,9,1,5,0,0,0.1622978085651993,0.5634221667423844,0.4554672110825777
