,id,player_name,team_title,position,games,time,goals,xG,assists,xA,shots,key_passes,yellow_cards,red_cards,npg,npxG,xGChain,xGBuildup
14959,2518,Marcos Llorente,Atletico Madrid,D M,12,1050,0,0.2598873553797602,1,1.3337838426232338,6,14,1,0,0,0.2598873553797602,4.67359721660614,3.510111257433892
14960,2518,Marcos Llorente,Atletico Madrid,D F M S,37,2960,12,4.76896558701992,11,6.388480018824339,49,44,6,0,12,4.76896558701992,19.44984607025981,10.45696966908872
14961,2518,Marcos Llorente,Alaves,M S,32,2803,0,0.2560893762856722,2,0.8697127448394895,14,19,5,0,0,0.2560893762856722,8.015038566663861,7.265153240412474
14962,2518,Marcos Llorente,Real Madrid,M S,13,537,0,0.2117935847491026,0,0.1895706467330455,6,3,1,0,0,0.2117935847491026,3.371001005172729,2.969636764377356
14963,2518,Marcos Llorente,Atletico Madrid,F M S,29,1382,3,1.719547400251031,3,2.328558746725321,14,16,4,0,3,1.719547400251031,6.121280293911696,2.933996483683586
14964,2518,Marcos Llorente,Real Madrid,S,2,22,0,0.0,0,0.0375942848622798,0,1,0,0,0,0.0,0.0375942848622798,0.0
14965,2518,Marcos Llorente,Real Madrid,M S,7,538,0,0.0735072121024131,0,0.2072238642722368,1,4,1,0,0,0.0735072121024131,0.7542285565286875,0.4734974950551986
