,id,player_name,team_title,position,games,time,goals,xG,assists,xA,shots,key_passes,yellow_cards,red_cards,npg,npxG,xGChain,xGBuildup
14889,319,Marco Reus,Borussia Dortmund,F M S,26,1930,12,11.666711691766976,3,6.784378193318844,63,45,2,0,11,10.151158336549996,21.491818644106388,7.452971925958991
14890,319,Marco Reus,Borussia Dortmund,F M S,19,1505,11,9.104646295309069,5,3.1338243763893843,47,22,1,0,10,8.346950024366379,16.012725859880447,6.054590526968241
14891,319,Marco Reus,Borussia Dortmund,F M S,20,1574,7,7.951785370707512,5,5.261479150503874,65,49,1,0,7,7.951785370707512,15.548376187682152,5.912268990650773
14892,319,Marco Reus,Borussia Dortmund,F M,14,1254,4,5.9322464838624,5,3.753170883283019,30,33,2,0,4,5.9322464838624,13.270457413047552,5.841037675738335
14893,319,Marco Reus,Borussia Dortmund,F M S,32,2313,8,11.011218816041946,6,7.840978126972914,56,49,1,0,8,9.667922407388687,20.42278859578073,9.797888366505504
14894,319,Marco Reus,Borussia Dortmund,F M,27,2335,17,16.63949491083622,8,6.939870925620198,69,38,3,1,14,14.366164984181523,25.320983104407787,9.207558187656105
14895,319,Marco Reus,Borussia Dortmund,F M S,17,1194,7,8.953462198376656,4,4.654696952551603,43,24,1,1,5,7.437908783555031,12.987953051924706,4.711976274847984
14896,319,Marco Reus,Borussia Dortmund,F M,11,944,7,5.460637770593166,0,2.1471289210021496,31,19,1,0,7,4.702861152589321,8.042936742305756,2.294055990874768
