,id,player_name,team_title,position,games,time,goals,xG,assists,xA,shots,key_passes,yellow_cards,red_cards,npg,npxG,xGChain,xGBuildup
14974,8933,Marcos de Sousa,Valencia,F M S,15,424,1,2.478053143247962,1,1.212872974574566,17,7,0,0,1,2.478053143247962,3.493219068273902,0.1373125296086073
14975,8933,Marcos de Sousa,Real Valladolid,F S,23,1159,4,4.399272106587887,1,0.4435676150023937,32,6,3,0,4,4.399272106587887,5.927022900432348,2.640318831428885
