,id,player_name,team_title,position,games,time,goals,xG,assists,xA,shots,key_passes,yellow_cards,red_cards,npg,npxG,xGChain,xGBuildup
15058,3887,Mario Gomez,Wolfsburg,F S,33,2858,16,17.495152726769447,1,3.458988137543201,84,38,4,0,14,15.979599356651306,19.86986444145441,4.098862585611641
15059,3887,Mario Gomez,VfB Stuttgart,F S,31,2215,7,9.682837664149702,2,2.462567305192352,52,25,3,1,7,9.682837664149702,12.891361519694328,1.532263900153339
15060,3887,Mario Gomez,"VfB Stuttgart,Wolfsburg",F S,28,2329,9,10.123370645567777,3,3.007443292066455,56,25,3,0,9,8.607817268930376,11.7104268129915,2.7160697765648365
15061,3887,Mario Gomez,Fiorentina,F S,20,1403,4,7.442642856389284,2,1.4119581803679466,40,12,3,0,4,6.681344080716372,6.963617507368326,0.4809638671576977
