,id,player_name,team_title,position,games,time,goals,xG,assists,xA,shots,key_passes,yellow_cards,red_cards,npg,npxG,xGChain,xGBuildup
15049,2896,Mario Fernandes,CSKA Moscow,D,27,2334,1,0.7923286873847246,2,2.6837677536532283,11,22,0,1,1,0.7923286873847246,9.904948435723782,7.093139886856079
15050,2896,Mario Fernandes,CSKA Moscow,D,23,1977,1,1.2810467844828963,1,3.5472205448895693,12,38,4,0,1,1.2810467844828963,9.408974412828684,6.977574195712805
15051,2896,Mario Fernandes,CSKA Moscow,D M,30,2617,0,1.5030276589095592,3,2.9464047588408,18,36,3,0,0,1.5030276589095592,11.1661914922297,8.190542384982109
15052,2896,Mario Fernandes,CSKA Moscow,D M,29,2606,3,1.4059774205088615,3,4.558709153905511,22,50,5,0,3,1.4059774205088615,10.295093409717085,6.845745455473661
15053,2896,Mario Fernandes,CSKA Moscow,D,29,2519,0,0.4759243279695511,7,3.0879043573513627,9,25,3,0,0,0.4759243279695511,7.393784748390317,5.641194051131606
15054,2896,Mario Fernandes,CSKA Moscow,D M,25,2134,0,1.3118286989629269,3,3.9331110194325447,16,31,2,0,0,1.3118286989629269,9.247541833668947,6.036549534648657
15055,2896,Mario Fernandes,CSKA Moscow,D M,28,2454,1,1.5664271265268326,8,5.333240764215589,21,43,0,1,1,1.5664271265268326,13.49351280555129,10.357083044946194
15056,2896,Mario Fernandes,CSKA Moscow,D M,17,1502,0,1.1967271361500025,0,1.576408315449953,12,18,2,0,0,1.1967271361500025,3.8913977220654488,2.283164326101541
