,id,player_name,team_title,position,games,time,goals,xG,assists,xA,shots,key_passes,yellow_cards,red_cards,npg,npxG,xGChain,xGBuildup
15034,2296,Mario,Villarreal,D S,31,2608,1,2.178805010393262,2,2.496944785118103,25,16,15,1,1,2.178805010393262,7.806917376816273,5.659612128511071
15035,2296,Mario,Villarreal,D S,5,252,0,0.122529312968254,0,0.5913731157779694,2,4,0,0,0,0.122529312968254,1.533970683813095,1.4114413559436798
15036,2296,Mario,Villarreal,D S,25,1962,0,1.1009662728756666,2,1.302788970991969,15,19,2,0,0,1.1009662728756666,5.531218751333654,3.811792341060937
15037,2296,Mario,Villarreal,D S,32,2804,2,1.182534296065569,3,2.4838925916701555,30,31,6,0,2,1.182534296065569,11.698692847043276,9.019017642363906
15038,2296,Mario,Villarreal,D S,24,1853,0,1.1241301596164703,2,2.3633553609251976,16,12,3,0,0,1.1241301596164703,10.088543731719255,7.971958866342902
15039,2296,Mario,Villarreal,D,36,3240,0,1.7164481924846768,3,2.672638442367316,34,23,6,0,0,1.7164481924846768,12.40342933870852,10.15528642386198
15040,2296,Mario,Villarreal,D M S,34,2834,3,3.272649560123682,2,1.3771339617669582,35,23,5,0,3,3.272649560123682,11.880887249484658,8.11351072601974
15041,2296,Mario,Villarreal,D S,33,2873,2,1.2131711654365065,2,1.941272709518671,33,11,8,0,2,1.2131711654365065,5.986691676080227,5.029133304953575
