,id,player_name,team_title,position,games,time,goals,xG,assists,xA,shots,key_passes,yellow_cards,red_cards,npg,npxG,xGChain,xGBuildup
15070,6136,Mario Hermoso,Atletico Madrid,D S,31,2589,1,1.1255972059443593,1,0.6568052750080824,18,11,4,0,1,1.1255972059443593,9.71134632639587,9.059487214311956
15071,6136,Mario Hermoso,Atletico Madrid,D S,17,1236,0,0.390558460727334,0,0.0983953308314085,3,2,3,1,0,0.390558460727334,3.289635391905904,3.185040693730116
15072,6136,Mario Hermoso,Espanyol,D S,32,2806,3,3.4728834605775774,0,0.1810737252235412,27,4,7,0,3,3.4728834605775774,5.778676187619567,5.470440208911896
15073,6136,Mario Hermoso,Atletico Madrid,D S,15,1157,0,0.3493031659163534,1,0.489477040246129,8,6,3,1,0,0.3493031659163534,6.54087208583951,5.989630576223135
15074,6136,Mario Hermoso,Espanyol,D,22,1928,1,1.3885045172646642,0,0.1394583247601986,10,5,5,1,1,1.3885045172646642,3.93757367040962,3.7983153564855456
