,id,player_name,team_title,position,games,time,goals,xG,assists,xA,shots,key_passes,yellow_cards,red_cards,npg,npxG,xGChain,xGBuildup
15076,1299,Mario Lemina,Juventus,M S,19,888,1,2.448423540219665,1,0.8503703717142344,17,8,1,0,1,2.448423540219665,7.077170899137855,4.544503839686513
15077,1299,Mario Lemina,Juventus,M S,10,730,2,0.1958234990015626,0,0.0963758192956447,5,5,4,0,2,0.1958234990015626,3.5672099515795708,3.313118975609541
15078,1299,Mario Lemina,Southampton,M S,25,1725,1,0.7032238533720374,1,0.6373133426532149,23,8,2,0,1,0.7032238533720374,4.044283904135227,2.887326467782259
15079,1299,Mario Lemina,Marseille,D M S,21,1215,2,1.491213759407401,0,0.9365492947399616,9,11,2,1,2,1.491213759407401,5.592281725257635,4.169272314757109
15080,1299,Mario Lemina,Southampton,M S,21,1617,1,0.9026529043912888,1,1.320138953626156,25,13,5,0,1,0.9026529043912888,4.548342932015657,3.3662446551024914
15081,1299,Mario Lemina,Fulham,D M S,28,1706,1,1.2436577659100294,0,1.126126805320382,19,12,5,0,1,1.2436577659100294,4.953155102208257,3.294958665966988
15082,1299,Mario Lemina,Nice,M S,17,1210,0,0.9391120532527566,0,0.2197671141475439,5,3,3,0,0,0.9391120532527566,5.170213211327791,4.940043825656176
15083,1299,Mario Lemina,Marseille,M,4,336,0,0.2925913985818624,0,0.4193380922079086,6,3,1,0,0,0.2925913985818624,1.925867319107056,1.792194738984108
