,id,player_name,team_title,position,games,time,goals,xG,assists,xA,shots,key_passes,yellow_cards,red_cards,npg,npxG,xGChain,xGBuildup
15027,1339,Mariano Izco,Chievo,M,28,2500,2,0.7700193217024207,2,2.813511778600514,27,30,3,0,2,0.7700193217024207,7.0751679092645645,4.945351470261812
15028,1339,Mariano Izco,Chievo,D M S,25,1156,0,0.8757216017693281,1,1.1832890901714563,12,19,1,0,0,0.8757216017693281,3.6428964314982295,2.2561657149344683
15029,1339,Mariano Izco,Crotone,M S,5,173,0,0.0,0,0.0,0,0,0,0,0,0.0,0.0790647268295288,0.0790647268295288
