,id,player_name,team_title,position,games,time,goals,xG,assists,xA,shots,key_passes,yellow_cards,red_cards,npg,npxG,xGChain,xGBuildup
15064,422,Mario Götze,Borussia Dortmund,M S,11,766,1,1.166242688894272,1,1.1874739564955237,6,14,1,0,1,1.166242688894272,5.819181002676487,3.881884608417749
15065,422,Mario Götze,Borussia Dortmund,F M S,26,1694,7,4.838532062247396,7,6.64335572719574,28,41,0,0,7,4.838532062247396,17.36268649995327,7.580021053552628
15066,422,Mario Götze,Borussia Dortmund,F S,15,513,3,2.171623162925244,0,1.4714083448052406,8,11,0,0,2,1.4140894934535029,3.1542521975934505,1.177815068513155
15067,422,Mario Götze,Borussia Dortmund,M S,23,1620,2,2.147641886025667,3,5.339481710456312,23,39,1,0,2,2.147641886025667,10.79972569271922,6.045755377039313
15068,422,Mario Götze,Bayern Munich,F M S,14,959,3,3.3248692266643047,4,2.421283273026347,18,18,1,0,3,3.3248692266643047,8.002973951399326,3.500056315213442
15069,422,Mario Götze,Bayern Munich,F M S,32,2248,9,7.594284487888217,2,4.919819463044405,60,44,1,0,9,7.594284487888217,16.83544751442969,7.7918339893221855
