,id,player_name,team_title,position,games,time,goals,xG,assists,xA,shots,key_passes,yellow_cards,red_cards,npg,npxG,xGChain,xGBuildup
15185,1669,Marko Grujic,Hertha Berlin,M,29,2432,4,4.7793934578076005,1,0.6264093481004238,36,11,9,0,4,4.7793934578076005,11.4639204852283,8.207561526447535
15186,1669,Marko Grujic,Liverpool,S,5,31,0,0.2103006420657038,0,0.029634715989232,4,1,1,0,0,0.2103006420657038,0.3090548133477568,0.1335334219038486
15187,1669,Marko Grujic,Liverpool,S,3,9,0,0.0,0,0.0299961734563112,0,1,0,0,0,0.0,0.0299961734563112,0.0
15188,1669,Marko Grujic,Hertha Berlin,F M S,22,1780,5,4.3087097723037004,1,1.6590892653912306,46,16,5,0,5,4.3087097723037004,7.942870469763875,3.584167432039976
