,id,player_name,team_title,position,games,time,goals,xG,assists,xA,shots,key_passes,yellow_cards,red_cards,npg,npxG,xGChain,xGBuildup
15155,2231,Markel Bergara,Real Sociedad,M S,6,284,0,0.0,0,0.0267827305942773,0,1,0,0,0,0.0,0.0826019048690795,0.0826019048690795
15156,2231,Markel Bergara,Real Sociedad,M S,30,2120,1,0.6318641360849142,0,0.3217179030179977,13,10,9,0,1,0.6318641360849142,3.16805830039084,2.724509047344327
15157,2231,Markel Bergara,Getafe,M,18,1472,4,3.361123338341713,1,0.0682609099894762,16,2,5,0,4,3.361123338341713,0.7454014550894499,0.2236778261139989
15158,2231,Markel Bergara,Real Sociedad,M S,20,1355,1,0.7436236143112183,0,0.5286634508520365,12,5,6,1,1,0.7436236143112183,1.9924222892150285,1.2805844144895673
15159,2231,Markel Bergara,Getafe,S,2,70,0,0.1296355575323104,0,0.0,1,0,2,0,0,0.1296355575323104,0.2275112867355346,0.0978757217526435
15160,2231,Markel Bergara,Getafe,S,3,48,0,0.0,0,0.0,0,0,0,0,0,0.0,0.0469461232423782,0.0469461232423782
