,id,player_name,team_title,position,games,time,goals,xG,assists,xA,shots,key_passes,yellow_cards,red_cards,npg,npxG,xGChain,xGBuildup
15224,379,Markus Suttner,Fortuna Duesseldorf,D M S,21,1335,0,0.4698230996727943,1,0.6124314107000828,15,14,3,0,0,0.4698230996727943,3.498832350596785,2.9052191097289324
15225,379,Markus Suttner,Ingolstadt,D S,18,1342,0,0.5630982173606753,0,1.1872848384082315,20,16,2,0,0,0.5630982173606753,1.890937343239784,1.219260174781084
15226,379,Markus Suttner,Ingolstadt,D M,31,2740,4,1.9017148222774267,5,5.247813419438899,43,53,10,0,4,1.9017148222774267,7.120380846783519,6.15257883630693
15227,379,Markus Suttner,Fortuna Duesseldorf,D M,6,495,1,0.1919080149382352,1,0.5816289149224758,4,9,1,0,1,0.1919080149382352,1.07405614387244,0.6813798723742366
15228,379,Markus Suttner,Brighton,D S,14,1176,0,0.0741699580103159,0,0.2682696878910064,3,6,0,0,0,0.0741699580103159,1.6566904745995998,1.6237821821123362
