,id,player_name,team_title,position,games,time,goals,xG,assists,xA,shots,key_passes,yellow_cards,red_cards,npg,npxG,xGChain,xGBuildup
15329,7838,Martin Valjent,Mallorca,D,17,1473,0,0.2680071890354156,0,0.3944646678864956,7,4,1,0,0,0.2680071890354156,1.5100215040147305,1.0218987558037045
15330,7838,Martin Valjent,Mallorca,D,36,3192,0,0.4403956951573491,0,0.9237703401595354,15,5,6,0,0,0.4403956951573491,4.993543173186481,4.869200697168708
