,id,player_name,team_title,position,games,time,goals,xG,assists,xA,shots,key_passes,yellow_cards,red_cards,npg,npxG,xGChain,xGBuildup
15309,2517,Martin Odegaard,Real Madrid,S,1,31,0,0.0,0,0.1270822435617447,0,1,0,0,0,0.0,0.2086168676614761,0.2086168676614761
15310,2517,Martin Odegaard,Arsenal,M S,14,917,4,0.9012971296906472,0,1.4457807578146458,13,20,2,0,4,0.9012971296906472,4.9258603267371655,3.2203424191102386
15311,2517,Martin Odegaard,Real Sociedad,M S,31,2545,4,3.284353179857135,6,6.726570926606655,50,62,3,0,4,3.284353179857135,11.995467260479929,8.068084832280874
15312,2517,Martin Odegaard,Real Madrid,M S,7,230,0,0.1789145395159721,0,0.3726119324564934,3,5,0,0,0,0.1789145395159721,0.6706932857632637,0.1682616136968135
15313,2517,Martin Odegaard,Arsenal,M S,14,865,1,0.6187397725880146,2,1.955885354429484,15,19,0,0,1,0.6187397725880146,5.297232277691364,4.070700854063034
