,id,player_name,team_title,position,games,time,goals,xG,assists,xA,shots,key_passes,yellow_cards,red_cards,npg,npxG,xGChain,xGBuildup
15283,2053,Martin Erlic,Spezia,D S,27,1786,3,1.4483477659523487,1,0.485311895608902,9,1,6,0,3,1.4483477659523487,2.894429944455624,2.8831740841269493
15284,2053,Martin Erlic,Spezia,D,9,742,0,0.0279451496899127,0,0.2875081896781921,1,1,1,0,0,0.0279451496899127,1.0212160348892212,0.9932708889245988
