,id,player_name,team_title,position,games,time,goals,xG,assists,xA,shots,key_passes,yellow_cards,red_cards,npg,npxG,xGChain,xGBuildup
15331,5198,Martín Aguirregabiria,Alaves,D M S,27,2036,0,0.0142897479236125,0,0.4169061342254281,1,8,5,0,0,0.0142897479236125,1.6000595595687628,1.5370972957462072
15332,5198,Martín Aguirregabiria,Alaves,D S,21,1828,0,0.0292915194295346,4,1.5234564719721675,3,13,4,0,0,0.0292915194295346,3.7704506190493694,3.2853938676416874
15333,5198,Martín Aguirregabiria,Alaves,D M S,11,892,0,0.0964235570281744,1,0.4246105141937732,3,8,2,0,0,0.0964235570281744,1.530599944293499,1.1947149811312556
15334,5198,Martín Aguirregabiria,Alaves,D M S,26,1547,0,0.1324029266834259,1,0.5889333346858621,2,12,1,0,0,0.1324029266834259,2.771386028267443,2.335712262429297
15335,5198,Martín Aguirregabiria,Alaves,D M S,31,2090,1,0.6967750499024987,1,0.6973831839859486,3,10,5,1,1,0.6967750499024987,2.859636429697275,1.6982064470648766
