,id,player_name,team_title,position,games,time,goals,xG,assists,xA,shots,key_passes,yellow_cards,red_cards,npg,npxG,xGChain,xGBuildup
15409,6303,Marvin Zeegelaar,Udinese,S,3,47,0,0.0,0,0.0,0,0,1,0,0,0.0,0.4209537282586097,0.4209537282586097
15410,6303,Marvin Zeegelaar,Udinese,D S,12,957,0,0.0607759319245815,0,0.2044999450445175,1,4,5,1,0,0.0607759319245815,0.6653319522738457,0.5761039406061172
15411,6303,Marvin Zeegelaar,Watford,D,12,995,0,0.0,1,0.8659056201577187,0,7,4,1,0,0.0,2.392251036129892,1.8178213881328704
15412,6303,Marvin Zeegelaar,Udinese,D S,13,596,0,0.0,1,0.802860651165247,0,5,3,0,0,0.0,2.238672135397792,1.5977366138249636
15413,6303,Marvin Zeegelaar,Udinese,D S,24,1774,1,1.2140246126800776,0,1.4033573474735022,9,10,6,0,1,1.2140246126800776,4.762893971055746,2.8939462220296264
