,id,player_name,team_title,position,games,time,goals,xG,assists,xA,shots,key_passes,yellow_cards,red_cards,npg,npxG,xGChain,xGBuildup
15395,23,Marvin Plattenhardt,Hertha Berlin,D,33,2970,0,0.8782336665317416,7,3.433237914927304,18,33,6,0,0,0.8782336665317416,8.045315822586417,6.373558569699526
15396,23,Marvin Plattenhardt,Hertha Berlin,D M,17,1400,0,0.3437057230621576,5,2.7754194010049105,4,26,1,0,0,0.3437057230621576,5.181890524923801,4.1586979338899255
15397,23,Marvin Plattenhardt,Hertha Berlin,D,27,2430,3,1.261235874146223,3,4.420357923954725,24,36,3,0,3,1.261235874146223,4.67107205837965,4.2851149924099445
15398,23,Marvin Plattenhardt,Hertha Berlin,D,33,2970,2,0.6945027261972427,4,4.294352320954204,13,37,5,0,2,0.6945027261972427,7.910158159211278,6.791051242500544
15399,23,Marvin Plattenhardt,Hertha Berlin,D S,15,1282,0,0.194955863058567,1,0.6398638784885406,3,12,1,0,0,0.194955863058567,0.4032544419169426,0.233638945966959
15400,23,Marvin Plattenhardt,Hertha Berlin,D M,22,1928,1,0.7023441847413778,2,2.649115035310388,11,32,4,0,1,0.7023441847413778,5.361724655143917,3.75296760071069
15401,23,Marvin Plattenhardt,Hertha Berlin,D,12,1038,0,0.3804302904754877,0,1.118001050315797,5,19,2,0,0,0.3804302904754877,2.792970642447472,2.664743348956108
15402,23,Marvin Plattenhardt,Hertha Berlin,D M S,16,1069,0,0.0905727408826351,2,1.3487885408103466,3,10,1,0,0,0.0905727408826351,2.447525914758444,1.9090192429721355
