,id,player_name,team_title,position,games,time,goals,xG,assists,xA,shots,key_passes,yellow_cards,red_cards,npg,npxG,xGChain,xGBuildup
15424,7490,Mason Greenwood,Manchester United,F M S,31,1825,7,6.975748036056757,2,2.4278998095542192,67,14,2,0,7,6.975748036056757,14.031832756474614,5.954058945178986
15425,7490,Mason Greenwood,Manchester United,F M S,31,1304,10,3.387857362627983,1,1.4115077937021852,39,14,0,0,10,3.387857362627983,8.516980450600386,4.284458378329873
15426,7490,Mason Greenwood,Manchester United,F S,3,111,0,0.7973630428314209,0,0.0723449289798736,7,3,0,0,0,0.7973630428314209,1.019255757331848,0.6869975328445435
15427,7490,Mason Greenwood,Manchester United,F M S,12,865,4,2.478438701480627,1,1.0322561860084534,32,13,1,0,4,2.478438701480627,3.763090036809445,1.0846043098717928
