,id,player_name,team_title,position,games,time,goals,xG,assists,xA,shots,key_passes,yellow_cards,red_cards,npg,npxG,xGChain,xGBuildup
15465,1017,Matej Vydra,Watford,S,1,1,0,0.0,0,0.0,0,0,0,0,0,0.0,0.0,0.0
15466,1017,Matej Vydra,Burnley,F S,28,1363,3,5.373272832483053,2,2.118340734392405,35,14,0,0,3,5.373272832483053,6.425857454538345,1.0472040101885796
15467,1017,Matej Vydra,Burnley,F S,13,313,1,1.115015171468258,1,0.1649620234966278,11,3,0,0,1,1.115015171468258,1.3079774677753448,0.1204463690519332
15468,1017,Matej Vydra,Burnley,M S,13,308,1,1.9203006010502577,1,0.4979095719754696,6,2,1,0,1,1.9203006010502577,1.915013272315264,0.4118579402565956
15469,1017,Matej Vydra,Burnley,F S,19,794,2,4.003597117960453,1,0.7459431458264589,18,8,0,0,2,4.003597117960453,5.321380101144314,0.667027810588479
