,id,player_name,team_title,position,games,time,goals,xG,assists,xA,shots,key_passes,yellow_cards,red_cards,npg,npxG,xGChain,xGBuildup
15522,7470,Mathias Normann,FC Rostov,M,9,810,0,0.3739726133644581,3,1.0154897663742304,14,13,4,0,0,0.3739726133644581,1.803903413936496,1.433830225840211
15523,7470,Mathias Normann,FC Rostov,M S,23,1994,1,1.419334619306028,3,1.881100736558437,52,18,9,0,1,1.419334619306028,7.553286138921976,5.89894513040781
15524,7470,Mathias Normann,FC Rostov,M,15,1150,1,0.9363957322202624,1,0.6627331813797355,23,10,6,1,1,0.9363957322202624,2.533492051064968,1.607689367607236
15525,7470,Mathias Normann,FC Rostov,M,4,307,0,0.2793469987809658,0,0.1045904494822025,9,2,1,0,0,0.2793469987809658,0.94981212541461,0.7574757896363735
15526,7470,Mathias Normann,Norwich,M,9,713,1,0.6000791396945715,1,0.4558039531111717,16,6,4,0,1,0.6000791396945715,0.868759186938405,0.360756441950798
