,id,player_name,team_title,position,games,time,goals,xG,assists,xA,shots,key_passes,yellow_cards,red_cards,npg,npxG,xGChain,xGBuildup
15500,7080,Matheus Cunha,Atletico Madrid,F S,12,285,3,2.1599853998050094,1,0.2716898322105407,12,1,2,0,3,2.1599853998050094,2.532238246873021,0.4767816588282585
15501,7080,Matheus Cunha,Hertha Berlin,F M S,27,2164,7,8.202689331024885,4,4.302270689047873,70,47,9,0,5,5.929602302610874,12.655642215162516,4.903623227030039
15502,7080,Matheus Cunha,"Hertha Berlin,RasenBallsport Leipzig",F M S,21,1011,5,5.392021734267473,1,1.523841144517064,51,12,3,0,5,5.392021734267473,8.433443687856197,2.676186006516218
15503,7080,Matheus Cunha,Hertha Berlin,F,1,68,0,0.1737448424100875,1,0.8883572220802307,2,1,0,0,0,0.1737448424100875,0.1110872477293014,0.0221889149397611
15504,7080,Matheus Cunha,RasenBallsport Leipzig,F M S,25,849,2,3.923798604868352,0,0.8961893199011683,34,7,1,0,2,3.923798604868352,6.534437295980752,2.590902928262949
