,id,player_name,team_title,position,games,time,goals,xG,assists,xA,shots,key_passes,yellow_cards,red_cards,npg,npxG,xGChain,xGBuildup
15507,1327,Matheus Pereira,Empoli,S,1,5,0,0.4814784824848175,0,0.0,1,0,0,0,0,0.4814784824848175,0.5886071920394897,0.1071287021040916
15508,1327,Matheus Pereira,Juventus,M S,3,91,0,0.1315212845802307,0,0.0538351088762283,2,2,0,0,0,0.1315212845802307,0.5619019269943237,0.4449959844350815
15509,7153,Matheus Pereira,Nuernberg,F M S,19,1240,3,2.301142853684724,2,1.3407853292301295,29,14,3,1,3,2.301142853684724,4.261738419532776,2.102488720789552
15510,7153,Matheus Pereira,West Bromwich Albion,M S,33,2594,11,6.948316538706422,6,6.355539299547672,65,58,2,1,7,3.9036410860717297,10.857054157182574,3.75792377255857
15511,1327,Matheus Pereira,Dijon,F M S,10,468,0,0.6741018556058407,0,0.4578910432755947,10,11,4,0,0,0.6741018556058407,1.8700864035636189,1.0250669084489346
