,id,player_name,team_title,position,games,time,goals,xG,assists,xA,shots,key_passes,yellow_cards,red_cards,npg,npxG,xGChain,xGBuildup
15534,3786,Mathieu Cafaro,Reims,F M S,4,198,0,0.2570050256326794,0,0.0644049867987632,6,1,2,0,0,0.2570050256326794,0.3844530116766691,0.1816151035018265
15535,3786,Mathieu Cafaro,Reims,F M S,34,2103,7,3.3081401474773884,3,3.0333285834640265,70,37,5,0,7,3.3081401474773884,7.423800433985889,2.8510347176343203
15536,3786,Mathieu Cafaro,Reims,M S,31,2118,4,2.674139675684273,2,2.8669682890176773,61,24,3,0,4,2.674139675684273,6.27185751311481,3.1215476635843515
15537,3786,Mathieu Cafaro,Reims,M S,13,933,1,2.4119570963084698,2,2.0962251257151365,36,15,1,1,0,1.651861947029829,2.784107033163309,1.1069768704473972
15538,3786,Mathieu Cafaro,Toulouse,S,4,61,0,0.0,0,0.0,0,0,1,0,0,0.0,0.0,0.0
