,id,player_name,team_title,position,games,time,goals,xG,assists,xA,shots,key_passes,yellow_cards,red_cards,npg,npxG,xGChain,xGBuildup
15512,241,Mathew Leckie,Hertha Berlin,D M S,17,489,0,0.0788736063987016,1,0.4460010454058647,2,6,0,0,0,0.0788736063987016,1.0965022966265678,0.6811432912945747
15513,241,Mathew Leckie,Hertha Berlin,M S,26,1846,5,1.7898884499445558,1,1.418754993006587,23,17,3,0,5,1.7898884499445558,4.630113563500345,2.0700712017714977
15514,241,Mathew Leckie,Hertha Berlin,M S,18,941,2,2.3742651250213385,0,0.8483361890539527,22,12,3,0,2,2.3742651250213385,4.838546928018332,1.7334104385226965
15515,241,Mathew Leckie,Ingolstadt,F S,32,2476,3,3.628709971904754,0,2.9087228309363127,39,33,9,0,3,2.8709332942962646,5.187689908780158,1.971435139887035
15516,241,Mathew Leckie,Hertha Berlin,M S,7,178,0,0.086842156946659,0,0.0,2,0,0,0,0,0.086842156946659,0.7079568980261683,0.7079568980261683
15517,241,Mathew Leckie,Ingolstadt,F M S,30,2095,0,5.087414627894759,2,1.6868344638496635,49,29,2,2,0,5.087414627894759,9.53953080251813,4.722824918106198
