,id,player_name,team_title,position,games,time,goals,xG,assists,xA,shots,key_passes,yellow_cards,red_cards,npg,npxG,xGChain,xGBuildup
15728,167,Matthias Ostrzolek,Hamburger SV,D M S,24,2000,1,0.843140197917819,1,0.982402140274644,12,17,4,0,1,0.843140197917819,3.433511743322015,2.363540753722191
15729,167,Matthias Ostrzolek,Hamburger SV,D S,25,2048,0,0.5522816190496087,1,1.7058377712965012,10,16,4,1,0,0.5522816190496087,3.273777787573636,1.261448078788817
15730,167,Matthias Ostrzolek,Hannover 96,D M S,18,1465,0,0.1963241193443536,0,0.3354450706392526,6,7,2,0,0,0.1963241193443536,2.5468594804406166,2.1053362116217613
15731,167,Matthias Ostrzolek,Hannover 96,D M,27,2381,0,0.5117449881508946,1,1.7164912382140756,15,22,5,0,0,0.5117449881508946,7.854629050008953,5.883052526041865
15732,167,Matthias Ostrzolek,Hamburger SV,D,32,2837,0,0.3155165752395987,2,2.581962926313281,12,24,5,0,0,0.3155165752395987,5.283152526244521,3.559314640238881
