,id,player_name,team_title,position,games,time,goals,xG,assists,xA,shots,key_passes,yellow_cards,red_cards,npg,npxG,xGChain,xGBuildup
15787,1093,Mattia Perin,Genoa,GK,21,1890,0,0.0,0,0.0906168967485427,0,2,1,0,0,0.0,0.8365845112130046,0.745967629365623
15788,1093,Mattia Perin,Genoa,GK,32,2781,0,0.0,0,0.0,0,0,0,1,0,0.0,1.97448599524796,1.97448599524796
15789,1093,Mattia Perin,Genoa,GK,32,2880,0,0.0,0,0.0212614275515079,0,1,1,1,0,0.0,3.2723713722079992,3.251109944656492
15790,1093,Mattia Perin,Genoa,GK,25,2250,0,0.0,0,0.0169402882456779,0,1,2,0,0,0.0,2.002711057662964,1.985770761966705
15791,1093,Mattia Perin,Genoa,GK,37,3330,0,0.0,0,0.1004316546022892,0,2,1,0,0,0.0,3.4780605901032686,3.414116034284234
15792,1093,Mattia Perin,Juventus,GK,9,810,0,0.0,0,0.0,0,0,1,0,0,0.0,1.1265145391225817,1.1265145391225817
15793,1093,Mattia Perin,Juventus,GK,3,270,0,0.0,0,0.0,0,0,0,0,0,0.0,0.0257467925548553,0.0257467925548553
15794,1093,Mattia Perin,Genoa,GK,16,1358,0,0.0,0,0.0,0,0,1,1,0,0.0,1.536361487582326,1.536361487582326
