,id,player_name,team_title,position,games,time,goals,xG,assists,xA,shots,key_passes,yellow_cards,red_cards,npg,npxG,xGChain,xGBuildup
15687,8872,Matteo Ruggeri,Salernitana,D,3,231,0,0.0122946370393037,0,0.0341363213956356,1,1,0,0,0,0.0122946370393037,0.1396303512156009,0.1054940298199653
15688,8872,Matteo Ruggeri,Atalanta,D S,6,210,0,0.0672319158911705,0,0.014002988114953,2,1,0,0,0,0.0672319158911705,1.089716961607337,1.0500837285071611
