,id,player_name,team_title,position,games,time,goals,xG,assists,xA,shots,key_passes,yellow_cards,red_cards,npg,npxG,xGChain,xGBuildup
15795,6993,Mattia Sprocati,Parma Calcio 1913,S,1,20,0,0.0,0,0.0,0,0,0,0,0,0.0,0.0,0.0
15796,6993,Mattia Sprocati,Parma Calcio 1913,F S,20,571,1,0.6503912098705769,0,0.3659575600177049,14,8,0,0,1,0.6503912098705769,1.030450938269496,0.2600734215229749
15797,6993,Mattia Sprocati,Parma Calcio 1913,F M S,16,626,1,0.5016327127814293,0,0.7927219364792109,10,11,0,0,1,0.5016327127814293,2.2035916037857533,1.4521796759217978
