,id,player_name,team_title,position,games,time,goals,xG,assists,xA,shots,key_passes,yellow_cards,red_cards,npg,npxG,xGChain,xGBuildup
15767,1813,Mattia Cassani,Parma,D S,18,1139,0,0.1942499270662665,0,1.2166715674102306,6,8,1,0,0,0.1942499270662665,2.271399337798357,1.4019100442528725
15768,1813,Mattia Cassani,Sampdoria,D S,25,2032,0,0.4612237932160496,1,0.64364368095994,3,8,6,1,0,0.4612237932160496,3.0577500900253654,2.7175244940444827
