,id,player_name,team_title,position,games,time,goals,xG,assists,xA,shots,key_passes,yellow_cards,red_cards,npg,npxG,xGChain,xGBuildup
15671,8522,Matteo Lovato,Verona,D M S,24,1377,0,0.0218546576797962,0,0.1767958831042051,1,4,5,0,0,0.0218546576797962,3.0234277956187725,2.8466319628059864
15672,8522,Matteo Lovato,Atalanta,D S,6,302,0,0.0244989581406116,1,0.1370132677257061,1,2,1,0,0,0.0244989581406116,1.6129934638738632,1.4759801849722862
15673,8522,Matteo Lovato,Verona,S,1,7,0,0.0,0,0.0,0,0,0,0,0,0.0,0.0,0.0
