,id,player_name,team_title,position,games,time,goals,xG,assists,xA,shots,key_passes,yellow_cards,red_cards,npg,npxG,xGChain,xGBuildup
15635,884,Matt Targett,Aston Villa,D S,28,2305,1,0.3935443013906479,2,3.2999231703579426,7,29,4,0,1,0.3935443013906479,7.988193564116955,6.494183115661144
15636,884,Matt Targett,Southampton,D M S,14,1077,0,0.1248127892613411,1,0.3632865436375141,3,6,1,0,0,0.1248127892613411,3.373509742319584,3.00678126513958
15637,884,Matt Targett,Southampton,D S,6,221,0,0.0355154424905777,0,0.0384635999798774,1,1,0,0,0,0.0355154424905777,0.936812193132937,0.936812193132937
15638,884,Matt Targett,Southampton,D M S,16,1180,1,0.601858351379633,3,2.119725428521633,11,23,2,0,1,0.601858351379633,3.455471090972424,2.1659122947603464
15639,884,Matt Targett,Southampton,D,5,373,0,0.0756064299494028,0,0.2909557297825813,2,5,0,0,0,0.0756064299494028,0.5847086757421494,0.4106647223234176
15640,884,Matt Targett,Aston Villa,D M,14,1170,1,0.6101371757686138,1,1.949789389036596,3,16,2,0,1,0.6101371757686138,3.021584556438029,0.8256862005218863
15641,884,Matt Targett,Aston Villa,D,38,3407,0,0.2803044756874442,2,2.799669211730361,6,39,7,0,0,0.2803044756874442,9.610858652740715,8.203313463367522
15642,884,Matt Targett,Southampton,D,2,168,0,0.0,0,0.1377749741077423,0,2,0,0,0,0.0,0.0,0.0
