,id,player_name,team_title,position,games,time,goals,xG,assists,xA,shots,key_passes,yellow_cards,red_cards,npg,npxG,xGChain,xGBuildup
15812,6974,Mattias Svanberg,Bologna,M S,34,1878,5,5.1559270322322845,2,2.7285459795966744,58,15,6,1,5,5.1559270322322845,9.551723162643611,4.717855555936694
15813,6974,Mattias Svanberg,Bologna,M S,23,1168,0,1.0236046789214015,3,1.284101441502571,22,16,2,0,0,1.0236046789214015,3.261754546314478,1.8861235417425632
15814,6974,Mattias Svanberg,Bologna,M S,25,1045,1,1.997132822871208,2,1.2798642283305526,38,19,2,0,1,1.997132822871208,5.505716623738408,3.155803455039859
15815,6974,Mattias Svanberg,Bologna,M S,17,1287,3,0.8861916325986385,2,1.598607056774199,22,20,3,0,3,0.8861916325986385,2.805815283209085,1.5790407974272966
