,id,player_name,team_title,position,games,time,goals,xG,assists,xA,shots,key_passes,yellow_cards,red_cards,npg,npxG,xGChain,xGBuildup
15743,5745,Matthieu Udol,Metz,D,3,270,0,0.0,0,0.0313065238296985,0,1,0,0,0,0.0,0.1314566284418106,0.1314566284418106
15744,5745,Matthieu Udol,Metz,D S,6,351,0,0.081684373319149,0,0.0,1,0,0,0,0,0.081684373319149,0.54651921056211,0.54651921056211
15745,5745,Matthieu Udol,Metz,D S,13,1103,0,0.4470948427915573,1,0.379220824688673,3,7,3,0,0,0.4470948427915573,1.5748564805835483,0.7710054721683264
15746,5745,Matthieu Udol,Metz,D S,12,1008,1,0.6596513483673334,0,0.1528173666447401,5,5,0,0,1,0.6596513483673334,2.360847471281886,1.710013089701533
15747,5745,Matthieu Udol,Metz,D M S,25,1718,0,0.6724732564762235,3,2.426148709841073,13,22,1,1,0,0.6724732564762235,5.070886343717575,2.7054978515952826
