,id,player_name,team_title,position,games,time,goals,xG,assists,xA,shots,key_passes,yellow_cards,red_cards,npg,npxG,xGChain,xGBuildup
15616,6852,Matt Doherty,Wolverhampton Wanderers,D M S,36,2842,4,6.484134657308459,3,2.127985888160765,34,21,1,0,4,6.484134657308459,14.165048303082584,7.663296995684504
15617,6852,Matt Doherty,Tottenham,S,3,49,0,0.0617737174034118,0,0.0494591258466243,1,1,0,0,0,0.0617737174034118,0.1874579042196273,0.1379987746477127
15618,6852,Matt Doherty,Tottenham,D M S,17,1228,0,0.3638824336230755,2,0.7646760381758213,3,11,2,1,0,0.3638824336230755,4.369955110363662,3.785172172822058
15619,6852,Matt Doherty,Wolverhampton Wanderers,D M S,38,3145,4,5.275961845181882,5,5.037374325096607,46,38,5,0,4,5.275961845181882,13.514683422632515,7.995736856944859
