,id,player_name,team_title,position,games,time,goals,xG,assists,xA,shots,key_passes,yellow_cards,red_cards,npg,npxG,xGChain,xGBuildup
15798,3899,Mattia Valoti,SPAL 2013,F M S,27,1535,3,3.308967654593289,1,1.693122054450214,31,24,7,0,3,3.308967654593289,6.938952884636819,4.094059878028929
15799,3899,Mattia Valoti,Verona,M S,10,172,1,0.9774827510118484,1,0.1997662326321005,3,5,4,0,1,0.9774827510118484,1.339162815362215,1.2565215080976486
15800,3899,Mattia Valoti,Verona,F M S,26,1577,3,3.581155478954315,0,0.7872190168127418,21,11,9,0,3,3.581155478954315,5.277523825876415,1.5740718189626932
15801,3899,Mattia Valoti,SPAL 2013,D M S,24,1230,2,1.5220624497160316,0,0.3416797127574682,20,10,6,0,2,1.5220624497160316,2.5212436988949776,1.239451700821519
