,id,player_name,team_title,position,games,time,goals,xG,assists,xA,shots,key_passes,yellow_cards,red_cards,npg,npxG,xGChain,xGBuildup
15833,2423,Matías Kranevitter,Zenit St. Petersburg,M S,21,1308,0,0.4511924339458346,1,0.5876560071483254,5,12,4,0,0,0.4511924339458346,3.554501054808497,2.6288592033088207
15834,2423,Matías Kranevitter,Zenit St. Petersburg,M S,6,196,0,0.3199960552155971,0,0.0,2,0,2,0,0,0.3199960552155971,0.5818781852722168,0.5818781852722168
15835,2423,Matías Kranevitter,Atletico Madrid,M S,8,322,0,0.0212018191814422,0,0.0,1,0,1,0,0,0.0212018191814422,0.1894930340349674,0.1682912148535251
15836,2423,Matías Kranevitter,Zenit St. Petersburg,S,2,24,0,0.0,0,0.0,0,0,0,0,0,0.0,0.1305932942777872,0.1305932942777872
15837,2423,Matías Kranevitter,Sevilla,D M S,21,1277,0,0.0662642642855644,0,0.1162433177232742,3,3,6,0,0,0.0662642642855644,2.722102236002684,2.670521605759859
