,id,player_name,team_title,position,games,time,goals,xG,assists,xA,shots,key_passes,yellow_cards,red_cards,npg,npxG,xGChain,xGBuildup
15844,1423,Matías Vecino,Fiorentina,M S,31,2350,3,2.8962725130841136,4,1.974687872454524,58,38,7,0,3,2.8962725130841136,12.593013130128384,9.009811306372283
15845,1423,Matías Vecino,Inter,M S,29,2132,3,3.237505007535219,2,2.778889041393996,40,22,6,1,3,3.237505007535219,13.080431872978806,9.962971406057475
15846,1423,Matías Vecino,Fiorentina,M S,30,2399,2,1.8428951660171151,1,1.2324516037479043,50,25,8,0,2,1.8428951660171151,10.748537759296596,9.18871593568474
15847,1423,Matías Vecino,Inter,M S,11,244,1,0.9565695598721504,0,0.7517156600952148,6,3,1,0,1,0.9565695598721504,5.2792150266468525,3.99422549456358
15848,1423,Matías Vecino,Inter,M S,8,278,1,0.8613556139171124,1,0.7116155028343201,6,4,0,0,1,0.8613556139171124,2.488172195851803,0.9441120699048042
15849,1423,Matías Vecino,Inter,M S,20,1282,2,3.586632449179888,2,0.943693647161126,28,14,4,0,2,3.586632449179888,7.420193428173661,3.1118402034044266
15850,1423,Matías Vecino,Inter,M S,30,2027,3,6.3166843531653285,1,1.67653938382864,44,20,8,0,3,6.3166843531653285,11.54499116167426,5.089736093766987
15851,1423,Matías Vecino,Empoli,M,36,3004,2,1.9670167248696089,3,3.286235553212464,55,35,6,0,2,1.9670167248696089,11.845626339316368,8.35271528083831
