,id,player_name,team_title,position,games,time,goals,xG,assists,xA,shots,key_passes,yellow_cards,red_cards,npg,npxG,xGChain,xGBuildup
15900,1513,Mauro Icardi,Inter,F S,29,2266,11,15.226494329050183,4,3.904071172699332,74,34,0,0,6,10.658861765637994,15.77518942207098,2.46586611866951
15901,1513,Mauro Icardi,Paris Saint Germain,F S,20,1263,12,11.45686367712915,2,2.1562581434845924,36,11,0,0,12,11.45686367712915,17.381130147725344,4.947348017245531
15902,1513,Mauro Icardi,Inter,F S,36,2897,22,20.0405349470675,6,4.607649671845138,121,34,4,0,18,16.234040889889002,23.24298907443881,4.910617297515273
15903,1513,Mauro Icardi,Inter,F,34,3030,24,20.680371914058924,8,4.897647587582469,109,43,1,0,21,17.635176587849855,21.16383771970868,2.21154866181314
15904,1513,Mauro Icardi,Paris Saint Germain,F S,20,1071,7,8.699155304580927,3,2.8388219494372606,40,15,1,0,6,7.939192030578852,11.686988301575184,2.6415733955800533
15905,1513,Mauro Icardi,Inter,F,34,2984,29,23.019863829016685,2,4.514054702594876,98,31,2,0,23,17.690772108733654,22.24777720309794,3.045393479987979
15906,1513,Mauro Icardi,Paris Saint Germain,F S,14,605,3,3.782645978033543,0,0.3699866980314255,14,5,1,0,3,3.782645978033543,4.414743818342686,0.3030471131205559
15907,1513,Mauro Icardi,Inter,F S,33,2608,16,13.370864221826196,4,5.164421901106834,57,32,1,0,15,11.848346980288625,16.034405590966344,2.293468937277794
