,id,player_name,team_title,position,games,time,goals,xG,assists,xA,shots,key_passes,yellow_cards,red_cards,npg,npxG,xGChain,xGBuildup
15892,2126,Mauro Dos Santos,Eibar,D S,31,2681,0,0.4709609188139438,1,0.9336177483201028,12,5,7,0,0,0.4709609188139438,2.8238992858678102,2.3240443356335163
15893,2126,Mauro Dos Santos,Eibar,D S,11,761,0,0.0804012618027627,0,0.0,2,0,1,0,0,0.0804012618027627,0.4258476793766022,0.4258476793766022
15894,2126,Mauro Dos Santos,Almeria,D S,29,2297,1,0.6817968105897307,0,0.1096951253712177,11,2,6,2,1,0.6817968105897307,0.9889901485294104,0.9090834148228168
15895,2126,Mauro Dos Santos,Leganes,D S,14,977,0,0.0169546715915203,0,0.0,1,0,3,0,0,0.0169546715915203,0.372183009982109,0.372183009982109
