,id,player_name,team_title,position,games,time,goals,xG,assists,xA,shots,key_passes,yellow_cards,red_cards,npg,npxG,xGChain,xGBuildup
15867,2354,Mauricio Lemos,Las Palmas,D S,10,737,0,0.1299836700782179,0,0.0,4,0,5,0,0,0.1299836700782179,1.0036440007388592,0.9833607263863088
15868,2354,Mauricio Lemos,Sassuolo,D,3,184,0,0.0,0,0.0,0,0,0,0,0,0.0,0.1682623829692602,0.1682623829692602
15869,2354,Mauricio Lemos,Sassuolo,D,8,705,1,0.6986682256683707,0,0.0120587227866053,8,1,3,0,1,0.6986682256683707,0.2111515356227755,0.1898295506834983
15870,2354,Mauricio Lemos,Rubin Kazan,D M,4,271,0,0.0900026392191648,0,0.0,5,0,0,0,0,0.0900026392191648,0.0261316043324768,0.0
15871,2354,Mauricio Lemos,Las Palmas,D M S,23,1861,5,0.8743524472229183,0,0.2726350855082273,19,3,6,0,5,0.8743524472229183,2.274683339055628,2.0832786541432142
15872,2354,Mauricio Lemos,Las Palmas,D M S,16,1267,0,0.7387480568140745,0,0.1763992672786116,16,4,6,0,0,0.7387480568140745,2.783107430674136,2.7131959218531847
