,id,player_name,team_title,position,games,time,goals,xG,assists,xA,shots,key_passes,yellow_cards,red_cards,npg,npxG,xGChain,xGBuildup
15931,155,Max Kruse,Werder Bremen,F M,23,2049,15,8.495123472064734,7,5.525233019143343,41,49,1,0,11,5.46401672065258,14.926254365593197,5.63700351677835
15932,155,Max Kruse,Union Berlin,F M S,22,1648,11,7.449714275076985,5,4.15254009142518,30,37,0,0,6,2.903215089812875,9.334398433566092,4.0433656219393015
15933,155,Max Kruse,Wolfsburg,F M S,32,2433,6,8.445129308849573,6,4.698330979794264,61,55,3,0,6,8.445129308849573,19.20827424712479,7.963528190739453
15934,155,Max Kruse,Werder Bremen,F M S,29,2454,6,5.110542174428701,6,4.774865754880011,53,57,2,0,6,5.110542174428701,13.111324571073055,5.913467304781079
15935,155,Max Kruse,Borussia M.Gladbach,F S,32,2586,11,11.078691450878978,9,8.653631360270083,65,77,2,0,8,8.805361384525895,21.175484623759985,9.910090547055006
15936,155,Max Kruse,Union Berlin,F M,12,947,2,3.2158225756138563,3,3.130982104688883,20,21,1,0,0,1.7002692092210054,6.227906260639429,2.374597664922476
15937,155,Max Kruse,Werder Bremen,F M,32,2840,11,10.845131965354083,9,5.90660797804594,91,78,0,0,8,8.571801902726293,19.77342744916677,9.382066011428831
