,id,player_name,team_title,position,games,time,goals,xG,assists,xA,shots,key_passes,yellow_cards,red_cards,npg,npxG,xGChain,xGBuildup
15955,6124,Maxi Gómez,Celta Vigo,F S,36,3084,17,16.01419635489583,4,4.29729350656271,83,23,12,0,17,16.01419635489583,22.77431538701057,4.923011731356382
15956,6124,Maxi Gómez,Valencia,F S,33,2168,10,6.880587128922343,2,3.248785298317671,41,14,5,0,10,6.137309504672885,9.626858914270995,2.038298759609461
15957,6124,Maxi Gómez,Valencia,F,31,2716,7,6.651546159759164,1,1.0523805301636455,54,13,5,1,7,6.651546159759164,7.757834631949663,1.0385258365422487
15958,6124,Maxi Gómez,Celta Vigo,F S,35,2962,13,12.474976568482816,5,2.9785617627203465,81,31,4,1,12,11.731698936782776,15.201250951737164,2.383694913238287
15959,6124,Maxi Gómez,Valencia,F S,13,979,2,1.824844796210528,1,1.7493143398314714,19,15,5,1,2,1.824844796210528,4.614598439075053,2.057579066604376
