,id,player_name,team_title,position,games,time,goals,xG,assists,xA,shots,key_passes,yellow_cards,red_cards,npg,npxG,xGChain,xGBuildup
16003,3772,Maxime Lopez,Marseille,M S,24,1373,0,0.671355607919395,1,1.4619066128507257,10,31,2,0,0,0.671355607919395,10.812483308836818,9.347103295847774
16004,3772,Maxime Lopez,Sassuolo,M S,16,1358,1,0.5625052955001593,0,0.9230511225759984,6,19,6,0,1,0.5625052955001593,8.155788164585829,7.206649761646986
16005,3772,Maxime Lopez,Marseille,M S,32,2192,1,0.4028986836783588,3,3.326098322868347,13,47,4,0,1,0.4028986836783588,7.785387552343309,6.156545924022794
16006,3772,Maxime Lopez,Marseille,F M S,23,1113,0,0.7036229055374861,3,0.8451448418200016,10,18,2,0,0,0.7036229055374861,3.692993765696883,2.577136380597949
16007,3772,Maxime Lopez,Sassuolo,M S,29,1876,2,1.5686356332153082,0,1.082992528565228,10,20,7,0,2,1.5686356332153082,9.204739823937416,7.809497674927115
16008,3772,Maxime Lopez,Marseille,F S,4,135,0,0.0,0,0.0737763941287994,0,1,1,0,0,0.0,0.365387000143528,0.2916106060147285
16009,3772,Maxime Lopez,Marseille,M S,30,2196,3,2.181599539704621,7,5.6690741535276175,24,50,4,0,3,2.181599539704621,14.039796326309444,10.676809333264828
