,id,player_name,team_title,position,games,time,goals,xG,assists,xA,shots,key_passes,yellow_cards,red_cards,npg,npxG,xGChain,xGBuildup
15965,5925,Maxim Karpov,SKA-Khabarovsk,D,3,270,0,0.0189682058990001,0,0.1340715736150741,1,3,0,0,0,0.0189682058990001,0.346966989338398,0.2985629364848137
15966,5925,Maxim Karpov,Krylya Sovetov Samara,D,21,1883,1,2.165787611156702,0,0.1138038039207458,7,4,4,1,1,2.165787611156702,3.096292329952121,2.326120974496007
15967,5925,Maxim Karpov,Khimki,D,5,390,0,0.0,0,0.0,0,0,2,0,0,0.0,1.5048052370548248,1.5048052370548248
