,id,player_name,team_title,position,games,time,goals,xG,assists,xA,shots,key_passes,yellow_cards,red_cards,npg,npxG,xGChain,xGBuildup
16063,3278,Maxwel Cornet,Lyon,D,1,67,0,0.0,0,0.0368853434920311,0,1,0,1,0,0.0,0.7802301645278931,0.743344783782959
16064,3278,Maxwel Cornet,Lyon,F M S,33,1889,6,7.135368766263127,2,1.463797066360712,51,21,1,0,6,7.135368766263127,9.991468619555237,2.8506116829812527
16065,3278,Maxwel Cornet,Burnley,F M S,9,581,5,1.3725563883781433,0,0.5860527213662863,13,5,2,0,5,1.3725563883781433,3.0868571400642395,1.623943064361811
16066,3278,Maxwel Cornet,Lyon,D F M S,22,1320,4,1.96760318800807,3,3.17042207159102,24,28,1,0,4,1.96760318800807,6.215669255703688,1.887798063457012
16067,3278,Maxwel Cornet,Lyon,F M S,27,1272,7,7.476269736886024,5,4.192170446738601,47,24,2,0,7,7.476269736886024,13.268384093418716,3.01137887686491
16068,3278,Maxwel Cornet,Lyon,D F M S,36,2477,2,1.9478412475436928,5,3.6098263738676906,21,25,5,0,2,1.9478412475436928,15.147996753454208,12.067022256553171
16069,3278,Maxwel Cornet,Lyon,F M S,31,1497,8,4.5265160985291,1,2.02304195612669,30,23,3,1,8,4.5265160985291,8.933843758888543,2.6859244322404265
16070,3278,Maxwel Cornet,Lyon,F M S,30,1248,4,2.922212030738592,6,2.7094739973545074,31,26,1,0,4,2.922212030738592,6.025447221472859,2.195372922345996
