,id,player_name,team_title,position,games,time,goals,xG,assists,xA,shots,key_passes,yellow_cards,red_cards,npg,npxG,xGChain,xGBuildup
16111,6211,Mehdi Leris,Chievo,S,4,35,0,0.0,0,0.0,0,0,0,0,0,0.0,0.0,0.0
16112,6211,Mehdi Leris,Sampdoria,D M S,20,356,0,0.0802091434597969,0,0.5349326902069151,2,8,1,0,0,0.0802091434597969,1.6641705054789782,1.4374277405440807
16113,6211,Mehdi Leris,Chievo,F M S,23,1616,0,1.8005534247495234,2,0.921203788369894,30,18,5,0,0,1.8005534247495234,4.741709637455642,2.8387282928451896
16114,6211,Mehdi Leris,Sampdoria,F M S,15,480,1,0.7676120749674737,1,1.1273093186318874,13,10,0,0,1,0.7676120749674737,1.2432834203355014,0.9337662905454636
