,id,player_name,team_title,position,games,time,goals,xG,assists,xA,shots,key_passes,yellow_cards,red_cards,npg,npxG,xGChain,xGBuildup
16108,2195,Mehdi Lacen,"Getafe,Malaga",M S,19,1121,0,0.2759795477613807,0,0.2740410016849637,7,5,3,0,0,0.2759795477613807,1.7199214389547706,1.250427257269621
16109,2195,Mehdi Lacen,Getafe,M,31,2668,0,0.2975301556289196,0,0.3784100785851478,13,10,8,0,0,0.2975301556289196,6.972646716982126,6.501035913825035
16110,2195,Mehdi Lacen,Getafe,M S,30,2601,2,0.6226041596382856,2,0.779616778716445,17,26,7,0,2,0.6226041596382856,6.309499010443687,5.329238381236792
