,id,player_name,team_title,position,games,time,goals,xG,assists,xA,shots,key_passes,yellow_cards,red_cards,npg,npxG,xGChain,xGBuildup
16119,5658,Mehdi Tahrat,Angers,M S,7,443,0,0.0982895363122224,0,0.0675843358039856,5,1,3,0,0,0.0982895363122224,0.6724779643118382,0.5672458847984672
16120,5658,Mehdi Tahrat,Angers,M S,7,294,0,0.1830979688093066,0,0.0,5,0,2,0,0,0.1830979688093066,0.6113033657893538,0.5585171524435282
