,id,player_name,team_title,position,games,time,goals,xG,assists,xA,shots,key_passes,yellow_cards,red_cards,npg,npxG,xGChain,xGBuildup
16121,3233,Mehdi Zeffane,Krylya Sovetov Samara,D,6,489,0,0.038580160588026,0,0.0228978134691715,2,2,0,0,0,0.038580160588026,1.096549455076456,1.0350714772939682
16122,3233,Mehdi Zeffane,Rennes,D F M S,15,993,0,0.3558622044511139,1,0.7535457983613014,15,5,0,0,0,0.3558622044511139,1.5978136560879648,1.2181256227195263
16123,3233,Mehdi Zeffane,Lyon,D S,4,202,0,0.034655530937016,0,0.0455500148236751,3,1,0,0,0,0.034655530937016,0.7636317182332277,0.7074305368587375
16124,3233,Mehdi Zeffane,Rennes,D M S,16,804,1,0.446203451603651,1,0.4418023265898227,13,6,1,0,1,0.446203451603651,1.9636522522196167,1.1186485942453146
16125,3233,Mehdi Zeffane,Krylya Sovetov Samara,D S,15,1063,0,0.2344311224296689,0,0.1235852371901273,9,3,2,0,0,0.2344311224296689,2.362443622201681,2.0499501079320908
16126,3233,Mehdi Zeffane,Rennes,M,1,75,0,0.0311373379081487,0,0.0917125642299652,1,1,0,0,0,0.0311373379081487,0.0493644475936889,0.0493644475936889
16127,3233,Mehdi Zeffane,Rennes,D M S,20,1207,1,0.6675452729687095,0,0.961721170693636,6,11,4,0,1,0.6675452729687095,3.641937030479312,2.758447009138763
