,id,player_name,team_title,position,games,time,goals,xG,assists,xA,shots,key_passes,yellow_cards,red_cards,npg,npxG,xGChain,xGBuildup
16153,2643,Mergim Mavraj,FC Cologne,D S,15,1033,0,0.1062981262803077,0,0.3279575742781162,2,3,1,0,0,0.1062981262803077,1.0579807199537754,1.0199618497863412
16154,2643,Mergim Mavraj,FC Cologne,D S,12,991,0,0.4232323616743088,0,0.0,5,0,1,0,0,0.4232323616743088,2.2172930277884007,2.1647486351430416
16155,2643,Mergim Mavraj,"FC Cologne,Hamburger SV",D,30,2700,0,0.7359930239617825,0,0.0,14,0,5,0,0,0.7359930239617825,5.761566030792892,5.745026056654751
16156,2643,Mergim Mavraj,Hamburger SV,D,17,1455,0,0.3293757252395153,0,0.1210427805781364,5,2,2,1,0,0.3293757252395153,0.9373348476365208,0.8842328609898686
