,id,player_name,team_title,position,games,time,goals,xG,assists,xA,shots,key_passes,yellow_cards,red_cards,npg,npxG,xGChain,xGBuildup
16171,499,Mesut Özil,Arsenal,M,18,1472,1,1.7082734499126673,2,2.287408385425806,9,37,1,0,1,1.7082734499126673,8.399061232805252,6.210024692118168
16172,499,Mesut Özil,Arsenal,F M S,26,2166,4,4.391980981454253,8,9.12884728424251,39,84,4,0,4,4.391980981454253,21.609493847936392,14.73346976004541
16173,499,Mesut Özil,Arsenal,M,35,3065,6,7.923179539851844,19,17.618861474096775,48,146,4,0,6,7.923179539851844,32.78600184805691,18.35121105238796
16174,499,Mesut Özil,Arsenal,M S,24,1751,5,2.226021744310856,2,4.29013523645699,11,45,2,0,5,2.226021744310856,11.982875283807516,8.060832222923636
16175,499,Mesut Özil,Arsenal,F M S,22,1861,4,3.860026102513075,5,6.6569958999753,29,69,0,0,4,3.860026102513075,16.416587620973587,9.916828630492091
16176,499,Mesut Özil,Arsenal,M S,33,2856,8,5.606559839099646,9,8.070466492325068,40,100,2,0,8,5.606559839099646,22.84275530651212,14.728361110202968
