,id,player_name,team_title,position,games,time,goals,xG,assists,xA,shots,key_passes,yellow_cards,red_cards,npg,npxG,xGChain,xGBuildup
16178,104,Mevl端t Erdinc,Metz,F S,24,1408,6,7.156169913709164,1,0.7265342734754086,46,10,1,0,3,4.115789315663278,4.648508639074862,0.6190752843394876
16179,104,Mevl端t Erdinc,Guingamp,F S,15,883,4,3.859116453677416,0,0.2768417745828628,18,6,0,0,4,3.859116453677416,3.8275926634669295,0.1383881457149982
16180,104,Mevl端t Erdinc,Saint-Etienne,F S,26,1610,8,6.42682633176446,1,0.6167656779289246,40,8,1,0,7,4.906636003404856,6.225676994770765,1.827495714649558
16181,104,Mevl端t Erdinc,Hannover 96,F S,11,368,0,1.1985056847333908,1,0.5164531990885735,7,4,0,0,0,0.440728984773159,0.94795798137784,0.1294749043881893
