,id,player_name,team_title,position,games,time,goals,xG,assists,xA,shots,key_passes,yellow_cards,red_cards,npg,npxG,xGChain,xGBuildup
16205,5277,Michael Esser,Hannover 96,GK,3,270,0,0.0,0,0.0,0,0,0,0,0,0.0,0.4447498805820942,0.4447498805820942
16206,5277,Michael Esser,Darmstadt,GK,28,2486,0,0.0759307965636253,0,0.0,1,0,3,0,0,0.0759307965636253,0.977863147854805,0.977863147854805
16207,5277,Michael Esser,Bochum,GK,1,90,0,0.0,0,0.0,0,0,0,0,0,0.0,0.0,0.0
16208,5277,Michael Esser,Hannover 96,GK,32,2880,0,0.0,0,0.2201611623167991,0,2,3,0,0,0.0,2.916304834187031,2.734689421951771
