,id,player_name,team_title,position,games,time,goals,xG,assists,xA,shots,key_passes,yellow_cards,red_cards,npg,npxG,xGChain,xGBuildup
16233,1668,Michael Kightly,Burnley,M S,17,959,1,1.5443965904414654,2,1.130386938340962,14,9,3,0,1,1.5443965904414654,3.1266016084700823,0.6678649410605431
16234,1668,Michael Kightly,Burnley,M S,5,96,0,0.081696979701519,0,0.0,1,0,0,0,0,0.081696979701519,0.0,0.0
