,id,player_name,team_title,position,games,time,goals,xG,assists,xA,shots,key_passes,yellow_cards,red_cards,npg,npxG,xGChain,xGBuildup
16284,1678,Michy Batshuayi,Crystal Palace,F S,11,766,5,3.6997953336685896,0,0.1040986608713865,27,2,0,0,5,3.6997953336685896,5.173523511737585,1.5456311460584402
16285,1678,Michy Batshuayi,Borussia Dortmund,F S,10,837,7,6.746567998081446,1,0.5975815877318382,29,4,2,0,7,6.746567998081446,8.068312104791403,0.8493096325546503
16286,1678,Michy Batshuayi,Chelsea,F S,16,194,1,3.038818970322609,1,0.202503627166152,15,3,0,0,1,3.038818970322609,3.1288072522729635,0.2204307839274406
16287,1678,Michy Batshuayi,Valencia,F S,15,502,1,1.3887613825500011,0,0.7928608758375049,17,10,3,0,1,1.3887613825500011,2.031308874487877,0.2972475998103618
16288,1678,Michy Batshuayi,Chelsea,F S,12,342,2,1.3368120659142733,1,0.0939797312021255,13,1,0,0,2,1.3368120659142733,1.5383551437407732,0.372941892594099
16289,1678,Michy Batshuayi,Marseille,F S,36,2941,17,18.57571182027459,9,3.359591932967305,122,27,8,0,15,17.05552152171731,21.57855186611414,4.369809076189995
16290,1678,Michy Batshuayi,Chelsea,F S,20,221,5,3.764822266995907,1,0.0279443766921758,17,1,0,0,5,3.764822266995907,4.593404529616237,1.313730038702488
16291,1678,Michy Batshuayi,Crystal Palace,F S,18,706,2,1.3631451642140746,1,1.6547212526202202,12,9,0,0,2,1.3631451642140746,3.708006873726845,1.4757320675998926
16292,1678,Michy Batshuayi,Marseille,F M S,24,889,7,6.189341150224209,0,0.4497255114838481,33,9,1,0,7,5.429245986044407,7.098172749392688,1.599047651514411
