,id,player_name,team_title,position,games,time,goals,xG,assists,xA,shots,key_passes,yellow_cards,red_cards,npg,npxG,xGChain,xGBuildup
16215,171,Michael Gregoritsch,"Augsburg,Schalke 04",F M S,20,1144,1,4.051747657358646,1,1.2388455141335726,28,15,2,0,1,4.051747657358646,5.305490884929895,0.8781859874725342
16216,171,Michael Gregoritsch,Augsburg,F M S,32,2543,13,9.903523188084364,2,1.2969312742352486,91,20,3,0,12,9.145746480673552,12.259740420617163,4.842769099399447
16217,171,Michael Gregoritsch,Augsburg,F M S,32,2499,6,10.701702894642947,2,2.454625617712736,85,28,4,0,5,9.943926157429814,14.628476664423944,5.329403329640627
16218,171,Michael Gregoritsch,Augsburg,F M S,24,808,1,1.3399285431951284,2,1.1878071874380112,12,5,1,0,1,1.3399285431951284,3.9831802044063807,1.701615370810032
16219,171,Michael Gregoritsch,Augsburg,F S,8,220,2,0.5646715015172958,0,0.291983813047409,6,2,1,0,2,0.5646715015172958,1.490040235221386,0.7646406553685665
16220,171,Michael Gregoritsch,Hamburger SV,F M S,30,1306,5,4.986905660480261,1,1.2617354411631825,52,9,4,0,5,4.986905660480261,6.820508790202439,2.4706054059788585
16221,171,Michael Gregoritsch,Hamburger SV,F M S,25,1432,5,5.430722805671394,2,1.461008945479989,51,19,6,0,5,5.430722805671394,7.138475136831403,3.297291051596403
