,id,player_name,team_title,position,games,time,goals,xG,assists,xA,shots,key_passes,yellow_cards,red_cards,npg,npxG,xGChain,xGBuildup
16243,6504,Michael Obafemi,Southampton,S,1,7,0,0.5450024604797363,0,0.0,1,0,0,0,0,0.5450024604797363,0.5450024604797363,0.0
16244,6504,Michael Obafemi,Southampton,S,4,52,0,0.0,0,0.0549185536801815,0,1,0,0,0,0.0,0.1489026863127946,0.1489026863127946
16245,6504,Michael Obafemi,Southampton,F S,6,131,1,1.8935853093862527,1,0.3352696597576141,7,2,1,0,1,1.8935853093862527,2.3292872458696365,0.3844363838434219
16246,6504,Michael Obafemi,Southampton,F S,21,654,3,2.154612448066473,2,1.2253467291593552,12,10,1,0,3,2.154612448066473,2.883793210610748,0.5151654873043299
