,id,player_name,team_title,position,games,time,goals,xG,assists,xA,shots,key_passes,yellow_cards,red_cards,npg,npxG,xGChain,xGBuildup
16301,7176,Mickaël Alphonse,Dijon,D S,17,1376,0,0.2534643076360225,1,0.4586336500942707,8,8,2,0,0,0.2534643076360225,2.393262386322021,1.9607574101537464
16302,7176,Mickaël Alphonse,Dijon,D S,11,560,1,0.1948008071631193,0,0.3519670218229294,3,7,0,0,1,0.1948008071631193,1.6016644798219204,1.1482746079564097
