,id,player_name,team_title,position,games,time,goals,xG,assists,xA,shots,key_passes,yellow_cards,red_cards,npg,npxG,xGChain,xGBuildup
16315,567,Miguel Britos,Watford,D S,12,798,1,0.8243590015918016,0,0.8880610410124063,3,3,3,1,1,0.8243590015918016,1.6663387808948755,1.0712276101112366
16316,567,Miguel Britos,Watford,D,24,2079,0,0.384248711168766,0,0.0,6,0,7,0,0,0.384248711168766,1.1019561747089028,1.1019561747089028
16317,567,Miguel Britos,Napoli,D S,19,1495,1,1.0546199046075344,0,0.2491469476372003,9,5,7,1,1,1.0546199046075344,3.648371949791908,3.3804653231054544
16318,567,Miguel Britos,Watford,D S,3,185,0,0.0,0,0.0,0,0,0,0,0,0.0,0.096755139529705,0.096755139529705
16319,567,Miguel Britos,Watford,D,27,2291,1,2.0071699442341924,2,1.574758531525731,18,7,6,2,1,2.0071699442341924,2.3599054338410497,2.0335668586194515
