,id,player_name,team_title,position,games,time,goals,xG,assists,xA,shots,key_passes,yellow_cards,red_cards,npg,npxG,xGChain,xGBuildup
16320,2583,Miguel Cardoso,Deportivo La Coruna,S,3,40,0,0.1863898634910583,1,0.3605203628540039,4,1,0,0,0,0.1863898634910583,0.5691583156585693,0.0222481079399585
16321,2583,Miguel Cardoso,Dinamo Moscow,F M S,16,1233,3,4.318309552967548,0,1.9792091324925425,35,23,3,0,3,4.318309552967548,7.791262101382017,2.004156991373748
16322,2583,Miguel Cardoso,"Dinamo Moscow,FC Tambov",M S,7,276,1,0.950203537940979,0,0.9798745848238468,6,8,1,0,1,0.950203537940979,1.6866273619234562,0.2703954502940178
