,id,player_name,team_title,position,games,time,goals,xG,assists,xA,shots,key_passes,yellow_cards,red_cards,npg,npxG,xGChain,xGBuildup
16381,95,Miiko Albornoz,Hannover 96,D,23,2070,0,0.337739072740078,1,2.8997876923531294,8,31,1,0,0,0.337739072740078,5.525413606315851,3.774231303483248
16382,95,Miiko Albornoz,Hannover 96,D M S,22,1654,1,0.2476477017626166,3,1.519696895033121,11,18,3,1,1,0.2476477017626166,4.029156145639718,2.547637788578868
16383,95,Miiko Albornoz,Hannover 96,D S,10,698,0,0.1487155240029096,2,0.860082134604454,4,8,1,0,0,0.1487155240029096,2.299403080716729,1.6238486114889383
16384,95,Miiko Albornoz,Hannover 96,D M S,28,2189,0,0.2179957712069153,3,1.7062032278627155,8,17,2,0,0,0.2179957712069153,6.569233730435371,5.533054821193218
