,id,player_name,team_title,position,games,time,goals,xG,assists,xA,shots,key_passes,yellow_cards,red_cards,npg,npxG,xGChain,xGBuildup
16385,290,Mijat Gacinovic,Eintracht Frankfurt,F M S,29,1821,1,3.3350911922752857,3,3.077459986321628,37,22,4,0,1,3.3350911922752857,7.356523338705301,2.035166457295418
16386,290,Mijat Gacinovic,Hoffenheim,M S,4,107,0,0.0835520774126052,0,0.0,1,0,1,0,0,0.0835520774126052,0.6724779680371284,0.5889258906245232
16387,290,Mijat Gacinovic,Eintracht Frankfurt,M S,7,334,0,0.1059457808732986,0,0.1538721397519111,4,3,1,0,0,0.1059457808732986,0.2074660090729594,0.1517937136813998
16388,290,Mijat Gacinovic,Hoffenheim,D F M S,23,790,0,1.7657899279147389,2,2.212107937783003,13,11,5,0,0,1.7657899279147389,5.801730973646045,2.965566050261259
16389,290,Mijat Gacinovic,Eintracht Frankfurt,M S,29,1608,0,1.5143770929425957,1,2.166080830618739,21,19,3,0,0,1.5143770929425957,6.6297499211505055,3.5500299278646708
16390,290,Mijat Gacinovic,Eintracht Frankfurt,F M S,23,1048,0,2.927956333383918,1,1.226303730159998,25,13,2,0,0,2.927956333383918,6.500789151526988,2.8329445142298937
16391,290,Mijat Gacinovic,Eintracht Frankfurt,F M S,28,2245,2,2.923453855793923,0,1.5315208118408918,29,14,9,0,2,2.923453855793923,7.077972685918212,3.7746805008500814
