,id,player_name,team_title,position,games,time,goals,xG,assists,xA,shots,key_passes,yellow_cards,red_cards,npg,npxG,xGChain,xGBuildup
16392,2976,Mijo Caktas,Rubin Kazan,M S,11,690,1,1.867844335734844,2,0.5188396824523807,17,11,1,0,0,1.1135689988732338,2.4912747777998447,1.2857584841549397
16393,2976,Mijo Caktas,Rubin Kazan,M S,17,1169,2,1.5180125497281551,1,1.0282709198072553,17,14,3,2,1,0.7637372426688671,2.646127160638571,1.8655174039304256
16394,2976,Mijo Caktas,Rubin Kazan,M S,10,541,2,1.4019543193280697,0,0.99067672342062,12,12,1,0,1,0.6476789973676205,1.0170147344470024,0.2469505872577428
