,id,player_name,team_title,position,games,time,goals,xG,assists,xA,shots,key_passes,yellow_cards,red_cards,npg,npxG,xGChain,xGBuildup
16399,4246,Mike Frantz,Freiburg,D M S,31,2260,2,1.7232595309615135,1,1.3026776816695929,19,15,2,0,2,1.7232595309615135,4.109943946823478,1.2576067354530096
16400,4246,Mike Frantz,Freiburg,M S,30,2507,0,1.722925065085292,1,1.4663325091823936,23,26,2,0,0,1.722925065085292,4.326974157243967,2.1694922875612974
16401,4246,Mike Frantz,Freiburg,F M S,25,1191,4,3.493234507739544,1,1.234888032078743,23,12,3,0,4,3.493234507739544,5.093011977151036,1.4539168942719698
16402,4246,Mike Frantz,Freiburg,M S,15,1052,0,0.9387821350246668,1,0.3649820387363434,11,7,0,0,0,0.9387821350246668,1.9867240749299528,0.7446012012660503
16403,4246,Mike Frantz,Freiburg,M S,18,329,0,0.3875165395438671,1,0.9274632530286908,4,7,2,0,0,0.3875165395438671,1.3286323249340055,0.9031934104859828
