,id,player_name,team_title,position,games,time,goals,xG,assists,xA,shots,key_passes,yellow_cards,red_cards,npg,npxG,xGChain,xGBuildup
16474,5421,Mikhail Lysov,Lokomotiv Moscow,D S,8,563,0,0.0177472960203886,0,0.2711388021707535,1,4,1,0,0,0.0177472960203886,0.8516010977327824,0.5804622946307063
16475,5421,Mikhail Lysov,Lokomotiv Moscow,S,1,25,0,0.0,0,0.0,0,0,1,0,0,0.0,0.0307847820222377,0.0307847820222377
16476,5421,Mikhail Lysov,Lokomotiv Moscow,D,1,78,0,0.0193436723202466,0,0.0,1,0,0,0,0,0.0193436723202466,0.0986358895897865,0.0792922154068946
16477,5421,Mikhail Lysov,Lokomotiv Moscow,D M S,13,823,0,0.0114188445731997,1,0.254053445532918,1,5,1,0,0,0.0114188445731997,1.9745143819600344,1.7739586322568357
