,id,player_name,team_title,position,games,time,goals,xG,assists,xA,shots,key_passes,yellow_cards,red_cards,npg,npxG,xGChain,xGBuildup
16574,6247,Mirko Antonucci,Roma,S,2,87,0,0.1974950432777404,0,0.0501232519745826,3,1,1,0,0,0.1974950432777404,0.3405322134494781,0.1564024090766906
16575,6247,Mirko Antonucci,Roma,S,2,25,0,0.6026621460914612,1,0.4467810094356537,1,2,0,0,0,0.6026621460914612,1.081539750099182,0.0320966392755508
