,id,player_name,team_title,position,games,time,goals,xG,assists,xA,shots,key_passes,yellow_cards,red_cards,npg,npxG,xGChain,xGBuildup
16590,1878,Miroslav Klose,Lazio,F S,34,1828,13,11.33358507975936,6,4.195739805698395,38,22,5,0,13,11.33358507975936,16.795615192502737,3.697895733639598
16591,1878,Miroslav Klose,Lazio,F S,24,1359,7,7.064247259870172,7,4.077461061067879,30,18,3,0,6,6.303028864786029,10.421096183359625,2.039053911343217
