,id,player_name,team_title,position,games,time,goals,xG,assists,xA,shots,key_passes,yellow_cards,red_cards,npg,npxG,xGChain,xGBuildup
16683,6923,Mohammed Salisu,Southampton,D S,12,836,0,0.4784316532313823,0,0.1721573732793331,4,2,1,0,0,0.4784316532313823,2.2042923234403133,2.1540722399950027
16684,6923,Mohammed Salisu,Real Valladolid,D S,31,2731,1,1.195955378934741,1,0.1573521234095096,7,2,4,0,1,1.195955378934741,2.2224469650536776,2.185100419446826
16685,6923,Mohammed Salisu,Southampton,D S,15,1314,0,0.443313299678266,0,0.3812847100198269,9,5,5,0,0,0.443313299678266,4.396724697202444,4.196108352392912
