,id,player_name,team_title,position,games,time,goals,xG,assists,xA,shots,key_passes,yellow_cards,red_cards,npg,npxG,xGChain,xGBuildup
16654,3249,Mohamed Fofana,Reims,D S,13,985,0,0.1849550120532512,2,0.5832177996635437,3,2,2,0,0,0.1849550120532512,0.6714481376111507,0.655249048024416
16655,3249,Mohamed Fofana,Reims,D S,13,1092,0,0.2541015073657036,0,0.0150569966062903,3,1,4,0,0,0.2541015073657036,0.8280569277703762,0.8280569277703762
