,id,player_name,team_title,position,games,time,goals,xG,assists,xA,shots,key_passes,yellow_cards,red_cards,npg,npxG,xGChain,xGBuildup
16631,8685,Mohamed Ali-Cho,Angers,F S,21,302,0,1.6165057141333818,0,0.0925527811050415,10,2,1,0,0,1.6165057141333818,1.2442443054169416,0.1123993583023548
16632,8685,Mohamed Ali-Cho,Angers,F S,18,1187,2,4.120864629745483,0,1.2629904597997663,28,7,2,0,2,4.120864629745483,7.086293421685696,2.399080369621516
