,id,player_name,team_title,position,games,time,goals,xG,assists,xA,shots,key_passes,yellow_cards,red_cards,npg,npxG,xGChain,xGBuildup
16645,6894,Mohamed Elyounoussi,Southampton,M S,13,817,1,3.052478738129139,0,0.7443209234625101,23,10,2,0,1,3.052478738129139,4.348086293786764,1.146293941885233
16646,6894,Mohamed Elyounoussi,Southampton,M S,16,786,0,2.2058661356568336,0,1.144820772111416,20,15,0,0,0,2.2058661356568336,3.5312400087714195,1.0457502156496048
