,id,player_name,team_title,position,games,time,goals,xG,assists,xA,shots,key_passes,yellow_cards,red_cards,npg,npxG,xGChain,xGBuildup
16694,1304,Moise Kean,Paris Saint Germain,F M S,26,1723,13,10.803335584700108,0,0.955935349687934,52,7,4,0,13,10.803335584700108,13.382936757057903,3.096214957535267
16695,1304,Moise Kean,Juventus,F S,13,527,6,3.811594180762768,0,0.3979450948536396,20,5,2,0,6,3.811594180762768,4.452037140727043,0.4792767986655235
16696,1304,Moise Kean,Everton,S,1,1,0,0.0,0,0.0,0,0,0,0,0,0.0,0.0178620126098394,0.0178620126098394
16697,1304,Moise Kean,Everton,F S,29,783,2,4.140312344767153,2,2.337308671325445,30,10,1,0,2,4.140312344767153,6.865808515809476,1.0858370438218117
16698,1304,Moise Kean,Verona,F S,19,1135,4,5.300489432178438,0,0.4030134221538901,34,7,5,0,4,5.300489432178438,5.446040361188352,0.3146970812231302
16699,1304,Moise Kean,Juventus,S,3,17,1,0.3704092800617218,0,0.0,1,0,0,0,1,0.3704092800617218,0.0781639814376831,0.0781639814376831
16700,1304,Moise Kean,Juventus,F S,11,353,2,2.7230124473571777,0,0.096724709495902,11,2,2,0,2,2.7230124473571777,2.570018868893385,0.4183038678020239
16701,1304,Moise Kean,Everton,S,2,10,0,0.0223457217216491,0,0.0,1,0,0,0,0,0.0223457217216491,0.0223457217216491,0.0
