,id,player_name,team_title,position,games,time,goals,xG,assists,xA,shots,key_passes,yellow_cards,red_cards,npg,npxG,xGChain,xGBuildup
16704,1159,Molla Wagué,Watford,D S,6,441,1,0.6763312965631485,0,0.0,3,0,0,0,1,0.6763312965631485,0.2812150716781616,0.2812150716781616
16705,1159,Molla Wagué,Udinese,D,1,58,0,0.0291316043585538,0,0.0,1,0,0,0,0,0.0291316043585538,0.0845056623220443,0.0845056623220443
16706,1159,Molla Wagué,Udinese,D,6,540,0,0.2743544019758701,0,0.0144512541592121,5,1,2,0,0,0.2743544019758701,0.1719700749963522,0.1511496165767312
16707,1159,Molla Wagué,Nantes,D S,9,683,0,0.1506244093179702,0,0.0724175050854682,2,1,1,1,0,0.1506244093179702,0.9977411795407534,0.9253236819058656
16708,1159,Molla Wagué,Udinese,D S,2,91,0,0.3730121552944183,0,0.0,3,0,0,0,0,0.3730121552944183,1.035907962359488,0.7642857814207673
16709,1159,Molla Wagué,Udinese,D M,10,894,2,1.0469279596582055,0,0.0457696691155433,5,1,4,0,2,1.0469279596582055,0.9523615278303624,0.906591858714819
16710,1159,Molla Wagué,Udinese,D S,21,1690,0,0.8481208644807339,0,0.7787603437900543,11,4,5,1,0,0.8481208644807339,0.9355394709855318,0.8862327728420496
