,id,player_name,team_title,position,games,time,goals,xG,assists,xA,shots,key_passes,yellow_cards,red_cards,npg,npxG,xGChain,xGBuildup
16721,2186,Morales,Levante,F M S,17,1361,5,4.286542294546962,0,0.7815737221390009,30,10,3,0,5,3.5432646851986647,5.596725858747959,1.573527374304831
16722,2186,Morales,Levante,D F M S,35,2676,7,5.439553269185126,5,4.9369639763608575,71,55,4,0,7,5.439553269185126,9.97822062857449,2.385409440845251
16723,2186,Morales,Levante,D F M S,37,3196,12,13.04328029230237,5,5.543193655088544,65,43,7,0,9,9.32727601006627,17.859703842550516,5.1766180247068405
16724,2186,Morales,Levante,F M,35,3070,10,9.576948387548327,8,7.461081296205521,61,46,6,1,7,7.34724342636764,14.592311196029186,3.409728723578155
16725,2186,Morales,Levante,F M S,38,2469,14,7.804594649001956,3,4.620819337666035,58,34,3,0,14,7.061444958671928,12.5813704226166,3.2699944199994206
16726,2186,Morales,Levante,F M S,38,2539,4,5.152347625233233,2,4.518241319805384,41,34,3,0,4,5.152347625233233,11.407953718677163,2.6401567235589027
16727,2186,Morales,Levante,D F M S,36,2800,3,2.7033283803611994,3,3.086835628375411,43,39,3,0,3,2.7033283803611994,6.662274377420545,2.850053953938186
