,id,player_name,team_title,position,games,time,goals,xG,assists,xA,shots,key_passes,yellow_cards,red_cards,npg,npxG,xGChain,xGBuildup
16728,7570,Moreto Cassam達,Reims,M S,29,2050,1,0.2763533508405089,1,0.7772508524358273,11,15,8,3,1,0.2763533508405089,3.948960135690868,3.5525420727208257
16729,7570,Moreto Cassam達,Reims,M,1,61,0,0.0,0,0.0,0,0,0,0,0,0.0,0.0,0.0
16730,7570,Moreto Cassam達,Reims,M S,13,622,2,0.6463754754513502,0,0.1248038727790117,11,5,0,0,2,0.6463754754513502,3.2512227408587933,2.591671174392104
16731,7570,Moreto Cassam達,Reims,M,7,594,1,0.1090706381946802,1,0.7123946696519852,4,8,3,0,1,0.1090706381946802,0.9540552319958806,0.8818860175088048
