,id,player_name,team_title,position,games,time,goals,xG,assists,xA,shots,key_passes,yellow_cards,red_cards,npg,npxG,xGChain,xGBuildup
16746,3696,Morgan Sanson,Marseille,M S,12,837,2,0.8887249454855919,3,3.004149654880166,10,13,2,0,2,0.8887249454855919,4.200193025171757,1.9197181835770607
16747,3696,Morgan Sanson,Aston Villa,S,3,51,0,0.0,0,0.0,0,0,0,0,0,0.0,0.0,0.0
16748,3696,Morgan Sanson,Marseille,M S,33,2408,5,2.5940379668027163,3,2.43842956982553,36,23,9,0,5,2.5940379668027163,10.800932554528115,6.942578334361315
16749,3696,Morgan Sanson,Marseille,M S,27,2214,5,4.1788424756377935,4,3.447571547701955,39,31,5,0,5,4.1788424756377935,9.74133680947125,3.5549684334546328
16750,3696,Morgan Sanson,Montpellier,F M S,32,2744,6,5.530180063098669,3,3.79897896759212,44,37,3,0,6,5.530180063098669,13.266302032396196,6.485041525214911
16751,3696,Morgan Sanson,Aston Villa,M S,9,291,0,0.0263571375980973,0,0.108452171087265,2,1,3,0,0,0.0263571375980973,0.3018136359751224,0.1933614648878574
16752,3696,Morgan Sanson,Marseille,M S,33,2188,8,6.095411585643888,2,3.7177058551460505,53,37,8,0,8,6.095411585643888,14.939871126785874,7.449052668176591
16753,3696,Morgan Sanson,"Marseille,Montpellier",M S,37,3105,4,8.114644028246403,14,7.389827266335487,62,57,3,0,4,8.114644028246403,21.363092632964253,10.158372736535966
16754,3696,Morgan Sanson,Montpellier,M S,14,552,3,1.3157446663826704,0,0.2966746836900711,8,4,2,0,3,1.3157446663826704,2.441035469993949,1.1911260141059756
