,id,player_name,team_title,position,games,time,goals,xG,assists,xA,shots,key_passes,yellow_cards,red_cards,npg,npxG,xGChain,xGBuildup
16772,1217,Moritz Leitner,VfB Stuttgart,M S,19,1096,1,1.382857322692871,1,1.0754440929740667,21,16,5,0,1,1.382857322692871,2.616395460441709,1.086085632443428
16773,1217,Moritz Leitner,Norwich,M S,9,689,0,0.2178120985627174,0,0.3639685455709696,8,7,1,0,0,0.2178120985627174,4.275749620050192,3.8308897875249386
16774,1217,Moritz Leitner,Lazio,S,2,12,0,0.0,0,0.0,0,0,0,0,0,0.0,0.1595715768635273,0.1595715768635273
16775,1217,Moritz Leitner,Augsburg,M S,6,231,0,0.3043835125863552,0,0.0491078551858663,5,2,0,0,0,0.3043835125863552,0.7640694603323936,0.4664213508367538
16776,1217,Moritz Leitner,Borussia Dortmund,M S,9,318,0,0.646497305482626,1,0.2913011740893125,6,5,0,0,0,0.646497305482626,2.952660841867328,2.306163555011153
