,id,player_name,team_title,position,games,time,goals,xG,assists,xA,shots,key_passes,yellow_cards,red_cards,npg,npxG,xGChain,xGBuildup
16779,7939,Morten Thorsby,Sampdoria,M S,33,2647,3,2.763799811713397,1,1.0206933501176536,22,18,10,0,3,2.763799811713397,6.600822178646922,4.005228387191892
16780,7939,Morten Thorsby,Sampdoria,M,16,1380,2,2.292021998204291,1,0.7100467178970575,15,8,8,0,2,2.292021998204291,3.094215473160148,1.2391848117113111
16781,7939,Morten Thorsby,Sampdoria,D M S,24,1882,1,1.7017927840352058,1,0.9330159490928054,18,20,7,1,1,1.7017927840352058,4.5713108060881495,3.68586649838835
