,id,player_name,team_title,position,games,time,goals,xG,assists,xA,shots,key_passes,yellow_cards,red_cards,npg,npxG,xGChain,xGBuildup
16807,3360,Mounir Obbadi,Lille,M S,30,2306,1,2.132999360561371,4,4.05366647709161,31,53,8,0,1,2.132999360561371,12.100779258646073,7.534281967207789
16808,3360,Mounir Obbadi,Verona,M S,22,1218,1,1.3818526482209563,1,0.6177543019875884,15,15,6,0,1,1.3818526482209563,6.35853064712137,4.676112333312631
16809,3360,Mounir Obbadi,"Lille,Nice",M S,11,649,0,0.2054370865225792,0,0.8361677005887032,6,10,4,0,0,0.2054370865225792,2.957500385120511,2.3528839256614447
