,id,player_name,team_title,position,games,time,goals,xG,assists,xA,shots,key_passes,yellow_cards,red_cards,npg,npxG,xGChain,xGBuildup
16841,8318,Moussa Koné,Nimes,F S,5,133,2,1.5460734069347382,0,0.0593690387904644,7,1,0,0,2,1.5460734069347382,1.3612909615039823,0.0
16842,8318,Moussa Koné,Nimes,F S,33,1777,9,5.987068915739656,0,1.1345294453203678,31,12,2,0,9,5.987068915739656,8.587765956297517,2.072055224329233
