,id,player_name,team_title,position,games,time,goals,xG,assists,xA,shots,key_passes,yellow_cards,red_cards,npg,npxG,xGChain,xGBuildup
16826,7701,Moussa Djenepo,Southampton,M S,7,409,0,1.2359291911125183,0,0.2484174985438585,9,5,3,0,0,1.2359291911125183,2.354243665933609,1.0761288832873106
16827,7701,Moussa Djenepo,Southampton,D F M S,18,920,2,2.240286708809436,2,2.051112972199917,20,11,4,1,2,2.240286708809436,5.601651658304036,2.5700225988402963
16828,7701,Moussa Djenepo,Southampton,M S,27,1236,1,0.7927820216864347,0,0.4018725641071796,14,6,5,0,1,0.7927820216864347,2.98837685585022,1.9131247028708456
