,id,player_name,team_title,position,games,time,goals,xG,assists,xA,shots,key_passes,yellow_cards,red_cards,npg,npxG,xGChain,xGBuildup
16860,7547,Moussa Wagué,Nice,D S,5,189,0,0.0456035546958446,2,0.9207924157381058,1,5,0,0,0,0.0456035546958446,1.1645789220929146,0.2770817205309868
16861,7547,Moussa Wagué,Barcelona,D M S,3,223,0,0.0928094685077667,0,0.3279886841773987,1,5,1,0,0,0.0928094685077667,0.954105954617262,0.7308296374976635
16862,7547,Moussa Wagué,Barcelona,D,1,90,0,0.0,0,0.0,0,0,0,0,0,0.0,0.0459882281720638,0.0459882281720638
