,id,player_name,team_title,position,games,time,goals,xG,assists,xA,shots,key_passes,yellow_cards,red_cards,npg,npxG,xGChain,xGBuildup
16815,7142,Moussa Dembele,Lyon,F S,10,614,4,3.4267253829166293,1,1.462566953152418,19,11,2,0,3,2.666630263440311,4.689777163788676,0.8143687155097723
16816,7142,Moussa Dembele,Atletico Madrid,S,5,89,0,1.1968799233436584,0,0.0256616454571485,6,1,0,0,0,1.1968799233436584,1.964848339557648,0.7679683696478605
16817,7142,Moussa Dembele,Lyon,F S,27,2184,16,11.400037141516805,2,1.6835448183119297,56,21,3,0,12,7.5995614770799875,9.375636527314782,1.7008948419243095
16818,7142,Moussa Dembele,Lyon,F S,33,2011,15,16.156379889696836,4,2.927240513265133,90,30,1,0,14,14.63625518605113,18.79044803604484,4.067035652697086
16819,7142,Moussa Dembele,Lyon,F M S,16,653,1,4.998428445309401,0,0.7318782294169068,29,7,3,0,1,4.998428445309401,6.779896724969149,1.689988695085049
