,id,player_name,team_title,position,games,time,goals,xG,assists,xA,shots,key_passes,yellow_cards,red_cards,npg,npxG,xGChain,xGBuildup
16843,5989,Moussa Niakhate,Mainz 05,D,33,2970,1,1.050617982633412,2,0.8867623927071691,12,12,7,0,1,1.050617982633412,5.568259683437645,5.403044071048498
16844,5989,Moussa Niakhate,Mainz 05,D,32,2867,3,2.3970550894737244,1,1.683359586633742,10,16,8,1,2,1.639439821243286,8.025101531296968,6.658009326085448
16845,5989,Moussa Niakhate,Metz,D S,35,3102,0,0.994179766625166,1,0.1916435360908508,18,5,8,0,0,0.994179766625166,3.4405479906126857,3.2408465621992946
16846,5989,Moussa Niakhate,Mainz 05,D S,33,2788,1,1.8905208967626093,1,0.4461493054404855,10,10,3,0,1,1.8905208967626093,5.99813549220562,5.823255300521851
16847,5989,Moussa Niakhate,Mainz 05,D S,12,944,1,1.0591630190610886,0,0.2158112619072199,3,4,1,0,1,1.0591630190610886,1.398241389542818,1.2947850357741115
