,id,player_name,team_title,position,games,time,goals,xG,assists,xA,shots,key_passes,yellow_cards,red_cards,npg,npxG,xGChain,xGBuildup
16870,2277,Moyá,Real Sociedad,GK,11,990,0,0.0,0,0.0,0,0,1,0,0,0.0,0.4599307477474212,0.4599307477474212
16871,2277,Moyá,Real Sociedad,GK,13,1170,0,0.0,0,0.0,0,0,0,0,0,0.0,3.0419033970683813,3.0419033970683813
16872,2277,Moyá,Atletico Madrid,GK,27,2430,0,0.0,0,0.2525664865970611,0,2,0,0,0,0.0,2.5863127522170544,2.333746276795864
16873,2277,Moyá,Atletico Madrid,GK S,9,770,0,0.0,0,0.0,0,0,0,0,0,0.0,0.1045147590339183,0.1045147590339183
16874,2277,Moyá,Real Sociedad,GK,9,764,0,0.0,0,0.0,0,0,0,0,0,0.0,0.626750772818923,0.626750772818923
