,id,player_name,team_title,position,games,time,goals,xG,assists,xA,shots,key_passes,yellow_cards,red_cards,npg,npxG,xGChain,xGBuildup
16888,8140,Munas Dabbur,Hoffenheim,F M S,22,1003,4,5.188749093562365,0,0.5485604703426361,28,13,2,0,4,4.431052822619677,6.793065708130598,2.221329748630524
16889,8140,Munas Dabbur,Hoffenheim,F M S,14,786,4,3.943397261202336,0,0.921116165816784,24,8,4,0,4,3.943397261202336,4.588885955512524,1.3231289219111204
16890,8140,Munas Dabbur,Sevilla,S,2,18,0,0.1128449253737926,0,0.0,2,0,0,0,0,0.1128449253737926,0.2963055893778801,0.1834606677293777
16891,8140,Munas Dabbur,Hoffenheim,F M S,10,447,2,1.3953853696584702,2,1.10641866363585,10,6,0,0,2,1.3953853696584702,3.5852279737591743,2.411843128502369
