,id,player_name,team_title,position,games,time,goals,xG,assists,xA,shots,key_passes,yellow_cards,red_cards,npg,npxG,xGChain,xGBuildup
16892,2401,Muniain,Athletic Club,M S,20,1021,2,3.366674231365323,0,1.0342577025294304,22,17,3,0,2,3.366674231365323,5.913013020530343,2.2088078279048204
16893,2401,Muniain,Athletic Club,M,25,2040,1,3.2381098847836256,1,2.1463733930140734,29,28,7,0,1,3.2381098847836256,8.527145678177476,4.173199517652392
16894,2401,Muniain,Athletic Club,M S,31,2409,5,3.634978597983718,2,2.284625464119017,27,38,4,1,5,3.634978597983718,8.800775120034814,4.398063430562615
16895,2401,Muniain,Athletic Club,M S,35,2418,7,4.3169424049556255,2,1.8483576383441689,41,38,5,0,7,4.3169424049556255,8.943454567342997,3.6313838437199593
16896,2401,Muniain,Athletic Club,M,16,1268,2,4.236042566597462,4,4.709143750369549,20,50,1,0,1,3.492764927446842,7.700091581791639,2.56573886051774
16897,2401,Muniain,Athletic Club,F M S,34,2388,7,7.043154893442988,4,3.7107703760266304,25,29,6,0,6,6.300133673474193,14.666821591556072,5.689677402377129
16898,2401,Muniain,Athletic Club,M S,28,1970,5,5.352325960993767,3,3.481782236136496,23,35,1,0,5,5.352325960993767,10.856551326811314,6.731139745563269
16899,2401,Muniain,Athletic Club,M S,14,769,4,2.636086216196418,2,1.6886721216142178,18,15,1,0,4,2.636086216196418,5.916959440335631,2.718520980328321
