,id,player_name,team_title,position,games,time,goals,xG,assists,xA,shots,key_passes,yellow_cards,red_cards,npg,npxG,xGChain,xGBuildup
16944,4042,Míchel Macedo,Las Palmas,D S,28,2141,0,0.2117482358589768,1,1.0692768972367048,6,23,4,1,0,0.2117482358589768,3.82314020767808,3.1733390148729086
16945,4042,Míchel Macedo,Almeria,D S,14,1205,2,1.6783163659274578,0,0.7831454761326313,14,7,1,2,2,1.6783163659274578,2.1066845804452896,0.9181966036558152
16946,4042,Míchel Macedo,Las Palmas,D S,25,2085,0,0.376015692949295,4,2.499186374247074,10,15,5,0,0,0.376015692949295,6.766467134468257,5.331386837176979
