,id,player_name,team_title,position,games,time,goals,xG,assists,xA,shots,key_passes,yellow_cards,red_cards,npg,npxG,xGChain,xGBuildup
16940,4208,Míchel,Real Valladolid,M S,35,2554,1,1.304522367194295,2,4.437094512395561,21,55,9,0,1,0.561244735494256,10.03890749067068,7.917090097442269
16941,4208,Míchel,Getafe,M S,12,777,1,0.5060980711132288,0,0.742688859347254,13,11,4,0,1,0.5060980711132288,2.073658572975546,1.286516884341836
16942,4208,Míchel,Real Valladolid,M S,22,944,2,0.8477616598829627,0,0.4808456907048821,10,11,3,0,2,0.8477616598829627,2.211174253374338,1.3065061774104834
16943,4208,Míchel,Real Valladolid,M S,29,2212,1,1.2173851756379008,2,2.055845736525953,13,29,6,0,0,0.4742354778572917,5.671394009143114,4.313349299132824
