,id,player_name,team_title,position,games,time,goals,xG,assists,xA,shots,key_passes,yellow_cards,red_cards,npg,npxG,xGChain,xGBuildup
16960,914,Nabil Bentaleb,Newcastle United,M S,12,750,0,0.0619124956429004,0,0.1953014433383941,4,8,2,0,0,0.0619124956429004,1.951648861169815,1.7631337512284515
16961,914,Nabil Bentaleb,Schalke 04,M S,9,546,0,0.75777667760849,0,0.0384376421570777,1,1,2,0,0,0.0,0.1962307337671518,0.157793091610074
16962,914,Nabil Bentaleb,Schalke 04,M S,16,1006,4,3.307450933381915,3,0.6154924519360065,15,9,2,1,0,0.2763441801071167,1.6527695376425982,0.9652811586856842
16963,914,Nabil Bentaleb,Tottenham,D M S,26,2195,0,1.148594024591148,2,1.75860015489161,26,16,8,0,0,1.148594024591148,9.828875724226236,7.750007957220077
16964,914,Nabil Bentaleb,Schalke 04,M S,32,2555,5,2.7799591133371,5,3.404526269063353,42,31,12,0,4,2.022182413376868,12.869527004659176,9.234731554985046
16965,914,Nabil Bentaleb,Tottenham,M S,5,165,0,0.1023948267102241,0,0.0313738025724887,3,2,1,0,0,0.1023948267102241,0.2585197016596794,0.1561248749494552
16966,914,Nabil Bentaleb,Schalke 04,M S,25,1796,3,3.30451178830117,0,1.3725776560604572,21,18,4,0,0,1.031181718222797,4.530063182115555,3.4065405298024416
