,id,player_name,team_title,position,games,time,goals,xG,assists,xA,shots,key_passes,yellow_cards,red_cards,npg,npxG,xGChain,xGBuildup
16975,3667,Nabil Fekir,Lyon,M S,29,1986,9,10.109531557187438,7,5.368314161896706,91,51,5,0,5,5.549026450142264,15.55482118949294,9.316677749156952
16976,3667,Nabil Fekir,Lyon,F M S,32,2240,9,8.730946157127619,4,5.595584454014897,71,64,5,1,7,7.210755977779627,14.646494153887032,6.56286325212568
16977,3667,Nabil Fekir,Real Betis,M,15,1306,3,2.906771544367075,4,4.072662405669689,44,40,6,0,3,2.906771544367075,7.056591089814901,2.588176123797893
16978,3667,Nabil Fekir,Lyon,F M,34,2796,13,10.633824359625578,9,6.042493192479014,88,48,7,0,13,9.87372924014926,14.780870217829944,3.109593346714973
16979,3667,Nabil Fekir,Real Betis,F M S,32,2678,7,6.814645889215171,4,2.716234901919961,102,41,6,2,6,6.071368279866874,10.877142939716578,4.978945374488831
16980,3667,Nabil Fekir,Lyon,F M S,30,2488,18,11.94497225061059,8,7.036874922923744,88,60,8,0,15,8.904591711238027,17.899110827594995,7.284304097294807
16981,3667,Nabil Fekir,Lyon,F M S,9,455,4,1.7466566041111946,1,0.5614598281681538,20,12,1,0,4,1.7466566041111946,2.091396600008011,0.6357532348483801
16982,3667,Nabil Fekir,Real Betis,F M,33,2660,5,7.137759692966938,5,5.156042596325278,86,52,5,1,4,4.908183187246323,13.0824869684875,6.098537897691131
