,id,player_name,team_title,position,games,time,goals,xG,assists,xA,shots,key_passes,yellow_cards,red_cards,npg,npxG,xGChain,xGBuildup
16967,3634,Nabil Dirar,Monaco,D F M S,27,1273,2,1.7506814263761044,2,2.8178822733461857,12,18,3,1,2,1.7506814263761044,6.010131316259503,4.333379374817014
16968,3634,Nabil Dirar,Monaco,F M,20,1565,2,2.920811349526048,9,5.055422391742468,20,30,2,1,2,2.920811349526048,10.144911147654057,4.8405081033706665
16969,3634,Nabil Dirar,Monaco,D M S,18,841,1,1.4578485088422894,3,2.9041525050997734,13,24,2,0,1,1.4578485088422894,7.646358158439398,5.949278466403484
