,id,player_name,team_title,position,games,time,goals,xG,assists,xA,shots,key_passes,yellow_cards,red_cards,npg,npxG,xGChain,xGBuildup
17013,495,Nacho Monreal,Arsenal,D,3,270,0,0.0439803302288055,0,0.4594330191612243,1,3,0,0,0,0.0439803302288055,0.6670906580984592,0.5824294127523899
17014,495,Nacho Monreal,Arsenal,D M S,36,3152,0,1.1331033604219556,2,1.9305520709604025,12,12,5,0,0,1.1331033604219556,11.072822906076908,9.217100149020553
17015,495,Nacho Monreal,Arsenal,D S,22,1857,1,1.2284543607383966,3,2.008963174186647,7,11,5,0,1,1.2284543607383966,8.7304474581033,6.269339979626238
17016,495,Nacho Monreal,Real Sociedad,D S,29,2397,2,2.550264840945601,0,1.8596981526352463,18,13,3,0,2,2.550264840945601,7.368797877803445,6.180679170414805
17017,495,Nacho Monreal,Arsenal,D S,28,2246,5,1.9025151077657936,2,3.0137278269976377,21,13,3,0,5,1.9025151077657936,10.20766700990498,8.551960686221719
17018,495,Nacho Monreal,Real Sociedad,D S,26,2080,1,1.5496191922575235,1,1.6922859326004982,12,11,1,0,1,1.5496191922575235,9.819248562678697,9.43088684976101
17019,495,Nacho Monreal,Arsenal,D S,37,3247,0,0.9100387915968896,3,2.91194324567914,12,28,1,0,0,0.9100387915968896,17.69102899543941,15.249315924942492
17020,495,Nacho Monreal,Arsenal,D S,28,2308,0,0.3041377291083336,1,1.377957472577691,4,12,3,0,0,0.3041377291083336,9.0921392403543,8.257979160174727
