,id,player_name,team_title,position,games,time,goals,xG,assists,xA,shots,key_passes,yellow_cards,red_cards,npg,npxG,xGChain,xGBuildup
17022,5162,Nacho Vidal,Osasuna,D M S,34,2338,0,0.7080684192478657,0,1.608062893152237,10,12,10,0,0,0.7080684192478657,4.94420681335032,3.719674981199205
17023,5162,Nacho Vidal,Osasuna,D M S,30,2330,0,0.909383007325232,0,2.1508520878851414,17,22,5,0,0,0.909383007325232,7.328655679710209,5.177735643461347
17024,5162,Nacho Vidal,Valencia,D S,7,447,1,0.4081783443689346,0,0.0173021052032709,3,1,1,0,1,0.4081783443689346,0.955266699194908,0.5605261251330376
17025,5162,Nacho Vidal,Osasuna,D S,16,1337,0,0.6706905476748943,0,0.8650610158219934,8,9,3,0,0,0.6706905476748943,3.038041580468416,1.5828750357031822
