,id,player_name,team_title,position,games,time,goals,xG,assists,xA,shots,key_passes,yellow_cards,red_cards,npg,npxG,xGChain,xGBuildup
17038,7953,Nahitan Nández,Cagliari,D M S,35,2901,2,1.7744014346972108,3,4.506601762026548,26,36,14,0,2,1.7744014346972108,12.519060226157308,8.008900102227926
17039,7953,Nahitan Nández,Cagliari,D F M S,15,1277,0,0.7691942090168595,2,1.910728629678488,14,17,3,0,0,0.7691942090168595,4.309711206704378,2.299749992787838
17040,7953,Nahitan Nández,Cagliari,D M S,32,2747,2,3.094521352089941,2,2.628871276974678,32,30,8,1,2,3.094521352089941,12.315672351047397,7.109251243062317
