,id,player_name,team_title,position,games,time,goals,xG,assists,xA,shots,key_passes,yellow_cards,red_cards,npg,npxG,xGChain,xGBuildup
17048,6935,Naif Aguerd,Dijon,D,11,958,1,0.2719046892598271,0,0.0,4,0,2,0,1,0.2719046892598271,1.9425854552537205,1.9339553583413365
17049,6935,Naif Aguerd,Rennes,D,18,1613,2,1.6443826146423817,1,0.2110627889633178,17,2,1,0,2,1.6443826146423817,6.435946475714445,6.314993765205145
17050,6935,Naif Aguerd,Dijon,D S,13,1051,3,1.587001958861947,0,0.0361775355413556,10,2,4,1,3,1.587001958861947,2.0080098705366254,1.9746165620163083
17051,6935,Naif Aguerd,Rennes,D,35,3148,3,3.2915516356006265,1,0.7040677834302187,27,5,6,0,3,3.2915516356006265,9.1326635312289,9.015428410843016
