,id,player_name,team_title,position,games,time,goals,xG,assists,xA,shots,key_passes,yellow_cards,red_cards,npg,npxG,xGChain,xGBuildup
17082,5120,Nano,Eibar,F S,6,159,1,1.5147388875484469,0,0.2344496771693229,7,2,0,0,1,1.5147388875484469,1.6225156905129552,0.0159409465268254
17083,5120,Nano,Levante,F S,9,274,0,0.7836666889488697,0,0.0125144701451063,6,1,1,0,0,0.7836666889488697,0.8489946201443672,0.0933482404798269
17084,5120,Nano,Cadiz,S,1,5,0,0.0,0,0.0,0,0,0,0,0,0.0,0.0,0.0
