,id,player_name,team_title,position,games,time,goals,xG,assists,xA,shots,key_passes,yellow_cards,red_cards,npg,npxG,xGChain,xGBuildup
17088,7522,Nassim Boujellab,Schalke 04,F M S,12,604,1,1.309594493359327,0,0.2034556195139885,14,3,2,0,1,1.309594493359327,1.8839141856879,0.3921422902494669
17089,7522,Nassim Boujellab,Schalke 04,F M S,11,406,0,0.3715448994189501,0,0.118617626838386,6,4,2,0,0,0.3715448994189501,0.5074321292340755,0.1577258678153157
17090,7522,Nassim Boujellab,Schalke 04,M S,7,380,0,0.695445554330945,1,0.3377686440944671,9,1,0,0,0,0.695445554330945,1.3857706505805254,0.3691930174827575
