,id,player_name,team_title,position,games,time,goals,xG,assists,xA,shots,key_passes,yellow_cards,red_cards,npg,npxG,xGChain,xGBuildup
17094,579,Nathan Aké,"Bournemouth,Chelsea",D S,12,826,3,2.1903526950627565,1,1.0062823817133904,7,4,1,0,3,2.1903526950627565,4.437912195920944,2.8812461867928505
17095,579,Nathan Aké,Manchester City,D S,5,371,0,0.0462918877601623,0,0.0,1,0,0,0,0,0.0462918877601623,1.6084704250097277,1.6084704250097277
17096,579,Nathan Aké,Bournemouth,D S,38,3353,2,2.2271393667906523,3,1.8688682597130537,18,9,5,0,2,2.2271393667906523,4.0004944037646055,3.107867220416665
17097,579,Nathan Aké,Manchester City,D S,10,802,1,0.505318071693182,0,0.0172293335199356,3,1,4,0,1,0.505318071693182,4.211258716881275,4.19402938336134
17098,579,Nathan Aké,Chelsea,S,1,14,0,0.0,0,0.0,0,0,0,0,0,0.0,0.0723140463232994,0.0723140463232994
17099,579,Nathan Aké,Bournemouth,D,29,2503,2,3.051247041672468,2,1.962919145822525,25,7,2,0,2,3.051247041672468,3.545500600710511,2.957154842093587
17100,579,Nathan Aké,Watford,D S,24,1868,1,1.6093681082129478,0,0.7008999371901155,16,9,4,1,1,1.6093681082129478,2.832576312124729,2.37837233953178
17101,579,Nathan Aké,Bournemouth,D M,38,3414,4,4.548658574000001,0,1.3218236602842808,25,7,3,0,4,4.548658574000001,8.874473712407053,7.666224240325391
