,id,player_name,team_title,position,games,time,goals,xG,assists,xA,shots,key_passes,yellow_cards,red_cards,npg,npxG,xGChain,xGBuildup
17113,790,Nathan Redmond,Southampton,F M S,29,1718,2,3.833790460601449,3,3.3530822433531284,45,29,1,0,2,3.833790460601449,8.997613228857517,3.2675564512610435
17114,790,Nathan Redmond,Southampton,F M S,37,2917,7,4.817707696929574,1,5.891833748668432,83,57,2,1,7,4.817707696929574,15.177740208804607,6.430118191987276
17115,790,Nathan Redmond,Southampton,F M S,13,954,0,1.420588598586619,4,2.948545143008232,18,22,0,0,0,1.420588598586619,5.6292779222130775,2.2753482162952423
17116,790,Nathan Redmond,Southampton,F M S,31,1947,1,2.318287206813693,3,4.201631846837699,44,42,3,0,1,2.318287206813693,8.69343176111579,3.712678922340274
17117,790,Nathan Redmond,Southampton,F M,32,2781,4,5.287322388961911,4,3.624410872347653,59,38,2,0,4,5.287322388961911,13.67461494076997,6.087857705540955
17118,790,Nathan Redmond,Southampton,F M S,38,3283,6,7.911504412069917,4,5.312565145082772,74,52,3,0,6,7.911504412069917,16.492730357684195,5.913362225517631
17119,790,Nathan Redmond,Norwich,M S,35,2321,6,3.4319806415587664,3,3.6447910321876407,54,45,0,0,6,3.4319806415587664,9.672528069466352,6.095175022259355
