,id,player_name,team_title,position,games,time,goals,xG,assists,xA,shots,key_passes,yellow_cards,red_cards,npg,npxG,xGChain,xGBuildup
17134,603,Nathaniel Clyne,"Bournemouth,Liverpool",D S,18,1259,0,0.2646814603358507,1,0.1045891009271144,5,4,2,0,0,0.2646814603358507,3.3321365006268024,3.04830377176404
17135,603,Nathaniel Clyne,Southampton,D M,35,3148,2,0.9358649058267474,0,2.0856680162251,19,22,4,0,2,0.9358649058267474,8.067472023889422,5.568604273721576
17136,603,Nathaniel Clyne,Liverpool,D M,33,2970,1,1.815190341323614,0,1.8440425246953964,29,24,6,0,1,1.815190341323614,10.565198335796596,8.96768619865179
17137,603,Nathaniel Clyne,Crystal Palace,D,13,1151,0,0.1229339409619569,1,0.2224849238991737,4,4,2,0,0,0.1229339409619569,1.8969638887792823,1.7311625815927982
17138,603,Nathaniel Clyne,Liverpool,D,37,3326,0,1.4340631179511547,2,4.596981344744563,26,45,0,0,0,1.4340631179511547,14.71954588033259,11.413932447321711
17139,603,Nathaniel Clyne,Crystal Palace,D S,2,91,0,0.0,0,0.0,0,0,1,0,0,0.0,0.0,0.0
17140,603,Nathaniel Clyne,Liverpool,D S,3,173,0,0.1128192842006683,0,0.0860979035496711,2,1,1,0,0,0.1128192842006683,0.3655080571770668,0.2526887692511081
