,id,player_name,team_title,position,games,time,goals,xG,assists,xA,shots,key_passes,yellow_cards,red_cards,npg,npxG,xGChain,xGBuildup
17150,3621,Neal Maupay,Nice,F S,13,343,1,1.154003287665546,0,0.1453865878283977,4,3,1,1,1,1.154003287665546,2.105248089879751,0.9613034650683404
17151,3621,Neal Maupay,Brighton,F S,37,2782,10,13.558543261140583,3,2.50613137986511,96,25,3,0,9,12.036205606535075,13.85504301264882,3.4836169090121984
17152,3621,Neal Maupay,Saint-Etienne,F S,15,511,1,0.9169315053150058,2,1.2979420609772203,13,8,3,0,1,0.9169315053150058,2.2804030291736126,0.5091680772602558
17153,3621,Neal Maupay,Brighton,F S,14,1018,6,5.527838289737701,0,0.8259164020419121,27,9,4,0,5,4.766669422388077,5.945083774626255,1.023577531799674
17154,3621,Neal Maupay,Brighton,F M S,33,2526,8,13.773534506559372,2,4.277407880872488,71,32,1,1,5,10.728932749480007,17.157539159059525,3.381784765049815
