,id,player_name,team_title,position,games,time,goals,xG,assists,xA,shots,key_passes,yellow_cards,red_cards,npg,npxG,xGChain,xGBuildup
17155,8204,Neco Williams,Liverpool,D S,6,235,0,0.2335284538567066,0,0.0466723442077636,7,2,1,0,0,0.2335284538567066,0.9303017407655716,0.7279277592897415
17156,8204,Neco Williams,Liverpool,D S,6,252,0,0.0862252078950405,0,0.1933987140655517,2,3,1,0,0,0.0862252078950405,1.0746421925723553,0.7950182408094406
17157,8204,Neco Williams,Liverpool,S,1,6,0,0.0,1,0.596182107925415,0,1,0,0,0,0.0,0.596182107925415,0.596182107925415
