,id,player_name,team_title,position,games,time,goals,xG,assists,xA,shots,key_passes,yellow_cards,red_cards,npg,npxG,xGChain,xGBuildup
17160,6840,Neeskens Kebano,Fulham,M S,5,112,0,0.2724298546090722,0,0.0,6,0,0,0,0,0.2724298546090722,0.2416716525331139,0.0205275118350982
17161,6840,Neeskens Kebano,Fulham,S,7,93,0,0.049745637923479,0,0.0,1,0,0,0,0,0.049745637923479,0.0937285581603646,0.0439829202368855
