,id,player_name,team_title,position,games,time,goals,xG,assists,xA,shots,key_passes,yellow_cards,red_cards,npg,npxG,xGChain,xGBuildup
17165,7516,Nehuén Pérez,Granada,D S,14,732,0,0.7787916511297226,0,0.0,5,0,4,0,0,0.7787916511297226,0.7247994896024466,0.7247994896024466
17166,7516,Nehuén Pérez,Udinese,D S,5,382,0,0.1992487460374832,0,0.1440124623477459,3,2,1,0,0,0.1992487460374832,0.93641322478652,0.93641322478652
