,id,player_name,team_title,position,games,time,goals,xG,assists,xA,shots,key_passes,yellow_cards,red_cards,npg,npxG,xGChain,xGBuildup
17162,6973,Nehuén Paz,"Bologna,Lecce",D S,16,960,0,0.2484177611768245,1,0.0421253368258476,4,1,5,0,0,0.2484177611768245,1.5586653091013432,1.5586653091013432
17163,6973,Nehuén Paz,Bologna,D S,2,113,0,0.0,0,0.0,0,0,1,0,0,0.0,0.0,0.0
17164,6973,Nehuén Paz,Bologna,D S,6,358,1,0.4731659162789583,0,0.0130970859900116,2,1,0,0,1,0.4731659162789583,0.2491977196186781,0.2361006336286664
