,id,player_name,team_title,position,games,time,goals,xG,assists,xA,shots,key_passes,yellow_cards,red_cards,npg,npxG,xGChain,xGBuildup
17195,2706,Nemanja Pejcinovic,Lokomotiv Moscow,D M S,14,1038,0,0.1511573307216167,1,0.5205246806144714,5,1,2,0,0,0.1511573307216167,1.0097080171108246,1.0097080171108246
17196,2706,Nemanja Pejcinovic,Lokomotiv Moscow,D,21,1845,1,1.1436563283205032,3,0.9595491653308272,13,7,4,0,1,1.1436563283205032,3.513299459591508,2.388168165460229
17197,2706,Nemanja Pejcinovic,Lokomotiv Moscow,D S,27,2281,2,1.4626106787472963,1,0.4413956953212619,13,7,1,1,2,0.7083353567868471,3.4821934290230274,3.324401715770364
17198,2706,Nemanja Pejcinovic,Lokomotiv Moscow,D S,23,2023,0,0.4105725493282079,0,0.7882075197994709,6,6,1,0,0,0.4105725493282079,4.09680163860321,3.221279811114073
