,id,player_name,team_title,position,games,time,goals,xG,assists,xA,shots,key_passes,yellow_cards,red_cards,npg,npxG,xGChain,xGBuildup
17175,7888,Nemanja Gudelj,Sevilla,M S,5,126,0,0.0305508784949779,0,0.0,1,0,1,0,0,0.0305508784949779,0.7115102261304855,0.6809593886137009
17176,7888,Nemanja Gudelj,Sevilla,D M S,24,1173,0,0.2786533329635858,0,0.1275914702564478,7,2,6,0,0,0.2786533329635858,2.901540752500296,2.589973483234644
17177,7888,Nemanja Gudelj,Sevilla,M S,30,1006,0,0.2734056506305933,0,0.0452617052942514,9,2,8,0,0,0.2734056506305933,3.5942067354917526,3.4450265653431416
