,id,player_name,team_title,position,games,time,goals,xG,assists,xA,shots,key_passes,yellow_cards,red_cards,npg,npxG,xGChain,xGBuildup
17216,1435,Nenad Tomovic,Fiorentina,D S,25,1817,0,0.1604043375700712,1,0.4925073394551873,5,12,11,0,0,0.1604043375700712,5.913663409650326,5.434560671448708
17217,1435,Nenad Tomovic,"Chievo,Fiorentina",D S,29,2442,0,2.3095965832471848,0,0.1577312871813774,15,3,5,0,0,2.3095965832471848,3.6582058435305953,2.8267491376027465
17218,1435,Nenad Tomovic,SPAL 2013,D S,23,1763,0,0.7678697071969509,1,0.383905678987503,10,9,5,1,0,0.7678697071969509,2.122759196907282,1.2752317152917385
17219,1435,Nenad Tomovic,Fiorentina,D S,24,1669,0,0.5000853203237057,0,0.3922254843637347,6,8,5,0,0,0.5000853203237057,5.23015580419451,5.054837313480675
17220,1435,Nenad Tomovic,Fiorentina,D S,24,2008,1,0.4640386402606964,2,1.5375669375061989,5,15,4,0,1,0.4640386402606964,6.563702300190926,5.894121117889881
17221,1435,Nenad Tomovic,Chievo,D S,10,738,1,0.5101286387071013,0,0.0445025525987148,4,2,1,0,1,0.5101286387071013,1.2673802599310875,1.2242570742964745
