,id,player_name,team_title,position,games,time,goals,xG,assists,xA,shots,key_passes,yellow_cards,red_cards,npg,npxG,xGChain,xGBuildup
17222,4435,Nenê,West Ham,S,8,115,0,0.3611748442053795,0,0.4466036716476083,9,4,0,0,0,0.3611748442053795,0.8369721919298172,0.519291577860713
17223,3988,Nenê,Verona,F S,8,325,0,2.8380037918686867,0,0.0684614330530166,17,3,1,0,0,2.8380037918686867,2.29611973464489,0.1578709976747632
