,id,player_name,team_title,position,games,time,goals,xG,assists,xA,shots,key_passes,yellow_cards,red_cards,npg,npxG,xGChain,xGBuildup
17226,1297,Neto,Fiorentina,GK,29,2610,0,0.0,0,0.1455899663269519,0,2,4,0,0,0.0,2.972917216829956,2.870547561906278
17227,1297,Neto,Valencia,GK,33,2970,0,0.4786851406097412,0,0.0,1,0,2,0,0,0.4786851406097412,2.838644130155444,2.838644130155444
17228,1297,Neto,Barcelona,GK,2,180,0,0.0,0,0.0,0,0,0,0,0,0.0,0.4430876597762108,0.4430876597762108
17229,1297,Neto,Barcelona,GK,7,630,0,0.0,0,0.0,0,0,0,0,0,0.0,2.2826570495963097,2.2826570495963097
17230,1297,Neto,Barcelona,GK,2,180,0,0.0,0,0.0,0,0,0,0,0,0.0,0.7796769440174103,0.7796769440174103
17231,1297,Neto,Valencia,GK,34,3060,0,0.0,0,0.0370330289006233,0,1,2,0,0,0.0,2.7432152181863785,2.706182189285755
17232,1297,Neto,Juventus,GK S,8,674,0,0.0,0,0.0,0,0,0,0,0,0.0,1.4851542189717293,1.4851542189717293
17233,1297,Neto,Juventus,GK,3,270,0,0.0,0,0.0,0,0,0,0,0,0.0,0.120402100495994,0.120402100495994
