,id,player_name,team_title,position,games,time,goals,xG,assists,xA,shots,key_passes,yellow_cards,red_cards,npg,npxG,xGChain,xGBuildup
17265,5552,Nick Pope,Burnley,GK,15,1350,0,0.0,0,0.0480509921908378,0,1,0,0,0,0.0,1.4258227534592152,1.3777717612683773
17266,5552,Nick Pope,Burnley,GK S,35,3115,0,0.0,0,0.1990973781794309,0,4,3,0,0,0.0,0.5489725824445486,0.5011657029390335
17267,5552,Nick Pope,Burnley,GK,32,2880,0,0.0,0,0.0860504880547523,0,2,1,0,0,0.0,1.177935130894184,1.0918846428394318
17268,5552,Nick Pope,Burnley,GK,38,3420,0,0.0,0,0.1997062638401985,0,3,1,0,0,0.0,2.2495608190074563,2.087928255088628
