,id,player_name,team_title,position,games,time,goals,xG,assists,xA,shots,key_passes,yellow_cards,red_cards,npg,npxG,xGChain,xGBuildup
17279,6098,Niclas F端llkrug,Werder Bremen,F M S,19,875,6,5.049045581370592,0,0.2071330472826957,35,5,1,0,4,3.533572617918253,3.1787087619304657,1.0755865890532732
17280,6098,Niclas F端llkrug,Hannover 96,F S,34,2387,14,11.41923137754202,3,3.6936256112530814,87,37,2,0,11,8.388204976916313,14.361855374649169,4.863059373572469
17281,6098,Niclas F端llkrug,Werder Bremen,F S,8,396,4,1.3923614099621773,1,0.5759852416813374,17,3,2,0,4,1.3923614099621773,2.416127720847726,0.8768587838858366
17282,6098,Niclas F端llkrug,Hannover 96,F S,14,1114,2,3.4076011646538973,1,0.9361868277192116,37,13,1,0,1,2.649824472144246,5.0115109346807,2.4912929497659206
