,id,player_name,team_title,position,games,time,goals,xG,assists,xA,shots,key_passes,yellow_cards,red_cards,npg,npxG,xGChain,xGBuildup
17356,1094,Nicolas Burdisso,Torino,D S,24,2067,0,1.1523504182696342,0,0.3419537544250488,10,2,6,0,0,1.1523504182696342,2.8558556400239468,2.7777442894876003
17357,1094,Nicolas Burdisso,Genoa,D,30,2678,0,0.2630446944385767,0,0.1166062019765377,7,3,8,1,0,0.2630446944385767,4.268442663364112,4.1518364837393165
17358,1094,Nicolas Burdisso,Genoa,D,35,3127,0,1.0805993247777224,0,0.2584691345691681,14,3,10,0,0,1.0805993247777224,5.531847432255745,5.512257359921932
17359,1094,Nicolas Burdisso,Genoa,D,28,2446,0,0.3910468528047204,0,0.0730038564652204,10,3,7,0,0,0.3910468528047204,3.1615727627649903,3.03400741238147
