,id,player_name,team_title,position,games,time,goals,xG,assists,xA,shots,key_passes,yellow_cards,red_cards,npg,npxG,xGChain,xGBuildup
17449,2579,Nicol치s L칩pez,Granada,M S,8,151,0,0.367166519165039,0,0.0790993645787239,7,2,0,0,0,0.367166519165039,0.3922342788428068,0.0250677596777677
17450,2579,Nicol치s L칩pez,Verona,F M S,24,971,5,2.6331420466303825,2,3.267444435507059,34,17,3,0,5,2.6331420466303825,6.424635984003544,1.6316439770162106
