,id,player_name,team_title,position,games,time,goals,xG,assists,xA,shots,key_passes,yellow_cards,red_cards,npg,npxG,xGChain,xGBuildup
17374,4250,Nicolas Höfler,Freiburg,M,18,1617,0,0.6989581100642681,0,1.0571669936180117,12,12,6,0,0,0.6989581100642681,5.695234328508377,4.1167272217571735
17375,4250,Nicolas Höfler,Freiburg,M S,27,2260,1,0.5270938845351338,3,1.5645487494766712,11,17,6,1,1,0.5270938845351338,5.440015250816941,4.83734867349267
17376,4250,Nicolas Höfler,Freiburg,M,13,1086,2,0.709820999763906,1,1.1343818828463554,15,5,1,0,2,0.709820999763906,3.4032398387789726,3.0168711207807064
17377,4250,Nicolas Höfler,Freiburg,M S,32,2788,1,2.5902511486783624,0,0.3911707671359181,26,16,9,0,1,2.5902511486783624,7.489794450812042,5.369406323879957
17378,4250,Nicolas Höfler,Freiburg,M S,31,2727,1,1.0478396117687223,3,1.2589544411748648,20,15,11,0,1,1.0478396117687223,6.901205758564174,5.688490964472294
17379,4250,Nicolas Höfler,Freiburg,D M S,20,1417,0,0.104469365440309,0,0.1217792239040136,4,2,2,0,0,0.104469365440309,2.0375591525807977,1.8432303555309768
17380,4250,Nicolas Höfler,Freiburg,D M S,28,2367,1,0.3615514719858765,1,1.0330335996113718,7,9,7,0,1,0.3615514719858765,6.820788187906146,5.779429821297526
