,id,player_name,team_title,position,games,time,goals,xG,assists,xA,shots,key_passes,yellow_cards,red_cards,npg,npxG,xGChain,xGBuildup
17367,1344,Nicolas Frey,Chievo,D,31,2647,0,0.0530305709689855,1,0.8836935888975859,2,17,6,0,0,0.0530305709689855,4.490553330630064,3.6762347612529993
17368,1344,Nicolas Frey,Chievo,D S,19,1486,0,0.0389126241207122,0,0.0956668555736541,1,3,3,0,0,0.0389126241207122,0.9966002274304628,0.900933370925486
17369,1344,Nicolas Frey,Chievo,D S,5,224,0,0.0,0,0.0204358454793691,0,1,0,0,0,0.0,0.1957578025758266,0.1957578025758266
17370,1344,Nicolas Frey,Chievo,D S,15,1181,0,0.0367174949496984,0,0.6623197738081217,2,12,2,0,0,0.0367174949496984,1.891160471364856,1.664977315813303
