,id,player_name,team_title,position,games,time,goals,xG,assists,xA,shots,key_passes,yellow_cards,red_cards,npg,npxG,xGChain,xGBuildup
17416,3543,Nicolas Seube,Caen,D M S,24,1890,1,0.6983892135322094,2,1.2451335322111845,15,13,3,0,1,0.6983892135322094,3.0657837130129337,2.153169794008136
17417,3543,Nicolas Seube,Caen,D M S,20,1042,0,0.7529947850853205,0,0.5543028954416513,7,8,3,0,0,0.7529947850853205,1.275049690157175,0.64911288022995
17418,3543,Nicolas Seube,Caen,D M S,33,2183,0,0.4879970168694854,1,0.3905076272785663,15,15,5,1,0,0.4879970168694854,4.875190436840057,4.331103719770908
