,id,player_name,team_title,position,games,time,goals,xG,assists,xA,shots,key_passes,yellow_cards,red_cards,npg,npxG,xGChain,xGBuildup
17318,1400,Nicola Murru,Sampdoria,D S,20,1448,0,0.1586398892104625,2,1.3332585282623768,5,10,4,0,0,0.1586398892104625,5.528541046194732,4.03664259146899
17319,1400,Nicola Murru,Sampdoria,D S,35,2941,0,0.3072188207879662,5,3.808824853040278,16,31,9,0,0,0.3072188207879662,9.540129540488124,6.622721962630749
17320,1400,Nicola Murru,Torino,D S,14,574,0,0.4259514287114143,0,0.3851820826530456,5,3,0,0,0,0.4259514287114143,1.507900670170784,0.8329149661585689
17321,1400,Nicola Murru,Sampdoria,D S,8,231,1,0.1870433799922466,0,0.5549330553039908,3,3,3,0,1,0.1870433799922466,0.9021186213940382,0.1746463570743799
17322,1400,Nicola Murru,Sampdoria,D M S,28,2261,0,0.3564151115715503,0,0.9010650366544724,8,17,4,1,0,0.3564151115715503,3.614532152190805,2.77034948207438
17323,1400,Nicola Murru,Cagliari,D S,8,562,0,0.1177918091416359,0,0.3968729674816131,4,5,2,1,0,0.1177918091416359,0.9885618016123772,0.6582584157586098
17324,1400,Nicola Murru,Cagliari,D,26,2180,0,0.2802743688225746,1,1.1654833909124136,8,12,3,0,0,0.2802743688225746,3.621498540043831,3.173078030347824
