,id,player_name,team_title,position,games,time,goals,xG,assists,xA,shots,key_passes,yellow_cards,red_cards,npg,npxG,xGChain,xGBuildup
17409,5656,Nicolas Pepe,Arsenal,F M S,29,1602,10,6.000206441618502,1,1.0121600376442077,47,11,1,1,9,5.239037621766329,9.35974013991654,4.217725777998567
17410,5656,Nicolas Pepe,Arsenal,F M S,31,2021,5,5.069305270910263,5,4.904219791293144,50,39,4,0,4,4.308136463165283,10.924230057746172,4.814494099467993
17411,5656,Nicolas Pepe,Angers,F S,33,1295,3,3.048556773923337,1,2.036408979445696,45,19,2,0,3,3.048556773923337,5.676846826449037,1.7737287748605013
17412,5656,Nicolas Pepe,Arsenal,M S,8,483,0,1.895304724574089,1,1.2396217733621595,15,11,0,0,0,1.895304724574089,3.461990401148796,0.9663539379835128
17413,5656,Nicolas Pepe,Lille,F M S,38,3333,22,21.232018552720547,11,10.378352787345648,118,70,1,0,13,13.631397821940482,25.91060943901539,7.536672064103186
17414,5656,Nicolas Pepe,Lille,F M S,36,2846,13,8.057305123656988,4,3.796748584136367,65,40,5,0,12,7.297209974378347,14.637693433091044,6.534547433257103
