,id,player_name,team_title,position,games,time,goals,xG,assists,xA,shots,key_passes,yellow_cards,red_cards,npg,npxG,xGChain,xGBuildup
17438,2026,Nicolás Castillo,Frosinone,F S,6,302,0,0.4886966347694397,0,0.0145890014246106,10,1,1,0,0,0.4886966347694397,0.3074950873851776,0.1198630630970001
17439,2026,Nicolás Castillo,Mainz 05,S,1,27,0,0.0518898665904998,0,0.0,1,0,0,0,0,0.0518898665904998,0.0274779461324214,0.0274779461324214
