,id,player_name,team_title,position,games,time,goals,xG,assists,xA,shots,key_passes,yellow_cards,red_cards,npg,npxG,xGChain,xGBuildup
17434,6686,Nicolo Zaniolo,Roma,F M S,27,1771,4,4.792479326948524,2,1.905013490468264,48,18,8,0,4,4.792479326948524,8.90498123317957,3.392129113897681
17435,6686,Nicolo Zaniolo,Roma,F M S,26,1493,6,4.454576186835766,2,4.967145230155438,47,24,8,0,6,4.454576186835766,11.158396419137716,3.34941893722862
17436,6686,Nicolo Zaniolo,Roma,F M S,14,1005,0,2.389000386931002,0,0.527398650534451,32,11,5,1,0,2.389000386931002,4.300454328767955,2.876999795436859
