,id,player_name,team_title,position,games,time,goals,xG,assists,xA,shots,key_passes,yellow_cards,red_cards,npg,npxG,xGChain,xGBuildup
17298,7485,Nico Schlotterbeck,Freiburg,D,15,1288,2,2.4606805723160505,0,0.9084543325006962,17,6,1,0,2,2.4606805723160505,3.445938317105174,3.105900716036558
17299,7485,Nico Schlotterbeck,Freiburg,D S,13,370,0,0.2025159262120723,0,0.1391918612644076,3,3,0,0,0,0.2025159262120723,0.968352884054184,0.8401103317737579
17300,7485,Nico Schlotterbeck,Freiburg,D S,4,223,0,0.0181102249771356,0,0.0,1,0,1,0,0,0.0181102249771356,0.1139518655836582,0.095841646194458
17301,7485,Nico Schlotterbeck,Union Berlin,D S,16,1291,1,1.5938222529366612,0,0.4816697761416435,22,3,2,1,1,1.5938222529366612,3.794250689446926,2.907078705728054
