,id,player_name,team_title,position,games,time,goals,xG,assists,xA,shots,key_passes,yellow_cards,red_cards,npg,npxG,xGChain,xGBuildup
17528,6779,Nikita Malyarov,FC Orenburg,M,3,196,1,0.3575223255902529,0,0.0085687264800071,4,1,1,0,1,0.3575223255902529,0.1107470262795686,0.0
17529,6779,Nikita Malyarov,FC Orenburg,M S,10,593,0,0.1732655544765293,1,0.7722370084375143,6,13,1,0,0,0.1732655544765293,2.037639580667019,1.6781452344730496
