,id,player_name,team_title,position,games,time,goals,xG,assists,xA,shots,key_passes,yellow_cards,red_cards,npg,npxG,xGChain,xGBuildup
17534,6411,Niklas Dorsch,Augsburg,M S,12,923,1,0.0861928877420723,0,0.0559807661920785,6,2,2,0,1,0.0861928877420723,2.5243289917707443,2.430496469140053
17535,6411,Niklas Dorsch,Bayern Munich,M,1,90,1,0.4959427714347839,0,0.0321398898959159,1,1,0,0,1,0.4959427714347839,0.6810882687568665,0.1530055850744247
