,id,player_name,team_title,position,games,time,goals,xG,assists,xA,shots,key_passes,yellow_cards,red_cards,npg,npxG,xGChain,xGBuildup
17536,3317,Niklas Hult,Nice,M S,30,1904,1,1.89786827750504,0,1.3428356209769845,18,19,4,0,1,1.89786827750504,5.454977699555457,3.012227234430611
17537,3317,Niklas Hult,Nice,D M S,15,789,1,0.8746097534894943,0,0.5849721729755402,5,7,2,1,1,0.8746097534894943,2.881489348597825,1.7194740707054734
