,id,player_name,team_title,position,games,time,goals,xG,assists,xA,shots,key_passes,yellow_cards,red_cards,npg,npxG,xGChain,xGBuildup
17605,7155,Nikola Vukcevic,Levante,M S,16,672,0,0.0,0,0.0442417040467262,0,1,3,1,0,0.0,0.7221275642514229,0.7221275642514229
17606,7155,Nikola Vukcevic,Levante,M S,13,818,0,0.2186392024159431,0,0.1904708221554756,2,4,4,0,0,0.2186392024159431,1.8662498369812963,1.675778955221176
17607,7155,Nikola Vukcevic,Levante,S,4,102,0,0.008431420661509,0,0.0389399696141481,1,2,1,0,0,0.008431420661509,0.1519378805533051,0.1045664921402931
17608,7155,Nikola Vukcevic,Levante,M S,30,1593,0,0.1587656997144222,2,0.2594905924052,4,7,11,0,0,0.1587656997144222,2.710510643199086,2.6140083968639374
