,id,player_name,team_title,position,games,time,goals,xG,assists,xA,shots,key_passes,yellow_cards,red_cards,npg,npxG,xGChain,xGBuildup
17609,2932,Nikolai Markov,FC Krasnodar,D,3,270,0,0.0390888564288616,0,0.0715289339423179,2,1,0,0,0,0.0390888564288616,0.2452729269862175,0.1737440004944801
17610,2932,Nikolai Markov,FC Krasnodar,D S,7,306,0,0.133354325313121,0,0.169926818460226,2,5,0,0,0,0.133354325313121,1.2408216632902622,1.0192645397037268
17611,2932,Nikolai Markov,Ural,D,12,1080,0,0.0823135394603014,0,0.2136811502277851,5,5,2,0,0,0.0823135394603014,2.212402538396418,1.9664255240932107
