,id,player_name,team_title,position,games,time,goals,xG,assists,xA,shots,key_passes,yellow_cards,red_cards,npg,npxG,xGChain,xGBuildup
17590,6174,Nikola Milenkovic,Fiorentina,D,34,3009,3,2.659281595610082,0,0.1937738098204136,29,4,7,1,3,2.659281595610082,6.266913130879402,5.3002519607543945
17591,6174,Nikola Milenkovic,Fiorentina,D,34,3038,3,3.940239657647908,1,0.6531146448105574,22,7,7,1,3,3.940239657647908,8.42001074552536,6.181351879611611
17592,6174,Nikola Milenkovic,Fiorentina,D S,16,1254,0,0.6128764543682337,0,0.0989808589220047,9,3,0,1,0,0.6128764543682337,3.290573325008154,3.22373023442924
17593,6174,Nikola Milenkovic,Fiorentina,D,14,1205,1,1.0139262452721596,0,0.4982472658157348,11,1,4,1,1,1.0139262452721596,3.113140864297748,3.083386203274131
17594,6174,Nikola Milenkovic,Fiorentina,D S,37,3257,5,2.1933703320100904,0,0.2161321258172392,29,8,9,0,5,2.1933703320100904,7.379017265513539,7.030394716188312
