,id,player_name,team_title,position,games,time,goals,xG,assists,xA,shots,key_passes,yellow_cards,red_cards,npg,npxG,xGChain,xGBuildup
17639,2914,Nikolay Safronidi,FC Ufa,D S,2,51,0,0.0,0,0.066520556807518,0,1,0,0,0,0.0,0.1026955544948577,0.1026955544948577
17640,2914,Nikolay Safronidi,FC Ufa,D M S,15,990,1,0.0551148261874914,1,0.5104990806430578,2,9,1,0,1,0.0551148261874914,0.911449327133596,0.8829206079244614
17641,2914,Nikolay Safronidi,FC Ufa,D S,23,1170,1,0.8508286220021546,3,1.2059999462217093,11,17,4,0,1,0.8508286220021546,2.7058367994613945,1.8274133447557688
17642,2914,Nikolay Safronidi,FC Ufa,S,2,6,0,0.0,0,0.0,0,0,2,0,0,0.0,0.0,0.0
