,id,player_name,team_title,position,games,time,goals,xG,assists,xA,shots,key_passes,yellow_cards,red_cards,npg,npxG,xGChain,xGBuildup
17633,3015,Nikolay Komlichenko,Dinamo Moscow,F M S,11,639,3,4.7076974883675575,0,0.3362509775906801,18,5,3,0,1,3.199146844446659,3.582349121570587,0.5758329406380653
17634,3015,Nikolay Komlichenko,Dinamo Moscow,F M S,25,1072,4,4.148467635735869,0,1.0257413145154717,27,13,3,1,1,1.8856416549533608,4.306643228977919,1.7847257144749165
17635,3015,Nikolay Komlichenko,FC Rostov,F S,18,1049,4,4.607788544148207,2,0.4871583878993988,27,10,2,0,3,3.8535131625831127,4.088799914345145,0.2679712604731321
