,id,player_name,team_title,position,games,time,goals,xG,assists,xA,shots,key_passes,yellow_cards,red_cards,npg,npxG,xGChain,xGBuildup
17704,1599,Norbert Gyömbér,FK Akhmat,D M S,7,533,0,0.0,0,0.0562392063438892,0,1,2,0,0,0.0,1.252702184021473,1.252702184021473
17705,1599,Norbert Gyömbér,Roma,S,6,88,0,0.0,0,0.0684452727437019,0,2,1,0,0,0.0,0.0684452727437019,0.0
17706,1599,Norbert Gyömbér,Pescara,D,10,850,0,0.1271767318248748,0,0.0157320369035005,1,1,4,0,0,0.1271767318248748,1.076097721233964,1.0603656843304634
17707,1599,Norbert Gyömbér,Salernitana,D,16,1345,0,0.1958905383944511,0,0.0164778605103492,6,1,3,0,0,0.1958905383944511,1.1778375711292028,1.1448832135647535
