,id,player_name,team_title,position,games,time,goals,xG,assists,xA,shots,key_passes,yellow_cards,red_cards,npg,npxG,xGChain,xGBuildup
17759,2923,Odil Ahmedov,FC Krasnodar,F M S,14,744,0,0.6795772165060043,1,1.448957622051239,18,12,0,0,0,0.6795772165060043,3.3070057928562164,1.479321064427495
17760,2923,Odil Ahmedov,FC Krasnodar,M,26,2145,2,2.043216231279075,0,1.1034826822578907,41,20,3,0,2,2.043216231279075,8.341416636481881,5.868486104533076
17761,2923,Odil Ahmedov,FC Krasnodar,F M S,27,1876,3,2.878522735089064,2,3.940483400598168,45,37,3,0,3,2.878522735089064,11.974402971565723,7.019170209765434
