,id,player_name,team_title,position,games,time,goals,xG,assists,xA,shots,key_passes,yellow_cards,red_cards,npg,npxG,xGChain,xGBuildup
17767,5461,Odise Roshi,FK Akhmat,D M S,13,585,0,0.2219258397817611,0,0.3972621690481901,8,9,1,0,0,0.2219258397817611,0.7845527296885848,0.3813759535551071
17768,5461,Odise Roshi,FK Akhmat,M S,6,242,2,1.1106629213318229,0,0.5984319671988487,12,8,2,0,2,1.1106629213318229,0.9599682269617916,0.3893227353692055
17769,5461,Odise Roshi,FK Akhmat,D F M S,26,1751,7,5.074872746132314,1,3.620359349995852,41,43,5,1,4,2.812046742998064,6.718691203743219,1.687913428992033
17770,5461,Odise Roshi,FK Akhmat,M S,19,1015,1,1.1093178931623695,3,1.726608189754188,22,18,6,0,1,1.1093178931623695,2.8132855156436563,0.7817057194188237
17771,5461,Odise Roshi,FK Akhmat,F M S,20,1252,1,3.0285401102155447,3,1.639188665896654,29,14,4,0,1,3.0285401102155447,5.655072588473558,2.89725698903203
