,id,player_name,team_title,position,games,time,goals,xG,assists,xA,shots,key_passes,yellow_cards,red_cards,npg,npxG,xGChain,xGBuildup
17773,3697,Odsonne Edouard,Toulouse,F S,16,554,1,1.5692664682865145,0,0.1955470815300941,11,4,0,0,1,1.5692664682865145,2.953500967472792,1.3471312634646893
17774,3697,Odsonne Edouard,Crystal Palace,F M S,13,710,3,2.268663439899683,1,1.0419558938592672,18,8,0,0,3,2.268663439899683,4.639168668538332,1.4354277029633522
