,id,player_name,team_title,position,games,time,goals,xG,assists,xA,shots,key_passes,yellow_cards,red_cards,npg,npxG,xGChain,xGBuildup
17782,2455,Ognjen Vranjes,Tom Tomsk,D,7,601,1,0.5154949724674225,0,0.0867774486541748,4,1,4,0,1,0.5154949724674225,0.7993802614510059,0.2616347335278988
17783,2455,Ognjen Vranjes,Sporting Gijon,D S,11,918,0,0.0,0,0.0206229947507381,0,1,6,1,0,0.0,0.8298870166763663,0.809264020062983
