,id,player_name,team_title,position,games,time,goals,xG,assists,xA,shots,key_passes,yellow_cards,red_cards,npg,npxG,xGChain,xGBuildup
17784,5128,Oier,Osasuna,M S,29,2328,2,2.2690541706979275,1,0.9445010721683502,18,14,12,1,2,2.2690541706979275,8.439194086939096,6.455177258700132
17785,2241,Oier,Real Sociedad,GK S,3,228,0,0.0,0,0.0,0,0,1,0,0,0.0,0.5383448861539364,0.5383448861539364
17786,2241,Oier,Levante,GK,26,2340,0,0.0,0,0.0,0,0,2,0,0,0.0,3.1106647457927465,3.1106647457927465
17787,2241,Oier,Granada,GK,14,1260,0,0.0,0,0.0,0,0,0,0,0,0.0,0.7825939357280731,0.7825939357280731
17788,5128,Oier,Osasuna,M S,13,454,0,0.9275437025353312,0,0.1489955000579357,8,2,1,0,0,0.9275437025353312,0.8348710034042597,0.6123827118426561
17789,5128,Oier,Osasuna,M S,32,2097,0,1.0907557755708694,2,2.0114673720672727,16,15,9,0,0,1.0907557755708694,4.405683998018503,2.2502273339778185
17790,2241,Oier,Levante,GK,21,1890,0,0.0,0,0.0935423076152801,0,1,1,0,0,0.0,2.428938653320074,2.335396345704794
17791,5128,Oier,Osasuna,D M,36,3150,0,0.5048358221538365,2,0.6715136002749205,8,18,11,1,0,0.5048358221538365,4.122110688127577,3.452868307940662
17792,2241,Oier,Espanyol,GK,2,180,0,0.0,0,0.0,0,0,0,0,0,0.0,0.2557041943073272,0.2557041943073272
