,id,player_name,team_title,position,games,time,goals,xG,assists,xA,shots,key_passes,yellow_cards,red_cards,npg,npxG,xGChain,xGBuildup
17793,8728,Oier Zarraga,Athletic Club,M S,5,94,0,0.0855501592159271,0,0.0464398153126239,1,2,0,0,0,0.0855501592159271,0.2289419509470462,0.0969519764184951
17794,8728,Oier Zarraga,Athletic Club,M S,13,394,0,0.2841292833909392,0,0.109724061563611,10,4,2,0,0,0.2841292833909392,2.6678624683991075,2.3819312527775764
