,id,player_name,team_title,position,games,time,goals,xG,assists,xA,shots,key_passes,yellow_cards,red_cards,npg,npxG,xGChain,xGBuildup
17803,725,Ola Aina,Torino,D M S,30,2161,1,1.5993804587051272,3,2.9707172894850373,24,25,5,1,1,1.5993804587051272,7.592435378581285,3.6878130240365854
17804,725,Ola Aina,Fulham,D M,31,2683,2,0.8479764661751688,1,1.5527279656380415,14,15,3,0,2,0.8479764661751688,6.773145352024585,6.1204672530293465
17805,725,Ola Aina,Torino,D M S,32,2074,0,0.4050872521474957,2,2.2581110913306475,12,22,8,0,0,0.4050872521474957,7.155938690528274,5.393099028617144
17806,725,Ola Aina,Torino,D M S,14,972,0,0.2357298796996474,0,1.5573463961482048,6,12,4,0,0,0.2357298796996474,3.538349524140358,2.120750483125448
17807,725,Ola Aina,Chelsea,S,3,20,0,0.0409686230123043,0,0.0,1,0,0,0,0,0.0409686230123043,0.0676796268671751,0.0267110038548707
