,id,player_name,team_title,position,games,time,goals,xG,assists,xA,shots,key_passes,yellow_cards,red_cards,npg,npxG,xGChain,xGBuildup
17844,3062,Oleg Shatov,Rubin Kazan,F M S,21,1485,1,1.3557233028113842,3,1.2674933755770326,15,27,4,0,0,0.6014494560658932,5.464088609442115,4.106535949744284
17845,3062,Oleg Shatov,Rubin Kazan,M,3,203,0,0.0276666954159736,0,0.5088150501251221,1,5,1,0,0,0.0276666954159736,0.5037432014942169,0.3583928272128105
17846,3062,Oleg Shatov,Zenit St. Petersburg,M S,12,577,2,2.1725301537662745,3,1.5044302865862846,15,12,2,0,2,2.1725301537662745,6.509680710732937,3.277513764798641
17847,3062,Oleg Shatov,Zenit St. Petersburg,F M S,28,2095,4,5.084667291492224,3,3.83493079803884,44,29,3,0,4,5.084667291492224,10.546063413843513,4.396517127752304
17848,3062,Oleg Shatov,Zenit St. Petersburg,F M S,27,2195,8,6.308126326650381,6,6.912853633053601,50,48,2,0,8,6.308126326650381,17.33605270832777,6.775665918365121
17849,3062,Oleg Shatov,"FC Krasnodar,Zenit St. Petersburg",F M S,19,1075,1,1.1504012886434791,3,0.82636384293437,17,18,0,0,1,1.1504012886434791,4.5380729883909225,2.842705052345991
17850,3062,Oleg Shatov,Zenit St. Petersburg,F M S,19,1028,3,0.9695000937208532,1,1.1549151437357068,17,13,1,0,3,0.9695000937208532,5.467905469238758,3.5738896187394857
17851,3062,Oleg Shatov,Zenit St. Petersburg,F M S,18,1171,2,1.7568879202008247,6,4.721265899017453,32,35,3,1,2,1.7568879202008247,7.436806850135326,3.896249977871776
