,id,player_name,team_title,position,games,time,goals,xG,assists,xA,shots,key_passes,yellow_cards,red_cards,npg,npxG,xGChain,xGBuildup
17837,2963,Oleg Kuzmin,Rubin Kazan,D,21,1790,2,1.3572436952963471,1,1.5862813759595156,25,23,8,2,2,1.3572436952963471,8.13465396873653,6.537556979805231
17838,2963,Oleg Kuzmin,Rubin Kazan,D S,11,774,1,0.4822281077504158,0,0.4004840403795242,6,7,4,0,1,0.4822281077504158,2.755239160731435,2.435185379348696
17839,2963,Oleg Kuzmin,Rubin Kazan,D,5,415,0,0.023282753303647,0,0.2112886738032102,2,5,0,0,0,0.023282753303647,0.9527600798755884,0.7437106836587191
17840,2963,Oleg Kuzmin,Rubin Kazan,D,27,2406,0,1.4495072234421968,3,1.778164711780846,29,24,12,0,0,1.4495072234421968,9.105620704591274,7.240314230322838
