,id,player_name,team_title,position,games,time,goals,xG,assists,xA,shots,key_passes,yellow_cards,red_cards,npg,npxG,xGChain,xGBuildup
17852,3038,Oleg Vlasov,Arsenal Tula,F M S,20,918,1,0.5309485346078873,0,0.1854776926338672,13,8,0,0,1,0.5309485346078873,1.2556793754920363,0.5610356954857707
17853,3038,Oleg Vlasov,Mordovya,F M,29,2389,2,3.210089731030166,5,5.053317311219871,43,44,3,0,2,3.210089731030166,10.562911650165915,4.314546160399914
17854,3038,Oleg Vlasov,Mordovya,F M S,30,2110,1,2.0884773833677173,2,3.0333551708608866,24,36,0,0,1,2.0884773833677173,8.182106666266918,4.789043208118528
