,id,player_name,team_title,position,games,time,goals,xG,assists,xA,shots,key_passes,yellow_cards,red_cards,npg,npxG,xGChain,xGBuildup
17914,3281,Olivier Kemen,Lyon,M S,2,103,0,0.0,0,0.0938016772270202,0,1,0,0,0,0.0,0.0938016772270202,0.0
17915,3281,Olivier Kemen,Lyon,S,2,59,0,0.0107235666364431,0,0.043526254594326,1,1,0,0,0,0.0107235666364431,0.0847576986998319,0.0740341320633888
