,id,player_name,team_title,position,games,time,goals,xG,assists,xA,shots,key_passes,yellow_cards,red_cards,npg,npxG,xGChain,xGBuildup
17887,1736,Oliver McBurnie,Swansea,F S,11,257,0,0.2464731950312852,1,0.5389222502708435,5,1,0,0,0,0.2464731950312852,0.7823983132839203,0.6077353041619062
17888,1736,Oliver McBurnie,Sheffield United,F S,36,2123,6,8.068319181911647,0,1.13500355463475,50,10,4,0,6,8.068319181911647,10.19457240961492,3.9475044198334217
17889,1736,Oliver McBurnie,Sheffield United,F S,23,1306,1,3.552993312478065,0,1.0542655810713768,30,15,2,0,1,3.552993312478065,6.1072307620197535,2.601921772584319
17890,1736,Oliver McBurnie,Swansea,S,5,69,0,0.0776455327868461,0,0.1045651063323021,2,2,0,0,0,0.0776455327868461,0.2300121188163757,0.1425895653665065
