,id,player_name,team_title,position,games,time,goals,xG,assists,xA,shots,key_passes,yellow_cards,red_cards,npg,npxG,xGChain,xGBuildup
17934,1385,Omar El Kaddouri,Napoli,S,20,214,1,1.9794978890568016,2,1.3575528897345066,11,9,2,0,1,1.9794978890568016,3.7325983680784702,1.791281908750534
17935,1385,Omar El Kaddouri,Torino,F M S,32,2304,3,3.635398198850453,4,5.470434523187578,40,71,9,1,3,2.8740993039682508,11.094203141517935,5.569196978583932
17936,1385,Omar El Kaddouri,"Empoli,Napoli",M S,20,1294,3,2.822738900780678,1,2.832259776070714,31,31,5,0,3,2.822738900780678,5.816760294139385,1.935905679129064
