,id,player_name,team_title,position,games,time,goals,xG,assists,xA,shots,key_passes,yellow_cards,red_cards,npg,npxG,xGChain,xGBuildup
17942,2456,Omar Mascarell,Sporting Gijon,M S,26,1768,0,0.2589284339919686,1,0.546842179261148,11,10,5,0,0,0.2589284339919686,3.0682174172252417,2.502609923481941
17943,2456,Omar Mascarell,Schalke 04,M,23,2036,0,0.3815655708312988,1,1.1834845207631588,10,10,4,0,0,0.3815655708312988,5.383668081834912,4.931453410536051
17944,2456,Omar Mascarell,Schalke 04,M S,14,991,0,0.1884454721584916,2,0.2605864107608795,6,5,2,0,0,0.1884454721584916,2.0080820992589,1.730187250301242
17945,2456,Omar Mascarell,Elche,M S,14,1099,0,0.3512358888983726,0,0.1247560223564505,7,3,4,0,0,0.3512358888983726,2.4032201785594225,2.257925182580948
17946,2456,Omar Mascarell,Eintracht Frankfurt,M S,9,771,1,0.2837020447477698,0,0.4415280073881149,4,7,4,0,1,0.2837020447477698,2.921938881278038,2.317086599767208
17947,2456,Omar Mascarell,Schalke 04,M S,24,1765,1,0.2957917638123035,1,0.3652345705777406,10,6,6,0,1,0.2957917638123035,3.6569972028955817,3.452618713490665
17948,2456,Omar Mascarell,Eintracht Frankfurt,M S,28,2450,0,0.446961285546422,0,1.2518649585545063,12,14,13,0,0,0.446961285546422,7.759001430124044,6.210846893489361
