,id,player_name,team_title,position,games,time,goals,xG,assists,xA,shots,key_passes,yellow_cards,red_cards,npg,npxG,xGChain,xGBuildup
17965,5489,Ondrej Vanek,FC Ufa,M S,11,735,3,0.7197471796534956,0,1.041159608401358,11,13,1,0,3,0.7197471796534956,2.6815324216149747,1.538555482402444
17966,5489,Ondrej Vanek,FC Ufa,F M S,17,828,3,1.5275949910283089,1,0.6813657507300377,19,14,2,0,2,0.7733211442828178,1.611948661506176,0.8472706079483032
17967,5489,Ondrej Vanek,FC Ufa,M S,16,1044,2,1.9650993393734093,1,0.6615998446941376,17,14,3,0,2,1.2108240174129603,1.653311408124864,0.8813551124185324
