,id,player_name,team_title,position,games,time,goals,xG,assists,xA,shots,key_passes,yellow_cards,red_cards,npg,npxG,xGChain,xGBuildup
18008,206,Oscar Wendt,Borussia M.Gladbach,D S,26,2294,2,0.6815354377031326,1,0.9828232983127236,8,12,4,0,2,0.6815354377031326,10.600961055606604,9.230263900011778
18009,206,Oscar Wendt,Borussia M.Gladbach,D M,28,2463,2,2.272822667844593,2,2.705138761550188,26,26,3,0,2,2.272822667844593,7.927994605153799,4.863824447616935
18010,206,Oscar Wendt,Borussia M.Gladbach,D M,30,2637,3,1.5083918645977974,2,2.7567519545555115,20,28,5,0,3,1.5083918645977974,12.41877843439579,8.76186899561435
18011,206,Oscar Wendt,Borussia M.Gladbach,D M,28,2467,1,1.6762228161096573,1,2.076463714241981,18,24,2,0,1,1.6762228161096573,8.658388825133443,5.899223390035331
18012,206,Oscar Wendt,Borussia M.Gladbach,D M S,22,1269,1,0.9747685082256794,1,0.5598962251096964,8,7,3,0,1,0.9747685082256794,2.9637476429343224,2.0073936730623245
18013,206,Oscar Wendt,Borussia M.Gladbach,D M S,32,2730,1,0.4802340772002935,1,2.347180997952819,8,25,2,0,1,0.4802340772002935,10.709089495241642,8.957314619794488
18014,206,Oscar Wendt,Borussia M.Gladbach,D M S,25,1674,2,1.1303725391626358,2,2.603337751701474,9,22,3,0,2,1.1303725391626358,6.402502367272973,4.223987461999059
