,id,player_name,team_title,position,games,time,goals,xG,assists,xA,shots,key_passes,yellow_cards,red_cards,npg,npxG,xGChain,xGBuildup
18025,6587,Othman El Kabir,Ural,M,10,900,3,1.9478772226721048,2,1.339857299812138,31,14,1,0,3,1.9478772226721048,2.9945060200989246,0.5656230021268129
18026,6587,Othman El Kabir,Ural,M S,28,2202,3,3.5625330437906086,6,5.237571848556399,46,49,3,0,1,2.053983906749636,8.571693827398121,2.828150512650609
18027,6587,Othman El Kabir,Ural,F M S,14,1128,1,2.0132910357788205,4,1.2670502830296757,24,21,1,0,1,1.2590218530967832,3.2500798497349024,1.871905880048871
18028,6587,Othman El Kabir,Ural,M S,22,1644,6,3.318431984633208,2,2.2813051119446754,46,43,4,0,6,2.564156662672758,6.366268317215145,2.707449874840677
