,id,player_name,team_title,position,games,time,goals,xG,assists,xA,shots,key_passes,yellow_cards,red_cards,npg,npxG,xGChain,xGBuildup
18048,3226,Ousmane Dembélé,Rennes,F M S,26,1939,12,6.8537065628916025,5,3.824223107658327,56,43,1,0,11,6.093611443415284,9.74254546687007,1.6356056965887549
18049,3226,Ousmane Dembélé,Barcelona,D F M S,29,1673,8,4.283434369601309,5,5.402523474767804,39,45,1,0,8,4.283434369601309,11.178977493196726,3.907365268096328
18050,3226,Ousmane Dembélé,Barcelona,F M S,5,355,1,1.2961529418826103,0,0.4256815128028393,5,8,1,1,1,1.2961529418826103,1.86900145560503,0.4307009540498256
18051,3226,Ousmane Dembélé,Barcelona,F M S,30,1774,6,6.025543246418238,3,4.507527407258749,55,39,2,0,6,6.025543246418238,14.291339632123709,6.59626080468297
18052,3226,Ousmane Dembélé,Borussia Dortmund,F M S,32,2042,6,5.106050323694944,12,11.507424423471091,55,62,7,0,6,5.106050323694944,20.956586353480816,7.158099519088864
18053,3226,Ousmane Dembélé,Barcelona,F M S,17,930,3,2.5214690417051315,6,4.128066070377827,21,28,2,0,3,2.5214690417051315,11.081457044929266,6.012614419683814
18054,3226,Ousmane Dembélé,Barcelona,M S,3,127,0,0.2370319738984108,0,0.4479272961616516,7,1,0,0,0,0.2370319738984108,0.7739067152142525,0.5752401202917099
