,id,player_name,team_title,position,games,time,goals,xG,assists,xA,shots,key_passes,yellow_cards,red_cards,npg,npxG,xGChain,xGBuildup
18080,1547,Pablo Armero,Udinese,D M,5,420,1,1.1763736605644226,0,0.0545917376875877,2,2,0,0,1,1.1763736605644226,2.2068016976118088,0.9923568703234196
18081,1547,Pablo Armero,Udinese,D,2,180,0,0.0,0,0.0,0,0,1,0,0,0.0,0.1019811481237411,0.1019811481237411
18082,1547,Pablo Armero,AC Milan,D S,8,587,0,0.0852773711085319,1,0.9378654174506664,1,8,1,1,0,0.0852773711085319,1.551931120455265,0.7131659761071205
