,id,player_name,team_title,position,games,time,goals,xG,assists,xA,shots,key_passes,yellow_cards,red_cards,npg,npxG,xGChain,xGBuildup
18125,3373,Pablo Martinez,GFC Ajaccio,D S,28,2210,0,0.2660732585936785,1,0.2543083969503641,9,6,4,0,0,0.2660732585936785,1.852068423759192,1.579812352079898
18126,3373,Pablo Martinez,Nimes,D,26,2340,2,0.897365864366293,1,0.653857191093266,13,4,3,1,2,0.897365864366293,2.6508580539375544,2.418289260007441
18127,3373,Pablo Martinez,Angers,D S,9,626,0,0.2621605060994625,0,0.096287035383284,4,4,4,0,0,0.2621605060994625,0.9183368170633912,0.806179590523243
18128,3373,Pablo Martinez,Nimes,D S,7,545,0,0.0,1,0.0244957264512777,0,2,1,0,0,0.0,0.4411475453525781,0.4166518170386553
18129,3373,Pablo Martinez,Strasbourg,D,24,2116,0,0.5233076401054859,1,0.4873035573400557,14,5,4,0,0,0.5233076401054859,3.272699641995132,3.0756057258695364
18130,3373,Pablo Martinez,Strasbourg,D,32,2822,3,1.1842173035256565,1,0.6476535080000758,14,4,7,0,3,1.1842173035256565,5.268570470623672,4.825312429107726
