,id,player_name,team_title,position,games,time,goals,xG,assists,xA,shots,key_passes,yellow_cards,red_cards,npg,npxG,xGChain,xGBuildup
18083,4771,Pablo Chavarria,Reims,F M S,30,1975,5,6.050614958629012,3,1.2689044047147036,44,21,3,0,5,6.050614958629012,7.1087153442204,1.0026346165686846
18084,4771,Pablo Chavarria,Mallorca,F S,13,170,0,0.7190733924508095,0,0.1101417280733585,5,2,1,0,0,0.7190733924508095,0.8182895518839359,0.0989210782572627
18085,4771,Pablo Chavarria,Lens,F M S,31,2506,7,5.846533104777336,0,2.77673352509737,52,33,4,0,7,5.846533104777336,9.04225169122219,1.9095622524619105
