,id,player_name,team_title,position,games,time,goals,xG,assists,xA,shots,key_passes,yellow_cards,red_cards,npg,npxG,xGChain,xGBuildup
18211,1866,Paolo Sammarco,Frosinone,M S,28,2321,4,2.132167375646532,1,1.4467901000753045,23,25,7,0,4,2.132167375646532,5.030454944819212,2.053174994885921
18212,1866,Paolo Sammarco,Frosinone,M S,8,559,1,0.1878889752551913,0,0.1850783973932266,6,6,1,0,1,0.1878889752551913,1.9847790049389005,1.813441694714129
