,id,player_name,team_title,position,games,time,goals,xG,assists,xA,shots,key_passes,yellow_cards,red_cards,npg,npxG,xGChain,xGBuildup
18237,513,Pape Souaré,Crystal Palace,S,1,7,0,0.0,0,0.0,0,0,0,0,0,0.0,0.0,0.0
18238,513,Pape Souaré,Crystal Palace,D,34,3017,0,0.3214286426082253,1,2.517557319253683,11,27,6,1,0,0.3214286426082253,8.012803493067622,6.117430562153459
18239,513,Pape Souaré,Crystal Palace,D S,9,603,0,0.042145031504333,0,1.7640708982944489,3,6,1,0,0,0.042145031504333,1.9684697054326528,1.331420723348856
18240,513,Pape Souaré,Crystal Palace,D,3,270,0,0.0181966088712215,0,0.1499379724264145,2,2,0,0,0,0.0181966088712215,0.3327019065618515,0.1756100058555603
18241,513,Pape Souaré,Crystal Palace,S,1,1,0,0.0,0,0.0,0,0,0,0,0,0.0,0.0,0.0
18242,513,Pape Souaré,Lille,D S,12,958,0,0.0552156344056129,0,0.2527287229895592,3,3,5,0,0,0.0552156344056129,1.9509238880127668,1.6797249633818865
