,id,player_name,team_title,position,games,time,goals,xG,assists,xA,shots,key_passes,yellow_cards,red_cards,npg,npxG,xGChain,xGBuildup
18227,2291,Pape Cheikh,Celta Vigo,M S,16,582,0,0.0399881079792976,1,0.3693543095141649,2,5,4,1,0,0.0399881079792976,1.49641496501863,1.400173923000693
18228,2291,Pape Cheikh,Dijon,M S,21,1092,0,0.3307410907000303,0,0.3082404276356101,6,8,5,0,0,0.3307410907000303,1.9731980077922344,1.476146899163723
18229,2291,Pape Cheikh,Lyon,S,1,9,0,0.0,0,0.0,0,0,0,0,0,0.0,0.0953558087348938,0.0953558087348938
18230,2291,Pape Cheikh,Celta Vigo,M S,16,558,1,0.1115230992436409,0,0.1322756288573146,1,5,3,0,1,0.1115230992436409,1.022915218025446,0.7791164740920067
18231,2291,Pape Cheikh,Celta Vigo,S,6,57,0,0.0,0,0.0,0,0,0,0,0,0.0,0.3980872333049774,0.3980872333049774
18232,2291,Pape Cheikh,Lyon,M S,12,453,0,0.3710756823420524,0,0.080020397901535,4,2,3,0,0,0.3710756823420524,1.9807847253978248,1.5980025045573711
