,id,player_name,team_title,position,games,time,goals,xG,assists,xA,shots,key_passes,yellow_cards,red_cards,npg,npxG,xGChain,xGBuildup
18261,326,Pascal Stenzel,Freiburg,D M S,25,1937,1,0.4162450302392244,0,0.6707904525101185,15,17,3,0,1,0.4162450302392244,2.3943899404257536,1.5295734629034996
18262,326,Pascal Stenzel,Freiburg,D S,21,1461,0,0.8713064752519131,2,1.5138068180531263,25,16,4,1,0,0.8713064752519131,4.916334873065352,3.263250542804599
18263,326,Pascal Stenzel,VfB Stuttgart,S,5,124,0,0.0392474764958024,0,0.0561714395880699,2,1,0,0,0,0.0392474764958024,0.298082104884088,0.2588346228003502
18264,326,Pascal Stenzel,VfB Stuttgart,D S,23,1276,0,0.1515287049114704,1,0.2466768678277731,5,4,1,1,0,0.1515287049114704,5.43352635204792,5.278134353458881
18265,326,Pascal Stenzel,Freiburg,D M S,19,1300,1,0.4132958566769957,1,0.7819712609052658,13,9,3,0,1,0.4132958566769957,3.613072246313095,2.773385690525174
