,id,player_name,team_title,position,games,time,goals,xG,assists,xA,shots,key_passes,yellow_cards,red_cards,npg,npxG,xGChain,xGBuildup
18312,420,Patrick Herrmann,Borussia M.Gladbach,M S,18,700,1,1.4277267009019852,1,1.2720084805041552,8,13,1,0,1,1.4277267009019852,4.020098596811295,1.495516011491418
18313,420,Patrick Herrmann,Borussia M.Gladbach,F M S,32,2214,11,9.38436054252088,4,5.13144039735198,50,34,5,0,11,9.38436054252088,16.353563491255045,6.580168855376542
18314,420,Patrick Herrmann,Borussia M.Gladbach,F M S,27,839,0,2.118563141673804,3,2.2946972753852606,19,22,3,0,0,2.118563141673804,4.669822629541159,1.286970805376768
18315,420,Patrick Herrmann,Borussia M.Gladbach,M S,18,625,3,2.620291125029325,1,1.7373898476362228,13,12,0,0,3,2.620291125029325,5.029621725901961,1.0721386773511767
18316,420,Patrick Herrmann,Borussia M.Gladbach,D M S,12,548,0,0.96155571565032,3,1.1194226630032065,10,15,1,0,0,0.96155571565032,4.375072725117207,2.896217996254564
18317,420,Patrick Herrmann,Borussia M.Gladbach,F M S,24,1059,3,1.5560221783816814,2,2.8476833179593086,19,25,1,0,3,1.5560221783816814,4.681575611233711,1.3419788517057896
18318,420,Patrick Herrmann,Borussia M.Gladbach,F M S,27,1454,6,6.845347516238689,6,4.826205909252167,40,27,4,0,6,6.845347516238689,14.83645474910736,4.426283378154039
18319,420,Patrick Herrmann,Borussia M.Gladbach,D M S,23,1120,0,1.631037002429366,1,2.3084463365376,19,14,0,0,0,1.631037002429366,4.952044039964676,1.8534689638763664
