,id,player_name,team_title,position,games,time,goals,xG,assists,xA,shots,key_passes,yellow_cards,red_cards,npg,npxG,xGChain,xGBuildup
18297,4918,Patrick Cutrone,Wolverhampton Wanderers,S,2,21,0,0.0714575052261352,0,0.0,1,0,0,0,0,0.0714575052261352,0.0714575052261352,0.0
18298,4918,Patrick Cutrone,AC Milan,S,1,4,0,0.0835421830415725,0,0.0,1,0,1,0,0,0.0835421830415725,0.0835421830415725,0.0
18299,4918,Patrick Cutrone,Fiorentina,S,11,170,0,0.184911772608757,0,0.0,3,0,0,0,0,0.184911772608757,0.1082930713891983,0.0
18300,4918,Patrick Cutrone,AC Milan,F S,34,1408,3,3.290540236979723,2,1.7621370032429695,34,21,2,0,3,3.290540236979723,5.565666392445564,1.1160914190113544
18301,4918,Patrick Cutrone,AC Milan,F S,28,1520,10,8.869436912238598,2,0.912525886669755,45,14,3,0,10,8.869436912238598,9.733459740877151,2.394327605143189
18302,4918,Patrick Cutrone,Empoli,F S,14,820,2,2.512155093252659,0,0.4147793091833591,30,6,1,0,2,2.512155093252659,3.3812003806233406,0.5559184029698372
18303,4918,Patrick Cutrone,Fiorentina,F S,19,831,4,4.318681221455336,1,1.4650314282625914,21,6,1,0,4,4.318681221455336,6.421842362731695,0.6668609622865915
18304,4918,Patrick Cutrone,Valencia,S,7,95,0,0.5356163270771503,0,0.3085038065910339,3,1,0,0,0,0.5356163270771503,0.8441201336681843,0.0
18305,4918,Patrick Cutrone,Wolverhampton Wanderers,F S,12,291,2,2.2888070419430733,0,0.4840551167726517,11,2,0,0,2,2.2888070419430733,2.311261683702469,0.0
