,id,player_name,team_title,position,games,time,goals,xG,assists,xA,shots,key_passes,yellow_cards,red_cards,npg,npxG,xGChain,xGBuildup
18280,1298,Patrice Evra,Marseille,D,11,879,1,0.6917053759098053,0,0.4440452810376882,4,6,3,0,1,0.6917053759098053,4.885347351431847,3.891966614872217
18281,1298,Patrice Evra,West Ham,D S,5,242,0,0.0,0,0.0,0,0,0,0,0,0.0,0.0399081408977508,0.0399081408977508
18282,1298,Patrice Evra,Marseille,D,4,350,0,0.1041687875986099,0,0.0672598592936992,2,2,2,0,0,0.1041687875986099,0.1714286468923092,0.0
18283,1298,Patrice Evra,Juventus,D M,21,1803,1,1.8217325825244188,2,2.144899485632777,10,27,4,0,1,1.8217325825244188,8.329672580584884,5.823189157992601
18284,1298,Patrice Evra,Juventus,D S,26,2045,2,1.907374694943428,3,1.929621550254524,16,26,5,1,2,1.907374694943428,7.307950980961323,5.352309823036194
18285,1298,Patrice Evra,Juventus,D S,6,242,0,0.0225294604897499,0,0.0,1,0,0,0,0,0.0225294604897499,1.1995066478848455,1.1769771873950958
