,id,player_name,team_title,position,games,time,goals,xG,assists,xA,shots,key_passes,yellow_cards,red_cards,npg,npxG,xGChain,xGBuildup
18350,6221,Pau Torres,Villarreal,S,2,49,0,0.0,0,0.0,0,0,0,0,0,0.0,0.0525717623531818,0.0525717623531818
18351,6221,Pau Torres,Villarreal,D S,34,2971,2,1.727370262145996,1,2.0888884365558624,10,11,6,0,2,1.727370262145996,11.340358544141054,11.220812540501356
18352,6221,Pau Torres,Villarreal,D,33,2970,2,1.08194821421057,2,0.7952973861247301,8,6,2,0,2,1.08194821421057,11.663445765152574,11.333525346592069
18353,6221,Pau Torres,Villarreal,D,13,1170,1,1.22323127835989,0,0.735913835465908,11,5,2,0,1,1.22323127835989,6.351236961781979,6.341144509613514
