,id,player_name,team_title,position,games,time,goals,xG,assists,xA,shots,key_passes,yellow_cards,red_cards,npg,npxG,xGChain,xGBuildup
18411,264,Paul Verhaegh,Wolfsburg,D,2,180,0,0.0,0,0.0166043564677238,0,1,0,0,0,0.0,0.6232246235013008,0.6232246235013008
18412,264,Paul Verhaegh,Augsburg,D,27,2339,6,5.617853836156428,1,2.104887108318508,20,15,4,1,0,0.3134974529966712,5.040093814954162,3.191168366931379
18413,264,Paul Verhaegh,Wolfsburg,D M S,31,2619,2,3.117923591285944,2,1.6287280609831214,6,19,5,0,1,0.844593558460474,6.224397022277117,5.580183621495962
18414,264,Paul Verhaegh,Augsburg,D M,31,2766,3,3.192092846147716,2,1.4699415126815438,10,12,4,0,0,0.1609861319884657,5.1181369218975306,4.360646588727832
18415,264,Paul Verhaegh,Augsburg,D M,25,2199,6,5.013801239430904,2,1.1549118515104055,10,16,8,0,0,0.4671411663293838,7.501107186079025,6.220253817737103
