,id,player_name,team_title,position,games,time,goals,xG,assists,xA,shots,key_passes,yellow_cards,red_cards,npg,npxG,xGChain,xGBuildup
18449,6225,Paulo Oliveira,Eibar,D S,31,2637,0,0.8654862903058529,1,0.8124097473919392,14,3,4,0,0,0.8654862903058529,2.7967293625697494,2.4355887537822127
18450,6225,Paulo Oliveira,Eibar,D S,26,2086,1,1.361002841964364,0,0.3000907693058252,12,2,5,1,1,1.361002841964364,1.8167123142629864,1.5471200440078974
18451,6225,Paulo Oliveira,Eibar,D S,26,2216,0,1.235684547573328,0,0.2011480759829282,14,6,3,0,0,1.235684547573328,2.661831349134445,2.6005832385271788
18452,6225,Paulo Oliveira,Eibar,D S,28,2236,0,0.8435774352401495,0,0.1118508800864219,9,1,4,0,0,0.8435774352401495,2.456676630303264,2.3448257129639387
