,id,player_name,team_title,position,games,time,goals,xG,assists,xA,shots,key_passes,yellow_cards,red_cards,npg,npxG,xGChain,xGBuildup
18435,1294,Paulo Dybala,Juventus,F M S,30,2135,5,5.023500384762883,4,3.562103323638439,65,51,2,0,4,4.262201571837068,11.119915802031755,5.672918541356921
18436,1294,Paulo Dybala,Juventus,F M S,31,2162,11,9.196439143270254,7,7.809739504009485,89,58,2,0,8,6.912542682141066,18.341039303690195,9.298405915498734
18437,1294,Paulo Dybala,Juventus,F M S,13,944,5,4.791500942781568,3,3.491176389157772,53,23,1,0,4,3.2689032200723886,7.914836853742599,2.859662797302008
18438,1294,Paulo Dybala,Juventus,F M S,33,2187,11,9.310342945158482,6,7.191221464425325,100,69,5,0,10,8.549044169485569,19.91659000981599,9.562891212292016
18439,1294,Paulo Dybala,Juventus,F S,34,2480,19,15.12728680856526,9,8.31875187996775,107,73,1,0,13,10.55953368730843,19.78540198970586,7.206236615777016
18440,1294,Paulo Dybala,Juventus,F M S,33,2356,22,13.170291170477867,5,4.819444749504328,114,54,0,0,19,9.36387748643756,15.791876073926687,6.677143616601825
18441,1294,Paulo Dybala,Palermo,F,34,2972,13,16.08828896470368,10,5.27936016023159,117,58,3,0,10,13.80447238869965,21.39678017795086,7.618318795226514
18442,1294,Paulo Dybala,Juventus,F S,20,1131,4,4.79860945045948,3,3.158298303373158,51,30,0,0,4,4.79860945045948,12.577651873230934,6.718402687460184
