,id,player_name,team_title,position,games,time,goals,xG,assists,xA,shots,key_passes,yellow_cards,red_cards,npg,npxG,xGChain,xGBuildup
18367,3251,Paul Bernardoni,"Bordeaux,Troyes",GK,21,1890,0,0.0,0,0.0,0,0,0,0,0,0.0,0.7618183316662908,0.7618183316662908
18368,3251,Paul Bernardoni,Nimes,GK,38,3420,0,0.0,0,0.0373943466693162,0,2,0,0,0,0.0,2.060216943733394,2.032067428342998
18369,3251,Paul Bernardoni,Angers,GK,12,1080,0,0.0,0,0.0,0,0,0,0,0,0.0,0.5292281890287995,0.5292281890287995
18370,3251,Paul Bernardoni,Angers,GK,38,3420,0,0.0,0,0.0,0,0,1,0,0,0.0,2.087486321106553,2.087486321106553
18371,3251,Paul Bernardoni,Nimes,GK,25,2203,0,0.0,0,0.0,0,0,0,0,0,0.0,1.5123816011473536,1.5123816011473536
