,id,player_name,team_title,position,games,time,goals,xG,assists,xA,shots,key_passes,yellow_cards,red_cards,npg,npxG,xGChain,xGBuildup
18360,3305,Paul Baysse,Malaga,D S,15,1239,1,1.0593544580042362,0,0.0,11,0,1,0,1,1.0593544580042362,0.9310476435348392,0.9220573594793676
18361,3305,Paul Baysse,Bordeaux,D S,8,563,0,0.2435876615345478,0,0.0,4,0,0,1,0,0.2435876615345478,1.0433435309678316,1.0433435309678316
18362,3305,Paul Baysse,Nice,D S,30,2584,0,1.6063002003356814,0,0.0,13,0,2,1,0,1.6063002003356814,5.114283486269414,5.104842493310571
18363,3305,Paul Baysse,Bordeaux,D S,31,2615,2,2.047937924042344,2,0.5215251743793488,11,8,3,1,2,2.047937924042344,6.53289863280952,6.387756681069732
18364,3305,Paul Baysse,"Bordeaux,Caen",D S,21,1866,0,0.4631242398172617,0,0.5746560152620077,9,5,3,1,0,0.4631242398172617,1.5936740897595882,1.540939631871879
18365,3305,Paul Baysse,Nice,D S,22,1854,2,0.9412823989987372,1,1.114102315157652,11,3,1,0,2,0.9412823989987372,5.57043387927115,5.57043387927115
18366,3305,Paul Baysse,Saint-Etienne,D S,9,627,1,0.7454517176374793,0,0.0,5,0,1,0,1,0.7454517176374793,0.6233512125909328,0.6233512125909328
