,id,player_name,team_title,position,games,time,goals,xG,assists,xA,shots,key_passes,yellow_cards,red_cards,npg,npxG,xGChain,xGBuildup
18408,2625,Paul Seguin,Greuther Fuerth,M S,13,1083,0,0.3274770220741629,0,0.496512558311224,6,13,7,0,0,0.3274770220741629,2.541509300470352,2.0038873329758644
18409,2625,Paul Seguin,Wolfsburg,M S,4,176,0,0.1450521294027567,0,0.0348295420408248,2,1,0,0,0,0.1450521294027567,0.1914485516026616,0.0115668820217251
18410,2625,Paul Seguin,Wolfsburg,D M S,22,1325,1,0.601448742672801,1,2.39697637129575,10,13,3,1,1,0.601448742672801,5.044971221126616,3.175248609855771
