,id,player_name,team_title,position,games,time,goals,xG,assists,xA,shots,key_passes,yellow_cards,red_cards,npg,npxG,xGChain,xGBuildup
18602,542,Pedro Obiang,West Ham,M S,21,1564,2,0.326869330368936,0,0.558539904654026,13,7,3,0,2,0.326869330368936,2.936462054029107,2.2521474035456777
18603,542,Pedro Obiang,Sassuolo,M S,25,1660,1,1.5510445721447468,1,0.8420501332730055,22,16,10,0,1,1.5510445721447468,7.15457433834672,5.688456010073423
18604,542,Pedro Obiang,West Ham,M S,24,1069,0,0.2413671482354402,1,0.7868880182504654,8,3,2,0,0,0.2413671482354402,1.809758939780295,1.5900769159197807
18605,542,Pedro Obiang,Sassuolo,M S,33,1458,0,0.5482167294248939,1,1.0328481569886208,16,12,4,1,0,0.5482167294248939,5.4001562260091305,4.113887259736657
18606,542,Pedro Obiang,Sampdoria,M S,34,2772,3,3.932110637426376,1,2.6871632747352123,30,30,12,0,3,3.932110637426376,9.53551653213799,4.873801488429308
18607,542,Pedro Obiang,West Ham,M S,22,1778,1,0.3835123144090175,1,0.4733991650864482,9,6,7,0,1,0.3835123144090175,5.1002861224114895,4.389142099767923
18608,542,Pedro Obiang,West Ham,M S,24,1112,0,0.5645457860082388,1,1.1373455841094255,15,6,0,0,0,0.5645457860082388,4.137819157913327,3.117102583870292
