,id,player_name,team_title,position,games,time,goals,xG,assists,xA,shots,key_passes,yellow_cards,red_cards,npg,npxG,xGChain,xGBuildup
18610,1241,Pedro Pereira,Crotone,D M S,35,2571,0,0.9247756535187364,4,3.147910486906767,14,21,6,0,0,0.9247756535187364,6.387206848710775,3.6956889256834975
18611,1241,Pedro Pereira,Sampdoria,D S,12,791,0,0.0,0,0.106872514821589,0,5,5,0,0,0.0,0.8793728146702051,0.8045115806162357
18612,1241,Pedro Pereira,Genoa,D S,6,376,0,0.0213821157813072,0,0.1041346210986375,1,2,2,0,0,0.0213821157813072,0.3424384240061044,0.2437008339911699
18613,1241,Pedro Pereira,Sampdoria,D S,9,647,0,0.0404124786145985,1,0.6704247780144215,3,2,0,0,0,0.0404124786145985,2.6191135295666754,1.9082762748003008
18614,1241,Pedro Pereira,Genoa,D M S,26,1379,0,0.0721534006297588,0,1.363851048052311,3,17,1,0,0,0.0721534006297588,2.984241021797061,1.5781051460653543
