,id,player_name,team_title,position,games,time,goals,xG,assists,xA,shots,key_passes,yellow_cards,red_cards,npg,npxG,xGChain,xGBuildup
18587,3221,Pedro Mendes,Montpellier,D,31,2667,1,0.5850163195282221,0,0.2681339075788855,8,9,7,0,1,0.5850163195282221,4.0750294253230095,3.918124623596668
18588,3221,Pedro Mendes,Rennes,D,19,1670,0,0.2391130216419696,0,0.0678491797298193,7,2,7,0,0,0.2391130216419696,3.009580568410456,2.8409333555027843
18589,3221,Pedro Mendes,Parma,D S,21,1520,0,0.151484927162528,0,0.5255218269303441,9,5,6,0,0,0.151484927162528,2.422523389570415,2.308174629695713
18590,3221,Pedro Mendes,Montpellier,D S,34,2857,1,0.4099651193246245,1,0.7180802524089813,12,7,11,0,1,0.4099651193246245,3.3267915565520525,3.247251165099442
18591,3221,Pedro Mendes,Montpellier,D,16,1382,1,1.3796236012130976,0,0.050179848447442,9,2,8,1,1,1.3796236012130976,2.636320566758513,2.524729127064348
18592,3221,Pedro Mendes,Rennes,D M S,22,1852,0,0.3208716753870249,0,0.2222965788096189,8,6,5,0,0,0.3208716753870249,2.9641335112974048,2.5854416973888874
18593,3221,Pedro Mendes,Montpellier,D S,22,1633,2,1.2782255839556456,0,0.200897142291069,7,3,5,0,2,1.2782255839556456,3.839831778779626,3.787310833111405
