,id,player_name,team_title,position,games,time,goals,xG,assists,xA,shots,key_passes,yellow_cards,red_cards,npg,npxG,xGChain,xGBuildup
18545,687,Pedro,Chelsea,F M S,31,1523,4,3.599893154576421,2,1.6855354961007831,56,26,1,0,4,3.599893154576421,6.591060146689415,2.555188376456499
18546,687,Pedro,Lazio,F S,17,1284,5,1.7447402514517307,3,2.1959897000342607,17,19,1,0,5,1.7447402514517307,7.308100137859583,3.6061706263571978
18547,687,Pedro,Roma,M S,27,1607,5,4.9878731360659,2,3.3779399590566754,43,28,3,1,5,4.9878731360659,12.265264885500072,5.15206715837121
18548,687,Pedro,Chelsea,F M S,35,2178,9,5.991285152733326,9,5.526838848367333,59,42,6,0,9,5.991285152733326,16.252319436520338,6.784707440063357
18549,687,Pedro,Barcelona,F S,35,1523,6,7.806149773299694,6,6.433851417154074,38,25,3,0,6,7.806149773299694,20.684930950403214,8.467205092310905
18550,687,Pedro,Chelsea,F M S,11,661,1,2.4724749960005283,1,1.0707551576197147,22,17,1,0,1,2.4724749960005283,4.754026403650641,1.5569444578140974
18551,8110,Pedro,Fiorentina,S,4,51,0,0.2787046730518341,0,0.0185336675494909,5,1,0,0,0,0.2787046730518341,0.3558162171393633,0.0585778765380382
18552,687,Pedro,Chelsea,F S,31,1777,8,5.983355518430471,2,3.884207479655743,57,29,2,0,8,5.983355518430471,15.40015415661037,8.18063784763217
18553,687,Pedro,Chelsea,M S,29,2061,7,6.120481324382126,2,4.614513913169503,57,42,3,0,7,6.120481324382126,16.050377681851387,6.954227411188185
