,id,player_name,team_title,position,games,time,goals,xG,assists,xA,shots,key_passes,yellow_cards,red_cards,npg,npxG,xGChain,xGBuildup
18599,6382,Pedro Neto,Lazio,S,4,39,0,0.0320992171764373,0,0.0434718839824199,1,1,1,0,0,0.0320992171764373,0.1533094346523285,0.0777383297681808
18600,6382,Pedro Neto,Wolverhampton Wanderers,F M S,31,2570,5,5.494995640590787,6,5.738268097862601,62,61,4,0,5,5.494995640590787,11.516661681234837,4.206935252994299
18601,6382,Pedro Neto,Wolverhampton Wanderers,F M S,29,911,3,1.8934477604925632,3,2.6262175496667624,17,14,3,0,3,1.8934477604925632,7.689651545137167,4.652863252907991
