,id,player_name,team_title,position,games,time,goals,xG,assists,xA,shots,key_passes,yellow_cards,red_cards,npg,npxG,xGChain,xGBuildup
18615,6912,Pedro Porro,Real Valladolid,D M S,13,731,0,0.0147212203592062,0,0.1511093750596046,1,4,1,0,0,0.0147212203592062,2.712938079610467,2.603338113054633
18616,6912,Pedro Porro,Girona,D M S,32,2216,0,1.656390612013638,4,2.885519351810217,23,25,4,0,0,1.656390612013638,7.021651089191437,3.663641693070531
