,id,player_name,team_title,position,games,time,goals,xG,assists,xA,shots,key_passes,yellow_cards,red_cards,npg,npxG,xGChain,xGBuildup
18632,24,Per Skjelbred,Hertha Berlin,M,31,2701,0,0.2217473434284329,2,0.8941055443137884,4,8,9,0,0,0.2217473434284329,6.670871192589402,6.210073828697205
18633,24,Per Skjelbred,Hertha Berlin,M,26,2241,0,0.5064233588054776,2,1.9871211843565104,13,21,8,0,0,0.5064233588054776,5.397294327616692,3.714305931702256
18634,24,Per Skjelbred,Hertha Berlin,M S,16,997,0,0.4658969808369875,1,0.2487245500087738,5,8,3,0,0,0.4658969808369875,2.976945389062166,2.442900519818068
18635,24,Per Skjelbred,Hertha Berlin,M S,26,2143,0,0.1748043848201632,0,0.2077921899035573,5,6,2,0,0,0.1748043848201632,4.554251477122307,4.171654913574457
18636,24,Per Skjelbred,Hertha Berlin,M S,28,2177,0,0.1041863188147544,0,0.9779693111777306,6,6,2,0,0,0.1041863188147544,5.488116642460227,4.865663224831224
18637,24,Per Skjelbred,Hertha Berlin,M S,24,1644,0,0.0155383124947547,0,0.0646039713174104,1,2,4,0,0,0.0155383124947547,6.387830417603254,6.307688118889928
