,id,player_name,team_title,position,games,time,goals,xG,assists,xA,shots,key_passes,yellow_cards,red_cards,npg,npxG,xGChain,xGBuildup
18640,4175,Pere Milla,Eibar,M,5,352,0,0.1725548878312111,0,0.1650692448019981,4,3,0,0,0,0.1725548878312111,1.012591764330864,0.7123688403517008
18641,4175,Pere Milla,Elche,F S,12,348,1,1.3498868476599457,1,0.1235047420486807,7,3,0,0,1,1.3498868476599457,1.6474043894559145,0.2749241553246975
18642,4175,Pere Milla,Elche,F M S,32,1996,4,5.484167602844536,3,2.326134852133692,30,15,6,0,4,5.484167602844536,7.690218085423112,1.975740780122578
