,id,player_name,team_title,position,games,time,goals,xG,assists,xA,shots,key_passes,yellow_cards,red_cards,npg,npxG,xGChain,xGBuildup
18648,7743,Pereira Lage,Angers,S,10,68,0,0.082289095968008,1,0.683246910572052,3,1,0,0,0,0.082289095968008,0.7097963094711304,0.683246910572052
18649,7743,Pereira Lage,Angers,M S,25,1549,1,1.5231595635414124,3,2.4461943227797747,35,22,2,0,1,1.5231595635414124,5.25589270144701,2.6263732938095927
18650,7743,Pereira Lage,Angers,D F M S,28,1475,4,1.976530935615301,1,0.59062414849177,28,9,5,0,4,1.976530935615301,3.956513204611838,2.4512411821633577
