,id,player_name,team_title,position,games,time,goals,xG,assists,xA,shots,key_passes,yellow_cards,red_cards,npg,npxG,xGChain,xGBuildup
18670,2873,Petar Zanev,Amkar,D,29,2610,1,1.227273994591087,0,0.8015652108006179,21,14,3,0,0,0.4729986726306379,3.7131511634215713,2.638297493103892
18671,2873,Petar Zanev,Amkar,D,23,1935,0,0.3253148235380649,3,2.734988150652498,18,22,8,0,0,0.3253148235380649,2.4619082445278764,2.003174526616931
18672,2873,Petar Zanev,Amkar,D,24,2138,1,0.9070409797132016,1,1.8815783793106675,26,18,4,0,1,0.9070409797132016,3.375975478440523,1.5093670301139357
18673,2873,Petar Zanev,FC Yenisey Krasnoyarsk,D S,15,1247,1,1.0980047527700665,2,1.6306416504085064,13,12,3,0,1,1.0980047527700665,1.870035097002983,0.93674941919744
18674,2873,Petar Zanev,Amkar,D S,24,1939,0,0.2689488902688026,1,1.3682190608233211,10,15,4,0,0,0.2689488902688026,2.917070678435266,1.525303010828793
