,id,player_name,team_title,position,games,time,goals,xG,assists,xA,shots,key_passes,yellow_cards,red_cards,npg,npxG,xGChain,xGBuildup
18708,857,Phil Bardsley,Burnley,D,13,1130,0,0.0289943385869264,0,0.2951513454318046,2,5,5,0,0,0.0289943385869264,1.8881111424416304,1.640147289261222
18709,857,Phil Bardsley,Stoke,D S,25,2079,0,0.6633688975125551,1,1.61168765835464,22,17,6,0,0,0.6633688975125551,3.909187598153949,2.805655690841377
18710,857,Phil Bardsley,Burnley,D S,4,272,0,0.0634145140647888,0,0.0,3,0,2,0,0,0.0634145140647888,0.1266939826309681,0.1016052700579166
18711,857,Phil Bardsley,Burnley,D,21,1890,0,0.2909773727878928,1,1.579568287357688,11,9,6,0,0,0.2909773727878928,3.4189011212438345,1.851011214777828
18712,857,Phil Bardsley,Stoke,D S,11,813,0,0.128709876909852,1,0.6606273232027888,7,4,1,0,0,0.128709876909852,2.782519791275263,2.5941511914134026
18713,857,Phil Bardsley,Stoke,D S,15,1177,0,0.2093588728457689,0,1.0495598772540689,11,9,4,1,0,0.2093588728457689,3.435126431286335,2.362388126552105
18714,857,Phil Bardsley,Burnley,D,19,1677,0,0.2524323966354131,0,1.29353416711092,12,7,9,0,0,0.2524323966354131,3.913929479196668,2.8458788078278303
