,id,player_name,team_title,position,games,time,goals,xG,assists,xA,shots,key_passes,yellow_cards,red_cards,npg,npxG,xGChain,xGBuildup
18720,587,Phil Jagielka,Everton,D S,25,2066,0,0.803629893809557,0,0.0,7,0,2,0,0,0.803629893809557,3.922821674495936,3.913778252899647
18721,587,Phil Jagielka,Everton,D S,7,323,1,0.626363217830658,0,0.0990935489535331,1,2,0,1,1,0.626363217830658,0.8958335593342781,0.2035455778241157
18722,587,Phil Jagielka,Sheffield United,D S,6,233,0,0.0,0,0.0,0,0,0,0,0,0.0,0.0951312631368637,0.0951312631368637
18723,587,Phil Jagielka,Sheffield United,D S,10,526,0,0.0,0,0.0,0,0,1,1,0,0.0,0.9072464257478714,0.9072464257478714
18724,587,Phil Jagielka,Everton,D,37,3295,4,2.3946315087378025,0,0.0706789940595626,15,2,1,0,4,2.3946315087378025,7.111543036997318,7.00229761749506
18725,587,Phil Jagielka,Everton,D,21,1854,0,0.8121408503502607,0,0.1359146498143673,9,2,0,0,0,0.8121408503502607,4.056625135242939,3.956105776131153
18726,587,Phil Jagielka,Everton,D S,27,2252,3,1.2690291479229927,2,0.7028567343950272,14,5,4,1,3,1.2690291479229927,5.038553226739168,4.973762601613998
