,id,player_name,team_title,position,games,time,goals,xG,assists,xA,shots,key_passes,yellow_cards,red_cards,npg,npxG,xGChain,xGBuildup
18733,6034,Philip Billing,Huddersfield,M S,16,755,0,0.1230229772627353,0,0.515921775251627,7,2,3,0,0,0.1230229772627353,1.3330964669585228,1.193539435043931
18734,6034,Philip Billing,Huddersfield,M S,27,2199,2,1.664770093746483,0,1.8249885980039835,42,22,7,0,2,1.664770093746483,5.940557053312659,3.699253322556615
18735,6034,Philip Billing,Bournemouth,M S,34,2542,1,2.2746950732544065,1,1.434430819004774,33,15,8,0,1,2.2746950732544065,6.998950299806893,5.092857507057488
