,id,player_name,team_title,position,games,time,goals,xG,assists,xA,shots,key_passes,yellow_cards,red_cards,npg,npxG,xGChain,xGBuildup
18797,1841,Pierluigi Gollini,Atalanta,GK,25,2158,0,0.0,0,0.0416991859674453,0,1,0,1,0,0.0,2.0375368390232325,1.995837653055787
18798,1841,Pierluigi Gollini,Atalanta,GK,33,2884,0,0.0,0,0.0,0,0,3,0,0,0.0,7.291787963360548,7.291787963360548
18799,1841,Pierluigi Gollini,Atalanta,GK,20,1800,0,0.0,0,0.0227965451776981,0,1,1,0,0,0.0,4.302463341504335,4.27966682985425
18800,1841,Pierluigi Gollini,Verona,GK,3,270,0,0.0,0,0.0,0,0,0,0,0,0.0,0.120265306904912,0.120265306904912
18801,1841,Pierluigi Gollini,Verona,GK S,26,2320,0,0.0,0,0.0,0,0,2,0,0,0.0,0.3893358577042818,0.3893358577042818
18802,1841,Pierluigi Gollini,Atalanta,GK,7,625,0,0.0,0,0.0,0,0,0,0,0,0.0,1.4336669743061066,1.4336669743061066
18803,1841,Pierluigi Gollini,Atalanta,GK,4,360,0,0.0,0,0.0,0,0,1,0,0,0.0,0.0613853149116039,0.0613853149116039
