,id,player_name,team_title,position,games,time,goals,xG,assists,xA,shots,key_passes,yellow_cards,red_cards,npg,npxG,xGChain,xGBuildup
18805,41,Pierre Bengtsson,Mainz 05,D S,13,965,0,0.1857729777693748,1,0.8434749767184258,6,10,0,0,0,0.1857729777693748,2.195316268131137,2.118331948295236
18806,41,Pierre Bengtsson,SC Bastia,D M S,29,2536,1,0.5183330401778221,1,2.741132536903024,12,27,0,0,1,0.5183330401778221,5.589877074584365,4.967635560780764
18807,41,Pierre Bengtsson,Mainz 05,D S,16,1272,0,0.2497811708599329,0,0.8957807896658778,5,8,1,0,0,0.2497811708599329,4.741558283567429,4.573773028329015
