,id,player_name,team_title,position,games,time,goals,xG,assists,xA,shots,key_passes,yellow_cards,red_cards,npg,npxG,xGChain,xGBuildup
18842,3690,Pierre-Yves Polomat,Saint-Etienne,D M S,11,638,0,0.0420182142406702,1,1.022672163322568,3,6,2,0,0,0.0420182142406702,1.4856453090906143,0.8220848478376865
18843,3690,Pierre-Yves Polomat,Saint-Etienne,D M S,18,948,0,0.1677476977929473,2,2.085066148079932,5,13,2,0,0,0.1677476977929473,4.345737700350583,3.983815167099237
18844,3690,Pierre-Yves Polomat,Saint-Etienne,D S,15,906,0,0.276275145355612,0,0.3335125902667641,5,6,2,0,0,0.276275145355612,1.98825656529516,1.5073314122855663
