,id,player_name,team_title,position,games,time,goals,xG,assists,xA,shots,key_passes,yellow_cards,red_cards,npg,npxG,xGChain,xGBuildup
18828,343,Pierre-Emile Højbjerg,Southampton,D M S,33,2740,0,3.178929547779262,1,1.8598951622843745,46,30,5,0,0,3.178929547779262,11.663620421662928,8.348503055982292
18829,343,Pierre-Emile Højbjerg,Southampton,M,31,2770,4,2.2558479895815253,3,2.347817515954376,53,28,7,2,4,2.2558479895815253,10.2584560085088,7.335340930148959
18830,343,Pierre-Emile Højbjerg,Southampton,M S,23,1669,0,0.702201078645885,0,0.5964416395872831,16,12,6,0,0,0.702201078645885,4.023728875443339,3.1069946195930243
18831,343,Pierre-Emile Højbjerg,Tottenham,M,14,1260,2,1.2713968586176634,1,0.6949384100735188,12,8,1,0,2,1.2713968586176634,6.31829384714365,4.516940556466579
18832,343,Pierre-Emile Højbjerg,Tottenham,M,38,3420,2,1.1379272593185306,4,1.7558950493112206,14,16,9,0,2,1.1379272593185306,16.20580850355327,14.680379221215844
18833,343,Pierre-Emile Højbjerg,Schalke 04,M S,23,1272,0,1.1528365230187774,1,0.2453131340444088,22,7,3,0,0,1.1528365230187774,3.968009039759636,3.0192607678473
18834,343,Pierre-Emile Højbjerg,Southampton,M S,22,1296,0,1.3645178647711873,0,0.6220741998404264,28,16,2,0,0,1.3645178647711873,5.602691332809627,4.260684138163924
18835,343,Pierre-Emile Højbjerg,"Augsburg,Bayern Munich",M S,24,1292,2,1.2763835657387972,3,1.7850673468783498,32,19,5,0,2,1.2763835657387972,3.692747777327895,1.982183588668704
