,id,player_name,team_title,position,games,time,goals,xG,assists,xA,shots,key_passes,yellow_cards,red_cards,npg,npxG,xGChain,xGBuildup
18888,2425,Piti,"Granada,Rayo Vallecano",F M S,16,750,2,1.863136451691389,2,1.0125974155962467,17,16,4,0,2,1.863136451691389,3.711928909644485,1.6765978164039552
18889,2425,Piti,Granada,F M S,33,2323,1,2.2866184543818235,3,2.945206256583333,53,34,9,0,1,2.2866184543818235,5.943995898589492,3.508220975287258
