,id,player_name,team_title,position,games,time,goals,xG,assists,xA,shots,key_passes,yellow_cards,red_cards,npg,npxG,xGChain,xGBuildup
18890,2283,Planas,Girona,D S,5,185,0,0.0755230635404586,1,1.1087068133056164,1,4,0,0,0,0.0755230635404586,1.1667255386710167,0.5631208047270775
18891,2283,Planas,Celta Vigo,D S,12,949,0,0.0570302903652191,0,0.6610140856355429,2,12,3,0,0,0.0570302903652191,2.722857691347599,2.367161490023136
18892,2283,Planas,Celta Vigo,D S,11,815,0,0.1883143801242113,1,0.2376478239893913,4,4,3,1,0,0.1883143801242113,1.7898504119366407,1.598712233826518
18893,2283,Planas,Girona,D S,7,416,0,0.0947945192456245,1,0.3920513205230236,1,2,3,0,0,0.0947945192456245,1.5999123863875866,1.1130664348602295
18894,2283,Planas,Celta Vigo,D S,26,1674,0,0.4654670991003513,2,0.406603735871613,3,9,4,0,0,0.4654670991003513,4.7600217731669545,4.034261954016984
