,id,player_name,team_title,position,games,time,goals,xG,assists,xA,shots,key_passes,yellow_cards,red_cards,npg,npxG,xGChain,xGBuildup
18947,5241,Péter Gulácsi,RasenBallsport Leipzig,GK,33,2970,0,0.0,0,0.0203595887869596,0,1,1,0,0,0.0,2.367642644792795,2.367642644792795
18948,5241,Péter Gulácsi,RasenBallsport Leipzig,GK,33,2970,0,0.0,0,0.0,0,0,1,0,0,0.0,3.746085099875927,3.746085099875927
18949,5241,Péter Gulácsi,RasenBallsport Leipzig,GK,33,2970,0,0.0,0,0.0,0,0,0,0,0,0.0,5.1437314273789525,5.1437314273789525
18950,5241,Péter Gulácsi,RasenBallsport Leipzig,GK,33,2930,0,0.0,0,0.1551343500614166,0,1,0,0,0,0.0,3.485272090882063,3.3301377408206463
18951,5241,Péter Gulácsi,RasenBallsport Leipzig,GK,14,1260,0,0.0,0,0.0,0,0,1,0,0,0.0,3.0089389756321907,3.0089389756321907
18952,5241,Péter Gulácsi,RasenBallsport Leipzig,GK,32,2880,0,0.0,1,0.3064655028283596,0,2,0,0,0,0.0,6.4977756179869175,6.191310111433268
