,id,player_name,team_title,position,games,time,goals,xG,assists,xA,shots,key_passes,yellow_cards,red_cards,npg,npxG,xGChain,xGBuildup
18967,2815,Quincy Promes,Spartak Moscow,F M S,12,931,4,1.890864722430706,0,0.6055573206394911,26,12,1,0,4,1.890864722430706,3.322345295920968,1.166035344824195
18968,2815,Quincy Promes,Spartak Moscow,F M S,26,2259,12,9.633628974668682,9,5.967720598913729,82,67,3,1,10,8.125078271143138,15.639108275063336,6.050249917432666
18969,2815,Quincy Promes,Spartak Moscow,M S,11,901,3,2.961496507748961,2,1.3487165942788124,37,22,3,0,3,2.961496507748961,5.226378507912159,1.7295513562858105
18970,2815,Quincy Promes,Spartak Moscow,F M S,28,2378,13,8.842511393129826,3,4.377865646965802,67,39,3,0,13,8.842511393129826,15.8452565157786,4.646238442510366
18971,2815,Quincy Promes,Spartak Moscow,F,5,450,1,2.125163324177265,1,1.1980434879660606,23,17,1,0,0,1.3708880618214607,1.957633055746556,0.7216367721557617
18972,2815,Quincy Promes,Spartak Moscow,F M S,30,2649,18,14.663659650832416,4,4.664322886615992,104,59,3,0,16,13.155109021812676,21.335524436086416,7.929221793077886
18973,2815,Quincy Promes,Sevilla,D F M S,33,1549,2,3.651921069249511,3,4.780294751748443,31,29,2,0,2,2.9086434599012136,11.741696299985051,7.192238607443869
18974,2815,Quincy Promes,Spartak Moscow,F M S,26,2273,15,11.668496924452484,7,9.039609858766198,104,79,4,0,12,8.651395577006042,21.640756905078888,6.192524941638112
