,id,player_name,team_title,position,games,time,goals,xG,assists,xA,shots,key_passes,yellow_cards,red_cards,npg,npxG,xGChain,xGBuildup
18980,4188,Quique González,Eibar,S,12,147,0,0.2030224502086639,0,0.0800413861870765,4,1,0,0,0,0.2030224502086639,0.3051164578646421,0.0575148295611143
18981,4188,Quique González,Eibar,F S,15,471,0,0.6661502122879028,1,0.3529000915586948,10,6,0,0,0,0.6661502122879028,1.0571555364876986,0.116263959556818
18982,4188,Quique González,Almeria,S,3,28,0,0.0,0,0.0,0,0,0,0,0,0.0,0.0,0.0
