,id,player_name,team_title,position,games,time,goals,xG,assists,xA,shots,key_passes,yellow_cards,red_cards,npg,npxG,xGChain,xGBuildup
19081,5293,Rafal Gikiewicz,Augsburg,GK,15,1350,0,0.0,0,0.0170551687479019,0,1,0,0,0,0.0,1.0362184550613165,1.0362184550613165
19082,5293,Rafal Gikiewicz,Union Berlin,GK,33,2970,0,0.8338152766227722,0,0.1658571474254131,2,2,0,0,0,0.8338152766227722,2.5888506416231394,2.4229934979230165
19083,5293,Rafal Gikiewicz,Augsburg,GK,34,3060,0,0.0,0,0.0,0,0,3,0,0,0.0,2.453641142696142,2.453641142696142
19084,5293,Rafal Gikiewicz,Freiburg,GK S,2,154,0,0.0,0,0.0,0,0,0,0,0,0.0,0.0840938687324523,0.0840938687324523
