,id,player_name,team_title,position,games,time,goals,xG,assists,xA,shots,key_passes,yellow_cards,red_cards,npg,npxG,xGChain,xGBuildup
19035,5034,Rafa Navarro,Real Betis,D S,3,134,0,0.0515557825565338,0,0.3608291149139404,1,2,0,0,0,0.0515557825565338,0.5600073486566544,0.2958806231617927
19036,5034,Rafa Navarro,Real Betis,D S,18,1275,2,0.7750130002386868,2,1.3474617507308722,7,11,4,0,2,0.7750130002386868,5.574111087247729,3.6841104179620734
