,id,player_name,team_title,position,games,time,goals,xG,assists,xA,shots,key_passes,yellow_cards,red_cards,npg,npxG,xGChain,xGBuildup
19056,7786,Rafael Czichos,FC Cologne,D S,15,1224,0,0.1903470903635025,1,0.3475532010197639,2,2,3,0,0,0.1903470903635025,3.1641941405832767,2.862847801297903
19057,7786,Rafael Czichos,FC Cologne,D,26,2210,1,2.4031204860657454,1,0.8908140659332275,13,7,2,1,1,2.4031204860657454,4.088771926239133,3.78037493955344
19058,7786,Rafael Czichos,FC Cologne,D S,28,2266,1,2.085036225616932,0,0.1518827602267265,10,3,7,0,1,2.085036225616932,3.534051567316056,3.4425939694046974
