,id,player_name,team_title,position,games,time,goals,xG,assists,xA,shots,key_passes,yellow_cards,red_cards,npg,npxG,xGChain,xGBuildup
19099,3571,Rafidine Abdullah,Lorient,M S,23,1550,0,0.2904490763321519,1,1.185352566652,14,17,6,0,0,0.2904490763321519,4.595663215965033,3.797522757202387
19100,3571,Rafidine Abdullah,Lorient,M S,12,577,1,0.137234790250659,0,0.6072973478585482,5,6,6,1,1,0.137234790250659,1.3674547523260117,1.1726555712521076
