,id,player_name,team_title,position,games,time,goals,xG,assists,xA,shots,key_passes,yellow_cards,red_cards,npg,npxG,xGChain,xGBuildup
19156,1872,Raman Chibsah,Sassuolo,M S,8,256,0,0.0584022421389818,0,0.0405446179211139,3,1,0,0,0,0.0584022421389818,0.2432864122092723,0.144339557737112
19157,1872,Raman Chibsah,Benevento,M S,14,1055,0,0.7753690518438816,0,0.5483618043363094,7,9,4,0,0,0.7753690518438816,2.162060037255287,0.9211540650576352
19158,1872,Raman Chibsah,Frosinone,M S,22,1159,0,0.2709808517247438,2,0.846199594438076,11,16,1,1,0,0.2709808517247438,2.155375989153981,1.5013485290110111
19159,1872,Raman Chibsah,Frosinone,M S,32,2631,1,3.2937799617648125,0,0.5355745814740658,32,20,5,0,1,3.2937799617648125,7.285081514157355,4.98181574139744
