,id,player_name,team_title,position,games,time,goals,xG,assists,xA,shots,key_passes,yellow_cards,red_cards,npg,npxG,xGChain,xGBuildup
19178,3349,Ramy Bensebaini,Rennes,D S,25,2160,1,1.4443511590361595,0,1.0577223878353834,16,10,9,0,1,1.4443511590361595,6.125731276348233,5.040558867622167
19179,3349,Ramy Bensebaini,Borussia M.Gladbach,D S,19,1450,5,3.931145064532757,3,2.621152006089688,23,12,6,1,3,2.415672082453966,8.486125532537699,5.592464564368129
19180,3349,Ramy Bensebaini,Borussia M.Gladbach,D S,9,765,1,0.8542199581861496,0,0.7722592512145638,11,7,2,0,1,0.8542199581861496,2.503690253943205,2.2204348258674145
19181,3349,Ramy Bensebaini,Rennes,D M S,29,2347,0,1.112608584575355,1,1.2690533827990294,19,8,6,0,0,1.112608584575355,5.430977834388614,4.103401843458414
19182,3349,Ramy Bensebaini,Borussia M.Gladbach,D M S,25,1815,4,2.661292366683483,0,1.2141718864440918,22,10,7,0,3,1.9035156890749927,5.551077373325825,4.655894571915269
19183,3349,Ramy Bensebaini,Rennes,D M S,25,1837,0,0.4773805281147361,0,0.4848309839144349,16,8,4,2,0,0.4773805281147361,4.289256751537323,3.920357884839177
19184,3349,Ramy Bensebaini,Montpellier,D M S,22,1340,2,0.4367940169759094,0,0.4707229696214199,10,2,7,0,2,0.4367940169759094,1.877019272185862,1.795832235831767
