,id,player_name,team_title,position,games,time,goals,xG,assists,xA,shots,key_passes,yellow_cards,red_cards,npg,npxG,xGChain,xGBuildup
19211,3455,Raphael Guerreiro,Lorient,D M S,34,2777,7,3.88408044911921,3,3.649758504703641,53,43,1,0,7,3.88408044911921,10.07583949714899,4.285585733130574
19212,3455,Raphael Guerreiro,Borussia Dortmund,D M S,9,545,1,1.028755247592926,1,1.1739136166870594,9,9,0,0,1,1.028755247592926,3.230202093720436,1.9746546633541584
19213,3455,Raphael Guerreiro,Borussia Dortmund,D M S,24,1484,6,4.285499382764101,3,2.690791800618172,33,27,0,0,6,4.285499382764101,15.211614415049551,9.871947249397635
19214,3455,Raphael Guerreiro,Lorient,D M S,34,2504,3,3.031347755342722,2,2.4611616171896458,39,23,3,0,3,3.031347755342722,9.030573174357414,6.511700503528118
19215,3455,Raphael Guerreiro,Borussia Dortmund,D M S,29,2343,8,5.235048946924508,2,3.176344770938158,40,38,3,0,8,5.235048946924508,17.547670137137175,13.018498664721848
19216,3455,Raphael Guerreiro,Borussia Dortmund,D M S,27,2226,5,3.6568777058273554,10,7.402737466618419,37,55,1,0,5,3.6568777058273554,21.82300715148449,15.190963014960287
19217,3455,Raphael Guerreiro,Borussia Dortmund,D S,8,639,3,1.146155767142773,1,1.0348728839308023,13,15,1,0,2,0.3883791081607342,2.9597292859107256,2.5948723051697016
19218,3455,Raphael Guerreiro,Borussia Dortmund,D M S,23,1539,2,2.880732879973948,6,3.943721489980817,35,38,2,0,2,2.880732879973948,14.398602910339832,10.550183219835162
