,id,player_name,team_title,position,games,time,goals,xG,assists,xA,shots,key_passes,yellow_cards,red_cards,npg,npxG,xGChain,xGBuildup
19256,2584,Raíllo,Espanyol,D,4,360,0,0.1121357381343841,0,0.0139620536938309,4,1,1,0,0,0.1121357381343841,0.0562785463407635,0.0423164926469326
19257,2584,Raíllo,Mallorca,D,32,2791,1,2.1818997310474515,0,0.2440362926572561,14,6,7,1,1,2.1818997310474515,4.763591108843684,4.191158121451736
19258,2584,Raíllo,Mallorca,D,1,90,0,0.009175194427371,0,0.0,1,0,0,0,0,0.009175194427371,0.3867673575878143,0.3867673575878143
