,id,player_name,team_title,position,games,time,goals,xG,assists,xA,shots,key_passes,yellow_cards,red_cards,npg,npxG,xGChain,xGBuildup
19273,273,Raúl Bobadilla,Borussia M.Gladbach,F S,13,439,0,1.37888047657907,0,0.39450404047966,15,5,2,0,0,1.37888047657907,2.152835560962558,0.3794510848820209
19274,273,Raúl Bobadilla,Augsburg,F M S,18,1042,4,2.8522278741002083,1,1.209675021469593,35,15,1,0,4,2.8522278741002083,5.756416752934456,2.836396207101643
19275,273,Raúl Bobadilla,Augsburg,F M S,32,2629,10,10.460197108797727,2,2.753971072845161,83,41,4,1,10,10.460197108797727,11.91606800723821,2.5326397139579058
19276,273,Raúl Bobadilla,Augsburg,F M S,27,1818,4,5.607041492126882,2,2.691964806988836,61,29,2,1,4,5.607041492126882,8.754789289087057,3.091454479843378
