,id,player_name,team_title,position,games,time,goals,xG,assists,xA,shots,key_passes,yellow_cards,red_cards,npg,npxG,xGChain,xGBuildup
19301,4130,Raúl Navas,Osasuna,D S,9,715,0,0.0,0,0.0632640998810529,0,2,2,0,0,0.0,0.9761131405830384,0.945525050163269
19302,4130,Raúl Navas,Osasuna,D,2,169,0,0.0,0,0.0147200562059879,0,1,0,0,0,0.0,0.3662450350821018,0.3515249788761139
19303,4130,Raúl Navas,Real Sociedad,D S,16,1310,0,0.1603088341653347,0,0.2728818748146295,5,6,4,0,0,0.1603088341653347,2.673467017710209,2.504976388067007
19304,4130,Raúl Navas,Real Sociedad,D,20,1792,0,1.0453331023454666,1,0.4253267841413617,13,5,4,0,0,1.0453331023454666,3.711936645209789,3.398243147879839
19305,4130,Raúl Navas,Eibar,D S,29,2459,2,0.6924522169865668,0,0.1429116483777761,13,3,7,2,2,0.6924522169865668,1.3999448912218213,1.3404461089521646
19306,4130,Raúl Navas,Real Sociedad,D S,32,2798,1,1.2776240594685078,1,0.9875065283849837,26,10,5,0,1,1.2776240594685078,6.228253656998277,5.775581305846572
