,id,player_name,team_title,position,games,time,goals,xG,assists,xA,shots,key_passes,yellow_cards,red_cards,npg,npxG,xGChain,xGBuildup
19293,4105,Raúl Jiménez,Wolverhampton Wanderers,F S,38,3269,17,16.51079802401364,6,7.226940844208002,117,48,3,0,13,13.466122614219785,22.56023951806128,5.709532639943063
19294,4105,Raúl Jiménez,Wolverhampton Wanderers,F,10,824,4,2.360909685492516,0,0.6329625025391579,26,6,0,0,4,2.360909685492516,3.684076260775328,1.2332111839205029
19295,4105,Raúl Jiménez,Wolverhampton Wanderers,F S,16,1307,3,3.48446302395314,2,1.940850333310664,31,22,3,1,3,3.48446302395314,6.452128139324486,1.864657456986606
19296,4105,Raúl Jiménez,Atletico Madrid,F S,21,558,1,2.7381971646100283,2,2.103092834353447,17,8,0,0,1,2.7381971646100283,4.397911408916116,0.7692396193742752
19297,4105,Raúl Jiménez,Wolverhampton Wanderers,F M S,38,3143,13,14.273595059290528,7,6.991126699373126,111,42,4,0,11,12.75125745870173,20.91793861053884,4.337959002703428
