,id,player_name,team_title,position,games,time,goals,xG,assists,xA,shots,key_passes,yellow_cards,red_cards,npg,npxG,xGChain,xGBuildup
19291,8894,Raúl Guti,Elche,M S,14,922,0,0.3986665727570653,0,0.3621785379946232,12,8,1,1,0,0.3986665727570653,2.292717332020402,1.9191280100494623
19292,8894,Raúl Guti,Elche,M S,36,2886,3,1.6023123674094677,1,0.6701723448932171,27,7,4,1,3,1.6023123674094677,5.568858538754284,3.922895235940814
