,id,player_name,team_title,position,games,time,goals,xG,assists,xA,shots,key_passes,yellow_cards,red_cards,npg,npxG,xGChain,xGBuildup
19352,3306,Remi Walter,Nice,M S,22,1402,0,0.6556238699704409,1,0.845805486664176,6,12,0,0,0,0.6556238699704409,6.146972203627229,5.410096632316709
19353,3306,Remi Walter,Nice,M S,19,823,2,2.451226243749261,0,0.3284518644213676,9,10,1,0,0,0.1710064401850104,2.6673058681190014,2.4039877727627754
19354,3306,Remi Walter,"Nice,Troyes",M S,20,1493,1,0.9155215369537472,1,0.2491815192624926,11,6,1,0,1,0.9155215369537472,4.17448671348393,3.074651022441685
19355,3306,Remi Walter,Nice,M,1,57,0,0.0,0,0.0352082140743732,0,1,0,0,0,0.0,0.1450069993734359,0.1097987815737724
19356,3306,Remi Walter,Nice,M S,12,543,0,0.5761652495712042,0,0.2369575761258602,12,6,0,0,0,0.5761652495712042,2.72187777236104,2.253754688426852
