,id,player_name,team_title,position,games,time,goals,xG,assists,xA,shots,key_passes,yellow_cards,red_cards,npg,npxG,xGChain,xGBuildup
19390,3560,Renaud Cohade,Saint-Etienne,M S,17,1039,1,0.3490403965115547,0,0.9308230262249708,12,12,2,0,1,0.3490403965115547,4.334931615740061,3.7521481662988654
19391,3560,Renaud Cohade,Metz,M S,12,772,1,0.3666567550972104,0,0.7495756335556507,8,8,3,0,1,0.3666567550972104,2.430226909928024,1.964872627519071
19392,3560,Renaud Cohade,Metz,M S,33,2798,1,2.3651129584759474,4,5.639032199978828,35,57,11,1,1,2.3651129584759474,7.744142139330506,4.0813017655164
19393,3560,Renaud Cohade,Saint-Etienne,M S,19,1153,0,0.5668454803526402,2,1.825401215814054,12,21,3,0,0,0.5668454803526402,2.2958743888884783,1.5807156302034857
19394,3560,Renaud Cohade,Metz,M,38,3302,1,0.9842571569606662,3,3.512488949112594,37,43,5,0,1,0.9842571569606662,9.639242228120564,7.191895411349833
