,id,player_name,team_title,position,games,time,goals,xG,assists,xA,shots,key_passes,yellow_cards,red_cards,npg,npxG,xGChain,xGBuildup
19388,8710,Renato Tapia,Celta Vigo,M S,14,977,0,0.6340594114735723,0,0.0290369959548115,9,2,6,0,0,0.6340594114735723,1.374950798228383,1.234908789396286
19389,8710,Renato Tapia,Celta Vigo,M,32,2724,0,1.177143091335893,1,0.4524862915277481,17,9,11,0,0,1.177143091335893,11.572342853993176,11.193930860608816
