,id,player_name,team_title,position,games,time,goals,xG,assists,xA,shots,key_passes,yellow_cards,red_cards,npg,npxG,xGChain,xGBuildup
19409,163,René Adler,Mainz 05,GK,14,1260,0,0.0,0,0.3054310381412506,0,1,0,0,0,0.0,0.5845514126121998,0.2791203744709492
19410,163,René Adler,Hamburger SV,GK S,12,1059,0,0.0,0,0.0,0,0,1,0,0,0.0,0.0692776646465063,0.0692776646465063
19411,163,René Adler,Hamburger SV,GK,19,1710,0,0.0,1,0.0369393788278102,0,1,1,0,0,0.0,0.3449998740106821,0.3080604914575815
19412,163,René Adler,Hamburger SV,GK,24,2072,0,0.0,1,0.0560437133535742,0,2,3,1,0,0.0,0.2648916319012642,0.2088479213416576
