,id,player_name,team_title,position,games,time,goals,xG,assists,xA,shots,key_passes,yellow_cards,red_cards,npg,npxG,xGChain,xGBuildup
19454,3303,Ricardo Pereira,Leicester,D F M,35,3129,2,1.181735166348517,6,5.129702642560005,25,33,7,0,2,1.181735166348517,11.34570687264204,8.28347925003618
19455,3303,Ricardo Pereira,Nice,D F M S,24,2059,2,1.4983562845736742,4,3.4382465071976185,19,29,2,0,2,1.4983562845736742,9.486548840999603,5.943176329135895
19456,3303,Ricardo Pereira,Leicester,D M,28,2520,3,1.2652331655845046,2,4.018951584585011,18,27,1,0,3,1.2652331655845046,11.059817846864462,8.115902204066515
19457,3303,Ricardo Pereira,Leicester,D M,8,600,0,0.2407103180885315,2,0.7427166234701872,3,6,1,0,0,0.2407103180885315,3.026007086038589,2.317450739443302
19458,3303,Ricardo Pereira,Nice,D M,26,2280,0,0.3894857838749885,4,1.8520785626024008,3,16,6,0,0,0.3894857838749885,9.216669503599404,7.781938381493092
19459,3303,Ricardo Pereira,Leicester,D M S,15,954,0,0.3633937835693359,1,0.7606745809316635,7,10,3,0,0,0.3633937835693359,4.405820306390524,3.736775744706392
