,id,player_name,team_title,position,games,time,goals,xG,assists,xA,shots,key_passes,yellow_cards,red_cards,npg,npxG,xGChain,xGBuildup
19513,6672,Riccardo Sottil,Fiorentina,F S,12,609,2,2.2763114385306835,2,1.4339337963610888,15,7,0,1,2,2.2763114385306835,3.492604998871684,1.209062933921814
19514,6672,Riccardo Sottil,Fiorentina,D F S,18,484,0,1.0913923606276512,0,0.4586176350712776,16,5,3,0,0,1.0913923606276512,2.403389949351549,0.930442538112402
19515,6672,Riccardo Sottil,Fiorentina,S,2,16,0,0.0778608471155166,0,0.0,1,0,0,0,0,0.0778608471155166,0.0778608471155166,0.0
19516,6672,Riccardo Sottil,Cagliari,F M S,21,1184,2,1.3929965887218714,1,1.8543107490986583,24,16,3,0,2,1.3929965887218714,4.750053953379393,1.770678042434156
