,id,player_name,team_title,position,games,time,goals,xG,assists,xA,shots,key_passes,yellow_cards,red_cards,npg,npxG,xGChain,xGBuildup
19489,1601,Riccardo Marchizza,Spezia,D S,24,1557,0,0.4494058769196272,2,1.2342596855014565,7,15,4,0,0,0.4494058769196272,3.04469670727849,2.1318786488845944
19490,1601,Riccardo Marchizza,Empoli,D S,14,1102,0,0.2859450969845056,0,0.9833596590906382,6,11,3,0,0,0.2859450969845056,2.819930996745825,2.1375321745872498
