,id,player_name,team_title,position,games,time,goals,xG,assists,xA,shots,key_passes,yellow_cards,red_cards,npg,npxG,xGChain,xGBuildup
19500,6160,Riccardo Orsolini,Bologna,D F M S,12,593,1,1.7054821457713842,2,0.7299933042377234,18,9,1,0,0,0.944183299317956,2.061886548995972,1.4326319750398395
19501,6160,Riccardo Orsolini,"Atalanta,Bologna",D F S,16,442,0,0.4318333370611071,0,1.927122803404928,8,9,0,0,0,0.4318333370611071,1.4758625850081444,0.7467968259006739
19502,6160,Riccardo Orsolini,Bologna,D M S,34,1760,7,9.021928571164608,3,2.5082903057336807,57,29,0,0,4,6.738032184541225,10.936943421140311,4.431611527688801
19503,6160,Riccardo Orsolini,Bologna,F M S,35,1958,8,5.478127952665091,5,2.883409642614424,65,20,2,0,8,5.478127952665091,7.893903329968452,2.3961955290287733
19504,6160,Riccardo Orsolini,Bologna,F M S,37,2718,8,9.52123637497425,6,8.780269785784185,91,55,3,0,8,9.52123637497425,18.863436676561832,7.015532218851149
