,id,player_name,team_title,position,games,time,goals,xG,assists,xA,shots,key_passes,yellow_cards,red_cards,npg,npxG,xGChain,xGBuildup
19556,7548,Riqui Puig,Barcelona,M S,11,509,0,0.7068858537822962,2,1.8160143569111824,8,10,1,0,0,0.7068858537822962,5.0336252599954605,2.8200716115534306
19557,7548,Riqui Puig,Barcelona,M S,14,273,1,0.7926775198429823,0,0.240673691034317,4,5,1,0,1,0.7926775198429823,2.9326523803174496,2.7041475363075733
19558,7548,Riqui Puig,Barcelona,M,2,157,0,0.0,0,0.5362415611743927,0,2,0,0,0,0.0,0.653629794716835,0.2101977244019508
19559,7548,Riqui Puig,Barcelona,S,8,174,0,0.2243311237543821,0,0.0,5,1,0,0,0,0.2243311237543821,1.3805745411664248,1.156243422999978
