,id,player_name,team_title,position,games,time,goals,xG,assists,xA,shots,key_passes,yellow_cards,red_cards,npg,npxG,xGChain,xGBuildup
19598,2326,Rober,Levante,D M S,25,1906,0,0.3892662981525063,0,0.6657439284026623,8,2,4,0,0,0.3892662981525063,4.1471019415184855,4.1471019415184855
19599,2326,Rober,Levante,D M S,33,2850,1,1.087401372380555,0,0.903476007282734,8,9,6,0,1,1.087401372380555,4.403455700725317,4.186766245402396
19600,2326,Rober,Levante,D S,10,612,1,1.2629310116171837,0,0.0,4,0,1,1,1,1.2629310116171837,1.301503423601389,1.301503423601389
19601,2326,Rober,Deportivo La Coruna,S,2,50,0,0.3491727411746979,0,0.0,1,0,0,0,0,0.3491727411746979,0.1570532470941543,0.1570532470941543
19602,2326,Rober,Levante,D M S,19,1432,0,0.2417544517666101,1,0.726870808750391,7,4,3,1,0,0.2417544517666101,2.579931316897273,2.440938862040639
19603,2326,Rober,Levante,D S,4,186,0,0.0,0,0.0,0,0,0,0,0,0.0,0.6116770002990961,0.6116770002990961
