,id,player_name,team_title,position,games,time,goals,xG,assists,xA,shots,key_passes,yellow_cards,red_cards,npg,npxG,xGChain,xGBuildup
19620,3691,Robert Beric,Saint-Etienne,F S,23,1159,9,7.966052638366818,1,1.272087335586548,36,8,0,0,9,7.966052638366818,7.400097893550992,0.8969554528594017
19621,3691,Robert Beric,Saint-Etienne,F S,15,1051,7,6.996603682637215,1,1.0987994968891144,24,4,0,0,6,5.476413398981094,5.347640823572874,0.7387936469167471
19622,3691,Robert Beric,Saint-Etienne,F S,22,1455,6,3.6044751927256575,0,0.4242444997653365,20,8,0,0,6,2.84438007324934,4.227483121678233,1.4503629226237535
19623,3691,Robert Beric,Saint-Etienne,F S,10,670,3,3.550306595861912,0,0.262553496286273,16,6,1,0,3,3.550306595861912,3.547321140766144,0.606861799955368
19624,3691,Robert Beric,Saint-Etienne,F S,11,408,1,1.4458900317549706,0,0.2312411144375801,7,4,0,0,1,1.4458900317549706,1.6533542349934578,0.2814385071396827
