,id,player_name,team_title,position,games,time,goals,xG,assists,xA,shots,key_passes,yellow_cards,red_cards,npg,npxG,xGChain,xGBuildup
19631,8803,Robert Gumny,Augsburg,D S,24,1383,1,0.6769622452557087,0,0.4527455139905214,6,7,4,0,1,0.6769622452557087,1.3141219932585957,0.8108840081840754
19632,8803,Robert Gumny,Augsburg,D,15,1303,0,0.1985897859558463,0,0.2078201891854405,5,5,1,0,0,0.1985897859558463,1.2215360458940268,1.093883091583848
