,id,player_name,team_title,position,games,time,goals,xG,assists,xA,shots,key_passes,yellow_cards,red_cards,npg,npxG,xGChain,xGBuildup
19691,182,Roberto Hilbert,Bayer Leverkusen,D,7,587,0,0.3099533133208751,0,0.4522949252277612,2,9,2,0,0,0.3099533133208751,1.4988458398729565,0.8829307816922665
19692,182,Roberto Hilbert,Bayer Leverkusen,D S,23,1789,0,0.3344825254753232,5,2.226735003292561,8,23,6,0,0,0.3344825254753232,6.031134674325585,4.013644610531628
19693,182,Roberto Hilbert,Bayer Leverkusen,D S,12,763,0,0.3484232425689697,1,0.9988560378551484,4,6,1,0,0,0.3484232425689697,2.680137293413281,1.479679811745882
