,id,player_name,team_title,position,games,time,goals,xG,assists,xA,shots,key_passes,yellow_cards,red_cards,npg,npxG,xGChain,xGBuildup
19787,1275,Robin Quaison,Palermo,D M S,19,772,2,2.7064398042857647,1,2.356516968458891,16,15,2,0,2,2.7064398042857647,5.95801086910069,1.269724227488041
19788,1275,Robin Quaison,Mainz 05,F M S,28,1485,6,5.376143180765212,2,1.9227145127952097,35,8,1,0,6,5.376143180765212,11.141115371137856,4.859501421451569
19789,1275,Robin Quaison,Mainz 05,F M S,24,1412,4,4.614088378846645,1,1.2128208577632904,41,13,3,0,4,4.614088378846645,6.131343323737383,1.0216578971594572
19790,1275,Robin Quaison,Mainz 05,F M S,32,2631,13,11.19670258462429,2,2.761399721726775,71,28,2,0,12,10.438925847411156,13.350593319162726,3.494771939702332
19791,1275,Robin Quaison,Mainz 05,F M S,28,2211,7,8.183845954947174,3,1.888889767229557,50,22,1,0,7,8.183845954947174,10.860768422484398,3.653213639743626
19792,1275,Robin Quaison,Palermo,F M S,30,1507,1,1.4433192815631628,2,2.114965276792645,19,26,5,0,1,1.4433192815631628,5.097447281703353,3.052990789525211
19793,1275,Robin Quaison,Palermo,F M S,17,1073,4,1.6508724689483645,0,0.6081809084862471,23,7,5,0,4,1.6508724689483645,2.4828625731170177,0.4943352332338691
19794,1275,Robin Quaison,Mainz 05,F M S,11,484,1,0.8173388782888651,0,0.5256373975425959,5,2,0,0,1,0.8173388782888651,0.740482559427619,0.0320538906380534
