,id,player_name,team_title,position,games,time,goals,xG,assists,xA,shots,key_passes,yellow_cards,red_cards,npg,npxG,xGChain,xGBuildup
19795,449,Robin Zentner,Mainz 05,GK,10,900,0,0.0,0,0.0,0,0,1,0,0,0.0,0.520646907389164,0.520646907389164
19796,449,Robin Zentner,Mainz 05,GK,22,1937,0,0.0,0,0.0717375501990318,0,1,1,0,0,0.0,1.4442962491884828,1.3725587064400315
19797,449,Robin Zentner,Mainz 05,GK,31,2790,0,0.0265484191477298,0,0.0,1,0,2,0,0,0.0265484191477298,3.073231842368841,3.046683423221112
19798,449,Robin Zentner,Mainz 05,GK,15,1350,0,0.0,0,0.0,0,0,1,0,0,0.0,0.7788188173435628,0.7788188173435628
19799,449,Robin Zentner,Mainz 05,GK,15,1350,0,0.0,0,0.0,0,0,1,0,0,0.0,0.5733849816024303,0.5733849816024303
