,id,player_name,team_title,position,games,time,goals,xG,assists,xA,shots,key_passes,yellow_cards,red_cards,npg,npxG,xGChain,xGBuildup
19759,6155,Robin Gosens,Atalanta,D M S,32,2545,11,9.200873645953834,6,3.659894337877631,52,29,7,1,11,9.200873645953834,19.697853587567806,9.911518156528471
19760,6155,Robin Gosens,Atalanta,D M S,21,1446,1,1.71333403326571,1,1.998606763780117,12,16,1,0,1,1.71333403326571,8.328760329633951,5.682936944067478
19761,6155,Robin Gosens,Atalanta,D M S,28,1953,3,2.2620392562821507,2,3.092298500239849,25,18,2,0,3,2.2620392562821507,11.306277947500348,7.715509556233883
19762,6155,Robin Gosens,Atalanta,D M S,6,459,1,1.3570928424596786,0,0.3182601779699325,14,5,2,0,1,1.3570928424596786,2.397729441523552,1.3611370138823986
19763,6155,Robin Gosens,Atalanta,D M S,34,2638,9,6.4234097227454185,7,3.6214442886412144,52,39,3,0,9,6.4234097227454185,18.244562992826104,10.977980023249984
