,id,player_name,team_title,position,games,time,goals,xG,assists,xA,shots,key_passes,yellow_cards,red_cards,npg,npxG,xGChain,xGBuildup
19803,4746,Rod Fanni,Marseille,D S,28,2397,1,0.582561319693923,0,0.0841947295702993,3,3,7,0,1,0.582561319693923,6.470535160973668,6.3595158364623785
19804,4746,Rod Fanni,Marseille,D S,27,2239,2,1.1156031331047416,2,1.1232089884579182,10,7,2,1,2,1.1156031331047416,6.644196497276425,5.341085212305188
