,id,player_name,team_title,position,games,time,goals,xG,assists,xA,shots,key_passes,yellow_cards,red_cards,npg,npxG,xGChain,xGBuildup
19840,1131,Rodrigo Ely,Alaves,D S,8,469,1,0.414579564705491,0,0.4936762452125549,4,3,1,0,1,0.414579564705491,0.3386694192886352,0.1083302795886993
19841,1131,Rodrigo Ely,Alaves,D,5,431,0,0.0483542317524552,0,0.073175523430109,2,2,1,0,0,0.0483542317524552,0.2271090373396873,0.2271090373396873
19842,1131,Rodrigo Ely,AC Milan,D S,3,169,0,0.2812453117221594,0,0.0,2,0,1,1,0,0.2812453117221594,0.0206623692065477,0.0206623692065477
19843,1131,Rodrigo Ely,Alaves,D S,25,2136,2,1.065141306724399,0,0.1189883351325988,6,2,9,1,2,1.065141306724399,1.7370328344404695,1.6180444993078709
19844,1131,Rodrigo Ely,Alaves,D S,10,789,1,0.8381458334624767,0,0.0770740695297718,8,2,4,0,1,0.8381458334624767,2.204377284273505,1.6795442001894116
19845,1131,Rodrigo Ely,Alaves,D S,31,2691,1,0.5966369789093733,0,0.2542163804173469,17,2,10,1,1,0.5966369789093733,3.231950622983277,3.120222141034901
