,id,player_name,team_title,position,games,time,goals,xG,assists,xA,shots,key_passes,yellow_cards,red_cards,npg,npxG,xGChain,xGBuildup
19854,8410,Rodrigo Sánchez,Real Betis,M S,11,602,1,1.3372784424573183,1,0.8545290715992451,12,10,0,0,1,1.3372784424573183,3.7456729020923376,1.723150361329317
19855,8410,Rodrigo Sánchez,Real Betis,M S,15,527,0,0.1950973961502313,0,0.6963025312870741,5,8,0,0,0,0.1950973961502313,1.5889737196266651,0.8964509200304747
