,id,player_name,team_title,position,games,time,goals,xG,assists,xA,shots,key_passes,yellow_cards,red_cards,npg,npxG,xGChain,xGBuildup
19819,2381,Rodrigo,Valencia,F M S,25,1356,2,4.6131651140749454,3,4.804004134610295,38,24,1,1,2,4.6131651140749454,9.056256301701069,3.3204509653151035
19820,2381,Rodrigo,Valencia,F S,37,2699,16,14.54919939674437,4,3.9083183892071247,92,34,4,0,15,13.805921794846654,20.068420182913545,5.152238545939326
19821,2381,Rodrigo,Valencia,F M S,19,1404,5,4.67249490134418,3,2.65850920509547,31,22,1,0,5,4.67249490134418,8.307720351964235,2.0511110983788967
19822,2381,Rodrigo,Leeds,F M S,26,1285,7,5.755642192438245,2,3.200529370456934,46,31,3,0,7,5.755642192438245,10.81597439199686,4.3486531134694815
19823,2381,Rodrigo,Valencia,F S,33,2538,8,14.69782342389226,6,4.154874194413424,81,31,3,1,8,13.954545754939318,24.716023348271847,8.055105708539486
19824,2381,Rodrigo,Valencia,F M S,27,1912,4,7.230998303741217,7,5.798694763332605,41,28,2,1,4,7.230998303741217,14.893739864230156,4.828716371208429
19825,2381,Rodrigo,Valencia,F M S,31,2083,3,6.729403899982572,4,2.9722642190754414,54,29,5,2,2,5.986254220828414,11.964737690985205,3.9083205964416265
19826,2381,Rodrigo,Leeds,F M S,12,905,2,2.540039300918579,0,1.8152784928679464,23,20,4,0,1,1.778870441019535,5.375468101352453,2.280997708439827
