,id,player_name,team_title,position,games,time,goals,xG,assists,xA,shots,key_passes,yellow_cards,red_cards,npg,npxG,xGChain,xGBuildup
19846,1518,Rodrigo Palacio,Bologna,F M S,28,2074,4,4.736593442969024,2,3.5138622485101223,32,34,9,0,4,4.736593442969024,9.453919271938505,2.545375240035355
19847,1518,Rodrigo Palacio,Inter,F M S,35,2645,8,11.22072902135551,5,5.549903377890587,58,62,3,0,8,10.45943015627563,17.9562742523849,6.5271936589851975
19848,1518,Rodrigo Palacio,Bologna,F M S,28,2343,3,5.354836015030742,6,4.155299367383122,43,39,6,0,3,5.354836015030742,12.124692672863604,3.8317772187292576
19849,1518,Rodrigo Palacio,Bologna,F M S,35,2528,7,8.726707166060805,3,5.0298715541139245,60,53,5,0,7,8.726707166060805,17.938251273706555,6.077196608297527
19850,1518,Rodrigo Palacio,Inter,F S,15,418,0,2.652367850765586,3,1.5300939017906785,13,12,1,0,0,2.652367850765586,4.832985917106271,0.986177422106266
19851,1518,Rodrigo Palacio,Bologna,F M S,36,2508,5,9.866806713864207,5,5.065782688558102,54,40,5,0,5,9.866806713864207,20.146332385018468,8.023169681429863
19852,1518,Rodrigo Palacio,Inter,F M S,27,1395,2,3.5577227296307683,4,2.796868782490492,15,30,5,0,2,3.5577227296307683,7.250278742983937,3.5610659401863813
