,id,player_name,team_title,position,games,time,goals,xG,assists,xA,shots,key_passes,yellow_cards,red_cards,npg,npxG,xGChain,xGBuildup
19884,6312,Rogerio,Sassuolo,D,13,1113,0,0.2780968910083174,1,1.2886009868234396,8,17,3,0,0,0.2780968910083174,4.385299362242222,3.9005753323435775
19885,6312,Rogerio,Sassuolo,D S,15,1033,1,0.3659781645983457,1,0.6647518686950207,11,12,6,0,1,0.3659781645983457,2.7016402147710323,2.3497227616608143
19886,6312,Rogerio,Sassuolo,D S,13,903,0,0.0905314488336443,0,0.3833673819899559,3,8,4,0,0,0.0905314488336443,0.9298515245318412,0.5205148197710514
19887,6312,Rogerio,Sassuolo,D S,28,1881,0,0.4473925391212106,1,1.5888257892802358,16,12,4,0,0,0.4473925391212106,7.622550502419472,6.3305955827236176
19888,6312,Rogerio,Sassuolo,D M S,33,2668,1,2.666827573440969,2,2.4735371097922325,14,19,9,1,1,2.666827573440969,10.293218925595284,5.882999678142369
