,id,player_name,team_title,position,games,time,goals,xG,assists,xA,shots,key_passes,yellow_cards,red_cards,npg,npxG,xGChain,xGBuildup
19915,4865,Roli Pereira De Sa,Nantes,S,6,46,0,0.1384846596047282,0,0.0239084921777248,4,1,0,0,0,0.1384846596047282,0.4445246551185846,0.3296812418848276
19916,4865,Roli Pereira De Sa,Nantes,S,1,2,0,0.0101751871407032,0,0.1327362954616546,1,2,0,0,0,0.0101751871407032,0.025566192343831,0.0101751871407032
19917,4865,Roli Pereira De Sa,Nantes,M S,7,279,0,0.4645946770906448,0,0.1980872079730034,5,2,0,0,0,0.4645946770906448,1.282492607831955,0.893684946000576
