,id,player_name,team_title,position,games,time,goals,xG,assists,xA,shots,key_passes,yellow_cards,red_cards,npg,npxG,xGChain,xGBuildup
19975,3488,Romain Thomas,Angers,D,27,2342,1,0.7490291986614466,2,0.1728744693100452,8,5,4,0,1,0.7490291986614466,3.6891341730952254,3.670502670109272
19976,3488,Romain Thomas,Angers,D,36,3208,1,1.6689439583569765,0,0.0942993434146046,9,4,5,1,1,1.6689439583569765,3.9739802153781056,3.960834361612797
19977,3488,Romain Thomas,Angers,D M,28,2473,2,2.333582742139697,0,0.7965279733762145,17,5,5,0,2,2.333582742139697,5.683629374951124,4.887408050708473
19978,3488,Romain Thomas,Angers,D S,28,2397,2,1.7439007349312303,1,0.9996597496792674,15,9,4,0,2,1.7439007349312303,2.8606838108971715,2.619180434383452
19979,3488,Romain Thomas,Angers,D,18,1620,2,1.279894609004259,0,0.0701213208958506,8,2,3,0,2,1.279894609004259,3.998261444270611,3.5923116728663445
19980,3488,Romain Thomas,Angers,D,34,3030,4,2.4412306398153305,0,0.1298506148159504,14,2,3,1,4,2.4412306398153305,2.7435094378888607,2.662547904998064
19981,3488,Romain Thomas,Angers,D,36,3221,2,1.461500471457839,0,0.2242175741121173,12,4,8,0,2,1.461500471457839,1.949598896317184,1.8544731680303808
