,id,player_name,team_title,position,games,time,goals,xG,assists,xA,shots,key_passes,yellow_cards,red_cards,npg,npxG,xGChain,xGBuildup
20045,2750,Roman Zobnin,Spartak Moscow,D M S,26,2262,1,2.3019349137321115,0,0.911244402639568,36,23,6,0,1,2.3019349137321115,5.24355636537075,2.785000689327717
20046,2750,Roman Zobnin,Spartak Moscow,D M S,14,1002,0,1.725828718394041,1,2.189526970498264,20,14,2,0,0,1.725828718394041,5.731965433806181,3.074217965826392
20047,2750,Roman Zobnin,Spartak Moscow,D M S,25,2160,2,1.3327839020639658,1,3.501928981393576,34,51,2,2,2,1.3327839020639658,9.704855419695376,7.468318392522633
20048,2750,Roman Zobnin,Dinamo Moscow,M S,29,2241,1,1.972789709456265,1,0.8799698697403073,33,17,3,0,1,1.972789709456265,5.154192853718996,3.3499084375798702
20049,2750,Roman Zobnin,Spartak Moscow,D M S,29,2496,2,3.10364892706275,3,2.0014584911987185,41,31,2,0,2,3.10364892706275,11.20982483588159,7.038120033219457
20050,2750,Roman Zobnin,Spartak Moscow,M S,12,887,2,1.433855937793851,1,0.2792999222874641,22,7,2,0,2,1.433855937793851,2.569206543266773,1.9315868373960257
20051,2750,Roman Zobnin,Dinamo Moscow,M S,15,588,1,0.4700488038361072,0,0.449472707696259,6,8,2,0,1,0.4700488038361072,1.0686794146895409,0.7073691375553608
20052,2750,Roman Zobnin,Spartak Moscow,D M,28,2456,1,1.5009417878463864,3,4.138687212020159,29,54,7,1,1,1.5009417878463864,11.11754941381514,7.295306473039091
