,id,player_name,team_title,position,games,time,goals,xG,assists,xA,shots,key_passes,yellow_cards,red_cards,npg,npxG,xGChain,xGBuildup
19996,2791,Roman Emelyanov,Ural,D M S,14,1147,0,0.1095686256885528,0,0.3645484666340053,4,7,7,0,0,0.1095686256885528,2.3333009188063443,2.091878231614828
19997,2791,Roman Emelyanov,Ural,M,23,1970,1,1.861588217318058,0,0.9534114450216292,28,16,4,1,1,1.861588217318058,4.109155800193548,2.65964627917856
19998,2791,Roman Emelyanov,Ural,M S,11,479,0,0.1398497689515352,0,0.0210472326725721,5,1,2,1,0,0.1398497689515352,0.8776929322630167,0.7167959194630384
19999,2791,Roman Emelyanov,Ural,D M,14,1199,0,0.3224392528645694,0,0.0,8,0,5,1,0,0.3224392528645694,1.4554866068065166,1.4482562355697155
20000,2791,Roman Emelyanov,Ural,D M S,25,1912,0,0.6203607860952616,0,0.1727944789454341,18,5,5,0,0,0.6203607860952616,3.829533515498042,3.2522983932867646
20001,2791,Roman Emelyanov,Ural,M S,12,729,0,0.1926236357539892,0,0.2646221481263637,6,6,3,0,0,0.1926236357539892,2.4643535390496254,2.1989099979400635
20002,2791,Roman Emelyanov,Ural,D M S,24,1930,0,0.1978369122371077,0,0.1769385430961847,10,4,5,0,0,0.1978369122371077,5.722612871788442,5.414088434539735
