,id,player_name,team_title,position,games,time,goals,xG,assists,xA,shots,key_passes,yellow_cards,red_cards,npg,npxG,xGChain,xGBuildup
20036,6364,Roman Tugarev,Lokomotiv Moscow,M S,5,52,0,1.070235639810562,0,0.1160817574709653,3,3,0,0,0,1.070235639810562,1.16979256644845,0.0207936782389879
20037,6364,Roman Tugarev,Lokomotiv Moscow,M S,5,135,0,0.5832272749394178,0,0.548181090503931,8,2,0,0,0,0.5832272749394178,0.872912984341383,0.2568332478404045
20038,6364,Roman Tugarev,FC Rostov,S,2,22,0,0.0200098250061273,0,0.0,1,0,0,0,0,0.0200098250061273,0.0387745127081871,0.0187646877020597
20039,6364,Roman Tugarev,FC Rostov,F M S,16,703,1,0.8575800973922014,0,0.3471379028633237,17,6,0,0,1,0.8575800973922014,2.193777246400714,1.2102007251232862
