,id,player_name,team_title,position,games,time,goals,xG,assists,xA,shots,key_passes,yellow_cards,red_cards,npg,npxG,xGChain,xGBuildup
19966,3491,Romain Saiss,Wolverhampton Wanderers,D,16,1398,1,2.099142131395638,0,0.2105167862027883,8,3,3,0,1,2.099142131395638,3.492387196049094,3.3411512915045023
19967,3491,Romain Saiss,Wolverhampton Wanderers,D M S,19,1133,2,1.289246629923582,0,0.727379709482193,11,4,7,0,2,1.289246629923582,3.860406062565744,2.933737952262163
19968,3491,Romain Saiss,Angers,D M,35,3115,2,2.46288918890059,2,1.2092728158459067,27,14,12,0,2,2.46288918890059,4.202868463471532,3.326761966571212
19969,3491,Romain Saiss,Wolverhampton Wanderers,D,27,2409,3,3.169141481630504,0,0.6693505402654409,28,5,2,0,3,3.169141481630504,4.751177296042442,3.912276688031852
19970,3491,Romain Saiss,Wolverhampton Wanderers,D M S,33,2702,2,3.669838863424957,1,1.2324710749089718,23,12,10,1,2,3.669838863424957,10.521784238517284,9.557376708835363
