,id,player_name,team_title,position,games,time,goals,xG,assists,xA,shots,key_passes,yellow_cards,red_cards,npg,npxG,xGChain,xGBuildup
20099,3362,Rony Lopes,Monaco,M S,38,2559,15,10.683079954236746,5,5.73583373054862,68,41,2,0,15,10.683079954236746,19.162284523248672,5.228739393875003
20100,3362,Rony Lopes,"Lille,Monaco",F M S,14,628,2,2.2994879707694054,1,0.5534418430179358,23,11,1,0,2,2.2994879707694054,3.6230517607182255,1.3831190876662731
20101,3362,Rony Lopes,Lille,F M S,25,1876,4,5.666795295663178,4,3.4116398729383945,67,30,2,0,4,5.666795295663178,10.395183462649584,3.23464987706393
20102,3362,Rony Lopes,Sevilla,F S,5,135,0,0.1607900075614452,0,0.0,2,0,0,0,0,0.1607900075614452,0.183893371373415,0.1635091677308082
20103,3362,Rony Lopes,Monaco,M,1,83,0,0.1087966933846473,0,0.0,2,0,0,0,0,0.1087966933846473,0.4687897264957428,0.359993040561676
20104,3362,Rony Lopes,Monaco,F M S,24,1865,2,3.8809832129627466,2,4.648127885535359,51,47,1,0,2,3.8809832129627466,9.608843686059116,4.42772532068193
20105,3362,Rony Lopes,Lille,M S,23,1448,3,3.442152349278331,3,2.0747941937297583,36,29,4,1,3,3.442152349278331,6.674305319786072,1.7113727647811174
20106,3362,Rony Lopes,Nice,F M S,28,1815,3,3.3792249765247107,1,3.68776162341237,41,41,1,0,3,3.3792249765247107,8.430478855967522,3.3542366242036223
