,id,player_name,team_title,position,games,time,goals,xG,assists,xA,shots,key_passes,yellow_cards,red_cards,npg,npxG,xGChain,xGBuildup
20125,7060,Rouwen Hennings,Fortuna Duesseldorf,F S,32,2458,15,11.296850249171255,0,1.0592173682525754,73,22,4,0,11,8.266151413321495,8.532810872420669,1.145246358588338
20126,7060,Rouwen Hennings,Fortuna Duesseldorf,F S,29,1830,7,8.421732736751437,4,3.336083217523992,59,28,3,0,6,7.663956029340625,11.17355700582266,1.6045993072912097
