,id,player_name,team_title,position,games,time,goals,xG,assists,xA,shots,key_passes,yellow_cards,red_cards,npg,npxG,xGChain,xGBuildup
20135,688,Ruben Loftus-Cheek,Chelsea,F M S,7,195,0,0.5446935053914785,1,0.523468554019928,4,1,0,0,0,0.5446935053914785,1.6199395582079887,0.5517775025218725
20136,688,Ruben Loftus-Cheek,Chelsea,M S,24,969,6,3.2402340713888407,2,1.0109455808997154,28,17,0,0,6,3.2402340713888407,8.282618189230561,5.78622486256063
20137,688,Ruben Loftus-Cheek,Chelsea,M S,11,622,0,0.6408159360289574,2,1.350813094526529,13,6,0,0,0,0.6408159360289574,3.0691883862018585,2.417886316776276
20138,688,Ruben Loftus-Cheek,Chelsea,M S,3,139,0,0.0170719623565673,0,0.079070433974266,1,1,0,0,0,0.0170719623565673,0.1613700985908508,0.1442981362342834
20139,688,Ruben Loftus-Cheek,Crystal Palace,M S,24,1877,2,3.451644225046038,3,3.24505352973938,32,26,1,0,2,3.451644225046038,9.31609895452857,4.744012648239732
20140,688,Ruben Loftus-Cheek,Chelsea,M S,13,399,1,0.9546094238758088,0,0.1375067122280597,12,4,0,0,1,0.9546094238758088,2.5983768925070763,1.7522746697068214
20141,688,Ruben Loftus-Cheek,"Chelsea,Fulham",F M S,31,1988,1,3.3300087321549654,0,1.244577933102846,35,17,3,0,1,3.3300087321549654,7.614803409203887,3.747227055951953
20142,688,Ruben Loftus-Cheek,Chelsea,S,6,23,0,0.1374999731779098,0,0.0,1,0,0,0,0,0.1374999731779098,0.243638964369893,0.1061389911919832
