,id,player_name,team_title,position,games,time,goals,xG,assists,xA,shots,key_passes,yellow_cards,red_cards,npg,npxG,xGChain,xGBuildup
20200,2079,Rubén Rochina,Granada,F M S,10,680,1,0.6523359455168247,3,0.9799666674807668,15,11,2,0,1,0.6523359455168247,2.024598167277873,1.3808273831382394
20201,2079,Rubén Rochina,Levante,M S,25,1404,0,1.247580605559051,1,1.527286846190691,35,16,5,0,0,1.247580605559051,4.846356685273349,3.075414418242872
20202,2079,Rubén Rochina,Granada,M S,19,1128,2,3.657435401342809,1,0.7823962308466434,41,12,4,0,2,3.657435401342809,5.36742090806365,1.7470095632597804
20203,2079,Rubén Rochina,Levante,F M S,28,1901,4,3.3718012161552906,4,3.043023118749261,60,27,5,0,4,3.3718012161552906,10.307720663025975,5.611151410266757
20204,2079,Rubén Rochina,Rubin Kazan,M S,23,1301,2,2.0686309719458222,4,3.3852080069482327,38,30,2,0,2,2.0686309719458222,5.175245783291757,1.599700640887022
20205,2079,Rubén Rochina,Granada,F M S,35,2496,6,4.665957619436085,6,4.387525771744549,77,46,10,0,6,4.665957619436085,8.318158889189363,3.775833277963102
20206,2079,Rubén Rochina,Levante,M S,27,1823,4,2.198762034066021,5,4.497421119362116,46,29,9,2,4,2.198762034066021,8.110887029208243,5.130064584314823
20207,2079,Rubén Rochina,Rubin Kazan,F M S,4,208,0,0.1936243493109941,0,0.2463072314858436,9,3,0,0,0,0.1936243493109941,0.311112493276596,0.0337015138939023
20208,2079,Rubén Rochina,Levante,M S,5,146,1,0.8254879731684923,0,0.0103192627429962,7,1,0,0,1,0.8254879731684923,0.9212697725743056,0.0854625329375267
