,id,player_name,team_title,position,games,time,goals,xG,assists,xA,shots,key_passes,yellow_cards,red_cards,npg,npxG,xGChain,xGBuildup
20187,5075,Rubén Peña,Villarreal,D F M S,19,1113,1,0.7257654294371605,1,0.6331339403986931,6,6,1,0,1,0.7257654294371605,3.378154367208481,2.485560864210129
20188,5075,Rubén Peña,Villarreal,M S,6,110,0,0.2136697322130203,0,0.9443616271018982,3,2,1,0,0,0.2136697322130203,2.33050474524498,1.1724733412265778
20189,5075,Rubén Peña,Villarreal,D M S,26,1906,2,1.079092275351286,2,1.8291905904188752,6,18,5,0,2,1.079092275351286,9.394897654652596,6.96177227050066
20190,5075,Rubén Peña,Eibar,D F M S,28,1725,1,0.5937663307413459,0,0.8551083980128169,12,17,1,0,1,0.5937663307413459,3.248621374368668,2.4574053902179003
20191,5075,Rubén Peña,Eibar,F M S,28,1043,1,1.732512004673481,0,0.2480443874374032,23,5,3,0,1,1.732512004673481,3.7623589392751455,1.9200002867728472
20192,5075,Rubén Peña,Eibar,D S,31,2674,1,0.7362467311322689,2,4.745164318010211,22,44,3,0,1,0.7362467311322689,12.622987834736705,8.093165755271912
