,id,player_name,team_title,position,games,time,goals,xG,assists,xA,shots,key_passes,yellow_cards,red_cards,npg,npxG,xGChain,xGBuildup
20243,2975,Ruslan Kambolov,Rubin Kazan,D M S,27,2212,0,0.7417455045506358,0,1.1446402249857783,37,10,7,0,0,0.7417455045506358,3.799519886262715,2.674568183720112
20244,2975,Ruslan Kambolov,Rubin Kazan,D M S,20,1580,0,0.376030296087265,0,0.5960671454668045,14,9,3,0,0,0.376030296087265,3.961686662398279,3.4811798920854926
20245,2975,Ruslan Kambolov,Rubin Kazan,D M S,19,1449,1,0.6156864557415247,0,0.0934740481898188,27,6,5,0,1,0.6156864557415247,3.033797651529312,2.763064133003354
20246,2975,Ruslan Kambolov,Rubin Kazan,D M S,19,1319,0,0.4713021470233798,0,0.2455117097124457,26,8,4,0,0,0.4713021470233798,2.7565342830494046,2.484747146256268
20247,2975,Ruslan Kambolov,FC Krasnodar,M S,16,900,0,0.6500900443643332,1,0.646744329482317,22,11,3,0,0,0.6500900443643332,2.775181584060192,1.8916369061917069
20248,2975,Ruslan Kambolov,Arsenal Tula,M S,4,73,0,0.0,0,0.1115739122033119,0,1,2,0,0,0.0,0.6233652830123901,0.6233652830123901
20249,2975,Ruslan Kambolov,Rubin Kazan,D M S,27,2133,0,1.381027932278812,1,0.4287333711981773,38,8,5,1,0,1.381027932278812,5.034534061327577,4.2532795034348965
20250,2975,Ruslan Kambolov,FC Krasnodar,M S,10,131,0,0.1476697735488414,1,0.1267865560948848,4,3,3,0,0,0.1476697735488414,0.2847274262458086,0.1906685940921306
