,id,player_name,team_title,position,games,time,goals,xG,assists,xA,shots,key_passes,yellow_cards,red_cards,npg,npxG,xGChain,xGBuildup
20280,787,Ryan Bennett,"Leicester,Wolverhampton Wanderers",D S,16,941,0,0.0239152926951646,0,0.0905424710363149,1,2,2,0,0,0.0239152926951646,2.269687807187438,2.1791453193873167
20281,787,Ryan Bennett,Wolverhampton Wanderers,D,34,3060,1,1.0000525284558537,0,0.7868758589029312,15,9,12,0,1,1.0000525284558537,5.850176807492971,4.800758751109242
20282,787,Ryan Bennett,Norwich,D S,22,1842,0,0.5747450441122055,0,0.277770347893238,8,4,7,0,0,0.5747450441122055,1.748719584196806,1.589244108647108
