,id,player_name,team_title,position,games,time,goals,xG,assists,xA,shots,key_passes,yellow_cards,red_cards,npg,npxG,xGChain,xGBuildup
20310,6837,Ryan Sessegnon,Tottenham,D M S,6,341,0,0.0926318690180778,0,0.0479493401944637,1,2,0,0,0,0.0926318690180778,0.5256650149822235,0.4015225917100906
20311,6837,Ryan Sessegnon,Hoffenheim,D M S,23,1567,2,0.783427182585001,3,1.5961731486022472,5,16,4,0,2,0.783427182585001,4.771411092951894,2.7759168446063995
20312,6837,Ryan Sessegnon,Tottenham,S,2,78,0,0.0,0,0.0214007664471864,0,1,0,0,0,0.0,0.0937631968408823,0.0723624303936958
20313,6837,Ryan Sessegnon,Fulham,D F M S,35,2300,2,4.265975874848664,6,3.993250604718924,28,33,0,0,2,4.265975874848664,10.162048532627525,3.87308154348284
