,id,player_name,team_title,position,games,time,goals,xG,assists,xA,shots,key_passes,yellow_cards,red_cards,npg,npxG,xGChain,xGBuildup
20292,1683,Ryan Fraser,Newcastle United,M S,11,333,0,0.3351022079586983,1,0.3871723040938377,6,4,0,0,0,0.3351022079586983,0.8172500729560852,0.1947507709264755
20293,1683,Ryan Fraser,Newcastle United,F M S,18,920,0,0.9030798394232988,2,2.168529823422432,13,25,0,1,0,0.9030798394232988,2.994263719767332,1.3422147808596492
20294,1683,Ryan Fraser,Bournemouth,F M S,28,2054,1,3.4642705637961626,4,3.600613407790661,27,44,2,0,1,3.4642705637961626,9.423755504190922,4.503551121801138
20295,1683,Ryan Fraser,Bournemouth,D F M S,26,2016,5,1.9803195875138044,3,2.7351528238505125,31,43,0,0,5,1.9803195875138044,6.385161653161049,3.3411665204912424
20296,1683,Ryan Fraser,Bournemouth,F M S,38,3185,7,4.76355167478323,14,16.183833203278482,51,93,2,0,7,4.76355167478323,19.63153716735541,7.556321180425584
20297,1683,Ryan Fraser,Bournemouth,D M S,28,1774,3,2.112318053841591,5,3.622358592227101,24,32,3,0,3,2.112318053841591,6.43673362582922,2.6309675304219127
