,id,player_name,team_title,position,games,time,goals,xG,assists,xA,shots,key_passes,yellow_cards,red_cards,npg,npxG,xGChain,xGBuildup
20319,1153,Ryder Matos,Udinese,F S,20,525,0,0.8385121300816536,0,0.5470746420323849,14,6,0,0,0,0.8385121300816536,1.5192327462136743,0.5004396010190248
20320,1153,Ryder Matos,Cordoba,M S,3,146,0,0.0589500144124031,0,0.0,1,0,0,0,0,0.0589500144124031,0.0589500144124031,0.0
20321,1153,Ryder Matos,Udinese,S,1,11,0,0.0,0,0.0301396250724792,0,1,0,0,0,0.0,0.0468325838446617,0.0166929587721824
20322,1153,Ryder Matos,"Udinese,Verona",F M S,18,1151,0,0.785944402217865,1,0.8433240382000804,17,8,1,0,0,0.785944402217865,2.209928582422436,0.6331957569345832
20323,1153,Ryder Matos,"Carpi,Udinese",F M S,26,1615,2,5.2712990520522,2,2.56835203897208,34,24,2,0,2,4.5100002167746425,6.382081046700478,1.1655702516436577
