,id,player_name,team_title,position,games,time,goals,xG,assists,xA,shots,key_passes,yellow_cards,red_cards,npg,npxG,xGChain,xGBuildup
20356,6853,Rúben Neves,Wolverhampton Wanderers,M S,15,1171,1,0.4899349445477128,0,1.2091211434453726,17,13,6,0,1,0.4899349445477128,4.637514850124717,3.612535065039992
20357,6853,Rúben Neves,Wolverhampton Wanderers,M S,36,2681,5,4.744082774966955,1,2.061172847636044,67,33,7,0,2,2.460576256737113,6.995869668200612,4.673971687443554
20358,6853,Rúben Neves,Wolverhampton Wanderers,M S,35,3014,4,3.393738809041679,3,1.8831316344439983,74,24,8,0,2,1.8714011190459128,10.348721410147846,8.176535649225116
20359,6853,Rúben Neves,Wolverhampton Wanderers,M S,38,3081,2,1.638083690777421,2,2.6060938835144043,61,29,9,0,2,1.638083690777421,13.925794633105395,11.201461910270154
