,id,player_name,team_title,position,games,time,goals,xG,assists,xA,shots,key_passes,yellow_cards,red_cards,npg,npxG,xGChain,xGBuildup
20404,3326,Sadio Diallo,Lorient,F S,10,326,0,0.1769027393311262,0,0.1354694226756692,3,4,0,0,0,0.1769027393311262,0.5681536588817835,0.3496254179626703
20405,3326,Sadio Diallo,SC Bastia,M S,15,718,2,0.678148427978158,2,1.692035268060863,16,22,2,0,2,0.678148427978158,1.4534073323011398,0.440236622467637
20406,3326,Sadio Diallo,SC Bastia,F M S,28,1453,3,3.5211591189727187,3,2.206971138715744,45,19,3,0,3,3.5211591189727187,5.282889219000936,1.6898623732849956
