,id,player_name,team_title,position,games,time,goals,xG,assists,xA,shots,key_passes,yellow_cards,red_cards,npg,npxG,xGChain,xGBuildup
20425,811,Saido Berahino,"Stoke,West Bromwich Albion",F S,17,974,0,2.908023562282324,0,0.5703173382207751,19,5,1,0,0,2.908023562282324,3.663295485079289,1.1599438460543752
20426,811,Saido Berahino,Stoke,F S,15,467,0,1.7449102513492107,1,0.3682934083044529,10,3,0,0,0,0.9837414138019084,1.4504583943635223,0.0984235368669033
20427,811,Saido Berahino,West Bromwich Albion,F M S,38,2940,14,13.84175339434296,1,1.961660521104932,86,28,2,0,10,10.797114790417254,11.907293939962983,2.439557683654129
20428,811,Saido Berahino,West Bromwich Albion,F M S,31,1727,4,7.117999384179711,0,1.01411029137671,35,18,0,0,4,5.59569844044745,7.960518106818199,2.118932444602251
