,id,player_name,team_title,position,games,time,goals,xG,assists,xA,shots,key_passes,yellow_cards,red_cards,npg,npxG,xGChain,xGBuildup
20456,26,Salomon Kalou,Hertha Berlin,F M S,32,2546,14,9.730116618797185,2,2.194582838565111,55,21,2,0,12,8.214563263580203,12.436336904764175,3.780631087720394
20457,26,Salomon Kalou,Hertha Berlin,F M S,30,2329,8,10.371440075337889,2,4.99396488070488,47,29,0,0,5,8.098110042512417,15.156662099063396,3.438527861610055
20458,26,Salomon Kalou,Hertha Berlin,F S,5,144,1,1.0961494408547878,0,0.6981658339500427,5,1,0,0,1,1.0961494408547878,2.5715074501931667,0.7771922051906586
20459,26,Salomon Kalou,Hertha Berlin,F M S,26,2008,7,5.878905152902007,4,4.417145757004619,38,24,1,0,6,5.121128482744098,8.60097735375166,1.5261639654636383
20460,26,Salomon Kalou,Lille,F,1,63,0,0.0,0,0.0,0,0,0,0,0,0.0,0.0217165686190128,0.0217165686190128
20461,26,Salomon Kalou,Hertha Berlin,F M S,31,2237,12,9.5672914031893,3,2.335069687105716,50,16,0,0,11,8.051737987436354,9.753897490911186,1.9603100549429653
20462,26,Salomon Kalou,Hertha Berlin,F M S,27,1858,6,7.261833963915706,0,1.856373343616724,49,18,2,0,4,5.746280608698726,9.535777204670012,2.310409882105887
