,id,player_name,team_title,position,games,time,goals,xG,assists,xA,shots,key_passes,yellow_cards,red_cards,npg,npxG,xGChain,xGBuildup
20490,3989,Salvatore Molina,Crotone,D M S,29,2336,1,0.756824872456491,4,2.424863482825458,15,25,1,0,1,0.756824872456491,6.51159724406898,4.643263543955982
20491,3989,Salvatore Molina,Atalanta,M S,4,176,0,0.0815813317894935,0,0.0836892873048782,2,3,1,0,0,0.0815813317894935,0.1507649794220924,0.0152491964399814
