,id,player_name,team_title,position,games,time,goals,xG,assists,xA,shots,key_passes,yellow_cards,red_cards,npg,npxG,xGChain,xGBuildup
20542,1292,Sami Khedira,Juventus,M,31,2554,5,5.3161965031176805,4,3.850987439975144,40,30,2,0,5,5.3161965031176805,16.306752238422632,9.787504643201828
20543,1292,Sami Khedira,Hertha Berlin,M S,9,384,0,0.0458930246531963,1,0.7879008576273918,1,3,1,0,0,0.0458930246531963,1.5523749496787786,1.120952246710658
20544,1292,Sami Khedira,Juventus,M,20,1550,5,4.5473989602178335,4,3.032947449013591,22,13,3,1,5,4.5473989602178335,9.663992904126644,3.4471121970564127
20545,1292,Sami Khedira,Juventus,M S,12,692,0,1.4612184911966324,1,0.4232704993337393,12,8,3,0,0,1.4612184911966324,3.186465155333281,1.9193982034921648
20546,1292,Sami Khedira,Real Madrid,M S,11,291,0,0.6883250772953033,0,0.1998603641986847,3,4,2,0,0,0.6883250772953033,1.91305511072278,1.726489420980215
20547,1292,Sami Khedira,Juventus,M S,10,722,2,2.700255494564772,1,1.120744027197361,17,6,0,0,2,2.700255494564772,4.431097857654095,1.948849681764841
20548,1292,Sami Khedira,Juventus,M S,26,1939,9,3.983889784663916,2,1.3459430057555437,31,16,1,0,9,3.983889784663916,9.091633751988413,5.986899584531784
