,id,player_name,team_title,position,games,time,goals,xG,assists,xA,shots,key_passes,yellow_cards,red_cards,npg,npxG,xGChain,xGBuildup
20592,1343,Samuel Bastien,Chievo,M S,12,793,1,0.1349427122622728,0,0.2103820983320474,5,6,0,0,1,0.1349427122622728,2.1686932910233736,1.9253339245915413
20593,1343,Samuel Bastien,Chievo,F M S,21,1352,1,0.8493618424981833,0,0.2385728387162089,15,7,2,1,1,0.8493618424981833,2.930594374425709,1.942955776117742
