,id,player_name,team_title,position,games,time,goals,xG,assists,xA,shots,key_passes,yellow_cards,red_cards,npg,npxG,xGChain,xGBuildup
20607,3713,Samuel Grandsir,"Monaco,Strasbourg",F M S,20,695,0,0.1733622383326292,1,2.538758598268032,7,8,1,2,0,0.1733622383326292,2.898484362289309,1.906408168375492
20608,3713,Samuel Grandsir,Troyes,F M S,36,2626,3,5.193792441859841,4,3.854767056182027,48,32,3,0,3,5.193792441859841,10.840621980838478,3.3975801756605506
20609,3713,Samuel Grandsir,Brest,F M S,24,1505,3,2.2750705499202013,1,1.8415140379220247,27,20,0,0,3,2.2750705499202013,5.900058241561055,2.4541650619357824
20610,3713,Samuel Grandsir,Troyes,S,1,13,0,0.0,0,0.0,0,0,0,0,0,0.0,0.0217332020401954,0.0217332020401954
