,id,player_name,team_title,position,games,time,goals,xG,assists,xA,shots,key_passes,yellow_cards,red_cards,npg,npxG,xGChain,xGBuildup
20656,2537,Sandro Ramírez,Barcelona,S,7,142,2,1.857078731060028,0,0.0,8,0,0,0,2,1.857078731060028,3.034936636686325,1.284411646425724
20657,2537,Sandro Ramírez,Real Sociedad,F M S,24,1039,0,2.602435475215316,0,0.9370178133249284,42,18,4,0,0,2.602435475215316,3.864702202379704,1.2505275271832943
20658,2537,Sandro Ramírez,Everton,F S,8,278,0,0.4855111464858055,0,0.073346346616745,9,1,0,0,0,0.4855111464858055,0.9396247379481792,0.4639227353036403
20659,2537,Sandro Ramírez,Real Valladolid,F M S,24,1310,3,4.64297085441649,1,1.800951149314642,44,12,2,0,3,3.900208244100213,6.142024409025908,1.157561918720603
20660,2537,Sandro Ramírez,Sevilla,F M S,13,715,0,1.965191707015037,1,1.6909684389829636,24,9,0,0,0,1.965191707015037,4.321908608078957,1.3894402412697673
20661,2537,Sandro Ramírez,Malaga,F S,30,2321,14,6.997657286934555,3,2.9984878404065967,92,31,4,0,14,6.254507529549301,9.065592529252172,2.0745892161503434
20662,2537,Sandro Ramírez,SD Huesca,F M S,20,1301,6,2.407218039035797,1,0.5080152004957199,31,10,2,0,6,2.407218039035797,4.142117545008659,2.1513955257833004
20663,2537,Sandro Ramírez,Barcelona,F S,10,340,0,2.156044021248817,1,0.9549736976623536,10,6,0,0,0,2.156044021248817,3.57396087050438,0.5362857747823
20664,2537,Sandro Ramírez,Getafe,F S,12,747,2,1.6634260592982173,0,0.341808333992958,25,6,3,0,2,1.6634260592982173,2.0251112394034863,0.5072427690029144
