,id,player_name,team_title,position,games,time,goals,xG,assists,xA,shots,key_passes,yellow_cards,red_cards,npg,npxG,xGChain,xGBuildup
20652,817,Sandro,West Bromwich Albion,M S,12,382,0,0.0484008127823472,0,0.1187581643462181,3,1,0,0,0,0.0484008127823472,0.195899580605328,0.0442927479743957
20653,817,Sandro,"Genoa,Udinese",M S,25,1313,0,0.3537175571545958,1,0.7927873078733683,13,9,8,0,0,0.3537175571545958,2.494797533378005,2.02563004847616
20654,817,Sandro,Benevento,M S,14,1159,1,0.715038406662643,0,0.2436347724869847,15,5,4,0,1,0.715038406662643,3.876189518719912,3.4947503451257944
20655,817,Sandro,Queens Park Rangers,M,17,1240,1,0.6715466063469648,0,0.1261495612561702,17,3,6,0,1,0.6715466063469648,2.6105358535423875,2.1408021515235305
