,id,player_name,team_title,position,games,time,goals,xG,assists,xA,shots,key_passes,yellow_cards,red_cards,npg,npxG,xGChain,xGBuildup
20670,11,Sandro Wagner,Bayern Munich,F S,7,134,0,0.4441746771335602,0,0.0601961240172386,3,1,2,0,0,0.4441746771335602,0.9934881553053856,0.4891173541545868
20671,11,Sandro Wagner,Hertha Berlin,S,15,249,0,0.1434031818062067,0,0.0535796806216239,4,3,2,0,0,0.1434031818062067,0.1554931476712227,0.0276867486536502
20672,11,Sandro Wagner,"Bayern Munich,Hoffenheim",F S,25,1599,12,9.84364379569888,3,1.720282780006528,53,22,4,0,11,9.085867058485746,11.890928357839584,2.1556781213730574
20673,11,Sandro Wagner,Darmstadt,F S,32,2475,14,14.355861072894186,4,4.479121780954301,87,28,8,1,12,11.324834851082414,14.726113840937614,3.997186172753573
20674,11,Sandro Wagner,Hoffenheim,F S,31,2608,11,12.228013183921576,2,2.0659262612462044,66,17,3,1,11,12.228013183921576,13.06885527819395,3.6682800287380815
