,id,player_name,team_title,position,games,time,goals,xG,assists,xA,shots,key_passes,yellow_cards,red_cards,npg,npxG,xGChain,xGBuildup
20719,5113,Santos Borré,Eintracht Frankfurt,F M S,15,1175,3,3.747184220701456,1,0.6007511783391237,28,12,1,0,3,3.747184220701456,5.077840339392424,1.251997783780098
20720,5113,Santos Borré,Villarreal,F S,17,341,2,0.8715394325554371,1,1.2840620893985033,11,7,0,0,2,0.8715394325554371,2.9780793748795986,1.116524474695325
