,id,player_name,team_title,position,games,time,goals,xG,assists,xA,shots,key_passes,yellow_cards,red_cards,npg,npxG,xGChain,xGBuildup
20684,2384,Santi Mina,Valencia,F S,32,1548,12,8.923802088946104,2,2.0410297084599733,43,10,3,0,11,8.180524434894323,10.49205993488431,2.4854000210762024
20685,2384,Santi Mina,Valencia,F S,30,1866,7,8.34234125353396,5,4.067188637331128,43,16,4,0,7,8.34234125353396,11.505678419955077,2.218737888149917
20686,2384,Santi Mina,Valencia,F M S,29,1399,6,6.06638852506876,2,1.4274630127474666,32,18,2,0,6,6.06638852506876,9.07646712474525,4.091605460271239
20687,2384,Santi Mina,Valencia,F M S,26,1590,4,4.231060934253037,1,1.9545113099738955,25,10,2,0,4,4.231060934253037,6.918539886362851,1.9937802907079456
20688,2384,Santi Mina,Celta Vigo,F M S,20,1171,7,7.878265433013439,1,0.853591563180089,34,9,6,0,6,7.1349878013134,8.895246230065823,1.954908788204193
20689,2384,Santi Mina,Celta Vigo,F S,34,2443,12,9.3563068844378,3,2.6256478913128376,45,15,4,0,11,8.61302924528718,14.6860055308789,5.218657840043306
20690,2384,Santi Mina,Celta Vigo,F,16,1200,5,3.98468204587698,3,1.7575677148997784,31,14,2,0,5,3.98468204587698,6.046114131808281,1.517989121377468
20691,2384,Santi Mina,Celta Vigo,F M S,34,1940,6,7.204821178689599,3,3.38931042701006,47,20,4,0,6,7.204821178689599,11.792334930971265,3.4571682140231133
