,id,player_name,team_title,position,games,time,goals,xG,assists,xA,shots,key_passes,yellow_cards,red_cards,npg,npxG,xGChain,xGBuildup
20722,1442,Saphir Ta誰der,Sassuolo,M S,27,1682,3,2.8775843884795904,3,2.837092876434326,37,19,6,0,3,2.8775843884795904,7.86535676382482,3.3238166626542807
20723,1442,Saphir Ta誰der,Bologna,M S,9,371,0,0.1536089554429054,1,0.2870963811874389,3,4,0,0,0,0.1536089554429054,1.40842180326581,0.9677164684981108
20724,1442,Saphir Ta誰der,Bologna,M S,29,2113,0,1.5710943145677447,1,1.4126002471894026,33,20,4,0,0,1.5710943145677447,6.837095356546342,5.0718150325119495
20725,1442,Saphir Ta誰der,Bologna,M S,24,1905,3,1.357573887333274,0,0.6007613288238645,37,11,1,0,3,1.357573887333274,4.620580596849322,3.3975633336231112
