,id,player_name,team_title,position,games,time,goals,xG,assists,xA,shots,key_passes,yellow_cards,red_cards,npg,npxG,xGChain,xGBuildup
20726,2774,Sardar Azmoun,Zenit St. Petersburg,F S,24,1763,19,18.60520789772272,2,2.467504202388227,83,22,4,0,16,14.833837740123272,17.949673832394183,4.609670370817184
20727,2774,Sardar Azmoun,"Rubin Kazan,Zenit St. Petersburg",F M,26,2178,13,15.666448041796684,6,3.5290045887231827,84,27,6,0,12,14.912172719836237,15.68354582041502,3.063899722881615
20728,2774,Sardar Azmoun,FC Rostov,F S,24,1289,9,6.309169467538595,3,2.8831916572526097,33,18,6,0,9,6.309169467538595,8.975539281964302,1.6636478770524263
20729,2774,Sardar Azmoun,FC Rostov,F S,27,1657,7,4.799282295629382,3,1.413595151156187,40,21,4,1,7,4.799282295629382,5.948203083127737,0.7652879012748599
20730,2774,Sardar Azmoun,Zenit St. Petersburg,F M S,28,2118,17,17.252961046993732,7,6.202844359911978,90,32,3,0,16,15.744410403072834,23.43519911170005,3.130486317910254
20731,2774,Sardar Azmoun,Rubin Kazan,F S,26,1420,5,7.379320614039898,3,1.9213901329785583,41,18,4,0,5,7.379320614039898,8.49097265303135,0.7918740389868617
20732,2774,Sardar Azmoun,Zenit St. Petersburg,F S,15,967,7,5.4312587808817625,1,0.74492556322366,31,12,2,1,6,4.676983445882797,7.4601884707808495,2.5090268924832344
20733,2774,Sardar Azmoun,"FC Rostov,Rubin Kazan",F M S,24,962,4,5.126160951331258,1,1.6577800028026104,39,13,7,0,4,5.126160951331258,6.843774992972612,0.7772419275715947
