,id,player_name,team_title,position,games,time,goals,xG,assists,xA,shots,key_passes,yellow_cards,red_cards,npg,npxG,xGChain,xGBuildup
20763,2266,Saúl Ñíguez,Atletico Madrid,M S,24,1052,4,2.193291824311018,2,2.434105733409524,17,10,1,0,4,2.193291824311018,3.790966993197799,1.6917064599692822
20764,2266,Saúl Ñíguez,Chelsea,M S,3,101,0,0.0630487278103828,0,0.0,1,0,1,0,0,0.0630487278103828,0.4923325255513191,0.4292837977409363
20765,2266,Saúl Ñíguez,Atletico Madrid,M S,3,194,0,0.2948608286678791,1,0.1121576502919197,4,1,0,0,0,0.2948608286678791,0.9894756972789764,0.6946148723363876
20766,2266,Saúl Ñíguez,Atletico Madrid,D M,35,3094,6,5.039977325126529,0,1.0740378117188811,44,15,10,0,4,3.5534221064299345,14.956590987741947,12.784209947101772
20767,2266,Saúl Ñíguez,Atletico Madrid,D M S,33,2923,4,5.614009996876121,1,1.6522030681371689,51,15,10,0,4,4.870732387527824,9.59379474632442,6.301001405343413
20768,2266,Saúl Ñíguez,Atletico Madrid,D M S,36,3157,2,2.563045381568372,3,3.22419723123312,53,21,9,0,2,2.563045381568372,10.575795852579176,5.775104772299528
20769,2266,Saúl Ñíguez,Atletico Madrid,D M S,33,2545,4,2.97721085511148,3,2.89018776640296,47,25,8,0,4,2.97721085511148,11.80920508503914,7.1609729193151
20770,2266,Saúl Ñíguez,Atletico Madrid,D M S,33,2041,2,3.293139886111021,1,1.451184168457985,33,23,9,0,2,2.549862217158079,10.205702787265182,8.078165797516704
20771,2266,Saúl Ñíguez,Atletico Madrid,D M S,31,2331,4,2.374890947714448,2,1.5784191507846117,45,19,1,0,4,2.374890947714448,8.479744823649526,5.777515964582562
