,id,player_name,team_title,position,games,time,goals,xG,assists,xA,shots,key_passes,yellow_cards,red_cards,npg,npxG,xGChain,xGBuildup
20772,1659,Scott Arfield,Burnley,M S,31,2118,1,2.939779190346598,0,1.8786313543096185,44,34,3,0,1,2.939779190346598,4.719801020808518,1.7680334523320198
20773,1659,Scott Arfield,Burnley,M S,18,1343,2,1.3560624904930592,1,0.3993820697069168,18,7,3,0,2,1.3560624904930592,2.433103056624532,0.8316154442727566
20774,1659,Scott Arfield,Burnley,M S,37,3210,2,3.1654513459652662,1,2.056791665032506,44,28,6,0,2,2.4042824786156416,8.505875396542251,5.223955657333136
