,id,player_name,team_title,position,games,time,goals,xG,assists,xA,shots,key_passes,yellow_cards,red_cards,npg,npxG,xGChain,xGBuildup
20793,342,Sead Kolasinac,Schalke 04,D M S,23,1570,1,0.8892338611185551,0,1.342789865564555,12,15,5,0,1,0.8892338611185551,5.500131519045681,4.888664042577148
20794,342,Sead Kolasinac,Schalke 04,D M S,17,1427,1,0.6032318705692887,1,1.175254164263606,6,13,5,0,1,0.6032318705692887,3.810341451317072,2.381527541205287
20795,342,Sead Kolasinac,Schalke 04,D M S,25,2072,3,2.4095764067024,5,2.8430814668536186,17,23,5,0,3,2.4095764067024,7.98517762683332,4.06032832711935
20796,342,Sead Kolasinac,Schalke 04,D,6,454,0,0.1107051596045494,0,0.4401175528764725,4,4,2,0,0,0.1107051596045494,0.8482912555336952,0.6241322234272957
20797,342,Sead Kolasinac,Arsenal,D,1,90,0,0.0,0,0.0,0,0,0,0,0,0.0,0.429358035326004,0.429358035326004
20798,342,Sead Kolasinac,Arsenal,D M S,26,1687,0,0.2549883676692843,2,1.3343037255108356,4,10,4,0,0,0.2549883676692843,8.028099369257689,7.0412316508591175
20799,342,Sead Kolasinac,Arsenal,D M S,24,1897,0,0.411074984818697,5,6.741930350661278,9,31,5,0,0,0.411074984818697,11.89089298993349,9.11537654325366
20800,342,Sead Kolasinac,Arsenal,D S,2,91,0,0.0,0,0.0,0,0,1,0,0,0.0,0.0,0.0
20801,342,Sead Kolasinac,Arsenal,D S,27,2154,2,2.549698330461979,4,4.005559707991779,21,19,3,0,2,2.549698330461979,15.234833102673292,11.601476226001978
