,id,player_name,team_title,position,games,time,goals,xG,assists,xA,shots,key_passes,yellow_cards,red_cards,npg,npxG,xGChain,xGBuildup
20874,7631,Sebastian Szymanski,Dinamo Moscow,M,28,2343,1,3.5704796398058534,5,5.532294392585754,66,72,7,1,1,3.5704796398058534,9.802742710337045,4.525422494858503
20875,7631,Sebastian Szymanski,Dinamo Moscow,M S,16,1218,5,1.9385974574834108,6,2.6502125579863787,41,44,4,0,5,1.9385974574834108,4.6112886890769005,1.842539889737964
20876,7631,Sebastian Szymanski,Dinamo Moscow,F M S,22,1602,1,2.100363622419536,1,1.8785932073369624,39,21,5,0,1,2.100363622419536,6.184545814990997,2.998397700488568
