,id,player_name,team_title,position,games,time,goals,xG,assists,xA,shots,key_passes,yellow_cards,red_cards,npg,npxG,xGChain,xGBuildup
20883,1639,Sebastiano Luperto,Napoli,D S,9,521,0,0.0115127926692366,0,0.0707865431904792,1,2,2,0,0,0.0115127926692366,2.057380937039852,2.01171338558197
20884,1639,Sebastiano Luperto,Crotone,D S,23,1893,0,0.1820478439331054,0,0.1662777997553348,5,6,3,1,0,0.1820478439331054,2.0547650642693043,1.7726679872721434
20885,1639,Sebastiano Luperto,Empoli,D S,11,822,0,0.4276789920404553,1,0.1503240205347538,4,4,4,0,0,0.4276789920404553,1.8481174167245624,1.7854774128645658
20886,1639,Sebastiano Luperto,Napoli,D S,12,718,0,0.0257551167160272,0,0.0,2,0,0,0,0,0.0257551167160272,4.887812405824661,4.887812405824661
20887,1639,Sebastiano Luperto,Napoli,S,1,5,0,0.0,0,0.0,0,0,0,0,0,0.0,0.1191590279340744,0.1191590279340744
