,id,player_name,team_title,position,games,time,goals,xG,assists,xA,shots,key_passes,yellow_cards,red_cards,npg,npxG,xGChain,xGBuildup
20827,2747,Sebastian Holmén,Dinamo Moscow,D S,10,828,0,0.0,0,0.0576518010348081,0,3,0,0,0,0.0,1.0167338009923697,0.9816554542630912
20828,2747,Sebastian Holmén,Dinamo Moscow,D,23,2054,0,0.9578028796240688,0,0.4033506698906421,7,5,2,0,0,0.9578028796240688,2.9847652120515704,2.582452679052949
20829,2747,Sebastian Holmén,Dinamo Moscow,D S,20,1572,0,0.3653598898090422,1,0.3044720711186528,8,9,4,0,0,0.3653598898090422,2.087265033274889,1.7705658739432693
