,id,player_name,team_title,position,games,time,goals,xG,assists,xA,shots,key_passes,yellow_cards,red_cards,npg,npxG,xGChain,xGBuildup
20844,740,Sebastian Larsson,Sunderland,M S,21,1472,0,0.7138740634545684,1,1.9478583838790653,16,23,4,1,0,0.7138740634545684,2.19078572653234,1.4367255754768848
20845,740,Sebastian Larsson,Sunderland,M S,18,531,0,0.3477702336385846,1,0.7345792287960649,7,7,2,0,0,0.3477702336385846,1.7659765211865306,1.0161083079874516
20846,740,Sebastian Larsson,Sunderland,M,36,3079,3,2.721916640177369,3,3.486307787708938,45,58,10,0,3,2.721916640177369,8.626350525766611,5.843437802046537
