,id,player_name,team_title,position,games,time,goals,xG,assists,xA,shots,key_passes,yellow_cards,red_cards,npg,npxG,xGChain,xGBuildup
20920,4287,Sejad Salihovic,Hoffenheim,M S,13,437,2,1.922382794320584,0,0.7091471888124943,12,11,3,0,0,0.4068293869495392,1.8216264583170407,1.447984240949154
20921,4287,Sejad Salihovic,Hamburger SV,M S,10,366,1,0.9099883269518614,0,0.3103238865733146,9,8,1,0,0,0.1522116642445325,0.6802052203565836,0.4362219516187906
