,id,player_name,team_title,position,games,time,goals,xG,assists,xA,shots,key_passes,yellow_cards,red_cards,npg,npxG,xGChain,xGBuildup
20943,9435,Senin Sebai,Khimki,F M S,8,382,0,0.4080151934176683,1,0.2918684221804142,7,5,3,0,0,0.4080151934176683,0.6091828383505344,0.1883079502731561
20944,9435,Senin Sebai,"FK Akhmat,Khimki",F S,15,746,2,2.037083599716425,1,0.6204024255275726,20,12,3,0,2,2.037083599716425,3.346278641372919,0.8624066943302751
