,id,player_name,team_title,position,games,time,goals,xG,assists,xA,shots,key_passes,yellow_cards,red_cards,npg,npxG,xGChain,xGBuildup
20945,1549,Senna Miangue,Cagliari,D M S,11,803,0,0.0500364024192094,1,1.0116396881639955,3,10,1,1,0,0.0500364024192094,0.8804571852087975,0.4015303803607821
20946,1549,Senna Miangue,"Cagliari,Inter",D S,7,253,0,0.0,0,0.1835693232715129,0,4,1,0,0,0.0,1.7901295460760591,1.640129029750824
