,id,player_name,team_title,position,games,time,goals,xG,assists,xA,shots,key_passes,yellow_cards,red_cards,npg,npxG,xGChain,xGBuildup
20980,2840,Sergei Balanovich,Amkar,D M,24,2112,0,1.5697386572137475,0,1.109524835832417,21,20,3,0,0,1.5697386572137475,4.407883927226067,2.0789027102291584
20981,2840,Sergei Balanovich,Amkar,D F M S,26,2196,0,1.1080863187089562,2,1.6468949462287128,21,27,3,0,0,1.1080863187089562,5.587906933389604,3.356144971679896
20982,2840,Sergei Balanovich,Amkar,F M S,22,1224,0,0.4533427255228162,2,1.1909276749938726,11,12,3,0,0,0.4533427255228162,2.343127110041678,1.4110390795394778
20983,2840,Sergei Balanovich,Amkar,F M S,16,1052,0,0.89141452498734,1,1.7776494398713112,9,15,0,0,0,0.89141452498734,2.8743656557053328,0.6618114737793803
