,id,player_name,team_title,position,games,time,goals,xG,assists,xA,shots,key_passes,yellow_cards,red_cards,npg,npxG,xGChain,xGBuildup
21089,2621,Sergi Darder,Lyon,M S,26,1499,2,3.11136057972908,1,3.4746589865535498,30,26,1,0,2,3.11136057972908,10.644295051693916,6.631997298449278
21090,2621,Sergi Darder,Espanyol,M S,35,2798,1,1.0242331493645906,2,2.5139315333217382,29,28,7,0,1,1.0242331493645906,7.730752627365291,6.103808357380331
21091,2621,Sergi Darder,Espanyol,M,16,1346,1,0.7598318923264742,2,0.806689340621233,21,12,1,0,1,0.7598318923264742,3.1076009459793568,2.2985431291162968
21092,2621,Sergi Darder,Espanyol,M S,34,2730,4,3.290027947165072,2,3.756815630942583,55,37,6,1,4,3.290027947165072,10.297068750485778,4.499734027311206
21093,2621,Sergi Darder,Lyon,M,3,212,0,0.0301833050325512,0,0.0887880772352218,2,2,1,1,0,0.0301833050325512,0.2817741483449936,0.1932962238788604
21094,2621,Sergi Darder,Espanyol,F M S,36,2649,2,3.2761926725506783,1,2.7508094292134047,52,30,5,0,2,3.2761926725506783,8.821779357269406,3.994990007951856
21095,2621,Sergi Darder,Lyon,M S,22,1321,1,2.588134676218033,2,2.1365015543997288,27,24,3,0,1,2.588134676218033,8.350033771246672,4.589691931381822
21096,2621,Sergi Darder,Malaga,M S,34,2776,4,4.829602758400142,0,2.164819125086069,60,24,10,1,4,4.829602758400142,9.384772694669664,3.9138600388541818
21097,2621,Sergi Darder,Malaga,M,1,85,0,0.0812303721904754,0,0.0193973910063505,3,1,1,0,0,0.0812303721904754,0.1774283796548843,0.0768006145954132
