,id,player_name,team_title,position,games,time,goals,xG,assists,xA,shots,key_passes,yellow_cards,red_cards,npg,npxG,xGChain,xGBuildup
21223,2246,Sergio Ramos,Real Madrid,D,23,1946,2,1.0687895650044084,2,0.973239341750741,19,7,7,2,2,1.0687895650044084,8.664760167710483,8.22678358014673
21224,2246,Sergio Ramos,Real Madrid,D,28,2492,7,4.615793731063604,0,0.2898969613015651,35,6,8,1,7,4.615793731063604,10.440086156129835,10.235357344150543
21225,2246,Sergio Ramos,Real Madrid,D,15,1280,2,3.950980367138982,0,0.4044481217861175,17,4,3,0,0,2.464425148442388,9.060215685516596,7.216650228947401
21226,2246,Sergio Ramos,Real Madrid,D,28,2478,6,7.0838702339679,1,0.6119844429194927,31,8,5,1,1,3.367737947031856,9.920106902718544,8.61751701682806
21227,2246,Sergio Ramos,Paris Saint Germain,D,1,90,0,0.0,0,0.0,0,0,0,0,0,0.0,1.867020606994629,1.867020606994629
21228,2246,Sergio Ramos,Real Madrid,D,35,3025,11,10.652958670631053,0,0.5280062342062593,39,5,10,0,5,6.193420918658376,13.22568603977561,10.925066517665982
21229,2246,Sergio Ramos,Real Madrid,D,26,2295,4,5.440110256895423,1,1.7829460268840194,28,14,7,2,2,3.210405293852091,15.79440564662218,13.56214927881956
21230,2246,Sergio Ramos,Real Madrid,D M,27,2257,4,3.986794551834464,1,0.5360918752849102,28,8,12,0,4,3.986794551834464,11.651941841468217,10.2930339705199
