,id,player_name,team_title,position,games,time,goals,xG,assists,xA,shots,key_passes,yellow_cards,red_cards,npg,npxG,xGChain,xGBuildup
21130,619,Sergio Agüero,Manchester City,F S,25,1985,21,18.56861797720194,6,6.533229699358344,95,39,2,0,17,15.523942567408085,23.707814872264866,7.512718818150461
21131,619,Sergio Agüero,Manchester City,F S,30,2399,24,20.077213659882545,2,2.0287597198039293,119,27,1,0,20,16.271369472146034,18.786789989098907,3.925958522595465
21132,619,Sergio Agüero,Manchester City,F S,31,2408,20,22.672585003077984,3,4.665906261652708,139,31,4,1,16,18.86674086004496,25.35206551104784,5.0266740852966905
21133,619,Sergio Agüero,Manchester City,F S,33,2515,21,19.9491464830935,8,5.22924312017858,118,34,3,0,19,18.426808904856443,28.70022003352642,8.100998356938362
21134,619,Sergio Agüero,Barcelona,F S,4,148,1,1.1555328257381916,0,0.3280631303787231,6,1,0,0,1,1.1555328257381916,1.499554980546236,0.0159590113908052
21135,619,Sergio Agüero,Manchester City,F M S,12,556,4,3.716518562287092,1,1.315659787505865,19,7,0,0,3,2.1941808788105845,4.158569987863302,1.2831713519990444
21136,619,Sergio Agüero,Manchester City,F S,24,1462,16,15.557500325143335,3,2.9202088303864,76,19,1,0,14,13.274030677974224,16.878254003822803,2.644766173325479
21137,619,Sergio Agüero,Manchester City,F S,33,2551,26,25.270159743726254,8,5.568922242149711,148,33,4,0,21,20.70318364351988,27.805154908448458,6.878173082135618
