,id,player_name,team_title,position,games,time,goals,xG,assists,xA,shots,key_passes,yellow_cards,red_cards,npg,npxG,xGChain,xGBuildup
21069,2805,Sergey Serchenkov,Ural,M S,4,98,0,0.0482817813754081,0,0.0643738731741905,1,1,0,0,0,0.0482817813754081,0.2415002211928367,0.1288445740938186
21070,2805,Sergey Serchenkov,Ural,S,2,23,1,0.6111117005348206,0,0.0,1,0,1,0,1,0.6111117005348206,0.6111117005348206,0.0
21071,2805,Sergey Serchenkov,FC Rotor Volgograd,D M S,16,482,1,0.7351252865046263,1,0.598026679828763,13,7,1,0,1,0.7351252865046263,1.406183303333819,0.1185407042503357
21072,2805,Sergey Serchenkov,Ural,M S,6,219,0,0.067819295451045,0,0.0234831925481557,2,1,0,0,0,0.067819295451045,0.1939615961164236,0.1261423081159591
