,id,player_name,team_title,position,games,time,goals,xG,assists,xA,shots,key_passes,yellow_cards,red_cards,npg,npxG,xGChain,xGBuildup
21022,4580,Sergei Sukharev,Tosno,D,8,698,0,0.1200078688561916,1,0.2274142187088728,6,7,3,0,0,0.1200078688561916,0.7772818962112069,0.6664088079705834
21023,4580,Sergei Sukharev,Arsenal Tula,D S,16,1175,0,0.36346869263798,1,0.4064141102135181,9,5,2,0,0,0.36346869263798,1.9121435349807143,1.4266194105148315
