,id,player_name,team_title,position,games,time,goals,xG,assists,xA,shots,key_passes,yellow_cards,red_cards,npg,npxG,xGChain,xGBuildup
21175,6096,Sergio Córdova,Augsburg,F S,26,548,2,1.5393878668546677,0,0.5850682966411114,14,8,3,0,2,1.5393878668546677,2.89099083468318,0.9184114560484886
21176,6096,Sergio Córdova,Augsburg,F S,11,258,0,0.7543999403715134,0,0.0747625678777694,4,2,2,0,0,0.7543999403715134,0.5590452253818512,0.0238615367561578
21177,6096,Sergio Córdova,Arminia Bielefeld,F M S,23,1091,2,2.95444193854928,1,0.6872497461736202,20,12,0,0,2,2.95444193854928,4.662422427907586,1.1876613683998585
21178,6096,Sergio Córdova,Augsburg,F S,16,354,2,1.1473228856921196,1,0.8858915716409683,5,4,0,0,2,1.1473228856921196,2.110411942005157,0.0771974697709083
21179,6096,Sergio Córdova,Augsburg,F S,20,491,3,1.7000370845198631,0,0.1780832968652248,13,4,1,0,3,1.7000370845198631,1.7409547343850136,0.6551676988601685
