,id,player_name,team_title,position,games,time,goals,xG,assists,xA,shots,key_passes,yellow_cards,red_cards,npg,npxG,xGChain,xGBuildup
21109,2282,Sergi Gómez,Sevilla,D S,32,2767,0,0.5983135905116796,0,0.2874668752774596,9,5,1,0,0,0.5983135905116796,8.143519361503422,8.108232701197267
21110,2282,Sergi Gómez,Celta Vigo,D M S,31,2614,0,0.0978464074432849,1,0.3453472629189491,2,3,6,0,0,0.0978464074432849,4.060606904327869,3.737088195979595
21111,2282,Sergi Gómez,Sevilla,D,9,733,0,0.0438466295599937,0,0.0214300788938999,1,1,2,0,0,0.0438466295599937,2.8187348917126656,2.8187348917126656
21112,2282,Sergi Gómez,Celta Vigo,D S,25,1903,0,0.2015639226883649,0,0.1601889133453369,3,3,2,2,0,0.2015639226883649,1.397602565586567,1.1786572448909285
21113,2282,Sergi Gómez,Espanyol,D,16,1414,1,0.4093949012458324,1,0.9896353632211684,5,3,1,1,1,0.4093949012458324,2.5699295587837696,2.349386354908347
21114,2282,Sergi Gómez,Celta Vigo,D S,33,2682,1,1.174628896638751,0,0.6867824867367744,14,5,3,0,1,1.174628896638751,6.2713787239044905,5.465524358674884
21115,2282,Sergi Gómez,Celta Vigo,D S,22,1270,0,0.4161694422364235,0,0.0315721854567527,4,1,5,0,0,0.4161694422364235,2.309429256245494,2.164169071242213
21116,2282,Sergi Gómez,Sevilla,D S,13,707,0,0.1765710450708866,0,0.0199811775237321,3,1,4,0,0,0.1765710450708866,1.909787870012224,1.8682135390117764
