,id,player_name,team_title,position,games,time,goals,xG,assists,xA,shots,key_passes,yellow_cards,red_cards,npg,npxG,xGChain,xGBuildup
21006,2920,Sergei Petrov,FC Krasnodar,D,27,2342,2,1.2927036117762327,4,1.5328443124890327,17,26,4,1,2,1.2927036117762327,8.88104423508048,7.069704866036773
21007,2920,Sergei Petrov,FC Krasnodar,D S,17,1406,0,0.4079932831227779,0,0.3038724474608898,12,6,1,0,0,0.4079932831227779,3.7230637166649103,3.1770558021962643
21008,2920,Sergei Petrov,FC Krasnodar,D S,10,800,2,0.8868002705276012,1,1.3357853591442108,12,15,4,0,2,0.8868002705276012,4.467916391789913,2.50239641778171
21009,2920,Sergei Petrov,FC Krasnodar,D,28,2520,1,1.0658679464831948,3,1.2960051614791157,22,26,4,0,1,1.0658679464831948,9.808070912025867,8.288308324292302
21010,2920,Sergei Petrov,FC Krasnodar,D,8,657,0,0.0338534526526927,0,0.6456327401101589,2,6,1,0,0,0.0338534526526927,1.139950953423977,0.928603783249855
21011,2920,Sergei Petrov,FC Krasnodar,D,22,1941,1,0.9503897782415152,2,2.4994074273854494,17,28,3,2,1,0.9503897782415152,10.948410341516135,8.547030514106154
21012,2920,Sergei Petrov,FC Krasnodar,D S,24,2051,3,1.196366023272276,1,0.9827838856726884,23,15,2,0,3,1.196366023272276,7.585969359613955,5.72514433413744
21013,2920,Sergei Petrov,FC Krasnodar,D S,22,1737,1,0.6778426486998796,1,0.5133969485759735,20,2,1,0,1,0.6778426486998796,5.695637051016092,4.638473447412252
