,id,player_name,team_title,position,games,time,goals,xG,assists,xA,shots,key_passes,yellow_cards,red_cards,npg,npxG,xGChain,xGBuildup
21194,4060,Sergio García,Espanyol,F M S,33,1618,2,3.902183147147298,6,4.036344442516565,39,26,4,0,2,3.902183147147298,10.514987206086516,4.101619370281696
21195,4197,Sergio García,Cordoba,S,1,11,0,0.0414566323161125,0,0.0,1,0,0,0,0,0.0414566323161125,0.0593827627599239,0.0179261323064565
21196,4060,Sergio García,Espanyol,F M S,35,3030,14,10.270763546228409,9,8.13070900645107,80,52,9,0,12,8.78433620929718,17.210238602012396,4.557592552155256
21197,4060,Sergio García,Espanyol,F M S,29,1485,2,2.923103591427207,1,2.275367608293891,35,27,3,0,2,2.923103591427207,6.627256132662296,2.795122480019927
