,id,player_name,team_title,position,games,time,goals,xG,assists,xA,shots,key_passes,yellow_cards,red_cards,npg,npxG,xGChain,xGBuildup
21213,1347,Sergio Pellissier,Chievo,F S,30,1719,9,7.729256175458431,2,2.3220654455944896,36,11,1,0,6,5.445359725505114,7.501253639347851,0.9443952115252614
21214,1347,Sergio Pellissier,Chievo,F S,19,943,5,4.348712515085936,0,0.7252152170985937,22,14,2,0,3,2.826114844530821,4.00897060520947,0.9033105233684182
21215,1347,Sergio Pellissier,Chievo,F S,19,526,1,2.128759056329727,1,0.5610945485532284,9,9,1,0,1,2.128759056329727,2.881741996854544,0.9978468772023916
21216,1347,Sergio Pellissier,Chievo,F S,27,1110,7,4.924367818981409,1,1.3083139434456823,29,13,0,0,6,4.163069028407335,5.108891265466809,0.4483275078237057
21217,1347,Sergio Pellissier,Chievo,F S,19,959,4,5.457775507122278,1,1.9128603730350733,25,12,1,0,3,3.93517792597413,6.46851238142699,1.6735812472179532
