,id,player_name,team_title,position,games,time,goals,xG,assists,xA,shots,key_passes,yellow_cards,red_cards,npg,npxG,xGChain,xGBuildup
21074,5940,Sergey Terekhov,PFC Sochi,D S,14,1133,1,1.245888547971845,0,0.1938648875802755,12,5,4,0,1,1.245888547971845,4.937972437590361,3.7848214879632
21075,5940,Sergey Terekhov,Dinamo Moscow,D,13,1170,0,0.2337234411388635,0,0.5760774556547403,3,12,2,0,0,0.2337234411388635,3.04140355437994,2.4844935536384583
21076,5940,Sergey Terekhov,FC Orenburg,D,28,2518,3,3.2617563540115952,2,2.715236504562199,27,32,3,0,3,3.2617563540115952,7.6469408348202705,2.460278805345297
21077,5940,Sergey Terekhov,FC Orenburg,D,27,2430,0,0.9634933350607752,2,2.2495181746780872,19,33,7,0,0,0.9634933350607752,6.934416560456157,5.167436370626092
21078,5940,Sergey Terekhov,PFC Sochi,D,27,2376,3,2.741486232727766,1,2.7158769108355045,25,17,8,1,3,2.741486232727766,9.914919067174196,5.957308929413557
