,id,player_name,team_title,position,games,time,goals,xG,assists,xA,shots,key_passes,yellow_cards,red_cards,npg,npxG,xGChain,xGBuildup
21117,6946,Sergi Palencia,Bordeaux,D S,25,1984,0,0.1948426300659775,3,1.8938492946326733,7,19,6,0,0,0.1948426300659775,5.343490367755294,4.640871971845627
21118,6946,Sergi Palencia,Saint-Etienne,D M,6,475,0,0.0644674599170684,0,0.1000404562801122,1,2,2,0,0,0.0644674599170684,0.4827190935611725,0.343275636434555
