,id,player_name,team_title,position,games,time,goals,xG,assists,xA,shots,key_passes,yellow_cards,red_cards,npg,npxG,xGChain,xGBuildup
21037,5439,Sergey Breev,FC Orenburg,M S,11,479,2,0.5384756736457348,1,0.2897030990570783,6,7,1,0,2,0.5384756736457348,1.2201563864946363,0.6105676479637623
21038,5439,Sergey Breev,FC Orenburg,M S,13,833,1,0.8401356525719166,1,0.3436569618061185,6,10,3,0,1,0.8401356525719166,2.4254164658486843,1.3176976572722197
