,id,player_name,team_title,position,games,time,goals,xG,assists,xA,shots,key_passes,yellow_cards,red_cards,npg,npxG,xGChain,xGBuildup
21139,2365,Sergio Araujo,Las Palmas,F S,30,1810,5,6.261032996699214,3,2.7174820452928543,61,18,4,0,5,6.261032996699214,10.487738685682416,2.740753371268511
21140,2365,Sergio Araujo,Las Palmas,S,2,36,0,0.0982596427202224,0,0.0,2,0,0,0,0,0.0982596427202224,0.1902710497379303,0.0920114144682884
21141,2365,Sergio Araujo,Las Palmas,F S,11,528,2,2.4611591612920165,1,0.5500992611050606,17,7,2,0,2,2.4611591612920165,3.95172568783164,0.9749955125153064
