,id,player_name,team_title,position,games,time,goals,xG,assists,xA,shots,key_passes,yellow_cards,red_cards,npg,npxG,xGChain,xGBuildup
21274,2011,Seydou Keita,Roma,M S,26,1726,2,0.5573991313576698,1,0.8253585183992982,13,13,2,1,2,0.5573991313576698,7.891344992443919,7.132477339357138
21275,2011,Seydou Keita,Roma,M S,20,1370,1,0.7720969310030341,0,0.2322160005569458,13,7,4,0,1,0.7720969310030341,4.374644162133336,4.121257524937391
