,id,player_name,team_title,position,games,time,goals,xG,assists,xA,shots,key_passes,yellow_cards,red_cards,npg,npxG,xGChain,xGBuildup
21279,2294,Señé,Mallorca,M S,6,139,0,0.1219561249017715,0,0.0620701499283313,1,3,0,0,0,0.1219561249017715,0.4635269157588482,0.3299483843147754
21280,2294,Señé,Celta Vigo,F M S,13,663,0,0.7732285298407078,2,0.3388100750744343,15,5,1,0,0,0.7732285298407078,1.2869550492614508,0.4078396819531917
21281,2294,Señé,Celta Vigo,F M S,8,382,0,0.1280165314674377,1,0.651533305644989,2,1,1,0,0,0.1280165314674377,2.3450707271695137,2.217054195702076
