,id,player_name,team_title,position,games,time,goals,xG,assists,xA,shots,key_passes,yellow_cards,red_cards,npg,npxG,xGChain,xGBuildup
21288,6047,Shane Duffy,Brighton,D,37,3296,0,2.2286872174590826,1,1.2224082555621862,28,8,8,0,0,2.2286872174590826,2.855840779840946,2.801867427304387
21289,6047,Shane Duffy,Brighton,D S,13,1135,1,0.6186635792255402,0,0.0607984010130167,17,2,5,0,1,0.6186635792255402,2.630813764408231,2.611064612865448
21290,6047,Shane Duffy,Brighton,D,35,3087,5,3.3823358304798603,1,0.265911515802145,37,7,4,1,5,3.3823358304798603,3.0718250116333365,2.714450053870678
21291,6047,Shane Duffy,Brighton,D S,19,1226,1,1.256109475158155,0,0.134076677262783,7,2,2,0,1,1.256109475158155,2.0523229520767927,1.9144122581928968
