,id,player_name,team_title,position,games,time,goals,xG,assists,xA,shots,key_passes,yellow_cards,red_cards,npg,npxG,xGChain,xGBuildup
21322,754,Shinji Okazaki,Leicester,F M S,30,1594,3,2.9647457879036665,1,1.2404345497488976,29,14,1,0,3,2.9647457879036665,5.195508807897568,2.084342060610652
21323,754,Shinji Okazaki,Leicester,F M S,27,1340,6,7.492760078981519,2,1.8460093941539528,28,15,2,0,6,7.492760078981519,8.057245753705502,1.1135968547314403
21324,754,Shinji Okazaki,Mainz 05,F S,32,2787,12,9.832703720778229,3,3.273493112064898,59,26,4,0,12,9.832703720778229,12.567015416920183,2.356663540005684
21325,754,Shinji Okazaki,Leicester,F S,21,249,0,0.2803470101207495,1,0.1141715049743652,5,1,0,0,0,0.2803470101207495,1.2933861566707492,1.0677992096170783
21326,754,Shinji Okazaki,Leicester,F S,36,2105,5,8.607689753174782,0,1.1344579346477983,46,20,1,0,5,8.607689753174782,11.455140510573983,3.8961080983281136
21327,754,Shinji Okazaki,SD Huesca,F M S,25,1131,1,1.5123594980686903,1,0.1910876892507076,19,5,1,0,1,1.5123594980686903,2.20615925360471,0.6818298287689686
