,id,player_name,team_title,position,games,time,goals,xG,assists,xA,shots,key_passes,yellow_cards,red_cards,npg,npxG,xGChain,xGBuildup
21374,2179,Simao Mate,Levante,M S,27,1999,1,0.919579418376088,0,0.2747054528445005,14,8,10,0,1,0.919579418376088,1.516739054583013,1.4195489836856725
21375,2179,Simao Mate,Levante,D M S,30,2181,1,0.7715889438986778,0,0.4954470992088318,10,3,10,2,1,0.7715889438986778,2.8655248805880547,2.3048365749418736
