,id,player_name,team_title,position,games,time,goals,xG,assists,xA,shots,key_passes,yellow_cards,red_cards,npg,npxG,xGChain,xGBuildup
21376,1951,Sime Vrsaljko,Inter,D S,10,725,0,0.025427371263504,2,0.9736906066536904,2,16,2,0,0,0.025427371263504,2.6037168353796005,2.330876240506768
21377,1951,Sime Vrsaljko,Atletico Madrid,D M S,21,1696,0,0.1645724605768919,4,2.877113483846188,3,14,7,0,0,0.1645724605768919,3.959583342075348,2.619656704366207
21378,1951,Sime Vrsaljko,Atletico Madrid,D S,6,213,1,1.0545030310750008,1,0.4605421796441078,3,2,1,0,1,1.0545030310750008,0.9403854049742222,0.4572019148617983
21379,1951,Sime Vrsaljko,Atletico Madrid,D S,14,921,0,0.1573211401700973,0,0.5090428851544857,3,5,2,0,0,0.1573211401700973,3.1193684488534927,2.7479403913021088
21380,1951,Sime Vrsaljko,Atletico Madrid,D S,5,364,0,0.0,1,0.7445665299892426,0,3,3,0,0,0.0,0.7764489948749542,0.1368999034166336
21381,1951,Sime Vrsaljko,Atletico Madrid,D M S,9,516,0,0.0,0,0.0,0,0,2,0,0,0.0,1.948358863592148,1.948358863592148
21382,1951,Sime Vrsaljko,Sassuolo,D,35,3063,0,1.246131282299757,4,3.707645601592958,9,38,8,1,0,1.246131282299757,8.562705006450415,6.594248006120324
21383,1951,Sime Vrsaljko,Sassuolo,D M S,21,1569,0,0.2864955710247159,3,1.563978142105043,14,11,5,1,0,0.2864955710247159,2.2250462491065264,0.9612825810909272
