,id,player_name,team_title,position,games,time,goals,xG,assists,xA,shots,key_passes,yellow_cards,red_cards,npg,npxG,xGChain,xGBuildup
21424,8916,Simone Bastoni,Spezia,D M S,15,1166,2,0.9640890387818216,2,2.2143009239807725,10,22,2,1,2,0.9640890387818216,3.6926888916641474,2.168175969272852
21425,8916,Simone Bastoni,Spezia,D S,22,1538,1,1.2031521564349532,6,2.627111346460879,21,29,7,0,1,1.2031521564349532,5.448462747037411,2.7633601147681475
