,id,player_name,team_title,position,games,time,goals,xG,assists,xA,shots,key_passes,yellow_cards,red_cards,npg,npxG,xGChain,xGBuildup
21449,1403,Simone Padoin,Juventus,D M S,25,1336,0,0.2665321920067072,4,1.7744454629719255,8,19,2,1,0,0.2665321920067072,5.257068675011396,4.523040484637022
21450,1403,Simone Padoin,Cagliari,D M,37,3135,1,1.0473469588905573,1,3.4357286719605327,16,35,4,0,1,1.0473469588905573,7.31684810295701,4.089755098335445
21451,1403,Simone Padoin,Cagliari,D M S,31,2171,1,0.3280783332884311,1,2.3349020732566714,9,19,6,0,1,0.3280783332884311,4.964053926989436,3.1170435370877385
21452,1403,Simone Padoin,Juventus,D M S,12,577,1,0.2695818077772856,0,0.1357674933969974,4,5,2,0,1,0.2695818077772856,1.9903945624828336,1.6553056836128237
21453,1403,Simone Padoin,Cagliari,D M S,30,1913,0,0.1069458499550819,2,1.083296226337552,3,15,2,0,0,0.1069458499550819,4.751268891617656,4.249876806512475
