,id,player_name,team_title,position,games,time,goals,xG,assists,xA,shots,key_passes,yellow_cards,red_cards,npg,npxG,xGChain,xGBuildup
21480,1642,Simone Zaza,Valencia,F S,33,2082,13,10.359604025259614,1,2.3537987042218447,72,15,8,1,13,10.359604025259614,13.207989500835538,2.7284959480166435
21481,1642,Simone Zaza,Torino,F S,29,1472,6,8.159379005432129,0,1.5617385990917685,57,13,4,0,6,8.159379005432129,9.99071804061532,2.098230142146349
21482,1642,Simone Zaza,Torino,F S,29,1403,4,6.373843373730779,3,0.8243845086544752,56,15,8,1,4,6.373843373730779,7.671016598120332,2.214812811464072
21483,1642,Simone Zaza,Juventus,F S,19,643,5,2.446645038202405,0,0.3304384015500545,30,6,6,1,5,2.446645038202405,3.3393431678414345,0.7892558202147484
21484,1642,Simone Zaza,Torino,S,7,87,0,1.0196001008152962,0,0.0,6,0,1,0,0,1.0196001008152962,0.951706014573574,0.0
21485,1642,Simone Zaza,Sassuolo,F S,31,2597,11,10.17419253475964,2,1.856889994814992,77,14,11,0,10,8.651594804599881,11.206028249114752,1.6126222051680088
21486,1642,Simone Zaza,West Ham,F S,8,460,0,0.9579121740534902,0,0.3290065266191959,16,8,2,0,0,0.9579121740534902,1.2106094174087048,0.1212614076212048
21487,1642,Simone Zaza,Torino,F S,24,1633,7,6.065120346844196,1,1.699782063253224,49,12,7,0,7,6.065120346844196,8.538007743656635,1.5972680021077394
21488,1642,Simone Zaza,Valencia,F S,20,1373,6,6.62301249243319,1,0.8537062872201204,60,12,7,0,6,6.62301249243319,7.985415149480104,1.9497792003676293
