,id,player_name,team_title,position,games,time,goals,xG,assists,xA,shots,key_passes,yellow_cards,red_cards,npg,npxG,xGChain,xGBuildup
21417,6090,Simon Terodde,"FC Cologne,VfB Stuttgart",F S,30,2114,7,9.132849316112695,1,1.76887215860188,44,22,4,0,6,7.617295990698039,8.767619842663407,1.3683860478922725
21418,6090,Simon Terodde,FC Cologne,F M S,23,779,3,6.09084938839078,1,0.9462501592934132,35,8,4,0,3,6.09084938839078,5.4397741705179214,1.0870290398597715
