,id,player_name,team_title,position,games,time,goals,xG,assists,xA,shots,key_passes,yellow_cards,red_cards,npg,npxG,xGChain,xGBuildup
21399,4699,Simon Kjaer,Lille,D,31,2708,1,2.0840195566415787,0,0.2325165141373872,31,6,6,0,1,2.0840195566415787,3.1290637105703354,3.0716931968927383
21400,4699,Simon Kjaer,Sevilla,D S,26,2024,0,0.8732010992243886,0,0.4569379314780235,13,6,5,0,0,0.8732010992243886,3.6064561791718006,3.217647956684232
21401,4699,Simon Kjaer,Sevilla,D S,20,1569,2,1.25019371509552,0,0.0880467724055051,9,2,3,0,2,1.25019371509552,2.1139998584985733,2.1139998584985733
21402,4699,Simon Kjaer,"AC Milan,Atalanta",D S,20,1531,0,0.5222578197717667,0,0.0,7,0,4,0,0,0.5222578197717667,7.858139645308256,7.858139645308256
21403,4699,Simon Kjaer,AC Milan,D,28,2403,0,1.0273190727457404,2,1.1877193618565798,16,7,3,0,0,1.0273190727457404,6.938273720443249,6.609565295279026
21404,4699,Simon Kjaer,AC Milan,D S,11,803,0,0.4025831297039985,0,0.3777617216110229,5,2,2,0,0,0.4025831297039985,1.94135785009712,1.563596143387258
