,id,player_name,team_title,position,games,time,goals,xG,assists,xA,shots,key_passes,yellow_cards,red_cards,npg,npxG,xGChain,xGBuildup
21440,1280,Simone Lo Faso,Palermo,M S,10,241,0,0.4212839920073747,0,0.8913504183292389,7,5,0,0,0,0.4212839920073747,1.1131861545145512,0.6167750265449286
21441,1280,Simone Lo Faso,Fiorentina,S,2,33,0,0.0492596309632062,0,0.0853821113705635,2,1,0,0,0,0.0492596309632062,0.2025357149541378,0.1532760858535766
