,id,player_name,team_title,position,games,time,goals,xG,assists,xA,shots,key_passes,yellow_cards,red_cards,npg,npxG,xGChain,xGBuildup
21528,4942,Sofian Kiyine,Chievo,D M S,23,797,0,0.708912749774754,1,0.7504731025546789,20,10,7,0,0,0.708912749774754,1.614674150943756,0.3767978902906179
21529,4942,Sofian Kiyine,Venezia,F M S,12,667,0,0.2766249710693955,0,1.0522978529334068,9,8,3,0,0,0.2766249710693955,2.408955544233322,1.340060556307435
21530,4942,Sofian Kiyine,Chievo,S,7,59,0,0.142550466582179,0,0.0,4,0,1,0,0,0.142550466582179,0.142550466582179,0.0
