,id,player_name,team_title,position,games,time,goals,xG,assists,xA,shots,key_passes,yellow_cards,red_cards,npg,npxG,xGChain,xGBuildup
21546,1674,Sofiane Feghouli,West Ham,F M S,21,1034,3,2.8541992688551545,3,1.5520697822794318,20,19,1,1,3,2.8541992688551545,6.191005125641823,2.453573270700872
21547,1674,Sofiane Feghouli,Valencia,F M S,21,1253,1,2.817996261641383,1,3.0190845280885696,22,26,4,0,1,2.817996261641383,6.732119791209698,2.537852142006159
21548,1674,Sofiane Feghouli,Valencia,F M S,33,1933,6,4.930527637246996,6,4.677290324121714,34,27,5,0,6,4.930527637246996,11.596512746531516,4.847493862733245
