,id,player_name,team_title,position,games,time,goals,xG,assists,xA,shots,key_passes,yellow_cards,red_cards,npg,npxG,xGChain,xGBuildup
21526,8306,Sofian Chakla,Villarreal,D,2,180,0,0.0543352998793125,0,0.0,1,0,1,0,0,0.0543352998793125,0.1081266552209854,0.1081266552209854
21527,8306,Sofian Chakla,"Getafe,Villarreal",D S,12,906,0,0.1834947522729635,0,0.0689443945884704,4,1,5,0,0,0.1834947522729635,0.7648235373198986,0.6969191320240498
