,id,player_name,team_title,position,games,time,goals,xG,assists,xA,shots,key_passes,yellow_cards,red_cards,npg,npxG,xGChain,xGBuildup
21535,1734,Sofiane Boufal,Lille,F M S,14,1013,3,2.98382805287838,6,2.339689625427127,20,28,1,0,1,1.4636377654969692,4.96135525777936,2.113164182752371
21536,1734,Sofiane Boufal,Southampton,F M S,24,1090,1,1.1150535782799125,0,1.2859131265431645,25,23,5,0,1,1.1150535782799125,4.480479693971574,2.5987165961414576
21537,1734,Sofiane Boufal,Angers,M S,14,743,1,2.160928525030613,0,0.1507137548178434,14,3,3,0,1,2.160928525030613,2.3471350856125355,0.3310213983058929
21538,1734,Sofiane Boufal,Celta Vigo,M S,35,2114,3,3.51104224473238,3,3.6261964542791247,51,40,6,0,3,3.51104224473238,9.149213660508394,3.410238904878497
21539,1734,Sofiane Boufal,Southampton,M S,26,1198,2,1.6343503184616566,2,1.709456156939268,30,21,1,0,2,1.6343503184616566,4.961685363203287,2.1967215500772
21540,1734,Sofiane Boufal,Angers,F M S,17,1362,5,5.376664231531322,3,4.309990625828505,33,32,3,0,3,3.856473962776363,6.486963590607047,1.674661286175251
21541,1734,Sofiane Boufal,Lille,F M S,29,2351,11,4.825140481814742,4,8.330865481868386,50,72,10,2,9,3.304950198158622,11.388839054852724,4.476608812808991
21542,1734,Sofiane Boufal,Southampton,M S,20,746,0,1.0145511412993071,2,2.698258984833956,18,15,2,0,0,1.0145511412993071,6.150288098491728,3.549865827895701
