,id,player_name,team_title,position,games,time,goals,xG,assists,xA,shots,key_passes,yellow_cards,red_cards,npg,npxG,xGChain,xGBuildup
21554,371,Sokratis,Borussia Dortmund,D S,21,1726,1,0.5992728527635336,0,0.356668203137815,12,7,6,0,1,0.5992728527635336,5.593086355365813,5.330763563513756
21555,371,Sokratis,Borussia Dortmund,D,26,2300,2,1.2939284481108189,0,0.8212976306676865,20,6,7,0,2,1.2939284481108189,8.126692347228527,8.036207728087902
21556,371,Sokratis,Borussia Dortmund,D S,25,2114,1,0.5774075882509351,0,0.1718235947191715,10,2,5,0,1,0.5774075882509351,11.891357120126486,11.745614115148785
21557,371,Sokratis,Arsenal,D,19,1698,2,1.450504781678319,0,0.7529756426811218,7,2,6,0,2,1.450504781678319,4.342151601798832,4.342151601798832
21558,371,Sokratis,Arsenal,D,25,2198,1,0.8275361265987158,2,0.6274542845785618,11,5,12,0,1,0.8275361265987158,6.1428041737526655,6.023902950808406
21559,371,Sokratis,Borussia Dortmund,D S,30,2376,2,1.1818200461566448,0,0.2207121904939413,15,5,5,1,2,1.1818200461566448,8.613015446811914,8.391722900792956
