,id,player_name,team_title,position,games,time,goals,xG,assists,xA,shots,key_passes,yellow_cards,red_cards,npg,npxG,xGChain,xGBuildup
21612,3590,Souleymane Camara,Montpellier,F M S,24,919,2,3.177921042777598,2,0.927931072190404,19,11,1,0,2,2.417891533114016,3.1960508190095425,0.6795419277623296
21613,3590,Souleymane Camara,Montpellier,F M S,33,1998,7,8.374945366755128,6,3.2878377763554454,46,21,1,0,7,8.374945366755128,12.013150013051929,2.924366711638868
21614,3590,Souleymane Camara,Montpellier,S,12,111,3,1.0116856582462788,0,0.1799596548080444,9,2,0,0,3,1.0116856582462788,1.1508479416370392,0.1475505530834198
21615,3590,Souleymane Camara,Montpellier,F M S,28,1067,1,2.610349769704044,1,0.9151869043707848,25,14,0,0,1,2.610349769704044,4.397527704015374,1.6219770452007651
21616,3590,Souleymane Camara,Montpellier,F M S,36,1282,3,7.102844049222767,2,1.8859200216829777,53,17,0,0,3,7.102844049222767,11.096715917810798,2.8824024349451065
21617,3590,Souleymane Camara,Montpellier,S,13,136,0,0.2268613539636135,0,0.8189675025641918,3,5,0,0,0,0.2268613539636135,0.9934979490935802,0.0720477700233459
