,id,player_name,team_title,position,games,time,goals,xG,assists,xA,shots,key_passes,yellow_cards,red_cards,npg,npxG,xGChain,xGBuildup
21627,2752,Stanislav Dragun,FC Orenburg,D M S,11,725,0,0.2266328781843185,0,0.1477200388908386,10,3,1,0,0,0.2266328781843185,1.0295590851455927,0.6552061438560486
21628,2752,Stanislav Dragun,"Dinamo Moscow,Krylya Sovetov Samara",M S,23,1634,2,3.1796686090528965,0,0.6843090672045946,35,15,2,0,2,3.1796686090528965,3.227885292842984,1.3305652234703302
