,id,player_name,team_title,position,games,time,goals,xG,assists,xA,shots,key_passes,yellow_cards,red_cards,npg,npxG,xGChain,xGBuildup
21636,6125,Stanislav Lobotka,Napoli,S,15,122,0,0.0,0,0.0,0,0,2,0,0,0.0,2.112549051642418,2.112549051642418
21637,6125,Stanislav Lobotka,Celta Vigo,M,17,1396,0,0.5733357723802328,0,0.2911820514127612,8,9,1,0,0,0.5733357723802328,4.342422476038337,3.5400117076933384
21638,6125,Stanislav Lobotka,Napoli,M,5,416,0,0.0218094680458307,0,0.0746440421789884,1,2,0,0,0,0.0218094680458307,2.128035806119442,2.071109138429165
21639,6125,Stanislav Lobotka,Napoli,M S,14,749,0,0.0799917075783014,0,0.1779070030897855,2,6,0,0,0,0.0799917075783014,5.624111830256879,5.5268515115603805
21640,6125,Stanislav Lobotka,Celta Vigo,M S,38,3062,0,0.2054771920666098,0,0.6420857347548008,8,10,2,0,0,0.2054771920666098,12.33898883871734,11.773658802732824
21641,6125,Stanislav Lobotka,Celta Vigo,M S,31,2494,0,0.7758923461660743,1,0.8852200675755739,11,18,1,0,0,0.7758923461660743,6.974843911826611,5.82166139036417
