,id,player_name,team_title,position,games,time,goals,xG,assists,xA,shots,key_passes,yellow_cards,red_cards,npg,npxG,xGChain,xGBuildup
21648,5384,Stanislav Prokofjev,Amkar,F S,9,492,0,0.441223194822669,1,0.1706515774130821,11,6,0,0,0,0.441223194822669,1.1585786305367949,0.6520829051733017
21649,5384,Stanislav Prokofjev,Amkar,F M S,13,614,2,1.6075261626392603,1,0.5774003155529499,18,5,2,0,2,1.6075261626392603,2.4847486931830645,0.4196405187249183
