,id,player_name,team_title,position,games,time,goals,xG,assists,xA,shots,key_passes,yellow_cards,red_cards,npg,npxG,xGChain,xGBuildup
21735,1541,Stefan de Vrij,Lazio,D,36,3053,6,2.6174124674871564,1,0.1992004578933119,14,5,3,0,6,2.6174124674871564,9.501843771897256,8.785267237573862
21736,1541,Stefan de Vrij,Inter,D S,32,2730,1,0.7699230350553989,0,0.2511619217693805,12,6,2,0,1,0.7699230350553989,16.096965819597244,16.006260484457016
21737,1541,Stefan de Vrij,Inter,D S,34,2830,4,1.8643793556839228,3,0.987090135924518,20,10,5,0,4,1.8643793556839228,8.795043837279081,8.508971597999334
21738,1541,Stefan de Vrij,Inter,D,12,1047,0,0.6291856467723846,0,0.0,7,0,1,0,0,0.6291856467723846,6.157614678144455,6.102309226989746
21739,1541,Stefan de Vrij,Lazio,D,27,2282,2,0.6868182411417365,3,1.2390069514513016,9,8,3,0,2,0.6868182411417365,5.165003577247262,4.708928236737847
21740,1541,Stefan de Vrij,Lazio,D,2,180,0,0.0,0,0.0,0,0,0,0,0,0.0,0.4677874892950058,0.4677874892950058
21741,1541,Stefan de Vrij,Lazio,D S,30,2537,0,1.0027809767052531,0,0.3116063997149467,11,8,3,1,0,1.0027809767052531,7.060536039993167,6.361963581293821
21742,1541,Stefan de Vrij,Inter,D,28,2520,2,2.2805116958916187,0,0.5592417344450951,18,6,2,0,2,2.2805116958916187,9.020942337810991,8.662095146253705
