,id,player_name,team_title,position,games,time,goals,xG,assists,xA,shots,key_passes,yellow_cards,red_cards,npg,npxG,xGChain,xGBuildup
21772,1296,Stefano Sturaro,"Genoa,Verona",M S,16,872,1,1.0139360576868055,0,0.2492145206779241,6,4,6,0,1,1.0139360576868055,2.940387763082981,2.0238027945160866
21773,1296,Stefano Sturaro,"Genoa,Juventus",M S,25,1771,1,2.4079846926033497,0,0.5726132923737168,26,15,7,1,1,2.4079846926033497,6.278594864532352,3.721663197502494
21774,1296,Stefano Sturaro,Genoa,D F M S,16,1259,1,2.0325638921931386,2,1.349747673608363,18,11,7,0,1,2.0325638921931386,4.491166072897613,1.50873436126858
21775,1296,Stefano Sturaro,Juventus,M S,19,1018,1,0.5782677140086889,0,0.5456216940656304,9,12,6,0,1,0.5782677140086889,1.8511702585965395,1.3548349309712648
21776,1296,Stefano Sturaro,Juventus,D M S,12,610,0,0.245861692354083,0,0.2989788837730884,5,6,1,0,0,0.245861692354083,1.1325561963021755,0.7706527188420296
21777,1296,Stefano Sturaro,Genoa,F M S,11,758,0,0.1670787315815687,0,0.1483623906970024,5,3,3,0,0,0.1670787315815687,0.7169699631631374,0.4567448701709509
21778,1296,Stefano Sturaro,Juventus,M S,21,1033,0,1.876392906531692,1,1.024052919819951,21,12,5,0,0,1.876392906531692,4.516332942992449,2.4115105494856834
21779,1296,Stefano Sturaro,Genoa,M S,5,213,1,0.108573074452579,0,0.4168166127055883,4,3,0,1,1,0.108573074452579,0.564752321690321,0.4154225364327431
