,id,player_name,team_title,position,games,time,goals,xG,assists,xA,shots,key_passes,yellow_cards,red_cards,npg,npxG,xGChain,xGBuildup
21717,2263,Stefan Savic,Atletico Madrid,D S,18,1401,0,0.5076794847846031,2,0.7630914859473705,7,3,3,1,0,0.5076794847846031,2.6979348035529256,2.687085014767945
21718,2263,Stefan Savic,Atletico Madrid,D S,12,924,0,0.5073205158114433,0,0.0,2,0,1,0,0,0.5073205158114433,0.9581137467175722,0.9581137467175722
21719,2263,Stefan Savic,Atletico Madrid,D,22,1980,0,0.1109196059405803,0,0.0467468593269586,3,2,6,0,0,0.1109196059405803,4.697267666459084,4.650520786643028
21720,2263,Stefan Savic,Atletico Madrid,D,33,2954,1,0.6509016519412398,0,0.1124634779989719,7,2,13,0,1,0.6509016519412398,13.397840918973088,13.285377385094762
21721,2263,Stefan Savic,Fiorentina,D S,29,2517,2,1.002503650262952,1,0.9257826153188944,10,7,5,1,2,1.002503650262952,7.781384577974677,7.572598336264491
21722,2263,Stefan Savic,Atletico Madrid,D S,32,2727,1,0.268961988389492,1,0.1481529716402292,3,4,5,1,1,0.268961988389492,4.684081222862005,4.60687349177897
21723,2263,Stefan Savic,Atletico Madrid,D,13,1090,0,1.507072638720274,0,0.0656556151807308,8,2,2,0,0,1.507072638720274,2.529249982908368,2.4949751142412424
21724,2263,Stefan Savic,Atletico Madrid,D S,27,2298,0,0.2059075068682432,0,0.1658480111509561,3,3,6,0,0,0.2059075068682432,3.4732609633356333,3.330281781032681
