,id,player_name,team_title,position,games,time,goals,xG,assists,xA,shots,key_passes,yellow_cards,red_cards,npg,npxG,xGChain,xGBuildup
21689,7831,Stefan Lainer,Borussia M.Gladbach,D M S,33,2783,2,1.945280239917338,2,3.743686834350228,25,37,2,0,2,1.945280239917338,10.005761496722698,7.107424091547728
21690,7831,Stefan Lainer,Borussia M.Gladbach,D M,31,2717,1,1.9478809405118227,3,4.174465905874968,15,36,9,0,1,1.9478809405118227,15.139607537537811,12.1223983168602
21691,7831,Stefan Lainer,Borussia M.Gladbach,D M S,4,172,0,0.1554069072008133,0,0.5566394925117493,2,1,0,0,0,0.1554069072008133,1.626703605055809,1.0700641721487043
