,id,player_name,team_title,position,games,time,goals,xG,assists,xA,shots,key_passes,yellow_cards,red_cards,npg,npxG,xGChain,xGBuildup
21758,1898,Stefano Sabelli,Carpi,D M S,7,556,1,0.5728256981819868,0,0.362859882414341,4,5,1,0,1,0.5728256981819868,1.1417050156742334,0.3356919270008802
21759,1898,Stefano Sabelli,Brescia,D M,36,3177,0,0.484762892127037,3,4.368239989504218,14,41,5,0,0,0.484762892127037,8.466165693476796,6.064855827949941
21760,1898,Stefano Sabelli,Genoa,D S,6,325,0,0.16777104139328,0,0.1065150946378707,3,2,3,0,0,0.16777104139328,0.8615662679076195,0.5872801393270493
