,id,player_name,team_title,position,games,time,goals,xG,assists,xA,shots,key_passes,yellow_cards,red_cards,npg,npxG,xGChain,xGBuildup
21692,243,Stefan Lex,Ingolstadt,F S,21,874,2,2.933114679530263,0,1.186249177902937,23,14,2,0,2,2.933114679530263,3.6306254314258695,0.2150416215881705
21693,243,Stefan Lex,Ingolstadt,M S,13,321,0,1.1219792012125254,0,0.1135482471436262,9,3,3,0,0,1.1219792012125254,1.0535543132573366,0.0
