,id,player_name,team_title,position,games,time,goals,xG,assists,xA,shots,key_passes,yellow_cards,red_cards,npg,npxG,xGChain,xGBuildup
21684,190,Stefan Kießling,Bayer Leverkusen,F S,20,743,4,5.209767416119576,1,0.7454612497240305,23,8,0,0,3,4.451990708708763,6.266451098024845,1.9150663707405329
21685,190,Stefan Kießling,Bayer Leverkusen,F S,34,2583,9,10.359313758090138,4,2.71100805234164,56,35,4,0,9,10.359313758090138,13.720595912076533,3.652113584801554
21686,190,Stefan Kießling,Bayer Leverkusen,F S,30,1880,5,9.00371415168047,3,2.7456008242443204,41,14,1,0,5,9.00371415168047,11.22734802402556,1.965797083452344
21687,190,Stefan Kießling,Bayer Leverkusen,S,8,70,0,0.4102076329290867,0,0.0972325205802917,2,2,0,0,0,0.4102076329290867,0.1389148533344268,0.0
