,id,player_name,team_title,position,games,time,goals,xG,assists,xA,shots,key_passes,yellow_cards,red_cards,npg,npxG,xGChain,xGBuildup
21820,7484,Stephy Mavididi,Montpellier,F M S,35,2038,9,5.799913637340069,0,1.189729149453342,30,15,3,0,9,5.799913637340069,8.42299172282219,2.1165173705667257
21821,7484,Stephy Mavididi,Juventus,S,1,20,0,0.0,0,0.0,0,0,0,0,0,0.0,0.0653681904077529,0.0653681904077529
21822,7484,Stephy Mavididi,Dijon,F M S,24,1400,5,3.300242763012648,1,0.888170912861824,26,9,0,0,5,3.300242763012648,6.021722853183746,2.8104192335158587
21823,7484,Stephy Mavididi,Montpellier,F M S,17,1399,5,3.503777086734772,2,2.1307687228545547,35,15,1,0,5,3.503777086734772,6.260704664513469,1.2345054913312197
