,id,player_name,team_title,position,games,time,goals,xG,assists,xA,shots,key_passes,yellow_cards,red_cards,npg,npxG,xGChain,xGBuildup
21810,867,Stephen Ireland,Stoke,S,13,206,0,0.5473724380135536,1,1.6458037123084068,3,8,2,0,0,0.5473724380135536,2.2413041051477194,0.9135088613256812
21811,867,Stephen Ireland,Stoke,M S,17,934,0,1.1184629183262589,3,1.2160585224628448,15,22,3,0,0,1.1184629183262589,3.410915706306696,1.6969609656371176
21812,867,Stephen Ireland,Stoke,M S,4,124,0,0.4860935360193252,0,0.0328818261623382,3,1,1,0,0,0.4860935360193252,0.5550483912229538,0.0360730402171611
