,id,player_name,team_title,position,games,time,goals,xG,assists,xA,shots,key_passes,yellow_cards,red_cards,npg,npxG,xGChain,xGBuildup
21855,8020,Steven Alzate,Brighton,D M S,15,905,1,0.8340352401137352,0,0.9228015542030334,7,11,2,0,1,0.8340352401137352,3.519558561965823,2.386691849678755
21856,8020,Steven Alzate,Brighton,M S,2,94,0,0.0,0,0.1467899084091186,0,2,0,0,0,0.0,0.1467899084091186,0.1467899084091186
21857,8020,Steven Alzate,Brighton,D M S,19,1175,0,1.0576834194362164,0,0.815260611474514,13,14,1,0,0,1.0576834194362164,3.4897163584828377,1.868018886074424
