,id,player_name,team_title,position,games,time,goals,xG,assists,xA,shots,key_passes,yellow_cards,red_cards,npg,npxG,xGChain,xGBuildup
21847,3800,Steve Mounie,Brest,F S,15,1245,4,7.134927179664373,1,0.7552103418856859,41,12,0,0,4,7.134927179664373,8.86665440350771,2.7638843655586243
21848,3800,Steve Mounie,Brest,F S,35,2704,9,11.393556138500571,4,2.5633402559906244,80,18,6,0,8,9.873365869745612,14.148398705758154,3.8461162969470015
21849,3800,Steve Mounie,Montpellier,S,2,35,0,0.0,0,0.012811629101634,0,1,0,0,0,0.0,0.040545854717493,0.040545854717493
21850,3800,Steve Mounie,Huddersfield,F S,28,1850,7,5.80149868875742,1,1.6073057148605585,49,16,2,0,7,5.80149868875742,7.001166325062513,1.809567122720182
21851,3800,Steve Mounie,Montpellier,F S,35,2839,14,11.624608032405376,3,2.882874841801822,105,24,4,1,14,11.624608032405376,13.82778713107109,2.9643518766388297
21852,3800,Steve Mounie,Huddersfield,F S,31,1775,2,5.627418329939246,3,1.866630665026605,61,18,1,1,2,5.627418329939246,6.190906060859561,0.661716434173286
