,id,player_name,team_title,position,games,time,goals,xG,assists,xA,shots,key_passes,yellow_cards,red_cards,npg,npxG,xGChain,xGBuildup
21869,1657,Steven Defour,Burnley,M,6,459,0,0.0,0,0.0542090889066457,0,2,0,0,0,0.0,0.5573337078094482,0.5395476073026657
21870,1657,Steven Defour,Burnley,M,24,2034,1,0.5989381484687328,1,1.1606488730758429,19,19,6,0,1,0.5989381484687328,2.4910726975649595,1.6680768970400095
21871,1657,Steven Defour,Burnley,M S,21,1088,1,0.4937533186748624,3,1.182532470673323,8,23,1,0,1,0.4937533186748624,1.6209765514358878,1.0115660512819886
