,id,player_name,team_title,position,games,time,goals,xG,assists,xA,shots,key_passes,yellow_cards,red_cards,npg,npxG,xGChain,xGBuildup
21859,8300,Steven Bergwijn,Tottenham,F M S,21,1218,1,2.093383353203535,3,0.812587445601821,15,13,3,0,1,2.093383353203535,4.814339090138674,2.446276184171438
21860,8300,Steven Bergwijn,Tottenham,F M S,14,698,3,1.1783158108592031,1,1.1285143066197634,9,13,2,0,3,1.1783158108592031,2.955224387347698,1.4037167243659496
21861,8300,Steven Bergwijn,Tottenham,F M S,7,281,0,0.8431263417005539,1,0.696426123380661,7,4,0,0,0,0.8431263417005539,1.5817371159791946,0.1742432247847318
