,id,player_name,team_title,position,games,time,goals,xG,assists,xA,shots,key_passes,yellow_cards,red_cards,npg,npxG,xGChain,xGBuildup
21824,1524,Stevan Jovetic,Monaco,F M S,9,465,2,1.289931669831276,0,0.4235691726207733,22,6,2,1,2,1.289931669831276,1.94080994091928,0.897325954400003
21825,1524,Stevan Jovetic,Inter,F M S,26,1533,6,8.354859826155007,2,2.3500610953196883,70,32,4,0,5,7.593561050482094,15.507417185232043,7.032305994071066
21826,1524,Stevan Jovetic,Monaco,F S,29,763,6,5.760968025773764,0,0.4560786616057157,45,11,1,0,6,5.000872906297445,6.371639885008335,2.333351880311966
21827,1524,Stevan Jovetic,Manchester City,F M S,17,791,5,3.329761994071305,3,1.8126026093959808,38,15,0,0,5,3.329761994071305,6.673779793083668,3.645845679566264
21828,1524,Stevan Jovetic,Inter,S,5,63,0,0.0,0,0.015713233500719,0,1,1,0,0,0.0,0.1950332820415496,0.1950332820415496
21829,1524,Stevan Jovetic,Monaco,F M S,8,393,2,1.8596988171339035,0,0.8142671817913651,20,6,1,0,2,1.8596988171339035,2.991867773234844,1.0637143878266215
21830,1524,Stevan Jovetic,Hertha Berlin,F M S,9,518,5,3.099101759493351,0,0.7102249599993229,20,6,1,0,5,3.099101759493351,3.57307056710124,2.026657916605473
21831,1524,Stevan Jovetic,Sevilla,F S,21,1207,6,6.7608022801578045,4,2.9495206382125616,58,22,4,0,6,6.01752470061183,9.399477988481522,3.49856511130929
21832,1524,Stevan Jovetic,Monaco,F M S,15,746,8,6.154974207282066,1,0.4828287716954946,35,8,1,0,8,6.154974207282066,8.861547088250518,2.582157270982861
