,id,player_name,team_title,position,games,time,goals,xG,assists,xA,shots,key_passes,yellow_cards,red_cards,npg,npxG,xGChain,xGBuildup
21894,924,Steven Pienaar,Sunderland,F M S,15,815,0,0.7518733963370323,0,0.1657811030745506,4,7,5,1,0,0.7518733963370323,2.1657442655414343,1.4212049413472414
21895,924,Steven Pienaar,Everton,S,4,115,0,0.0748004391789436,0,0.0505041629076004,2,1,0,0,0,0.0748004391789436,0.2656593322753906,0.1403547376394271
21896,924,Steven Pienaar,Everton,M S,9,309,0,0.3001889362931251,2,0.3296654596924782,5,5,1,0,0,0.3001889362931251,0.934077076613903,0.5224289149045944
