,id,player_name,team_title,position,games,time,goals,xG,assists,xA,shots,key_passes,yellow_cards,red_cards,npg,npxG,xGChain,xGBuildup
21898,7054,Steven Skrzybski,Schalke 04,F M S,13,392,0,0.9617208177223802,0,0.1504609826952219,8,2,2,0,0,0.2039441047236323,0.5221202857792377,0.1793461386114359
21899,7054,Steven Skrzybski,Fortuna Duesseldorf,F M S,11,529,1,1.236972680315375,2,0.2998512648046016,14,6,0,0,1,1.236972680315375,1.522480595856905,0.0800855476409196
21900,7054,Steven Skrzybski,Schalke 04,F M S,12,673,3,2.924614168703556,1,1.122222812846303,17,8,1,0,3,2.924614168703556,5.55772820673883,2.6679689288139343
