,id,player_name,team_title,position,games,time,goals,xG,assists,xA,shots,key_passes,yellow_cards,red_cards,npg,npxG,xGChain,xGBuildup
21892,824,Steven Naismith,"Everton,Norwich",M S,23,1343,4,3.011758133769036,1,2.0797792226076126,25,20,3,0,4,3.011758133769036,6.797230575233698,3.736898137256503
21893,824,Steven Naismith,Everton,F M S,31,2051,6,3.948357157409191,0,1.9437066242098808,33,25,8,0,6,3.948357157409191,7.202266559004784,2.953010508790612
