,id,player_name,team_title,position,games,time,goals,xG,assists,xA,shots,key_passes,yellow_cards,red_cards,npg,npxG,xGChain,xGBuildup
21955,3503,Stéphane Ruffier,Saint-Etienne,GK,35,3113,0,0.0,0,0.0,0,0,1,1,0,0.0,1.71100084297359,1.71100084297359
21956,3503,Stéphane Ruffier,Saint-Etienne,GK,38,3420,0,0.0,0,0.0,0,0,1,0,0,0.0,2.956484157592058,2.956484157592058
21957,3503,Stéphane Ruffier,Saint-Etienne,GK,31,2790,0,0.0,0,0.0,0,0,0,0,0,0.0,3.0407133605331182,3.0407133605331182
21958,3503,Stéphane Ruffier,Saint-Etienne,GK,37,3330,0,0.0,0,0.0,0,0,1,0,0,0.0,4.3047617063857615,4.3047617063857615
21959,3503,Stéphane Ruffier,Saint-Etienne,GK,38,3420,0,0.0,0,0.039796382188797,0,1,4,0,0,0.0,2.98424681276083,2.98424681276083
21960,3503,Stéphane Ruffier,Saint-Etienne,GK,22,1980,0,0.0,0,0.0,0,0,1,0,0,0.0,1.3279597144573927,1.3279597144573927
