,id,player_name,team_title,position,games,time,goals,xG,assists,xA,shots,key_passes,yellow_cards,red_cards,npg,npxG,xGChain,xGBuildup
21965,307,Suat Serdar,Mainz 05,M S,25,1699,2,1.385034623555839,0,0.7610669573768973,39,19,3,0,2,1.385034623555839,3.258785100653768,1.4895937219262123
21966,307,Suat Serdar,Schalke 04,M S,20,1609,7,3.162161473184824,0,0.9130657464265824,36,11,2,0,7,3.162161473184824,6.011643679812551,2.283893970772624
21967,307,Suat Serdar,Mainz 05,M S,8,326,0,0.0169712658971548,0,0.3344096904620528,1,3,1,0,0,0.0169712658971548,0.8847547927871346,0.5333738485351205
21968,307,Suat Serdar,Hertha Berlin,F M,14,1220,2,1.8046123143285515,0,1.4286838993430138,22,10,3,0,2,1.8046123143285515,4.023758886381984,1.363070955500007
21969,307,Suat Serdar,Mainz 05,M S,12,199,0,0.1510663721710443,0,0.0196794550865888,3,1,0,0,0,0.1510663721710443,0.4293782114982605,0.2754687294363975
21970,307,Suat Serdar,Schalke 04,M S,25,1960,1,1.929669945500791,3,1.497021183371544,32,15,3,0,1,1.929669945500791,5.94743272755295,3.3817505948245525
21971,307,Suat Serdar,Schalke 04,M S,26,1744,2,3.210372179746628,1,2.290159434080124,30,15,3,2,2,3.210372179746628,6.218891900032759,2.552876066416502
