,id,player_name,team_title,position,games,time,goals,xG,assists,xA,shots,key_passes,yellow_cards,red_cards,npg,npxG,xGChain,xGBuildup
22051,893,Sébastien Pocognoli,West Bromwich Albion,S,1,33,0,0.0,1,0.1696647703647613,0,2,0,0,0,0.0,0.1696647703647613,0.0733522251248359
22052,893,Sébastien Pocognoli,West Bromwich Albion,D,15,1228,0,0.1127919647842645,0,1.1693170461803677,7,9,1,0,0,0.1127919647842645,2.0024184212088585,1.321126364171505
