,id,player_name,team_title,position,games,time,goals,xG,assists,xA,shots,key_passes,yellow_cards,red_cards,npg,npxG,xGChain,xGBuildup
22059,8970,Sékou Mara,Bordeaux,F S,8,225,1,0.4804348200559616,2,0.5211805105209351,4,2,0,0,1,0.4804348200559616,0.9219452664256096,0.1527253277599811
22060,8970,Sékou Mara,Bordeaux,F S,12,398,1,1.6447731871157885,0,0.016124902293086,18,1,1,0,1,1.6447731871157885,1.503911778330803,0.0709295868873596
