,id,player_name,team_title,position,games,time,goals,xG,assists,xA,shots,key_passes,yellow_cards,red_cards,npg,npxG,xGChain,xGBuildup
22081,8001,Takefusa Kubo,Mallorca,F M S,35,2323,4,3.079361269250512,4,2.8934078197926283,55,34,4,0,4,3.079361269250512,8.888232739642262,4.282934060320258
22082,8001,Takefusa Kubo,Mallorca,M S,9,467,1,0.7656640224158764,0,0.8876059390604496,11,9,1,0,1,0.7656640224158764,1.932879202067852,0.6657438836991787
22083,8001,Takefusa Kubo,"Getafe,Villarreal",F M S,31,1075,1,2.34927449002862,1,1.71248191408813,23,18,2,1,1,2.34927449002862,5.764176363125444,2.106174886226654
