,id,player_name,team_title,position,games,time,goals,xG,assists,xA,shots,key_passes,yellow_cards,red_cards,npg,npxG,xGChain,xGBuildup
22093,8239,Takumi Minamino,"Liverpool,Southampton",F M S,19,1004,3,2.924741802737117,0,0.810821570456028,20,5,1,0,3,2.924741802737117,6.542065359652042,2.9392819050699472
22094,8239,Takumi Minamino,Liverpool,F S,10,233,0,0.838236603885889,0,0.0161428786814212,8,1,0,0,0,0.838236603885889,1.2121320106089115,0.4311890415847301
22095,8239,Takumi Minamino,Liverpool,S,6,26,1,0.9159120321273804,0,0.0,1,0,1,0,1,0.9159120321273804,1.0948159098625183,0.1789038777351379
