,id,player_name,team_title,position,games,time,goals,xG,assists,xA,shots,key_passes,yellow_cards,red_cards,npg,npxG,xGChain,xGBuildup
22088,6087,Takuma Asano,VfB Stuttgart,F M S,15,712,1,2.049574388191104,0,1.217847540974617,17,10,1,0,1,2.049574388191104,3.2034833505749702,0.2117653489112854
22089,6087,Takuma Asano,Bochum,F S,11,665,0,1.618058405816555,1,1.0034656282514334,13,9,1,0,0,1.618058405816555,2.7821053341031075,0.1925486829131841
22090,6087,Takuma Asano,Hannover 96,F M S,13,707,0,1.324841495603323,0,0.4295526891946792,13,2,0,0,0,1.324841495603323,1.869836088269949,0.2570979669690132
