,id,player_name,team_title,position,games,time,goals,xG,assists,xA,shots,key_passes,yellow_cards,red_cards,npg,npxG,xGChain,xGBuildup
22110,5962,Tanguy NDombele Alvaro,"Amiens,Lyon",M S,35,2605,0,1.7211863552220166,6,3.473680380731821,31,47,5,0,0,1.7211863552220166,14.25893210247159,11.175207084044814
22111,5962,Tanguy NDombele Alvaro,Lyon,M S,34,2692,1,1.9148350954055784,7,3.723321550525725,31,47,3,0,1,1.9148350954055784,16.71770665049553,13.361456375569103
22112,5962,Tanguy NDombele Alvaro,Tottenham,M S,21,1002,2,0.352954987436533,2,0.7975045088678598,9,12,3,0,2,0.352954987436533,5.340641291812062,4.963011069223285
22113,5962,Tanguy NDombele Alvaro,Tottenham,M S,7,414,1,0.5444412399083376,0,0.4970853012055158,9,3,1,0,1,0.5444412399083376,2.113325856626034,1.3760357573628426
22114,5962,Tanguy NDombele Alvaro,Tottenham,M S,33,2141,3,1.5304815424606204,2,2.1263335961848497,18,14,3,0,3,1.5304815424606204,10.934965118765833,8.005785129964352
