,id,player_name,team_title,position,games,time,goals,xG,assists,xA,shots,key_passes,yellow_cards,red_cards,npg,npxG,xGChain,xGBuildup
22118,2993,Taras Burlak,Arsenal Tula,D,2,165,0,0.2067503929138183,0,0.0,2,0,1,0,0,0.2067503929138183,0.2535042390227318,0.2535042390227318
22119,2993,Taras Burlak,Rubin Kazan,D,2,180,0,0.0,0,0.0224068202078342,0,1,1,0,0,0.0,0.0832212641835212,0.0832212641835212
22120,2993,Taras Burlak,Arsenal Tula,D S,15,1147,0,0.5143545791506767,0,0.0908401310443878,7,2,1,1,0,0.5143545791506767,2.407066468149424,2.394335236400366
22121,2993,Taras Burlak,Krylya Sovetov Samara,D S,23,2024,2,1.6485982406884432,0,0.0482571814209222,15,4,5,0,2,1.6485982406884432,2.853306343778968,2.7871458251029253
22122,2993,Taras Burlak,Rubin Kazan,D S,22,1832,0,0.3979608584195375,0,0.3571094013750553,8,2,2,0,0,0.3979608584195375,3.662786554545164,3.25156693905592
22123,2993,Taras Burlak,Krylya Sovetov Samara,D,28,2514,0,0.3613778939470649,1,1.2353856032714248,16,9,4,0,0,0.3613778939470649,3.4093923387117684,3.1787141701206565
22124,2993,Taras Burlak,Rubin Kazan,D,1,90,0,0.0,0,0.0,0,0,0,0,0,0.0,0.0,0.0
22125,2993,Taras Burlak,Krylya Sovetov Samara,D,8,690,2,1.583033561706543,0,0.0,3,0,0,0,2,1.583033561706543,0.642531506717205,0.642531506717205
