,id,player_name,team_title,position,games,time,goals,xG,assists,xA,shots,key_passes,yellow_cards,red_cards,npg,npxG,xGChain,xGBuildup
22141,2519,Tejero,Eibar,D S,2,107,0,0.0313911028206348,0,0.1152631342411041,2,3,1,0,0,0.0313911028206348,0.1688057780265808,0.0408194735646247
22142,2519,Tejero,Eibar,D S,18,1454,0,0.1809650305658579,0,0.8698062635958195,6,17,4,0,0,0.1809650305658579,1.9976937621831887,1.5205677971243858
22143,2519,Tejero,Real Madrid,S,1,1,0,0.0,0,0.0,0,0,0,0,0,0.0,0.0,0.0
