,id,player_name,team_title,position,games,time,goals,xG,assists,xA,shots,key_passes,yellow_cards,red_cards,npg,npxG,xGChain,xGBuildup
22144,8997,Terem Igobor Moffi,Lorient,F S,17,1372,2,3.99115495942533,3,1.978494826704264,31,15,0,0,1,3.231059839949012,5.636894349008799,0.6259511299431324
22145,8997,Terem Igobor Moffi,Lorient,F S,32,2104,14,10.711351305246351,2,2.9062405582517385,56,26,2,0,13,9.95125612616539,13.14053852763027,1.7896364703774452
