,id,player_name,team_title,position,games,time,goals,xG,assists,xA,shots,key_passes,yellow_cards,red_cards,npg,npxG,xGChain,xGBuildup
22146,6067,Terence Kongolo,Huddersfield,D S,13,1043,0,0.1555066779255867,0,0.167850561439991,2,3,0,0,0,0.1555066779255867,1.4275773176923394,1.259726750664413
22147,6067,Terence Kongolo,Monaco,D,3,259,0,0.3616660237312317,0,0.3332260251045227,1,1,0,0,0,0.3616660237312317,0.9122130870819092,0.5789870917797089
22148,6067,Terence Kongolo,Huddersfield,D,32,2728,1,1.423658600077033,1,0.8421065825968981,14,9,4,0,1,1.423658600077033,3.2573857605457306,1.7151391794905066
22149,6067,Terence Kongolo,Fulham,D,1,90,0,0.0,0,0.0,0,0,0,0,0,0.0,0.3735769391059875,0.3735769391059875
