,id,player_name,team_title,position,games,time,goals,xG,assists,xA,shots,key_passes,yellow_cards,red_cards,npg,npxG,xGChain,xGBuildup
22189,229,Thiago Alcántara,Liverpool,M S,10,585,1,1.2799651063978672,1,1.0328908823430538,16,10,1,0,1,1.2799651063978672,4.7196894362568855,3.621366360224784
22190,229,Thiago Alcántara,Bayern Munich,M S,27,2291,6,4.980765461921692,5,3.147986225783825,37,49,4,0,6,4.980765461921692,25.88593639433384,20.334677379578352
22191,229,Thiago Alcántara,Bayern Munich,F M S,19,1241,2,2.442758671939373,2,1.855019811540842,24,29,3,0,2,2.442758671939373,14.950646793469788,11.463424844667315
22192,229,Thiago Alcántara,Bayern Munich,M S,24,1773,3,2.582845034077764,0,1.0969485584646463,18,20,7,0,3,2.582845034077764,19.607242949306965,16.87200704962015
22193,229,Thiago Alcántara,Liverpool,M S,24,1865,1,1.2113061929121614,0,2.554921615868807,22,30,4,0,1,1.2113061929121614,11.152549425140023,9.468282034620644
22194,229,Thiago Alcántara,Bayern Munich,M S,27,1637,2,2.912358831614256,3,3.5685846246778965,30,37,2,0,2,2.912358831614256,14.963577698916197,11.038786232471466
22195,229,Thiago Alcántara,Bayern Munich,M S,7,278,0,0.1705667190253734,0,0.5034939721226692,4,9,0,0,0,0.1705667190253734,2.667809933423996,2.3009365871548653
22196,229,Thiago Alcántara,Bayern Munich,M S,30,2412,2,2.198332443833351,6,3.8847017642110586,23,39,5,0,2,2.198332443833351,26.343366537243128,22.36850503087044
