,id,player_name,team_title,position,games,time,goals,xG,assists,xA,shots,key_passes,yellow_cards,red_cards,npg,npxG,xGChain,xGBuildup
22197,1265,Thiago Cionek,SPAL 2013,D S,28,2156,0,0.4514528010040521,1,1.3712326707318423,11,16,11,0,0,0.4514528010040521,6.5272605009377,5.701124859973788
22198,1265,Thiago Cionek,Palermo,D S,29,2330,0,0.7982357405126095,0,0.0277061760425567,7,1,8,0,0,0.7982357405126095,1.4691632455214858,1.4353410815820098
22199,1265,Thiago Cionek,SPAL 2013,D,15,1350,1,0.5504101980477571,0,0.0490375515073537,7,2,5,0,1,0.5504101980477571,0.942411322146654,0.8341344706714153
22200,1265,Thiago Cionek,Palermo,D,5,450,0,0.0464216656982898,1,0.2108142226934433,1,1,2,0,0,0.0464216656982898,0.9073216393589972,0.6965074054896832
22201,1265,Thiago Cionek,SPAL 2013,D S,31,2556,0,1.1849559219554069,3,1.5269740307703614,16,17,12,2,0,1.1849559219554069,4.666264466941357,3.979771543294192
