,id,player_name,team_title,position,games,time,goals,xG,assists,xA,shots,key_passes,yellow_cards,red_cards,npg,npxG,xGChain,xGBuildup
22211,3292,Thiago Motta,Paris Saint Germain,M S,19,1156,1,0.6818579472601414,1,0.3201018488034606,7,11,3,1,1,0.6818579472601414,9.426564356312156,9.203231489285828
22212,3292,Thiago Motta,Paris Saint Germain,M S,30,2225,0,0.8791031818836927,0,0.7912346366792917,12,21,7,1,0,0.8791031818836927,13.185211369767783,12.663322435691953
22213,3292,Thiago Motta,Paris Saint Germain,D M S,27,2061,0,0.412308569997549,2,3.6524540530517697,4,22,9,0,0,0.412308569997549,13.188421467319133,12.405047783628106
22214,3292,Thiago Motta,Paris Saint Germain,M S,32,2345,1,2.233755777589977,1,1.1694514863193035,13,16,6,0,1,2.233755777589977,21.873210199177265,21.598377741873264
