,id,player_name,team_title,position,games,time,goals,xG,assists,xA,shots,key_passes,yellow_cards,red_cards,npg,npxG,xGChain,xGBuildup
22229,680,Thibaut Courtois,Chelsea,GK,36,3240,0,0.0,0,0.0,0,0,1,0,0,0.0,3.5769773684442043,3.5769773684442043
22230,680,Thibaut Courtois,Chelsea,GK,35,3150,0,0.0,0,0.0,0,0,2,0,0,0.0,3.6695454539731145,3.6695454539731145
22231,680,Thibaut Courtois,Real Madrid,GK,34,3060,0,0.0710490867495536,0,0.0,1,0,1,0,0,0.0710490867495536,3.707689790055156,3.707689790055156
22232,680,Thibaut Courtois,Chelsea,GK,32,2813,0,0.0,0,0.215379536151886,0,3,1,0,0,0.0,1.737820828333497,1.522441292181611
22233,680,Thibaut Courtois,Chelsea,GK,23,2023,0,0.0,0,0.0,0,0,1,2,0,0.0,3.1832844708114862,3.1832844708114862
22234,680,Thibaut Courtois,Real Madrid,GK,17,1530,0,0.0,0,0.0,0,0,1,0,0,0.0,3.702998524066061,3.702998524066061
22235,680,Thibaut Courtois,Real Madrid,GK,38,3420,0,0.0,0,0.0,0,0,0,0,0,0.0,5.2068912629038095,5.2068912629038095
22236,680,Thibaut Courtois,Real Madrid,GK,27,2430,0,0.0669633597135543,0,0.0,1,0,2,0,0,0.0669633597135543,4.302793396636844,4.302793396636844
