,id,player_name,team_title,position,games,time,goals,xG,assists,xA,shots,key_passes,yellow_cards,red_cards,npg,npxG,xGChain,xGBuildup
22245,2554,Thievy,Reims,F S,14,936,4,3.425629226490855,1,1.1615676544606686,18,10,2,0,4,3.425629226490855,5.398625371977687,1.061996732838452
22246,2554,Thievy,Almeria,F M S,29,1787,4,5.2627019342035055,1,1.3544669225811958,32,15,6,1,4,5.2627019342035055,6.625659311190248,0.7523517794907093
22247,2554,Thievy,SC Bastia,F M S,14,712,2,2.351446168497205,0,0.3726164270192384,20,10,3,0,2,2.351446168497205,2.710974115878344,0.2072975160554051
22248,2554,Thievy,Granada,S,7,176,0,0.1662606820464134,0,0.0935439188033342,2,2,0,0,0,0.1662606820464134,0.3722961731255054,0.1124915704131126
