,id,player_name,team_title,position,games,time,goals,xG,assists,xA,shots,key_passes,yellow_cards,red_cards,npg,npxG,xGChain,xGBuildup
22359,1635,Thomas Vermaelen,Barcelona,D S,9,586,0,0.0945259388536214,0,0.0,2,0,2,0,0,0.0945259388536214,0.6904450468719006,0.6904450468719006
22360,1635,Thomas Vermaelen,Barcelona,D S,14,1016,0,0.1986673921346664,1,0.3396360520273447,3,3,3,0,0,0.1986673921346664,4.378914698958397,4.039278604090214
22361,1635,Thomas Vermaelen,Roma,D S,9,387,0,0.0,0,0.0270718242973089,0,1,1,0,0,0.0,1.5957168899476528,1.5686450712382791
22362,1635,Thomas Vermaelen,Barcelona,D S,10,505,1,0.5029283165931702,0,0.0,3,0,2,0,1,0.5029283165931702,3.690215788781643,3.690215788781643
22363,1635,Thomas Vermaelen,Barcelona,D,1,66,0,0.0143127422779798,0,0.0,1,0,0,0,0,0.0143127422779798,0.0143127422779798,0.0
