,id,player_name,team_title,position,games,time,goals,xG,assists,xA,shots,key_passes,yellow_cards,red_cards,npg,npxG,xGChain,xGBuildup
22306,3490,Thomas Mangani,Angers,M S,29,1598,3,3.816410932689905,0,2.344774780794978,21,34,2,1,0,0.7760303877294064,3.6001536743715405,1.8649461092427373
22307,3490,Thomas Mangani,Angers,M S,35,3032,2,3.497477702796459,6,6.229534480720758,37,63,7,0,1,2.737382523715496,12.122177697718143,7.294233553111553
22308,3490,Thomas Mangani,Angers,M S,35,2725,3,3.09286607708782,3,2.82419453561306,24,43,3,0,0,0.812844998203218,8.389175726100802,6.75280081667006
22309,3490,Thomas Mangani,Angers,M S,34,2860,3,4.1236734092235565,8,8.352965562604368,39,98,3,0,1,2.60348317027092,12.98465115018189,8.4289216035977
22310,3490,Thomas Mangani,Angers,M S,17,1327,4,2.933388313278556,2,0.856702446937561,10,17,4,0,1,0.6531029548496008,3.695783842355013,3.43894849345088
22311,3490,Thomas Mangani,Angers,M S,33,2514,5,5.798412461765111,4,4.92026932630688,33,60,5,1,2,1.9979368494823573,6.087410056963563,3.3686411175876856
22312,3490,Thomas Mangani,Angers,M S,24,1876,2,1.6708708005025985,2,3.011888399720192,29,49,0,0,2,1.6708708005025985,6.048611011356115,3.788017021492124
22313,3490,Thomas Mangani,Chievo,M,1,47,0,0.0,0,0.0,0,0,1,0,0,0.0,0.0091131841763854,0.0091131841763854
