,id,player_name,team_title,position,games,time,goals,xG,assists,xA,shots,key_passes,yellow_cards,red_cards,npg,npxG,xGChain,xGBuildup
22277,7151,Thomas Foket,Reims,D,27,2430,0,0.5447939531877637,1,1.2674071546643972,8,21,3,0,0,0.5447939531877637,6.620920227840543,5.323892408981919
22278,7151,Thomas Foket,Reims,D,32,2880,0,0.1143034026026725,0,0.8944276627153158,2,13,7,0,0,0.1143034026026725,3.5873069427907467,3.1156121399253607
22279,7151,Thomas Foket,Reims,D,37,3325,0,0.1757363844662904,3,1.1881756130605936,6,25,4,0,0,0.1757363844662904,7.021801075898111,5.981067224405706
22280,7151,Thomas Foket,Reims,D M S,13,1053,1,0.2634228989481926,0,0.7370114829391241,3,8,2,0,1,0.2634228989481926,1.837279550731182,0.9999408759176732
