,id,player_name,team_title,position,games,time,goals,xG,assists,xA,shots,key_passes,yellow_cards,red_cards,npg,npxG,xGChain,xGBuildup
22267,5230,Thomas Delaney,Borussia Dortmund,M,11,843,0,0.5115030035376549,0,0.01611471734941,3,1,4,0,0,0.5115030035376549,4.665424458682537,4.209039941430092
22268,5230,Thomas Delaney,Borussia Dortmund,M S,20,1295,1,0.4729680493474006,1,0.2030869107693433,9,5,6,0,1,0.4729680493474006,7.80404057353735,7.480651497840881
22269,5230,Thomas Delaney,Sevilla,M S,12,523,1,0.5053973402827978,1,0.6299925521016121,7,3,1,1,1,0.5053973402827978,1.972956106066704,1.1636234112083912
22270,5230,Thomas Delaney,Borussia Dortmund,M S,30,2302,3,2.7608920354396105,5,2.8964209370315075,33,15,7,0,3,2.7608920354396105,14.03698867931962,10.938988462090492
22271,5230,Thomas Delaney,Borussia Dortmund,S,1,15,0,0.0,0,0.0,0,0,0,0,0,0.0,0.0,0.0
22272,5230,Thomas Delaney,Werder Bremen,M S,32,2796,3,3.1988967191427946,4,2.6872850600630045,54,30,5,0,3,3.1988967191427946,6.4453783351928,3.525425013154745
22273,5230,Thomas Delaney,Werder Bremen,M S,13,922,4,0.7766113057732582,1,0.8275746125727892,14,6,3,0,4,0.7766113057732582,3.8986801728606224,3.110798880457878
