,id,player_name,team_title,position,games,time,goals,xG,assists,xA,shots,key_passes,yellow_cards,red_cards,npg,npxG,xGChain,xGBuildup
22366,213,Thorgan Hazard,Borussia M.Gladbach,F M S,28,901,1,2.631049164570868,7,4.528498815372586,20,21,1,0,1,2.631049164570868,9.24309688527137,3.7511787516996256
22367,213,Thorgan Hazard,Borussia M.Gladbach,F M,33,2885,10,9.718650277704,10,9.78220267407596,75,73,1,0,7,5.9297669269144535,17.893276195973158,8.82364621385932
22368,213,Thorgan Hazard,Borussia M.Gladbach,F M S,23,1631,6,5.565133756026626,4,2.502632677555084,42,32,3,0,6,4.807357093319297,8.327644281089306,2.429012637585401
22369,213,Thorgan Hazard,Borussia Dortmund,F M S,16,653,1,0.8523103650659323,3,3.289175130426884,10,14,0,0,1,0.8523103650659323,7.154079660773277,3.676792994141578
22370,213,Thorgan Hazard,Borussia Dortmund,D F M S,10,534,2,1.9888143381103875,0,1.58903269469738,13,13,0,0,2,1.9888143381103875,5.032182790338993,2.35502801463008
22371,213,Thorgan Hazard,Borussia M.Gladbach,F M S,34,2955,10,14.29757103510201,5,6.631205789744854,88,63,1,0,5,9.751071785576642,20.93061375245452,8.564175194129348
22372,213,Thorgan Hazard,Borussia M.Gladbach,F M S,29,1652,4,6.446666428819299,3,3.5145840737968683,45,36,4,0,4,6.446666428819299,12.352476676926017,4.133317042142153
22373,213,Thorgan Hazard,Borussia Dortmund,F M S,33,2405,7,5.939615122973919,13,7.814632061868906,50,57,3,0,7,5.939615122973919,22.70295472443104,11.461066249758003
