,id,player_name,team_title,position,games,time,goals,xG,assists,xA,shots,key_passes,yellow_cards,red_cards,npg,npxG,xGChain,xGBuildup
22432,8148,Timo Becker,Schalke 04,D M S,10,336,0,0.1883750781416893,0,0.2379962783306837,4,4,0,0,0,0.1883750781416893,1.1375059504061935,0.9443246442824602
22433,8148,Timo Becker,Schalke 04,D M S,20,1641,0,0.1463856138288974,0,0.3900469206273556,5,3,1,0,0,0.1463856138288974,1.311469729989767,1.2232566215097904
