,id,player_name,team_title,position,games,time,goals,xG,assists,xA,shots,key_passes,yellow_cards,red_cards,npg,npxG,xGChain,xGBuildup
22495,6601,Timothy Weah,Lille,D F M S,28,850,3,3.064652170985937,0,1.3654287680983543,24,5,1,0,3,3.064652170985937,4.899704629555345,0.8301577568054199
22496,6601,Timothy Weah,Lille,F M S,14,743,0,1.6492049377411604,3,2.6298607513308525,14,11,1,0,0,1.6492049377411604,5.210079377517104,1.199471544474363
22497,6601,Timothy Weah,Lille,M S,3,88,0,0.0367101617157459,0,0.3354898989200592,1,1,1,0,0,0.0367101617157459,0.4023031294345855,0.0301030669361352
22498,6601,Timothy Weah,Paris Saint Germain,F S,2,58,1,0.9687817692756652,0,0.1216381639242172,2,1,1,0,1,0.9687817692756652,1.0904199331998825,0.0
22499,6601,Timothy Weah,Paris Saint Germain,F S,3,117,0,0.6943333148956299,0,0.4400404691696167,2,1,1,0,0,0.6943333148956299,1.1343737840652466,0.0
