,id,player_name,team_title,position,games,time,goals,xG,assists,xA,shots,key_passes,yellow_cards,red_cards,npg,npxG,xGChain,xGBuildup
22462,2785,Timofey Margasov,Tosno,D,9,725,0,0.0375453829765319,0,0.1519030197523534,1,4,1,0,0,0.0375453829765319,0.8258840218186378,0.6364356176927686
22463,2785,Timofey Margasov,FC Rostov,D S,25,2099,0,0.7955103404819965,1,0.9567966973409056,6,10,2,0,0,0.7955103404819965,5.063275127671659,3.3490561954677105
22464,2785,Timofey Margasov,PFC Sochi,D S,23,1882,0,0.611423784866929,5,1.9148244820535183,13,19,5,0,0,0.611423784866929,6.981120556592941,5.003448251634836
22465,2785,Timofey Margasov,"Krylya Sovetov Samara,Lokomotiv Moscow",D M S,7,398,0,0.0402232706546783,0,0.5649356581270695,1,5,2,0,0,0.0402232706546783,0.697483416646719,0.6594027914106846
22466,2785,Timofey Margasov,PFC Sochi,D S,16,1174,0,1.3063822574913502,1,1.834247486665845,16,20,2,0,0,1.3063822574913502,7.916450999677181,5.868974772281945
22467,2785,Timofey Margasov,PFC Sochi,D M S,15,1063,0,0.1600986439734697,1,0.7876111157238483,5,10,3,0,0,0.1600986439734697,1.935026871040464,1.238168865442276
