,id,player_name,team_title,position,games,time,goals,xG,assists,xA,shots,key_passes,yellow_cards,red_cards,npg,npxG,xGChain,xGBuildup
22470,8701,Timothee Pembele,Paris Saint Germain,D S,6,379,1,0.7890264838933945,0,0.1139396764338016,4,2,1,0,1,0.7890264838933945,1.6142199486494064,0.9298181720077991
22471,8701,Timothee Pembele,Bordeaux,D M S,17,808,1,1.3233371451497078,0,1.7133729010820389,15,10,2,0,1,1.3233371451497078,3.908449165523052,1.1780388429760933
