,id,player_name,team_title,position,games,time,goals,xG,assists,xA,shots,key_passes,yellow_cards,red_cards,npg,npxG,xGChain,xGBuildup
22444,1575,Timo Letschert,Sassuolo,D,9,666,0,0.0,0,0.0136416684836149,0,1,2,1,0,0.0,2.0056441463530064,1.9920024760067463
22445,1575,Timo Letschert,Sassuolo,D S,7,416,0,0.0,0,0.0056507871486246,0,1,0,0,0,0.0,0.7277612388134003,0.7277612388134003
