,id,player_name,team_title,position,games,time,goals,xG,assists,xA,shots,key_passes,yellow_cards,red_cards,npg,npxG,xGChain,xGBuildup
22511,5458,Timur Zhamaletdinov,CSKA Moscow,F S,12,379,3,1.2347590625286102,0,0.4512866977602243,10,5,0,0,3,1.2347590625286102,2.5451553016901016,1.028649877756834
22512,5458,Timur Zhamaletdinov,CSKA Moscow,F S,14,470,1,1.2914830558001995,0,0.7882140167057514,7,5,0,0,1,1.2914830558001995,2.281959973275661,0.2608776018023491
22513,5458,Timur Zhamaletdinov,CSKA Moscow,S,4,74,0,0.0512523837387561,0,0.041871640831232,2,2,0,0,0,0.0512523837387561,0.1883728988468647,0.1357626654207706
22514,5458,Timur Zhamaletdinov,FC Ufa,F S,5,136,0,0.1961258351802826,0,0.0,4,0,0,0,0,0.1961258351802826,0.336277887225151,0.140152059495449
22515,5458,Timur Zhamaletdinov,FC Ufa,F M S,28,1780,4,4.862118223682046,1,2.0006071012467146,50,20,3,0,4,4.862118223682046,7.187488120049238,2.112800652161241
