,id,player_name,team_title,position,games,time,goals,xG,assists,xA,shots,key_passes,yellow_cards,red_cards,npg,npxG,xGChain,xGBuildup
22516,417,Tin Jedvaj,Bayer Leverkusen,D S,16,1121,0,0.7578123807907104,0,0.2046477049589157,9,3,3,0,0,0.7578123807907104,2.913786008954048,2.151355542242527
22517,417,Tin Jedvaj,Bayer Leverkusen,D S,10,600,0,0.2094285786151886,0,0.1030971240252256,5,2,1,0,0,0.2094285786151886,2.3674596026539803,2.256013372913003
22518,417,Tin Jedvaj,Bayer Leverkusen,D S,3,153,0,0.0182138960808515,0,0.0,1,0,0,0,0,0.0182138960808515,0.0229753702878952,0.0229753702878952
22519,417,Tin Jedvaj,Augsburg,D M S,31,2641,2,1.439860819838941,0,0.181465083733201,14,7,6,0,2,1.439860819838941,2.322282456792891,2.139321315102279
22520,417,Tin Jedvaj,Bayer Leverkusen,D S,15,956,0,0.0484513407573103,0,0.2061193417757749,3,4,5,1,0,0.0484513407573103,0.9784265197813512,0.7778719868510962
22521,417,Tin Jedvaj,Lokomotiv Moscow,D S,11,871,1,0.6858316510915756,0,0.0,7,0,4,2,1,0.6858316510915756,1.087821351364255,1.087821351364255
22522,417,Tin Jedvaj,Bayer Leverkusen,D S,22,1664,2,1.1727730175480249,1,0.2031615860760212,16,7,6,1,2,1.1727730175480249,2.698210261762142,1.9427428636699915
22523,417,Tin Jedvaj,Bayer Leverkusen,D S,18,1424,1,1.3150710482150316,0,0.1211699098348617,11,1,2,1,1,1.3150710482150316,2.071419544517994,1.8793797343969345
