,id,player_name,team_title,position,games,time,goals,xG,assists,xA,shots,key_passes,yellow_cards,red_cards,npg,npxG,xGChain,xGBuildup
22536,234,Tobias Levels,Ingolstadt,D S,10,720,0,0.0782441361807286,0,0.718157559633255,6,4,3,1,0,0.0782441361807286,1.0643155598081648,1.0090122614055872
22537,234,Tobias Levels,Ingolstadt,D,16,1440,1,0.1983255557715892,2,0.4315411346033215,4,7,4,0,1,0.1983255557715892,2.164649521932006,1.6604104973375795
