,id,player_name,team_title,position,games,time,goals,xG,assists,xA,shots,key_passes,yellow_cards,red_cards,npg,npxG,xGChain,xGBuildup
22550,397,Tobias Werner,Augsburg,M S,31,2640,8,7.222863687202334,4,4.980150826275349,67,52,8,0,8,6.465087009593844,10.419747173786163,2.1807622592896223
22551,397,Tobias Werner,Augsburg,M S,13,691,0,2.360578967258334,1,1.0531108304858208,22,17,2,0,0,2.360578967258334,3.126633383333683,0.2279881611466407
