,id,player_name,team_title,position,games,time,goals,xG,assists,xA,shots,key_passes,yellow_cards,red_cards,npg,npxG,xGChain,xGBuildup
22564,258,Tolga Cigerci,Hertha Berlin,S,2,76,0,0.0203752480447292,0,0.0192327946424484,1,1,0,0,0,0.0203752480447292,0.1131970211863517,0.0735889747738838
22565,258,Tolga Cigerci,Hertha Berlin,M S,18,1041,0,1.348265900276601,2,1.4108451642096045,25,10,2,0,0,1.348265900276601,4.038331333547831,2.0733616650104523
