,id,player_name,team_title,position,games,time,goals,xG,assists,xA,shots,key_passes,yellow_cards,red_cards,npg,npxG,xGChain,xGBuildup
22576,596,Tom Cleverley,Watford,M S,23,1909,1,1.775613322854042,2,1.4005652079358697,16,29,1,1,1,1.0144444853067398,6.4212430864572525,5.088026113808155
22577,596,Tom Cleverley,Watford,M S,13,453,1,0.174532976001501,0,0.1132644340395927,4,1,2,0,1,0.174532976001501,0.9147030152380466,0.7192035876214504
22578,596,Tom Cleverley,Watford,M S,12,743,0,0.3099780529737472,2,1.082115181721747,4,13,1,0,0,0.3099780529737472,2.74910288117826,1.7927246186882255
22579,596,Tom Cleverley,"Aston Villa,Manchester United",F M,32,2633,3,1.7877938449382782,0,1.3489697314798832,24,27,7,0,3,1.7877938449382782,5.81716294772923,4.157936003059149
22580,596,Tom Cleverley,Watford,M S,18,952,1,1.7800701409578323,0,0.7182993106544018,17,15,2,0,1,1.7800701409578323,4.6471445532515645,2.588178955949843
22581,596,Tom Cleverley,Everton,M S,22,1618,2,1.4913659039884806,4,2.2500645872205496,24,23,1,0,2,1.4913659039884806,6.335379181429744,4.3294568452984095
22582,596,Tom Cleverley,"Everton,Watford",M S,27,1839,0,0.7425860371440649,2,1.7099989047273991,10,28,4,0,0,0.7425860371440649,4.138415578752756,2.689424593001604
