,id,player_name,team_title,position,games,time,goals,xG,assists,xA,shots,key_passes,yellow_cards,red_cards,npg,npxG,xGChain,xGBuildup
22570,6835,Tom Cairney,Fulham,F M S,31,2207,1,1.145194698125124,1,3.003990411758423,24,40,0,0,1,1.145194698125124,8.61947807110846,6.142074540257454
22571,6835,Tom Cairney,Fulham,M S,10,762,1,0.583964585326612,1,0.9888524450361728,12,17,2,0,1,0.583964585326612,3.3855622112751007,2.849907038733363
