,id,player_name,team_title,position,games,time,goals,xG,assists,xA,shots,key_passes,yellow_cards,red_cards,npg,npxG,xGChain,xGBuildup
22595,1695,Tom Huddlestone,Hull,M S,31,2025,1,1.2344684461131692,0,1.096780512481928,21,19,5,1,0,0.4732996085658669,7.109632331877947,6.004905126988888
22596,1695,Tom Huddlestone,Hull,M S,31,2552,0,0.9374579107388854,2,1.150144102051854,38,24,6,2,0,0.9374579107388854,6.04863600153476,5.365607036277652
