,id,player_name,team_title,position,games,time,goals,xG,assists,xA,shots,key_passes,yellow_cards,red_cards,npg,npxG,xGChain,xGBuildup
22609,6902,Toma Basic,Bordeaux,M S,15,999,1,1.0136509677395225,3,3.218558693304658,17,23,4,0,1,1.0136509677395225,1.8963852860033512,0.6174884755164385
22610,6902,Toma Basic,Lazio,M S,11,384,0,0.3108368385583162,2,0.8826137781143188,5,2,1,0,0,0.3108368385583162,1.2421375941485169,0.5314604453742504
22611,6902,Toma Basic,Bordeaux,M,3,217,0,0.0698777176439762,1,0.3002593144774437,2,5,0,0,0,0.0698777176439762,0.2521371841430664,0.0858387276530265
22612,6902,Toma Basic,Bordeaux,M S,34,2614,4,4.137580355629325,1,1.6794919967651367,45,25,7,0,4,4.137580355629325,7.065877875313163,4.512379544787109
22613,6902,Toma Basic,Bordeaux,M S,23,1326,2,1.6093297880142927,0,2.251309061422944,20,21,3,0,2,1.6093297880142927,3.473630625754595,1.6576041113585234
