,id,player_name,team_title,position,games,time,goals,xG,assists,xA,shots,key_passes,yellow_cards,red_cards,npg,npxG,xGChain,xGBuildup
22628,4046,Tomer Hemed,Almeria,F S,35,2334,8,9.93435465823859,4,2.385830304585397,70,12,3,1,6,8.447799439541996,8.971745319664478,2.0733518470078707
22629,4046,Tomer Hemed,Brighton,F S,16,849,2,1.7024397235363722,2,0.107984684407711,17,3,0,0,2,1.7024397235363722,2.1283142920583487,0.6006527617573738
