,id,player_name,team_title,position,games,time,goals,xG,assists,xA,shots,key_passes,yellow_cards,red_cards,npg,npxG,xGChain,xGBuildup
22661,3538,Tongo Doumbia,Toulouse,M S,25,1896,1,3.240042319521308,1,1.0977416103705764,33,12,5,1,1,3.240042319521308,5.339798543602228,2.9425930948928
22662,3538,Tongo Doumbia,Toulouse,M S,24,2012,3,1.85962048266083,1,0.861189573071897,27,8,4,0,3,1.85962048266083,4.673234576359391,2.4459751341491938
22663,3538,Tongo Doumbia,Toulouse,M S,10,468,0,0.0281332051381468,0,0.7343189781531692,2,4,2,0,0,0.0281332051381468,0.98996140062809,0.2854452431201935
