,id,player_name,team_title,position,games,time,goals,xG,assists,xA,shots,key_passes,yellow_cards,red_cards,npg,npxG,xGChain,xGBuildup
22672,2479,Toni Lato,Valencia,D S,15,719,1,0.7944586277008057,0,0.2884692661464214,2,3,3,0,1,0.7944586277008057,1.210683522745967,1.0473136212676764
22673,2479,Toni Lato,Valencia,D M S,16,800,0,0.0315446555614471,1,1.2601953689008951,1,6,4,0,0,0.0315446555614471,2.299621067941189,1.090485092252493
22674,2479,Toni Lato,Valencia,D S,8,477,0,0.0,1,1.2398893237113953,0,5,2,0,0,0.0,3.9557244926691055,2.900073267519474
22675,2479,Toni Lato,Valencia,D S,4,272,0,0.1397609114646911,0,0.0451144054532051,2,1,1,0,0,0.1397609114646911,0.4020324908196926,0.3578327409923076
22676,2479,Toni Lato,Osasuna,D M S,8,484,1,0.5593377128243446,0,0.2593244723975658,4,4,3,0,1,0.5593377128243446,1.387427430599928,1.0407627522945404
22677,2479,Toni Lato,Valencia,D S,6,360,0,0.0,0,0.0424696616828441,0,1,1,0,0,0.0,0.3535074926912784,0.3535074926912784
