,id,player_name,team_title,position,games,time,goals,xG,assists,xA,shots,key_passes,yellow_cards,red_cards,npg,npxG,xGChain,xGBuildup
22664,2369,Toni Kroos,Real Madrid,M S,35,2661,4,3.3423622427508235,5,5.650761117227376,57,61,2,0,4,3.3423622427508235,18.132292062044144,13.864735821262002
22665,2369,Toni Kroos,Real Madrid,M,10,845,1,0.8917393386363983,2,2.4998115692287683,18,18,2,0,1,0.8917393386363983,6.980747997760773,4.771712779998779
22666,2369,Toni Kroos,Real Madrid,M S,28,2235,0,1.4061652412638068,4,4.1849450301378965,30,63,2,0,0,1.4061652412638068,13.616304515860977,10.789575438946486
22667,2369,Toni Kroos,Real Madrid,M S,28,2116,3,2.3111512660980225,9,7.467139100655913,34,66,6,0,3,2.3111512660980225,12.4887877702713,8.931070042774081
22668,2369,Toni Kroos,Real Madrid,M S,27,2275,5,2.9835648089647293,7,6.376161083579063,41,63,4,0,5,2.9835648089647293,18.476983971893787,15.108673924580216
22669,2369,Toni Kroos,Real Madrid,M,32,2746,1,0.6836231360211968,10,4.794449644163251,20,57,3,0,1,0.6836231360211968,23.768896996974945,21.919391438364983
22670,2369,Toni Kroos,Real Madrid,M,36,3066,2,2.0559646412730217,7,4.554136607795954,34,71,6,0,2,2.0559646412730217,22.009442447684705,19.43210808094591
22671,2369,Toni Kroos,Real Madrid,M S,29,2503,3,1.7354860696941614,12,8.079756755381823,33,80,6,0,3,1.7354860696941614,17.438281789422035,13.109632775187492
