,id,player_name,team_title,position,games,time,goals,xG,assists,xA,shots,key_passes,yellow_cards,red_cards,npg,npxG,xGChain,xGBuildup
22690,7648,Tonny Vilhena,FC Krasnodar,M,20,1732,2,1.0975400162860751,1,1.053174128755927,42,17,8,1,2,1.0975400162860751,4.582544960081577,3.4039061535149813
22691,7648,Tonny Vilhena,FC Krasnodar,D M S,24,1515,2,3.5724306041374803,2,2.734051434323192,48,22,4,0,2,3.5724306041374803,9.65105832926929,4.923500839620829
22692,7648,Tonny Vilhena,FC Krasnodar,D S,13,985,2,0.7223945390433073,1,0.7071303129196167,21,14,4,0,2,0.7223945390433073,5.10719202272594,4.134421868249774
