,id,player_name,team_title,position,games,time,goals,xG,assists,xA,shots,key_passes,yellow_cards,red_cards,npg,npxG,xGChain,xGBuildup
22695,201,Tony Jantschke,Borussia M.Gladbach,D S,8,260,0,0.4743940234184265,0,0.0,2,0,1,0,0,0.4743940234184265,0.943204201757908,0.943204201757908
22696,201,Tony Jantschke,Borussia M.Gladbach,D M S,12,748,0,0.0917206052690744,0,0.036533810198307,4,1,2,0,0,0.0917206052690744,1.7210528701543808,1.6548102321103215
22697,201,Tony Jantschke,Borussia M.Gladbach,D S,13,723,0,0.0576435066759586,1,0.1536339074373245,1,2,2,0,0,0.0576435066759586,1.2304724752902985,1.1153075471520424
22698,201,Tony Jantschke,Borussia M.Gladbach,D,1,90,0,0.0,0,0.0,0,0,0,0,0,0.0,0.0556916333734989,0.0556916333734989
22699,201,Tony Jantschke,Borussia M.Gladbach,D,31,2746,1,1.2426346931606531,0,1.001848230138421,12,14,5,0,1,1.2426346931606531,9.349405854940414,8.858130559325218
22700,201,Tony Jantschke,Borussia M.Gladbach,D M S,22,1490,0,0.1519738137722015,0,0.2644007429480552,2,3,3,0,0,0.1519738137722015,4.592290231026709,4.327889592386782
22701,201,Tony Jantschke,Borussia M.Gladbach,D S,17,1018,0,0.6680842824280262,0,1.0965763814747334,4,7,6,0,0,0.6680842824280262,4.433645844459534,3.929016027599573
22702,201,Tony Jantschke,Borussia M.Gladbach,D S,14,930,0,0.152738481760025,1,0.2864240705966949,4,1,0,0,0,0.152738481760025,2.813160317018628,2.813160317018628
