,id,player_name,team_title,position,games,time,goals,xG,assists,xA,shots,key_passes,yellow_cards,red_cards,npg,npxG,xGChain,xGBuildup
22710,2601,Toño,Rayo Vallecano,GK,10,809,0,0.0,0,0.0,0,0,0,1,0,0.0,0.2683592662215233,0.2683592662215233
22711,2187,Toño,Levante,D S,27,2388,0,0.2734198058024049,1,1.8273504730314016,11,19,8,0,0,0.2734198058024049,4.470915373414755,3.437161594629288
22712,2601,Toño,Rayo Vallecano,GK S,21,1737,0,0.0,0,0.0141408611088991,0,1,3,0,0,0.0,1.5610538199543953,1.546912956982851
22713,2187,Toño,Levante,D M,21,1767,1,1.0850354861468077,2,1.3272972088307142,14,14,4,0,1,1.0850354861468077,5.6848034001886845,3.871625220403075
22714,2187,Toño,Levante,D S,20,1601,0,0.0490936376154422,2,2.0897406758740544,2,18,2,0,0,0.0490936376154422,4.319201860576868,2.886513222008944
22715,2187,Toño,Levante,D M S,12,733,0,0.0332597605884075,2,0.3951696660369634,2,6,2,0,0,0.0332597605884075,1.5733974985778332,1.3261405657976866
22716,2187,Toño,Levante,D S,22,1746,0,0.2283588945865631,2,1.921192290261388,7,17,7,0,0,0.2283588945865631,4.358068300411105,3.521641731262207
22717,2187,Toño,Levante,D,12,1080,0,0.0748537220060825,1,1.3237422741949558,2,7,2,0,0,0.0748537220060825,2.215224257670343,1.5423286547884345
