,id,player_name,team_title,position,games,time,goals,xG,assists,xA,shots,key_passes,yellow_cards,red_cards,npg,npxG,xGChain,xGBuildup
22731,6000,Tristan Dingome,Reims,S,1,11,0,0.0,0,0.0,0,0,0,0,0,0.0,0.0396673940122127,0.0396673940122127
22732,6000,Tristan Dingome,Reims,M S,15,910,0,0.4374436624348163,1,0.965550009161234,9,11,1,0,0,0.4374436624348163,2.6698659267276525,1.413047612644732
22733,6000,Tristan Dingome,Troyes,F M S,11,498,2,0.7625694293528795,4,1.899502960965037,11,14,2,0,2,0.7625694293528795,2.1915103513747454,0.1023105820640921
22734,6000,Tristan Dingome,Reims,M S,20,1371,1,0.3922491315752268,3,2.02730203140527,8,25,5,0,1,0.3922491315752268,3.8753421287983656,1.876786569133401
22735,6000,Tristan Dingome,Troyes,M,14,1201,0,0.1322408951818943,0,1.1227419637143612,5,14,4,0,0,0.1322408951818943,3.332454890012741,2.211286462843418
