,id,player_name,team_title,position,games,time,goals,xG,assists,xA,shots,key_passes,yellow_cards,red_cards,npg,npxG,xGChain,xGBuildup
22766,8214,Tyrick Mitchell,Crystal Palace,D,16,1440,0,0.0,1,1.1647582836449146,0,9,0,0,0,0.0,4.358968427404761,3.2296183053404093
22767,8214,Tyrick Mitchell,Crystal Palace,D S,4,186,0,0.0,0,0.1898110397160053,0,4,1,0,0,0.0,0.5058544538915157,0.454187199473381
22768,8214,Tyrick Mitchell,Crystal Palace,D,19,1710,1,1.0755382552742958,1,0.2308792248368263,2,3,1,0,1,1.0755382552742958,4.470536682754755,3.256737500429153
