,id,player_name,team_title,position,games,time,goals,xG,assists,xA,shots,key_passes,yellow_cards,red_cards,npg,npxG,xGChain,xGBuildup
22833,1554,Uros Cosic,Empoli,D,9,810,0,0.020170135423541,0,0.0342592447996139,1,2,4,0,0,0.020170135423541,0.6298565808683634,0.6166703049093485
22834,1554,Uros Cosic,Empoli,D S,14,958,0,0.0393504239618778,0,0.0273097604513168,1,1,1,0,0,0.0393504239618778,0.2989190192893147,0.2989190192893147
