,id,player_name,team_title,position,games,time,goals,xG,assists,xA,shots,key_passes,yellow_cards,red_cards,npg,npxG,xGChain,xGBuildup
22860,3117,Vagiz Galiulin,FC Ufa,M S,9,205,0,0.4847673717886209,0,0.5904214568436146,5,4,1,0,0,0.4847673717886209,0.9243945721536876,0.0885478928685188
22861,3117,Vagiz Galiulin,Tosno,D F M,23,1968,3,1.6811782009899616,1,1.4536329335533082,31,37,2,0,3,1.6811782009899616,4.435622618533671,2.732542546465993
22862,3117,Vagiz Galiulin,FC Ufa,F M S,23,1537,0,1.2452737335115671,2,1.566919789649546,17,26,1,0,0,1.2452737335115671,2.8369712149724364,0.5404450427740812
