,id,player_name,team_title,position,games,time,goals,xG,assists,xA,shots,key_passes,yellow_cards,red_cards,npg,npxG,xGChain,xGBuildup
22908,1569,Valerio Verre,Sampdoria,M S,27,994,3,2.109388402663172,3,1.8456457890570164,24,19,3,0,3,2.109388402663172,6.058048563078046,2.701001638546586
22909,1569,Valerio Verre,Sampdoria,M S,10,388,0,1.0123698012903333,0,0.1936228461563587,10,8,0,0,0,1.0123698012903333,3.209432486444712,2.148030437529087
22910,1569,Valerio Verre,Sampdoria,M S,18,324,0,0.1667156852781772,0,0.3051295476034283,6,4,2,0,0,0.1667156852781772,1.4602484004572034,1.267111875116825
22911,1569,Valerio Verre,Verona,F M S,32,1797,3,5.790356272831559,2,2.7608166616410017,41,28,4,0,1,4.267758638598025,9.622685683891175,3.798536291345954
22912,1569,Valerio Verre,Pescara,D F M S,28,1915,0,2.13583052624017,2,2.278393354266882,36,26,2,1,0,2.13583052624017,8.015735011547804,5.201507549732924
