,id,player_name,team_title,position,games,time,goals,xG,assists,xA,shots,key_passes,yellow_cards,red_cards,npg,npxG,xGChain,xGBuildup
22875,3730,Valentin Lavigne,Lorient,F M S,15,454,3,1.531878501176834,1,0.3506515473127365,8,5,1,0,3,1.531878501176834,2.2901960238814354,0.4482951425015926
22876,3730,Valentin Lavigne,Lorient,F S,6,149,0,0.1020953133702278,0,0.0,2,0,0,0,0,0.1020953133702278,0.1020953133702278,0.0
