,id,player_name,team_title,position,games,time,goals,xG,assists,xA,shots,key_passes,yellow_cards,red_cards,npg,npxG,xGChain,xGBuildup
22879,3673,Valentin Rongier,Nantes,M,36,3229,4,5.570642473176122,5,5.307428007945418,72,86,3,0,3,4.050716506317258,12.476894935593007,7.01960361097008
22880,3673,Valentin Rongier,Marseille,M S,26,1901,1,0.936619066633284,2,0.9695469988510012,17,12,8,0,1,0.936619066633284,10.978706791065632,9.36587057635188
22881,3673,Valentin Rongier,Nantes,M S,6,318,0,0.1508682705461979,1,0.359171412885189,6,5,1,0,0,0.1508682705461979,1.2614033371210098,1.030495636165142
22882,3673,Valentin Rongier,"Marseille,Nantes",M S,26,2069,0,2.483780041337013,3,2.6724772192537785,41,37,3,0,0,1.7236849218606949,7.310471214354038,4.711390137672424
22883,3673,Valentin Rongier,Nantes,M S,11,749,1,0.195839338004589,1,0.2868014704436064,8,7,1,0,1,0.195839338004589,1.700090393424034,1.501655675470829
22884,3673,Valentin Rongier,Nantes,F M S,31,2166,2,0.894645175896585,1,1.5430149277672172,29,22,1,0,2,0.894645175896585,6.86376807000488,5.361634626984596
22885,3673,Valentin Rongier,Marseille,D M S,13,951,0,1.6999474661424756,1,0.6969163604080677,14,5,1,0,0,1.6999474661424756,6.744256168603897,4.444201432168484
22886,3673,Valentin Rongier,Nantes,F M S,32,2364,1,1.5708094267174602,2,1.8208872778341167,28,27,1,0,1,1.5708094267174602,8.120730884373188,6.817617669701576
