,id,player_name,team_title,position,games,time,goals,xG,assists,xA,shots,key_passes,yellow_cards,red_cards,npg,npxG,xGChain,xGBuildup
22898,6352,Valentino Lazaro,Newcastle United,D M S,13,455,1,0.493495911359787,0,0.1779981181025505,4,6,0,1,1,0.493495911359787,1.6748454989865422,1.1888009728863835
22899,6352,Valentino Lazaro,Hertha Berlin,D M,31,2743,3,2.172508326359093,6,6.642009703442454,20,55,6,0,3,2.172508326359093,12.857311931438744,7.494641523808241
22900,6352,Valentino Lazaro,Inter,D S,6,324,0,0.1080638132989406,1,0.966395903378725,3,9,2,0,0,0.1080638132989406,1.4363029673695564,0.8304866030812263
22901,6352,Valentino Lazaro,Hertha Berlin,M S,26,1853,2,2.243488025851548,5,4.143410488031805,18,28,4,0,2,2.243488025851548,8.635857618413866,3.66819965839386
22902,6352,Valentino Lazaro,Borussia M.Gladbach,D M S,22,1230,2,1.809169890359044,0,1.2182249166071415,15,17,3,0,2,1.809169890359044,6.592177955433726,3.779077380895615
