,id,player_name,team_title,position,games,time,goals,xG,assists,xA,shots,key_passes,yellow_cards,red_cards,npg,npxG,xGChain,xGBuildup
22934,1336,Valter Birsa,Chievo,F M S,35,2423,6,5.528164187446237,7,6.776210321113467,53,63,4,0,4,3.244307668879628,9.737996136769652,5.38531693816185
22935,1336,Valter Birsa,Chievo,F M S,35,2313,0,1.3495364170521498,1,5.188707489520311,35,66,4,0,0,1.3495364170521498,6.6692859549075365,3.812633519992232
22936,1336,Valter Birsa,"Cagliari,Chievo",F M S,29,1446,2,2.1298509957268834,2,2.721767010167241,27,32,1,0,1,1.3685521567240355,4.834765257313848,2.981670498847961
22937,1336,Valter Birsa,Chievo,F M S,35,2526,3,2.613695879466832,7,6.902385117486119,49,67,3,0,3,2.613695879466832,9.146603848785162,5.564196513965726
22938,1336,Valter Birsa,Cagliari,M S,13,419,0,0.1221031667664647,0,0.6986916102468967,3,11,1,0,0,0.1221031667664647,1.001896619796753,0.8454616013914347
22939,1336,Valter Birsa,Chievo,F M S,35,2810,7,4.069346180185676,9,8.389472506940365,52,74,5,0,7,3.3080473449081182,10.342078530229628,5.7986686723306775
