,id,player_name,team_title,position,games,time,goals,xG,assists,xA,shots,key_passes,yellow_cards,red_cards,npg,npxG,xGChain,xGBuildup
22948,1853,Vangelis Moras,Verona,D S,31,2751,1,0.3531978828832507,1,0.7993473736569285,6,6,4,1,1,0.3531978828832507,2.8879994619637728,2.6574671994894743
22949,1853,Vangelis Moras,Verona,D,35,3039,2,0.8106476366519928,1,0.4871548749506473,13,7,5,0,2,0.8106476366519928,3.6601575687527657,3.2798393052071333
