,id,player_name,team_title,position,games,time,goals,xG,assists,xA,shots,key_passes,yellow_cards,red_cards,npg,npxG,xGChain,xGBuildup
22955,5907,Varazdat Haroyan,Ural,D S,16,1117,1,0.2355324737727642,0,0.0,3,0,6,0,1,0.2355324737727642,1.2962144762277603,1.2962144762277603
22956,5907,Varazdat Haroyan,"FC Tambov,Ural",D M,9,786,0,0.0841635689139366,0,0.0963000878691673,4,1,4,1,0,0.0841635689139366,0.4920181669294834,0.4624667819589376
22957,5907,Varazdat Haroyan,Ural,D S,20,1792,1,0.9300576318055392,1,0.3925372958183288,11,1,7,0,1,0.9300576318055392,2.42336620669812,2.4056451050564647
22958,5907,Varazdat Haroyan,Cadiz,D,14,1211,1,0.9659993350505828,0,0.1276495512574911,3,3,8,0,1,0.9659993350505828,0.3187832701951265,0.2606579847633838
22959,5907,Varazdat Haroyan,Ural,D S,18,1531,1,1.3561967611312866,1,1.628808324225247,14,6,7,0,1,1.3561967611312866,1.9696675529703496,1.665046646259725
