,id,player_name,team_title,position,games,time,goals,xG,assists,xA,shots,key_passes,yellow_cards,red_cards,npg,npxG,xGChain,xGBuildup
22977,1438,Vasilis Torosidis,Bologna,D S,28,1937,1,2.024935896508396,0,0.150651816278696,11,5,5,1,1,2.024935896508396,3.535853981040418,1.8984204838052392
22978,1438,Vasilis Torosidis,Roma,D S,11,570,0,0.1309958081692457,0,0.2475803699344396,2,4,2,0,0,0.1309958081692457,2.863867625594139,2.799753814935684
22979,1438,Vasilis Torosidis,Bologna,D S,16,816,0,0.0382554354146122,0,0.2125568157061934,2,4,2,1,0,0.0382554354146122,1.1350589785724878,0.8842467237263918
22980,1438,Vasilis Torosidis,Roma,D S,20,1495,2,1.8748863488435743,0,0.5546159762889147,20,8,8,1,2,1.8748863488435743,9.20260526239872,7.289651406928897
