,id,player_name,team_title,position,games,time,goals,xG,assists,xA,shots,key_passes,yellow_cards,red_cards,npg,npxG,xGChain,xGBuildup
23013,2363,Vicente Gómez,Las Palmas,M S,25,1531,0,0.5280276061967015,0,0.3107220865786075,14,5,3,0,0,0.5280276061967015,2.902014324441552,2.2321397019550204
23014,2363,Vicente Gómez,Las Palmas,M S,29,2327,2,2.1229236908257008,0,0.6002114042639732,24,12,3,0,2,2.1229236908257008,6.897257367148995,5.579326331615448
23015,2363,Vicente Gómez,Las Palmas,M S,21,1459,1,0.2863836335018277,1,0.6065396098420024,7,7,3,0,1,0.2863836335018277,3.364803017117083,2.6991042625159025
