,id,player_name,team_title,position,games,time,goals,xG,assists,xA,shots,key_passes,yellow_cards,red_cards,npg,npxG,xGChain,xGBuildup
23057,5105,Victorien Angban,Granada,M S,10,684,0,0.0222152806818485,0,0.2072983393445611,2,7,4,0,0,0.0222152806818485,1.0947904586791992,0.8941750805824995
23058,5105,Victorien Angban,PFC Sochi,M S,14,428,0,0.0352875832468271,0,0.2631263472139835,2,8,1,0,0,0.0352875832468271,1.7723219022154808,1.553642150014639
23059,5105,Victorien Angban,Metz,M S,26,1691,0,0.2514992798678577,1,0.4534137304872274,6,12,5,0,0,0.2514992798678577,3.822447346057743,3.167896203696728
23060,5105,Victorien Angban,Metz,M S,20,1022,0,0.0644475147128105,0,0.0435729073360562,4,3,0,0,0,0.0644475147128105,2.76743657886982,2.6910164915025234
