,id,player_name,team_title,position,games,time,goals,xG,assists,xA,shots,key_passes,yellow_cards,red_cards,npg,npxG,xGChain,xGBuildup
23037,541,Victor Moses,Inter,M S,12,413,0,0.2738956939429045,3,2.3557683527469635,5,9,1,0,0,0.2738956939429045,3.839526772499085,1.7794698383659124
23038,541,Victor Moses,Chelsea,D S,28,2128,3,3.0845435988157988,3,2.6375404447317123,35,20,3,0,3,3.0845435988157988,9.64580113440752,5.043449763208628
23039,541,Victor Moses,Chelsea,S,2,24,0,0.0,0,0.1079388558864593,0,1,0,0,0,0.0,0.1079388558864593,0.0
23040,541,Victor Moses,Spartak Moscow,M S,19,1520,4,2.217687461525202,2,3.2162708062678576,31,27,2,0,4,2.217687461525202,8.431236999109387,3.3039438324049115
23041,541,Victor Moses,Spartak Moscow,D M S,14,1068,1,0.7655037445947528,0,1.0427176039665935,14,12,2,0,1,0.7655037445947528,2.625443160533905,1.5781342182308435
23042,541,Victor Moses,Chelsea,M S,34,2519,3,4.045991532504559,2,2.6332805790007114,45,28,4,0,3,4.045991532504559,9.63523513264954,5.143251778557897
23043,541,Victor Moses,West Ham,F M S,21,982,1,1.911597726866603,2,1.5062665920704603,22,16,0,0,1,1.911597726866603,4.521147080697119,1.385582317598164
23044,541,Victor Moses,Stoke,F M,19,1473,3,4.516806559637189,3,2.320560065098107,41,32,3,0,2,3.755637699738145,6.2295324224978685,1.9420535452663896
