,id,player_name,team_title,position,games,time,goals,xG,assists,xA,shots,key_passes,yellow_cards,red_cards,npg,npxG,xGChain,xGBuildup
23154,5266,Vincenzo Grifo,"Freiburg,Hoffenheim",F M S,27,1640,4,3.1918968856334686,8,6.503948660567403,49,41,1,1,3,2.434200596064329,8.498558463528752,3.618953527882695
23155,5266,Vincenzo Grifo,"Freiburg,Hoffenheim",F M S,23,1768,7,5.079273067414761,5,3.442115269601345,57,45,1,0,5,3.5637196470052004,9.971233248710632,6.046441152691841
23156,5266,Vincenzo Grifo,Freiburg,F M S,15,1202,3,4.419267872348428,6,5.449648687615991,28,34,0,0,1,2.146179700270295,6.85703693702817,3.973625365644693
23157,5266,Vincenzo Grifo,Borussia M.Gladbach,M S,17,782,0,0.8093206537887454,3,2.3075733333826065,12,20,0,0,0,0.8093206537887454,4.315713085234165,2.9057348296046257
23158,5266,Vincenzo Grifo,Freiburg,F M S,31,2341,9,7.740595011971891,11,7.838885976932943,57,66,2,0,5,4.709649705328047,13.716828187927604,5.292958769015968
23159,5266,Vincenzo Grifo,Freiburg,F M S,30,2492,6,5.373060574755073,8,5.807443393394351,83,70,1,0,5,4.615283904597163,9.681025262922049,4.845142375677824
