,id,player_name,team_title,position,games,time,goals,xG,assists,xA,shots,key_passes,yellow_cards,red_cards,npg,npxG,xGChain,xGBuildup
23187,5896,Vitali Shakhov,FC Orenburg,D S,6,478,0,0.1124412938952446,1,0.5410518664866686,3,5,0,0,0,0.1124412938952446,1.0796938743442297,0.9531685803085566
23188,5896,Vitali Shakhov,Tosno,D S,13,933,0,0.1717373505234718,0,0.1096519408747553,4,3,2,1,0,0.1717373505234718,0.3669551908969879,0.3014767579734325
23189,5896,Vitali Shakhov,FC Tambov,D S,12,729,0,0.1354513168334961,0,0.0,1,0,2,0,0,0.1354513168334961,0.5386455431580544,0.5386455431580544
23190,5896,Vitali Shakhov,FC Orenburg,D F,18,1477,0,1.0817441195249555,0,0.1797499749809503,8,6,4,1,0,1.0817441195249555,3.169281478971243,2.802501043304801
