,id,player_name,team_title,position,games,time,goals,xG,assists,xA,shots,key_passes,yellow_cards,red_cards,npg,npxG,xGChain,xGBuildup
23266,2974,Vladimir Dyadyun,FC Rostov,F S,16,947,1,1.6896952837705612,1,0.6707167364656925,21,13,2,0,1,1.6896952837705612,2.4787243269383907,0.380909476429224
23267,2974,Vladimir Dyadyun,Rubin Kazan,F M S,22,1244,2,4.130776382982731,1,1.3883811044506729,30,18,1,0,2,4.130776382982731,7.757400128990412,2.668652256019413
23268,2974,Vladimir Dyadyun,Khimki,F M S,15,970,0,1.5929748937487602,1,0.5401325076818466,25,12,4,0,0,1.5929748937487602,3.474939621984958,1.527165237814188
23269,2974,Vladimir Dyadyun,Rubin Kazan,F M S,14,397,0,0.6104693915694952,0,0.0388069041073322,9,2,2,0,0,0.6104693915694952,1.210799241438508,0.6622501248493791
