,id,player_name,team_title,position,games,time,goals,xG,assists,xA,shots,key_passes,yellow_cards,red_cards,npg,npxG,xGChain,xGBuildup
23314,2894,Vladislav Ignatjev,Lokomotiv Moscow,D S,26,2189,0,0.4020871790125966,2,1.5168424909934402,13,22,3,1,0,0.4020871790125966,6.765823309309781,5.196242625825107
23315,2894,Vladislav Ignatjev,Lokomotiv Moscow,D M,23,1991,1,0.8637570207938552,1,1.5756599754095078,21,28,11,1,1,0.8637570207938552,6.404167395085096,5.101947113871574
23316,2894,Vladislav Ignatjev,Rubin Kazan,S,5,119,0,0.0,0,0.0431047463789582,0,2,0,0,0,0.0,0.242160927504301,0.2125382404774427
23317,2894,Vladislav Ignatjev,Lokomotiv Moscow,D M S,16,955,3,2.2799681276083,0,0.713486754335463,14,8,2,0,3,2.2799681276083,2.5855609215795994,1.3576551713049412
23318,2894,Vladislav Ignatjev,"Kuban Krasnodar,Lokomotiv Moscow",F M S,24,1723,7,4.762085825204849,3,2.8327582869678736,34,22,3,0,6,4.007810525596142,8.474593862891197,2.60202899761498
23319,2894,Vladislav Ignatjev,Kuban Krasnodar,M S,27,1792,4,3.284117766655981,3,1.879012361634523,40,20,2,0,4,3.284117766655981,7.910635886713862,3.323537453077733
23320,2894,Vladislav Ignatjev,Lokomotiv Moscow,D M S,17,991,2,0.6050396719947457,2,1.3685887418687344,12,12,3,0,2,0.6050396719947457,3.227571122348309,1.5464739240705967
23321,2894,Vladislav Ignatjev,Lokomotiv Moscow,D M,24,2093,0,0.9553809827193618,3,3.2930058389902115,14,20,4,0,0,0.9553809827193618,6.787764669395983,3.734232592396438
