,id,player_name,team_title,position,games,time,goals,xG,assists,xA,shots,key_passes,yellow_cards,red_cards,npg,npxG,xGChain,xGBuildup
23270,2744,Vladimir Gabulov,Arsenal Tula,GK,20,1800,0,0.0,0,0.3357354179024696,0,2,2,0,0,0.0,0.9843177357688546,0.648582317866385
23271,2744,Vladimir Gabulov,Dinamo Moscow,GK,22,1980,0,0.0,0,0.0200309306383132,0,1,2,0,0,0.0,1.105691336095333,1.085660407319665
23272,2744,Vladimir Gabulov,Arsenal Tula,GK,13,1126,0,0.0,0,0.0,0,0,2,0,0,0.0,0.5032338872551918,0.5032338872551918
23273,2744,Vladimir Gabulov,Dinamo Moscow,GK,23,2070,0,0.1094504296779632,0,0.0,1,0,3,0,0,0.1094504296779632,0.1917628012597561,0.1917628012597561
