,id,player_name,team_title,position,games,time,goals,xG,assists,xA,shots,key_passes,yellow_cards,red_cards,npg,npxG,xGChain,xGBuildup
23252,2934,Vladimir Bystrov,FC Krasnodar,D M S,8,277,0,0.1326488964259624,0,0.0,3,0,1,0,0,0.1326488964259624,0.6265565473586321,0.5038924161344767
23253,2934,Vladimir Bystrov,FC Krasnodar,F M S,13,484,0,0.9772333344444633,0,0.4948814874514937,9,4,2,0,0,0.9772333344444633,2.288224652409553,0.9047065135091544
23254,2934,Vladimir Bystrov,FC Krasnodar,M S,19,563,3,2.6079347766935825,2,0.6599378511309624,15,4,3,0,3,2.6079347766935825,3.534916047006845,0.2670433856546879
23255,2934,Vladimir Bystrov,Tosno,M S,3,142,0,0.1495143733918666,0,0.0323816649615764,2,1,0,0,0,0.1495143733918666,0.2428546212613582,0.0609585791826248
