,id,player_name,team_title,position,games,time,goals,xG,assists,xA,shots,key_passes,yellow_cards,red_cards,npg,npxG,xGChain,xGBuildup
23327,3108,Vladislav Kulik,Kuban Krasnodar,M S,25,1701,0,0.6960715530440211,0,0.7385714566335082,15,15,8,0,0,0.6960715530440211,5.46404171641916,4.333809386007488
23328,3108,Vladislav Kulik,Kuban Krasnodar,M S,16,1217,0,0.8264145180583,5,1.5295062139630318,13,17,0,0,0,0.8264145180583,3.588495487347245,2.05333910882473
23329,3108,Vladislav Kulik,FC Tambov,M S,5,119,0,0.0,0,0.0888054072856903,0,3,0,0,0,0.0,0.0582760013639926,0.0582760013639926
23330,3108,Vladislav Kulik,Anzhi Makhachkala,M,24,2086,3,2.9993154564872384,1,1.3528230455704031,20,37,2,0,1,0.736489518545568,3.559303940739482,2.767528345808387
