,id,player_name,team_title,position,games,time,goals,xG,assists,xA,shots,key_passes,yellow_cards,red_cards,npg,npxG,xGChain,xGBuildup
23288,3123,Vladimir Khozin,Ural,D S,14,911,0,0.6147460350766778,0,0.9750842386856676,17,7,2,0,0,0.6147460350766778,2.43993762973696,1.3467438835650682
23289,3123,Vladimir Khozin,Ural,S,1,7,0,0.0,0,0.0,0,0,0,0,0,0.0,0.0,0.0
23290,3123,Vladimir Khozin,Ural,D,29,2598,3,1.696005723439157,5,3.576189821586013,25,24,5,0,3,1.696005723439157,5.258761121891439,3.034185748547316
