,id,player_name,team_title,position,games,time,goals,xG,assists,xA,shots,key_passes,yellow_cards,red_cards,npg,npxG,xGChain,xGBuildup
23354,6611,Vyacheslav Grulev,Dinamo Moscow,F S,16,928,6,2.437040153890848,0,0.7699679750949144,29,12,3,0,6,2.437040153890848,3.999138935469091,1.338512022048235
23355,6611,Vyacheslav Grulev,Dinamo Moscow,M S,11,275,2,1.0687587270513177,0,0.5971643142402172,14,5,0,0,2,1.0687587270513177,1.979489681310952,0.7233331315219402
23356,6611,Vyacheslav Grulev,Dinamo Moscow,S,2,51,0,0.0718624293804168,0,0.0325359031558036,2,1,0,0,0,0.0718624293804168,0.1043983325362205,0.0
23357,6611,Vyacheslav Grulev,Dinamo Moscow,F S,25,1380,4,4.065494794398546,1,1.2744323229417205,56,24,7,0,4,4.065494794398546,5.674147240817547,1.3833125876262784
23358,6611,Vyacheslav Grulev,Dinamo Moscow,F M S,13,399,1,1.17271289229393,1,1.72842375934124,10,9,0,0,1,1.17271289229393,2.677088720723986,0.037156157195568
