,id,player_name,team_title,position,games,time,goals,xG,assists,xA,shots,key_passes,yellow_cards,red_cards,npg,npxG,xGChain,xGBuildup
23420,2298,Víctor Ruiz,Villarreal,D S,35,2986,0,0.63439030200243,0,0.0,4,0,9,0,0,0.63439030200243,4.832216709852219,4.832216709852219
23421,2298,Víctor Ruiz,Villarreal,D S,28,2368,1,1.2847477421164513,1,1.132308811880648,5,6,4,2,1,1.2847477421164513,4.838081691414118,4.362191710621119
23422,2298,Víctor Ruiz,Villarreal,D S,25,2202,0,1.341834916733205,2,1.0048237964510918,7,3,5,0,0,1.341834916733205,3.800113186240196,3.0486075431108475
23423,2298,Víctor Ruiz,Real Betis,D S,27,2148,2,1.528688911348581,0,0.0480845049023628,4,2,9,0,2,1.528688911348581,4.940835932269692,4.901780540123582
23424,2298,Víctor Ruiz,Villarreal,D,22,1978,0,0.338647773489356,0,0.407441433519125,8,3,10,0,0,0.338647773489356,5.171293139457703,5.171293139457703
23425,2298,Víctor Ruiz,Real Betis,D,10,816,0,0.3953535482287407,0,0.0504670776426792,2,2,1,0,0,0.3953535482287407,1.893691411241889,1.8676956165581944
23426,2298,Víctor Ruiz,Villarreal,D,27,2417,2,1.1696074046194551,1,0.1070834901183843,5,3,9,1,2,1.1696074046194551,9.09352007508278,9.031133726239204
