,id,player_name,team_title,position,games,time,goals,xG,assists,xA,shots,key_passes,yellow_cards,red_cards,npg,npxG,xGChain,xGBuildup
23404,947,Víctor Ibarbo,Watford,S,4,60,0,0.0,0,0.0,0,0,0,0,0,0.0,0.0175134539604187,0.0175134539604187
23405,947,Víctor Ibarbo,Cagliari,S,3,30,0,0.2967828214168548,0,0.0,1,0,0,0,0,0.2967828214168548,0.3119802633300423,0.0151974419131875
23406,947,Víctor Ibarbo,Roma,S,2,8,0,0.0,0,0.0,0,0,0,0,0,0.0,0.379287987947464,0.379287987947464
23407,947,Víctor Ibarbo,"Cagliari,Roma",F S,23,1630,2,4.962238106876612,3,4.883912172168493,28,33,5,1,2,4.962238106876612,11.657979644834995,5.269107603468001
