,id,player_name,team_title,position,games,time,goals,xG,assists,xA,shots,key_passes,yellow_cards,red_cards,npg,npxG,xGChain,xGBuildup
23387,2390,Víctor Camarasa,Levante,M S,34,2117,2,2.27686249744147,3,1.689084209501743,28,19,4,0,2,2.27686249744147,5.529270742088556,3.03524567745626
23388,2390,Víctor Camarasa,Real Betis,F M S,24,1253,1,1.4246835224330423,0,1.2761702919378877,21,13,1,0,1,1.4246835224330423,5.102118535898626,3.11321681085974
23389,2390,Víctor Camarasa,Alaves,M S,17,1306,0,0.2777028363198042,1,2.2404464706778526,9,14,1,0,0,0.2777028363198042,4.189174743369222,3.460397247225046
23390,2390,Víctor Camarasa,Cardiff,M S,32,2606,5,3.907942879013717,4,3.626392999663949,41,50,6,0,4,3.146774041466415,7.982398683205247,4.113611032254994
23391,2390,Víctor Camarasa,Levante,D M S,24,1808,2,0.9665860254317522,1,0.6046942844986916,20,9,6,0,2,0.9665860254317522,4.345153851434588,3.1908507836051285
23392,2390,Víctor Camarasa,Alaves,F M S,31,2510,3,4.208310637623072,1,3.741342367604375,31,27,4,0,3,4.208310637623072,9.63198378123343,2.9463080456480384
23393,2390,Víctor Camarasa,Real Betis,S,5,77,0,0.0122706415131688,0,0.0,1,0,0,0,0,0.0122706415131688,0.1033831043168902,0.0911124628037214
23394,2390,Víctor Camarasa,Crystal Palace,S,1,3,0,0.0,0,0.0,0,0,0,0,0,0.0,0.0653771683573722,0.0653771683573722
