,id,player_name,team_title,position,games,time,goals,xG,assists,xA,shots,key_passes,yellow_cards,red_cards,npg,npxG,xGChain,xGBuildup
23452,5226,Walace,Hamburger SV,M,9,724,1,0.2415549419820308,0,0.0331516787409782,6,1,2,0,1,0.2415549419820308,1.3007369879633188,1.2023746762424707
23453,5226,Walace,Hamburger SV,M S,18,1324,1,0.586523849517107,2,1.2643432710319755,18,12,3,0,1,0.586523849517107,2.6446843277662992,1.5007079606875775
23454,5226,Walace,Udinese,M S,20,1129,0,0.4835823094472289,0,0.569662693887949,11,9,2,0,0,0.4835823094472289,3.894341729581356,3.157430624589324
23455,5226,Walace,Udinese,M S,30,2058,0,0.4704207312315702,0,0.2353953877463936,17,9,4,0,0,0.4704207312315702,6.267739032395184,5.87020867690444
23456,5226,Walace,Hannover 96,M S,26,2004,1,0.5113713443279266,1,0.5578418467193842,19,14,5,0,1,0.5113713443279266,5.660393441095948,4.957394296303392
23457,5226,Walace,Udinese,M S,16,1352,0,0.529879704117775,0,1.7287973994389176,23,18,4,1,0,0.529879704117775,4.360515987500548,3.209057374857366
