,id,player_name,team_title,position,games,time,goals,xG,assists,xA,shots,key_passes,yellow_cards,red_cards,npg,npxG,xGChain,xGBuildup
23516,2332,Weligton,Malaga,D,1,90,0,0.0,0,0.0,0,0,1,0,0,0.0,0.0278451349586248,0.0278451349586248
23517,2332,Weligton,Malaga,D,30,2609,0,0.17055718973279,2,0.9609832726418972,4,5,5,0,0,0.17055718973279,4.290782630443573,3.8401286862790585
23518,2332,Weligton,Malaga,D,32,2747,0,0.2062484193593263,1,0.6759473513811827,5,4,13,2,0,0.2062484193593263,1.7614114619791508,1.6833587735891342
