,id,player_name,team_title,position,games,time,goals,xG,assists,xA,shots,key_passes,yellow_cards,red_cards,npg,npxG,xGChain,xGBuildup
23520,8984,Wendel,Zenit St. Petersburg,M,17,1457,3,1.7777519673109057,1,2.21609422378242,30,21,3,0,3,1.7777519673109057,14.710520654916763,12.21536710485816
23521,8984,Wendel,Zenit St. Petersburg,M S,15,1117,2,1.4069677283987403,3,2.248514346778393,31,19,1,0,2,1.4069677283987403,7.835502203553915,4.389538567513228
