,id,player_name,team_title,position,games,time,goals,xG,assists,xA,shots,key_passes,yellow_cards,red_cards,npg,npxG,xGChain,xGBuildup
23542,7589,Wesley Fofana,Saint-Etienne,D S,2,161,0,0.0,0,0.0,0,0,0,0,0,0.0,0.6126836016774178,0.6126836016774178
23543,7589,Wesley Fofana,Saint-Etienne,D S,4,312,0,0.0179172120988369,0,0.017700508236885,1,1,1,0,0,0.0179172120988369,0.6193414628505707,0.6016409546136856
23544,7589,Wesley Fofana,Saint-Etienne,D S,14,1213,1,0.8253350220620632,0,0.0360734555870294,6,2,4,0,1,0.8253350220620632,0.913806799799204,0.7500351406633854
23545,7589,Wesley Fofana,Leicester,D S,28,2274,0,1.3763294033706188,0,0.2828555423766374,11,6,7,0,0,1.3763294033706188,7.294468946754932,7.199470266699791
