,id,player_name,team_title,position,games,time,goals,xG,assists,xA,shots,key_passes,yellow_cards,red_cards,npg,npxG,xGChain,xGBuildup
23585,6251,Wilfried Kanga,Angers,F S,18,463,2,1.9791654739528888,0,0.330020485445857,19,7,3,0,2,1.9791654739528888,2.2525039967149496,0.1350599005818367
23586,6251,Wilfried Kanga,Angers,F S,9,162,0,0.1113198474049568,0,0.0,2,0,0,0,0,0.1113198474049568,0.2077266611158847,0.0964068137109279
23587,6251,Wilfried Kanga,Angers,S,4,58,0,0.3250490352511406,0,0.0948329344391822,3,2,0,0,0,0.3250490352511406,0.3939514402300119,0.0764497462660074
23588,6251,Wilfried Kanga,Angers,F,2,138,0,0.2900376915931701,0,0.0,1,0,0,0,0,0.2900376915931701,0.2900376915931701,0.0
