,id,player_name,team_title,position,games,time,goals,xG,assists,xA,shots,key_passes,yellow_cards,red_cards,npg,npxG,xGChain,xGBuildup
23579,5211,Wilfrid Kaptoum,Real Betis,M S,5,192,0,0.0621818304061889,0,0.0344170778989791,3,1,1,0,0,0.0621818304061889,0.1581307537853717,0.0615318454802036
23580,5211,Wilfrid Kaptoum,Real Betis,M S,10,782,0,0.1686501204967498,0,0.0738222412765026,3,2,2,0,0,0.1686501204967498,1.839731665328145,1.5972593519836664
