,id,player_name,team_title,position,games,time,goals,xG,assists,xA,shots,key_passes,yellow_cards,red_cards,npg,npxG,xGChain,xGBuildup
23627,6229,William,"Schalke 04,Wolfsburg",D F M S,10,484,0,0.1833604732528329,0,0.0197678487747907,4,1,2,0,0,0.1833604732528329,0.5396010791882873,0.3364727795124054
23628,6229,William,Wolfsburg,D,16,1366,1,1.559375336393714,1,2.063816783949733,18,15,0,0,1,1.559375336393714,5.262502891942859,2.2301803529262543
23629,6229,William,Wolfsburg,D S,31,2679,2,1.4901981381699445,1,3.0802165549248457,25,40,10,0,2,1.4901981381699445,12.355498980730772,9.172401394695044
23630,4683,William,FC Ufa,M,1,46,0,0.0366015955805778,0,0.0502039268612861,1,1,0,0,0,0.0366015955805778,0.0439792238175869,0.0073776291683316
23631,6229,William,Wolfsburg,D M S,22,1613,0,0.1915973341092467,2,1.8506273999810217,6,18,4,1,0,0.1915973341092467,3.4272995479404926,2.043462872505188
