,id,player_name,team_title,position,games,time,goals,xG,assists,xA,shots,key_passes,yellow_cards,red_cards,npg,npxG,xGChain,xGBuildup
23690,529,Winston Reid,West Ham,D,17,1455,0,0.161589989438653,0,0.2370822131633758,5,4,5,0,0,0.161589989438653,1.900938982143998,1.7904289308935404
23691,529,Winston Reid,West Ham,D S,30,2497,1,1.2366654220968485,0,1.2207211153581738,11,8,10,0,1,1.2366654220968485,3.956110122147948,3.856601691339165
23692,529,Winston Reid,West Ham,D,24,2139,1,1.395643526688218,1,0.3526048716157675,17,7,5,0,1,1.395643526688218,2.722023932263255,2.6309201810508966
23693,529,Winston Reid,West Ham,D,30,2595,2,0.8129213629290462,2,0.9388463040813804,11,8,8,1,2,0.8129213629290462,3.4150192588567734,3.276718994602561
