,id,player_name,team_title,position,games,time,goals,xG,assists,xA,shots,key_passes,yellow_cards,red_cards,npg,npxG,xGChain,xGBuildup
23712,7267,Woo-Yeong Jeong,Freiburg,F M S,26,803,4,1.5147911421954632,0,1.1904620686545968,14,13,0,0,4,1.5147911421954632,5.029630343429744,2.82680294662714
23713,7267,Woo-Yeong Jeong,Bayern Munich,S,1,2,0,0.0617335252463817,0,0.0,1,0,0,0,0,0.0617335252463817,0.0617335252463817,0.0
23714,7267,Woo-Yeong Jeong,Freiburg,F M S,15,914,3,3.546978024765849,0,0.3581305183470249,24,6,0,0,3,3.546978024765849,5.1253229305148125,1.816494534723461
