,id,player_name,team_title,position,games,time,goals,xG,assists,xA,shots,key_passes,yellow_cards,red_cards,npg,npxG,xGChain,xGBuildup
23726,4768,Wylan Cyprien,Nice,M S,16,942,2,1.1966932080686092,2,1.3658899795264006,20,18,2,0,2,1.1966932080686092,4.948873825371265,3.3379268925637007
23727,4768,Wylan Cyprien,Nantes,M S,11,616,1,0.3340312410145998,1,1.3039716333150864,8,14,0,0,1,0.3340312410145998,1.1998895686119797,0.4978172909468412
23728,4768,Wylan Cyprien,Nice,M,20,1776,7,6.098404489457607,3,3.4993514101952314,58,37,1,1,2,2.2979288659989834,6.75616342201829,5.734583196230233
23729,4768,Wylan Cyprien,Nice,F M S,29,2430,8,3.535253115929663,3,2.202202172018588,52,26,2,0,8,3.535253115929663,14.898982148617506,11.011067256331444
23730,4768,Wylan Cyprien,Nice,M S,29,2373,4,4.648100782185793,2,4.185489417053759,53,61,1,1,3,3.127910505980253,10.231129750609398,7.405015867203474
23731,4768,Wylan Cyprien,Parma Calcio 1913,M S,13,387,0,0.2067801794037223,0,0.1550618773326277,6,4,2,0,0,0.2067801794037223,1.1115159001201391,1.048009855672717
23732,4768,Wylan Cyprien,Lens,M S,33,2198,2,1.6451170714572072,2,3.124955435283482,37,32,9,0,2,1.6451170714572072,6.799474960193038,3.987500866875053
