,id,player_name,team_title,position,games,time,goals,xG,assists,xA,shots,key_passes,yellow_cards,red_cards,npg,npxG,xGChain,xGBuildup
23738,2233,Xabi Prieto,Real Sociedad,M S,38,2824,8,5.268961986526847,6,4.516221112571657,34,48,2,0,7,4.525684354826808,13.96263236925006,7.416211790405214
23739,2233,Xabi Prieto,Real Sociedad,F M S,36,2376,3,2.446499472483993,3,5.008602453395724,18,37,3,0,2,1.7032218631356957,8.663605633191764,5.375255939550698
23740,2233,Xabi Prieto,Real Sociedad,F M S,26,1949,3,2.4359100153669715,5,5.377805903553963,16,42,1,0,2,1.6926324060186744,11.092749066650867,6.30060550570488
23741,2233,Xabi Prieto,Real Sociedad,M S,35,2988,4,3.2240214105695486,6,4.763321085833013,32,49,5,0,2,1.7374661844223738,9.610716520808635,6.441056678071618
