,id,player_name,team_title,position,games,time,goals,xG,assists,xA,shots,key_passes,yellow_cards,red_cards,npg,npxG,xGChain,xGBuildup
23751,2146,Xavi Torres,Real Betis,M S,12,628,0,0.6412650924175978,0,0.0588133968412876,7,1,2,0,0,0.6412650924175978,1.0284726787358522,0.8969203531742096
23752,2146,Xavi Torres,Sporting Gijon,M S,17,855,0,0.5850574485957623,0,0.1679508537054062,5,3,6,0,0,0.5850574485957623,1.0784339923411608,1.0265432987362146
