,id,player_name,team_title,position,games,time,goals,xG,assists,xA,shots,key_passes,yellow_cards,red_cards,npg,npxG,xGChain,xGBuildup
23757,7492,Xavier Quintillá,Villarreal,D S,19,1572,0,0.2116307914257049,2,2.4838667195290327,3,19,6,0,0,0.2116307914257049,8.50885209813714,6.89637191593647
23758,7492,Xavier Quintillá,Villarreal,D,7,628,0,0.0948393866419792,0,0.3735682629048824,3,5,1,0,0,0.0948393866419792,0.9015613794326782,0.6192917767912149
