,id,player_name,team_title,position,games,time,goals,xG,assists,xA,shots,key_passes,yellow_cards,red_cards,npg,npxG,xGChain,xGBuildup
23794,3641,Yacouba Sylla,Rennes,M S,20,1499,0,0.4339072639122605,1,0.807893636636436,9,10,4,1,0,0.4339072639122605,3.4491798682138324,2.38415040448308
23795,3641,Yacouba Sylla,Montpellier,D M S,19,1073,1,0.4888149574398994,0,0.429054569453001,6,4,3,0,1,0.4888149574398994,2.78923524171114,1.8972073327749968
