,id,player_name,team_title,position,games,time,goals,xG,assists,xA,shots,key_passes,yellow_cards,red_cards,npg,npxG,xGChain,xGBuildup
23822,3629,Yann Jouffre,Metz,M S,4,272,0,0.0495910979807376,0,0.5056424755603075,1,6,0,0,0,0.0495910979807376,0.6213520243763924,0.5593481138348579
23823,3629,Yann Jouffre,Lorient,M S,27,1793,2,2.283962797373533,5,3.803112620487809,40,35,3,0,2,2.283962797373533,7.960564240813255,4.177669426426292
23824,3629,Yann Jouffre,Metz,M S,20,1256,4,2.135814370587468,2,1.7122494904324412,17,28,1,0,2,0.6156241316348314,3.008170509710908,2.145513078197837
23825,3629,Yann Jouffre,Lorient,M S,18,1112,0,1.1256933929398656,1,2.2378269098699093,19,24,1,0,0,1.1256933929398656,4.070719573646784,1.953239556401968
