,id,player_name,team_title,position,games,time,goals,xG,assists,xA,shots,key_passes,yellow_cards,red_cards,npg,npxG,xGChain,xGBuildup
23850,518,Yannick Bolasie,Crystal Palace,F M S,26,2075,5,4.791509328410029,3,3.785496371798217,57,23,2,0,5,4.791509328410029,7.913272911682725,1.928498043678701
23851,518,Yannick Bolasie,Everton,F M S,16,851,1,2.023974404670298,0,0.3391272313892841,19,4,0,0,1,2.023974404670298,2.53305880445987,1.2261016555130482
23852,518,Yannick Bolasie,"Crystal Palace,Everton",F M S,14,1056,1,1.2203223295509815,4,4.774220962077379,27,20,3,0,1,1.2203223295509815,6.779854089021683,1.356860252097249
23853,518,Yannick Bolasie,Crystal Palace,F M S,34,2788,4,4.837671763263643,6,5.125396749004722,69,46,3,0,4,4.837671763263643,11.88829618319869,3.093482771888376
