,id,player_name,team_title,position,games,time,goals,xG,assists,xA,shots,key_passes,yellow_cards,red_cards,npg,npxG,xGChain,xGBuildup
23814,3206,Yann Bodiger,Toulouse,M S,7,219,0,0.0,0,0.045581679791212,0,1,0,0,0,0.0,0.4307670406997204,0.3851853609085083
23815,3206,Yann Bodiger,Cadiz,M S,9,235,0,0.0,0,0.1161046400666236,0,2,0,0,0,0.0,0.7251427508890629,0.6758619733154774
23816,3206,Yann Bodiger,Toulouse,M S,29,1846,1,1.9966487092897296,3,2.224809300154448,19,25,7,1,0,1.2365535786375403,4.707758404314518,3.41020280867815
23817,3206,Yann Bodiger,Toulouse,M S,22,1070,1,0.7114638825878501,0,0.5007253419607878,10,8,8,0,1,0.7114638825878501,3.4512944733724,3.0571422651410103
23818,3206,Yann Bodiger,Toulouse,S,1,12,0,0.0,0,0.0,0,0,0,0,0,0.0,0.0785883665084838,0.0785883665084838
23819,3206,Yann Bodiger,Toulouse,M,10,900,0,0.1924792043864727,1,0.7736888378858566,8,4,3,0,0,0.1924792043864727,1.877840731292963,1.4583279751241207
