,id,player_name,team_title,position,games,time,goals,xG,assists,xA,shots,key_passes,yellow_cards,red_cards,npg,npxG,xGChain,xGBuildup
23854,2948,Yannick Boli,Anzhi Makhachkala,F M S,28,2061,9,10.350841814652084,3,2.646720366552472,70,23,5,0,7,8.84229120053351,10.449091060087085,1.4714678013697269
23855,2948,Yannick Boli,Anzhi Makhachkala,F S,11,504,2,1.4881352912634611,0,0.0,9,0,2,0,1,0.7338599916547537,0.764680864289403,0.0308208726346492
