,id,player_name,team_title,position,games,time,goals,xG,assists,xA,shots,key_passes,yellow_cards,red_cards,npg,npxG,xGChain,xGBuildup
23912,3366,Yassine Benzia,Lille,M,2,162,0,0.1749510541558265,1,0.803976833820343,6,5,0,0,0,0.1749510541558265,1.3485622853040695,1.147965943440795
23913,3366,Yassine Benzia,Dijon,M S,3,178,0,0.112066376954317,0,0.3478623889386654,4,4,0,0,0,0.112066376954317,1.1082370057702065,0.6917061656713486
23914,3366,Yassine Benzia,Dijon,F M S,7,410,2,1.658474676311016,0,0.3327558226883411,6,9,1,0,0,0.1382843907922506,1.6523115877062082,1.302871584892273
23915,3366,Yassine Benzia,Lille,F M S,25,1349,5,3.789757072925568,0,0.8036881051957607,37,16,4,0,5,3.789757072925568,5.446553975343704,1.2535936646163464
23916,3366,Yassine Benzia,Lille,F M S,25,1651,3,3.5045570507645607,3,3.067172843031585,36,33,3,0,2,2.744461879134178,7.0035456931218505,2.0492245089262724
23917,3366,Yassine Benzia,Lyon,F S,10,320,2,1.9395785257220268,0,0.2303851842880249,10,5,0,0,2,1.9395785257220268,1.3552072811871767,0.795612895861268
23918,3366,Yassine Benzia,Lille,F M S,31,2330,1,1.4353842986747622,5,4.651380732655525,29,61,7,0,1,1.4353842986747622,11.08571020513773,7.149462598375976
