,id,player_name,team_title,position,games,time,goals,xG,assists,xA,shots,key_passes,yellow_cards,red_cards,npg,npxG,xGChain,xGBuildup
23938,5062,Yeray Álvarez,Athletic Club,D S,23,1947,1,0.4605800453573465,0,0.4038510229438543,10,6,6,0,1,0.4605800453573465,4.227621912956238,4.05489294230938
23939,5062,Yeray Álvarez,Athletic Club,D S,26,2270,0,1.2211894011124969,0,0.3452838268131017,13,7,3,0,0,1.2211894011124969,3.598116218112409,3.472212255001068
23940,5062,Yeray Álvarez,Athletic Club,D,8,720,0,0.2110062036663293,0,0.1209409181028604,3,3,3,0,0,0.2110062036663293,2.330827910453081,2.2708586640655994
23941,5062,Yeray Álvarez,Athletic Club,D S,8,673,0,0.0369064100086689,0,0.0684272283688187,1,2,2,0,0,0.0369064100086689,1.309996000491083,1.241568772122264
23942,5062,Yeray Álvarez,Athletic Club,D,30,2614,0,1.925979666411877,0,0.0957994535565376,11,2,10,0,0,1.925979666411877,4.3789360439404845,4.329909662716091
23943,5062,Yeray Álvarez,Athletic Club,D,32,2810,0,1.037856307812035,0,0.5710202623158693,12,5,2,0,0,1.037856307812035,4.236205223947763,4.116468319669366
