,id,player_name,team_title,position,games,time,goals,xG,assists,xA,shots,key_passes,yellow_cards,red_cards,npg,npxG,xGChain,xGBuildup
23948,6521,Yerry Mina,Everton,D S,7,486,0,0.043035989627242,0,0.0,2,0,1,0,0,0.043035989627242,0.2128947805613279,0.2128947805613279
23949,6521,Yerry Mina,Barcelona,D S,5,370,0,0.2504298985004425,1,0.2428695484995842,3,3,2,0,0,0.2504298985004425,2.175447583198548,1.9325780346989632
23950,6521,Yerry Mina,Everton,D S,29,2276,2,3.0817261235788465,1,1.7176469285041094,30,7,3,0,2,3.0817261235788465,4.244191146455705,3.931434541009368
23951,6521,Yerry Mina,Everton,D S,13,891,1,0.7469829162582755,0,0.1373866721987724,4,3,3,0,1,0.7469829162582755,1.919598577544093,1.902758179232478
23952,6521,Yerry Mina,Everton,D S,24,1941,2,1.749434195458889,0,0.0195989739149808,17,1,2,0,2,1.749434195458889,4.3131408374756575,4.212718678638339
