,id,player_name,team_title,position,games,time,goals,xG,assists,xA,shots,key_passes,yellow_cards,red_cards,npg,npxG,xGChain,xGBuildup
23953,2068,Yevhen Konoplyanka,Schalke 04,F M S,27,1573,4,5.138900671154261,4,4.929584577679634,54,31,1,0,4,5.138900671154261,11.847873456776142,3.173303837887943
23954,2068,Yevhen Konoplyanka,Schalke 04,F M S,13,653,1,1.5061893537640572,1,1.1934282556176186,17,11,0,1,1,1.5061893537640572,3.1286769434809685,1.20715275965631
23955,2068,Yevhen Konoplyanka,Sevilla,M S,32,1607,4,3.869819630868733,4,6.729269361123443,51,35,4,0,3,3.126541991718113,10.521043586544693,4.246958114206791
23956,2068,Yevhen Konoplyanka,Schalke 04,F M S,17,601,1,1.678008669987321,1,0.7123503088951111,15,7,1,0,1,1.678008669987321,2.471117902547121,0.3220619484782219
