,id,player_name,team_title,position,games,time,goals,xG,assists,xA,shots,key_passes,yellow_cards,red_cards,npg,npxG,xGChain,xGBuildup
23975,3446,Yoann Court,Brest,F M S,23,1475,3,1.5355896037071943,7,3.3719764053821564,33,17,6,0,3,1.5355896037071943,4.626782726496458,1.806863283738494
23976,3446,Yoann Court,Troyes,M S,25,956,0,1.601645428687334,0,0.6801026714965701,22,13,5,0,0,1.601645428687334,2.7938185185194016,1.2888373956084251
