,id,player_name,team_title,position,games,time,goals,xG,assists,xA,shots,key_passes,yellow_cards,red_cards,npg,npxG,xGChain,xGBuildup
23978,3229,Yoann Gourcuff,Rennes,M S,12,624,2,1.1691032014787195,0,0.5177984545007348,10,10,0,0,2,1.1691032014787195,2.84634633269161,1.475150109268725
23979,3229,Yoann Gourcuff,Rennes,F M,27,2310,4,2.268051250837744,3,4.245050355792046,38,48,3,0,4,2.268051250837744,9.298114590346811,5.343759617768228
23980,3229,Yoann Gourcuff,Dijon,S,8,117,0,0.3803271204233169,0,0.1333970930427312,7,3,0,0,0,0.3803271204233169,0.5788666605949402,0.3065699422731995
23981,3229,Yoann Gourcuff,Rennes,M S,10,421,1,0.3603136260062456,2,0.8816342363134027,9,5,0,0,1,0.3603136260062456,2.1356136817485094,0.9364012349396944
23982,3229,Yoann Gourcuff,Lyon,M S,17,773,3,2.140963539481163,4,2.171343993395567,19,21,0,0,3,2.140963539481163,4.647604789584875,1.7802176047116518
