,id,player_name,team_title,position,games,time,goals,xG,assists,xA,shots,key_passes,yellow_cards,red_cards,npg,npxG,xGChain,xGBuildup
23997,6379,Yoel Armougom,Caen,D M S,29,1835,0,0.255510694347322,1,1.356433194130659,11,15,4,1,0,0.255510694347322,3.229371248744428,2.154743066057563
23998,6379,Yoel Armougom,Caen,M S,4,131,0,0.0,0,0.0382412374019622,0,1,0,0,0,0.0,0.18530835211277,0.18530835211277
