,id,player_name,team_title,position,games,time,goals,xG,assists,xA,shots,key_passes,yellow_cards,red_cards,npg,npxG,xGChain,xGBuildup
24025,47,Yoshinori Muto,Mainz 05,F S,19,1010,5,4.150422938168049,0,0.5898164641112089,18,7,3,0,5,4.150422938168049,3.9761817809194326,0.544452328234911
24026,47,Yoshinori Muto,Mainz 05,F S,20,1499,7,8.975673271343112,2,1.4132977817207577,34,14,2,0,7,8.975673271343112,10.871129414066672,1.6200952176004648
24027,47,Yoshinori Muto,Newcastle United,F M S,17,512,1,1.019024733453989,0,0.3132425602525472,6,5,1,0,1,1.019024733453989,1.3042724635452032,0.7278851494193077
24028,47,Yoshinori Muto,Eibar,F M S,26,1118,1,2.4778813160955906,1,1.0937844580039382,22,11,1,0,1,2.4778813160955906,3.722419373691082,1.1404266487807035
24029,47,Yoshinori Muto,Mainz 05,F S,27,1911,8,4.823194079101086,2,1.7365938369184732,37,17,2,0,8,4.823194079101086,7.276023322716355,0.998492892831564
24030,47,Yoshinori Muto,Newcastle United,M S,8,193,0,0.0836718380451202,0,0.0141810271888971,1,1,0,0,0,0.0836718380451202,0.2069709375500679,0.1091180723160505
