,id,player_name,team_title,position,games,time,goals,xG,assists,xA,shots,key_passes,yellow_cards,red_cards,npg,npxG,xGChain,xGBuildup
24049,5956,Youri Tielemans,Monaco,M S,27,1559,0,1.210344223305583,1,1.2239285614341495,25,17,1,0,0,1.210344223305583,8.566533791832626,7.0337089924141765
24050,5956,Youri Tielemans,Leicester,M,12,1069,5,2.713506992906332,2,2.7002946212887764,29,22,1,0,4,1.952338125556708,6.413024224340916,2.6329048313200474
24051,5956,Youri Tielemans,Leicester,M S,38,3359,6,4.168203926645219,4,3.312251338735223,48,49,6,0,4,2.64586631115526,18.97534204274416,14.94546852633357
24052,5956,Youri Tielemans,Leicester,M,13,1098,3,2.055863954126835,4,2.5030784867703915,31,16,2,0,3,2.055863954126835,8.308924078941345,5.261959716677666
24053,5956,Youri Tielemans,Monaco,M,20,1686,5,2.595582873560488,1,2.0281037874519825,34,19,5,0,4,1.835619599558413,5.932200990617275,3.7402415238320814
24054,5956,Youri Tielemans,Leicester,M S,37,2849,3,2.7923809867352247,6,5.186099678277969,56,53,2,0,3,2.7923809867352247,17.103863075375557,11.131553751416504
