,id,player_name,team_title,position,games,time,goals,xG,assists,xA,shots,key_passes,yellow_cards,red_cards,npg,npxG,xGChain,xGBuildup
24083,797,Youssouf Mulumbu,Norwich,M S,7,374,0,0.1450005620718002,0,0.0152242323383688,3,1,1,0,0,0.1450005620718002,0.3862264268100261,0.24410505220294
24084,797,Youssouf Mulumbu,West Bromwich Albion,M S,17,900,0,0.4765350893139839,0,0.3007145375013351,12,5,1,1,0,0.4765350893139839,1.863265287131071,1.71422628313303
