,id,player_name,team_title,position,games,time,goals,xG,assists,xA,shots,key_passes,yellow_cards,red_cards,npg,npxG,xGChain,xGBuildup
24092,9133,Youssoufa Moukoko,Borussia Dortmund,F S,6,92,0,0.7009564992040396,0,0.0599081069231033,2,1,1,0,0,0.7009564992040396,0.7608646061271429,0.0599081069231033
24093,9133,Youssoufa Moukoko,Borussia Dortmund,F S,14,394,3,2.253476724028588,0,0.7388399988412857,20,2,0,0,3,2.253476724028588,4.1390052773058414,1.2229013461619616
