,id,player_name,team_title,position,games,time,goals,xG,assists,xA,shots,key_passes,yellow_cards,red_cards,npg,npxG,xGChain,xGBuildup
24072,6945,Youssouf Fofana,Monaco,M S,16,901,0,0.2609325665980577,3,0.641006538644433,11,6,4,0,0,0.2609325665980577,3.933982059359552,3.140103770419956
24073,6945,Youssouf Fofana,Monaco,M,35,2902,0,1.628366799093783,3,1.8910983856767416,36,28,8,1,0,1.628366799093783,12.61922555975616,10.391560859046876
24074,6945,Youssouf Fofana,"Monaco,Strasbourg",M S,20,1639,1,1.0369667364284396,2,0.9457829836755992,21,13,1,0,1,1.0369667364284396,4.920426368713379,3.0821202090010047
24075,6945,Youssouf Fofana,Strasbourg,M S,17,902,2,1.115280780941248,1,0.5836121924221516,12,6,0,0,2,1.115280780941248,2.4959172643721104,1.0346643812954426
