,id,player_name,team_title,position,games,time,goals,xG,assists,xA,shots,key_passes,yellow_cards,red_cards,npg,npxG,xGChain,xGBuildup
24098,8276,Yun Il-Lok,Montpellier,M S,5,115,0,0.5031289122998714,0,0.4601580593734979,2,3,0,0,0,0.5031289122998714,0.9912242088466884,0.0279372073709964
24099,8276,Yun Il-Lok,Montpellier,F M S,12,298,0,0.4944974649697542,0,0.4078285098075866,6,4,1,0,0,0.4944974649697542,1.272132510319352,0.8280076645314693
