,id,player_name,team_title,position,games,time,goals,xG,assists,xA,shots,key_passes,yellow_cards,red_cards,npg,npxG,xGChain,xGBuildup
24106,45,Yunus Malli,Wolfsburg,F M S,21,674,1,1.7521682856604457,1,1.2598093543201685,8,16,0,0,0,0.9948829291388392,3.055930063128472,1.4307857304811478
24107,45,Yunus Malli,Wolfsburg,F M S,31,2238,5,4.282688093371689,4,2.951396567746997,55,28,3,0,5,4.282688093371689,8.786645326763391,3.4378233393654227
24108,45,Yunus Malli,Mainz 05,F M S,34,2802,11,10.036162473261356,4,7.182567376643419,64,43,0,0,10,9.278466202318668,21.009131278842688,6.7659849636256695
24109,45,Yunus Malli,Wolfsburg,M,1,60,0,0.0,0,0.1128293275833129,0,2,0,0,0,0.0,0.1342684030532837,0.0214390754699707
24110,45,Yunus Malli,Union Berlin,F M S,13,686,0,1.2458695974200964,1,0.8541033491492271,12,6,1,0,0,1.2458695974200964,3.057406710460782,1.0995259433984756
24111,45,Yunus Malli,Mainz 05,F M S,31,2186,6,5.146579470485449,4,3.9586449544876814,47,31,2,0,6,5.146579470485449,11.395920224487782,4.077945787459612
24112,45,Yunus Malli,"Mainz 05,Wolfsburg",F M S,32,2561,7,8.012632011435926,7,5.9776367247104645,60,51,1,0,4,5.739301911555231,11.998621888458729,4.981962596997619
