,id,player_name,team_title,position,games,time,goals,xG,assists,xA,shots,key_passes,yellow_cards,red_cards,npg,npxG,xGChain,xGBuildup
24142,8369,Yuri Kovalev,Arsenal Tula,D M S,11,652,1,0.2784416954964399,2,0.2103442130610346,6,6,2,0,1,0.2784416954964399,0.7129982970654964,0.2761604953557253
24143,8369,Yuri Kovalev,Arsenal Tula,D S,5,155,0,0.0,0,0.0296750422567129,0,1,2,0,0,0.0,0.2976755127310753,0.2680004704743624
