,id,player_name,team_title,position,games,time,goals,xG,assists,xA,shots,key_passes,yellow_cards,red_cards,npg,npxG,xGChain,xGBuildup
24155,3122,Yuri Zhevnov,Ural,GK,11,990,0,0.0,0,0.0200037658214569,0,1,0,0,0,0.0,1.1370309554040432,1.1170271895825865
24156,3122,Yuri Zhevnov,Torpedo Moscow,GK,29,2610,0,0.0,0,0.0272202566266059,0,1,1,0,0,0.0,1.492485291324556,1.46526503469795
