,id,player_name,team_title,position,games,time,goals,xG,assists,xA,shots,key_passes,yellow_cards,red_cards,npg,npxG,xGChain,xGBuildup
24133,2929,Yuri Gazinskiy,FC Krasnodar,M S,21,1170,0,1.0922993123531342,2,0.8335562162101269,14,17,4,1,0,1.0922993123531342,5.296308587305248,3.987811425700784
24134,2929,Yuri Gazinskiy,FC Krasnodar,M S,11,855,0,0.0541442930698394,1,0.784650444984436,3,13,1,0,0,0.0541442930698394,4.041875336319208,3.409127984195948
24135,2929,Yuri Gazinskiy,FC Krasnodar,M S,29,2456,2,0.7064731707796454,3,1.951438861899078,18,24,2,0,2,0.7064731707796454,6.199859648942947,4.387658920139074
24136,2929,Yuri Gazinskiy,FC Krasnodar,M S,26,1942,3,1.8832878954708576,2,2.2568646874278784,18,20,7,0,3,1.8832878954708576,9.81673715915531,6.69264951813966
24137,2929,Yuri Gazinskiy,FC Krasnodar,M S,21,1700,0,0.4305336959660053,1,0.8766401479952037,9,14,5,0,0,0.4305336959660053,4.085364038590342,3.508814850822091
24138,2929,Yuri Gazinskiy,FC Krasnodar,M S,28,2301,2,1.1486854627728462,1,0.9730394091457129,18,23,2,0,2,1.1486854627728462,12.280898049473764,10.708062015473844
24139,2929,Yuri Gazinskiy,FC Krasnodar,M S,9,661,1,1.346663013100624,0,0.0822152122855186,8,2,3,0,1,1.346663013100624,3.4869572073221207,3.333229288458824
24140,2929,Yuri Gazinskiy,FC Krasnodar,M S,28,2397,2,2.932894267141819,8,3.60763668268919,35,34,6,0,2,2.932894267141819,17.80307437106967,13.187319427728651
