,id,player_name,team_title,position,games,time,goals,xG,assists,xA,shots,key_passes,yellow_cards,red_cards,npg,npxG,xGChain,xGBuildup
24195,5609,Yves Bissouma,Brighton,M,11,953,0,0.4209487768821418,1,0.4574952721595764,9,2,4,0,0,0.4209487768821418,3.602792553603649,3.046048179268837
24196,5609,Yves Bissouma,Brighton,M S,28,1757,0,1.7799658132717011,0,0.9938525967299938,31,13,5,0,0,1.7799658132717011,4.976572394371033,3.1750624775886536
24197,5609,Yves Bissouma,Lille,D M S,24,1556,2,2.0526204938068986,1,0.7561025824397802,41,11,3,0,2,2.0526204938068986,6.764452885836363,4.873618168756366
24198,5609,Yves Bissouma,Brighton,M S,36,3121,1,1.0768232205882668,0,1.081232475116849,42,16,8,1,1,1.0768232205882668,9.739854503422976,8.210506806150079
24199,5609,Yves Bissouma,Brighton,M S,22,1270,1,0.4054245240986347,0,0.1357409227639436,16,4,4,0,1,0.4054245240986347,3.3690205039456487,2.931570133194328
24200,5609,Yves Bissouma,Lille,F M S,23,746,1,0.5369639955461025,0,0.3861589329317212,19,11,4,1,1,0.5369639955461025,1.554196416400373,1.0226821387186646
