,id,player_name,team_title,position,games,time,goals,xG,assists,xA,shots,key_passes,yellow_cards,red_cards,npg,npxG,xGChain,xGBuildup
24230,3454,Zargo Toure,Lorient,D S,23,1883,1,0.9424215322360396,0,0.4739449829794466,15,8,5,1,1,0.9424215322360396,4.812217682600021,4.558008104562759
24231,3454,Zargo Toure,Lorient,D,29,2556,4,1.1204736568033695,0,0.1247795969247818,11,2,1,0,4,1.1204736568033695,3.985304160043597,3.948544573038817
