,id,player_name,team_title,position,games,time,goals,xG,assists,xA,shots,key_passes,yellow_cards,red_cards,npg,npxG,xGChain,xGBuildup
24232,2861,Zaur Sadaev,FK Akhmat,F S,15,656,5,3.776796204969287,0,0.1640821089968085,19,6,4,0,5,3.776796204969287,4.344567874446511,1.0314891133457422
24233,2861,Zaur Sadaev,FK Akhmat,F S,4,43,0,0.0,0,0.3138567507266998,0,1,0,0,0,0.0,0.3138567507266998,0.0
24234,2861,Zaur Sadaev,FK Akhmat,S,7,131,2,0.5002236887812614,0,0.0,3,0,1,0,2,0.5002236887812614,1.0655346140265465,0.5990925431251526
24235,2861,Zaur Sadaev,FK Akhmat,F M S,16,647,3,1.1086940877139568,1,0.8968399111181498,12,9,1,0,3,1.1086940877139568,1.933850205503404,0.2963859373703599
