,id,player_name,team_title,position,games,time,goals,xG,assists,xA,shots,key_passes,yellow_cards,red_cards,npg,npxG,xGChain,xGBuildup
24236,2853,Zaurbek Pliev,FK Akhmat,D S,10,803,0,0.1872824942693114,1,0.3810711428523063,8,5,4,0,0,0.1872824942693114,1.6086543826386333,1.1402361560612917
24237,2853,Zaurbek Pliev,Dinamo Moscow,D S,7,213,0,0.0433919560164213,0,0.0251668710261583,2,1,3,0,0,0.0433919560164213,1.0567227602005005,1.0315558910369873
24238,2853,Zaurbek Pliev,FK Akhmat,D S,9,616,0,0.3353018946945667,0,0.2982037924230099,8,6,1,0,0,0.3353018946945667,0.5373825216665864,0.3070413554087281
24239,2853,Zaurbek Pliev,Dinamo Moscow,S,2,6,0,0.0101663041859865,0,0.0,1,0,0,0,0,0.0101663041859865,0.0101663041859865,0.0101663041859865
24240,2853,Zaurbek Pliev,FK Akhmat,D S,12,826,0,0.3988206796348095,0,0.470317929983139,7,5,3,0,0,0.3988206796348095,2.548920162022114,1.7722054980695248
24241,2853,Zaurbek Pliev,FK Akhmat,D S,19,1584,0,0.168046117760241,1,0.1981215830892324,13,6,4,0,0,0.168046117760241,2.5870268242433667,2.429207395762205
24242,2853,Zaurbek Pliev,Dinamo Moscow,D S,14,871,0,0.1706854398362338,0,0.0,6,0,1,2,0,0.1706854398362338,1.5071169645525515,1.427285134792328
