,id,player_name,team_title,position,games,time,goals,xG,assists,xA,shots,key_passes,yellow_cards,red_cards,npg,npxG,xGChain,xGBuildup
24285,7158,Zoran Nizic,FK Akhmat,D M S,21,1637,0,0.3807459622621536,0,0.0,11,0,8,0,0,0.3807459622621536,2.9191266000270844,2.8378421664237976
24286,7158,Zoran Nizic,FK Akhmat,D S,24,2033,0,0.1865387791767716,1,0.9479748830199242,6,3,3,0,0,0.1865387791767716,3.9192627277225256,3.1988338511437178
24287,7158,Zoran Nizic,FK Akhmat,D S,15,1260,0,0.1935167033225298,0,0.2056151423603296,7,6,4,1,0,0.1935167033225298,4.128862574696541,4.04782672598958
24288,7158,Zoran Nizic,FK Akhmat,D S,10,828,0,0.0468830652534961,0,0.0,2,0,2,0,0,0.0468830652534961,0.7788875456899405,0.7788875456899405
