,id,player_name,team_title,position,games,time,goals,xG,assists,xA,shots,key_passes,yellow_cards,red_cards,npg,npxG,xGChain,xGBuildup
24289,2883,Zoran Tosic,CSKA Moscow,M S,27,1856,7,6.017458527348936,2,2.364170979708433,62,33,1,0,7,6.017458527348936,11.625947583466768,5.176260624080896
24290,2883,Zoran Tosic,CSKA Moscow,M S,28,2211,4,5.393427845090628,4,2.892072116024792,63,43,6,0,4,5.393427845090628,12.322546862997116,7.272067883051932
24291,2883,Zoran Tosic,CSKA Moscow,D M S,24,1384,1,2.1961196828633547,3,2.489943638443947,45,28,4,0,1,2.1961196828633547,5.999067470431328,2.7546006198972464
