,id,player_name,team_title,position,games,time,goals,xG,assists,xA,shots,key_passes,yellow_cards,red_cards,npg,npxG,xGChain,xGBuildup
24300,7652,Zuriko Davitashvili,"FC Rotor Volgograd,Rubin Kazan",F M S,22,1639,0,4.081253657117486,0,0.8908025743439794,43,18,5,0,0,3.326978350058198,4.954256443306804,1.7722735684365034
24301,7652,Zuriko Davitashvili,Rubin Kazan,F M S,26,1686,2,2.359030833467841,0,2.0623011514544487,38,28,5,0,2,2.359030833467841,5.462503049522638,2.226134529337287
24302,7652,Zuriko Davitashvili,Arsenal Tula,F M S,16,879,3,1.628411678597331,0,1.3113193344324827,21,25,1,0,3,1.628411678597331,3.728627420961857,1.7606301233172417
