,id,player_name,team_title,position,games,time,goals,xG,assists,xA,shots,key_passes,yellow_cards,red_cards,npg,npxG,xGChain,xGBuildup
24304,2487,Zé Castro,Rayo Vallecano,D,22,1719,2,0.4633417390286922,0,0.2554109627380967,10,8,6,1,2,0.4633417390286922,4.2072038957849145,4.045012247748673
24305,2487,Zé Castro,Rayo Vallecano,D,28,2419,0,0.1909514833241701,3,0.599226450547576,6,7,6,0,0,0.1909514833241701,6.075108882971108,5.876859026961029
