,id,player_name,team_title,position,games,time,goals,xG,assists,xA,shots,key_passes,yellow_cards,red_cards,npg,npxG,xGChain,xGBuildup
24307,2818,Zé Luís,Spartak Moscow,F S,21,1498,5,5.386802725493908,6,4.385457012802362,57,36,3,0,5,5.386802725493908,9.3972633369267,2.5608755238354206
24308,2818,Zé Luís,Spartak Moscow,F S,16,1072,2,4.205642387270927,4,2.2626452893018723,45,20,2,0,2,4.205642387270927,7.644189648330212,2.3847998455166817
24309,2818,Zé Luís,Lokomotiv Moscow,F S,8,349,1,1.9991536056622865,1,0.3737966958433389,14,4,0,0,1,1.9991536056622865,1.8700249204412105,0.1689769560471177
24310,2818,Zé Luís,Spartak Moscow,F S,24,1675,8,8.118123576045036,4,2.7599758822470903,59,22,3,0,8,8.118123576045036,12.327603451907637,3.198243262246251
24311,2818,Zé Luís,Lokomotiv Moscow,F S,3,99,0,0.1896612346172332,0,0.0238001458346843,2,1,2,0,0,0.1896612346172332,0.1896612346172332,0.1285889148712158
24312,2818,Zé Luís,Spartak Moscow,F S,25,1899,10,8.521360844839364,2,2.459173308685422,50,34,6,0,7,6.2585537363775074,9.633651044219732,3.027116710320115
