,id,player_name,team_title,position,games,time,goals,xG,assists,xA,shots,key_passes,yellow_cards,red_cards,npg,npxG,xGChain,xGBuildup
24315,1443,Ádám Nagy,Bologna,M S,12,721,1,0.3664588332176208,0,0.6330654434859753,1,5,1,0,1,0.3664588332176208,1.1654688753187656,0.1961618196219205
24316,1443,Ádám Nagy,Bologna,M S,25,1824,0,0.2472557686269283,1,0.4597151177003979,8,17,4,0,0,0.2472557686269283,4.2334847105667,3.7603416284546256
24317,1443,Ádám Nagy,Bologna,M S,14,968,0,0.0978949218988418,0,0.4652226688340306,6,9,2,1,0,0.0978949218988418,2.628854368813336,2.3395181577652693
