,id,player_name,team_title,position,games,time,goals,xG,assists,xA,shots,key_passes,yellow_cards,red_cards,npg,npxG,xGChain,xGBuildup
24327,5038,Álex Alegría,Real Betis,F S,25,1439,3,2.978654269129038,2,1.161276737228036,45,8,2,0,3,2.978654269129038,5.145249972119927,2.220495090819896
24328,5038,Álex Alegría,Levante,F S,9,634,0,1.0248710736632347,0,0.1687965504825115,14,3,1,0,0,1.0248710736632347,1.554454404860735,0.5806330749765038
24329,5038,Álex Alegría,Rayo Vallecano,S,9,126,0,0.1844261493533849,0,0.4518860261887312,3,3,0,0,0,0.1844261493533849,0.6657545939087868,0.0294423941522836
24330,5038,Álex Alegría,Mallorca,S,6,98,0,0.0,0,0.0,0,0,0,0,0,0.0,0.0229716505855321,0.0229716505855321
