,id,player_name,team_title,position,games,time,goals,xG,assists,xA,shots,key_passes,yellow_cards,red_cards,npg,npxG,xGChain,xGBuildup
24382,2430,Álvaro González,Espanyol,D M S,36,3138,1,0.4991905754432082,0,0.7372083403170109,10,6,11,0,1,0.4991905754432082,3.0194423515349627,2.9197163563221693
24383,2430,Álvaro González,Villarreal,D S,33,2903,0,1.5495503870770335,2,0.6276748329401016,15,8,13,1,0,1.5495503870770335,9.50990242883563,8.690245095640421
24384,2430,Álvaro González,Villarreal,D,33,2968,1,1.2903117295354605,2,1.137563867494464,14,9,12,2,1,1.2903117295354605,6.143548142164946,5.08321020193398
24385,3825,Álvaro González,"Lazio,Torino",M S,8,344,0,0.1786952018737793,0,0.4507218301296234,3,10,2,0,0,0.1786952018737793,1.7922936286777258,1.5130561646074057
24386,2430,Álvaro González,Marseille,D M,32,2839,2,0.7667790595442057,3,1.0629292391240597,16,5,14,0,2,0.7667790595442057,10.81418782286346,10.365919271484016
24387,2430,Álvaro González,Espanyol,D,36,3227,0,1.3977892510592935,1,0.917186439037323,16,13,10,0,0,1.3977892510592935,5.236095003783703,4.7082786206156015
24388,2430,Álvaro González,Marseille,D S,20,1630,0,0.7859451165422797,0,0.5266234236769378,13,3,4,1,0,0.7859451165422797,1.2643324378877878,1.2178390491753817
24389,2430,Álvaro González,"Espanyol,Villarreal",D S,25,2062,1,1.0226716250181198,1,0.8034279458224773,10,3,8,0,1,1.0226716250181198,5.472982861101627,5.438574556261301
24390,2430,Álvaro González,Marseille,D S,6,451,0,0.1026324965059757,0,0.0,2,0,1,0,0,0.1026324965059757,1.4126906991004944,1.4126906991004944
