,id,player_name,team_title,position,games,time,goals,xG,assists,xA,shots,key_passes,yellow_cards,red_cards,npg,npxG,xGChain,xGBuildup
24394,2196,Álvaro Medrán,Valencia,M S,16,946,2,0.9846539339050652,0,0.6202647648751736,13,9,3,0,2,0.9846539339050652,5.129351599141955,3.658371092751622
24395,2196,Álvaro Medrán,Real Madrid,S,2,16,0,0.2996419072151184,0,0.0,1,0,0,0,0,0.2996419072151184,0.3909835368394851,0.0913416296243667
24396,2196,Álvaro Medrán,Rayo Vallecano,M S,21,1145,3,2.411801014095545,0,1.091577854938805,24,29,6,1,3,2.411801014095545,6.277203223668039,3.875898103695363
24397,2196,Álvaro Medrán,Getafe,M S,20,1487,2,1.3371760305017233,1,0.2688803095370531,31,9,7,0,2,1.3371760305017233,4.561245713382959,3.349311394616961
24398,2196,Álvaro Medrán,"Alaves,Valencia",M S,18,1009,2,1.0587888732552528,0,0.8665030002593994,18,11,2,0,2,1.0587888732552528,2.9053201135247946,1.57099674269557
