,id,player_name,team_title,position,games,time,goals,xG,assists,xA,shots,key_passes,yellow_cards,red_cards,npg,npxG,xGChain,xGBuildup
24366,1704,Álvaro Arbeloa,West Ham,D S,3,258,0,0.0176474768668413,0,0.0953858457505703,1,2,3,0,0,0.0176474768668413,0.2676495742052793,0.2276765238493681
24367,1704,Álvaro Arbeloa,Real Madrid,D S,22,1104,1,1.9594783782958984,5,2.4808399733155966,3,19,7,0,1,1.9594783782958984,9.737575348466637,7.422471158206463
24368,1704,Álvaro Arbeloa,Real Madrid,D S,6,257,0,0.0,0,0.0550601445138454,0,1,1,0,0,0.0,1.1862529069185257,1.13119275867939
