,id,player_name,team_title,position,games,time,goals,xG,assists,xA,shots,key_passes,yellow_cards,red_cards,npg,npxG,xGChain,xGBuildup
24364,4142,Álvaro,Cadiz,F S,11,393,2,1.4893546383827925,1,0.0978297833353281,5,2,0,0,2,1.4893546383827925,0.7168647274374962,0.0668599978089332
24365,4142,Álvaro,Elche,M S,17,354,0,0.182064451277256,0,0.0332609303295612,3,2,2,0,0,0.182064451277256,0.3609519898891449,0.1554727740585804
