,id,player_name,team_title,position,games,time,goals,xG,assists,xA,shots,key_passes,yellow_cards,red_cards,npg,npxG,xGChain,xGBuildup
24452,2516,Ángel Trujillo,Levante,D,8,667,0,0.0279793469235301,0,0.0,2,0,0,0,0,0.0279793469235301,0.2585060931742191,0.2305267415940761
24453,2516,Ángel Trujillo,Almeria,D S,36,3211,0,0.4001664947718382,1,0.8356728572398424,10,5,5,1,0,0.4001664947718382,1.399762211367488,1.2196390088647604
