,id,player_name,team_title,position,games,time,goals,xG,assists,xA,shots,key_passes,yellow_cards,red_cards,npg,npxG,xGChain,xGBuildup
24441,3553,Ángel Di María,Paris Saint Germain,F M S,26,2016,8,8.39985447190702,14,13.9058829639107,74,77,2,0,7,6.879664236679673,29.715869516134266,13.951302543282509
24442,3553,Ángel Di María,Paris Saint Germain,F M S,12,875,3,2.976750183850527,3,3.364779461175204,24,25,2,0,3,2.976750183850527,7.557149771600962,2.8588797599077225
24443,3553,Ángel Di María,Paris Saint Germain,F M S,29,2053,6,5.974738443270326,7,10.616921172477303,83,77,1,1,6,5.974738443270326,19.09286143630743,10.834140354767442
24444,3553,Ángel Di María,Paris Saint Germain,F M S,27,1880,5,5.115518964827061,9,11.49947864934802,60,71,1,0,5,5.115518964827061,17.405513010919094,6.41756104119122
24445,3553,Ángel Di María,Paris Saint Germain,F S,30,2134,11,12.921932278200984,6,7.664524087682366,98,52,1,0,11,12.921932278200984,25.63402865082025,7.706771418452263
24446,3553,Ángel Di María,Paris Saint Germain,F M S,29,2138,10,6.791525568813086,18,17.34940899349749,69,99,0,0,10,6.791525568813086,26.59444712102413,13.537809737026691
24447,3553,Ángel Di María,Manchester United,F M S,27,1642,3,2.9319101637229323,10,7.295103868469596,61,52,1,0,3,2.9319101637229323,8.838051529601216,3.154285555705428
24448,3553,Ángel Di María,Paris Saint Germain,F M S,30,2357,12,9.621310396119952,11,8.528094038367271,98,56,2,0,12,9.621310396119952,21.15592044591904,8.861682103946805
