,id,player_name,team_title,position,games,time,goals,xG,assists,xA,shots,key_passes,yellow_cards,red_cards,npg,npxG,xGChain,xGBuildup
24454,1437,Ângelo Da Costa,Bologna,GK,4,360,0,0.0,0,0.0,0,0,0,0,0,0.0,0.2215760052204132,0.2215760052204132
24455,1437,Ângelo Da Costa,Bologna,GK,6,540,0,0.0,0,0.0,0,0,2,0,0,0.0,0.0682027731090784,0.0682027731090784
24456,1437,Ângelo Da Costa,Bologna,GK,1,90,0,0.0,0,0.0,0,0,0,0,0,0.0,0.0304063539952039,0.0304063539952039
24457,1437,Ângelo Da Costa,Bologna,GK,5,450,0,0.0,0,0.0995539799332618,0,1,1,0,0,0.0,0.1393316052854061,0.0397776253521442
24458,1437,Ângelo Da Costa,Bologna,GK S,18,1538,0,0.0,0,0.038430880755186,0,1,1,0,0,0.0,1.9780103284865616,1.939579447731376
