,id,player_name,team_title,position,games,time,goals,xG,assists,xA,shots,key_passes,yellow_cards,red_cards,npg,npxG,xGChain,xGBuildup
24474,1520,Éver Banega,Sevilla,M S,25,1728,5,3.996706210076809,2,5.713484520092607,39,44,6,1,4,3.2534285858273506,12.310580099001529,7.145909326151013
24475,1520,Éver Banega,Sevilla,M S,33,2495,3,3.088758484460413,7,5.700682324822992,40,59,10,0,1,1.6022032657638192,12.54100450500846,9.44396418146789
24476,1520,Éver Banega,Inter,M S,28,1565,6,2.947865470312536,6,4.296413404867053,43,59,2,1,6,2.947865470312536,10.462355172261596,6.944757693447173
24477,1520,Éver Banega,Sevilla,M,32,2699,3,2.8135862164199352,4,3.9505247082561255,32,53,15,2,1,1.3270309139043093,17.80649769306183,15.572122730314732
24478,1520,Éver Banega,Sevilla,M S,31,2392,3,3.767287528142333,3,5.499969424679875,37,67,9,1,0,1.5374546814709902,13.872855288907886,10.179126153700054
24479,1520,Éver Banega,Sevilla,M S,34,2194,3,1.9301248118281364,3,5.156250543892384,35,43,11,0,3,1.9301248118281364,11.369015311822295,8.181382181122899
