,id,player_name,team_title,position,games,time,goals,xG,assists,xA,shots,key_passes,yellow_cards,red_cards,npg,npxG,xGChain,xGBuildup
24516,5046,Óscar Romero,Alaves,M S,13,521,0,0.8785999473184347,1,1.1720927469432354,24,15,3,0,0,0.8785999473184347,3.1414878852665424,2.31040801294148
24517,5046,Óscar Romero,Alaves,M S,5,244,0,0.1762659344822168,0,0.130300959572196,8,5,0,0,0,0.1762659344822168,0.1382550410926342,0.0616247896105051
