,id,player_name,team_title,position,games,time,goals,xG,assists,xA,shots,key_passes,yellow_cards,red_cards,npg,npxG,xGChain,xGBuildup
24518,3208,Óscar Trejo,Toulouse,M S,29,2334,2,1.9505595099180937,5,4.797049993649125,26,60,4,0,2,1.9505595099180937,5.839105588383973,3.5838584946468472
24519,3208,Óscar Trejo,Rayo Vallecano,F M S,15,1005,3,3.007868926972151,7,2.415010241791606,14,28,6,0,0,0.7780361175537109,3.669793076813221,1.2839711010456083
24520,3208,Óscar Trejo,Toulouse,M S,34,2190,4,3.61797796562314,4,6.476583413779736,42,53,6,1,4,3.61797796562314,10.920400772243738,5.080020275898278
24521,3208,Óscar Trejo,Rayo Vallecano,F M S,26,1780,1,3.0329634323716164,4,4.154071509838104,20,28,5,1,0,2.289942182600498,8.527690418064594,3.6815891321748495
24522,3208,Óscar Trejo,Toulouse,M S,31,2135,4,2.499576639384032,3,2.5995147079229355,31,27,4,0,4,2.499576639384032,6.511662852019072,2.8745998181402683
