,n_neighbors,acc,precision,recall,f1
0,3.0,98.118178396688,98.13376975752593,98.118178396688,98.12260500740578
